lat_bin,lon_bin,time_slot,total_count,dominant_category,dominance_gap,entropy,predicted_category,confidence_calibrated,correct,proba_other,proba_property,proba_violent,risk_score,city,confidence_tier
33.71,-118.31,1,3,other,0.3333333333333333,0.6365141893815645,property,0.7629,False,0.1371,0.7629,0.1,10.0,LA,medium
33.71,-118.3,0,5,property,0.6,0.5004024447610512,property,0.7486,True,0.1466,0.7486,0.1048,10.5,LA,medium
33.71,-118.3,1,3,property,1.0,4.3446531758480495e-08,property,0.7485,True,0.1464,0.7485,0.1052,10.5,LA,medium
33.71,-118.3,2,14,property,0.14285714285714285,1.0789922078775833,property,0.7641,True,0.1371,0.7641,0.0987,9.9,LA,medium
33.71,-118.3,3,7,property,0.42857142857142855,0.5982696097102534,property,0.7493,True,0.1459,0.7493,0.1047,10.5,LA,medium
33.71,-118.29,0,15,violent,0.0,0.891867395317251,property,0.6785,False,0.1224,0.6785,0.1992,19.9,LA,medium
33.71,-118.29,1,27,property,0.07407407407407407,1.0405805589833306,property,0.6985,True,0.1268,0.6985,0.1747,17.5,LA,medium
33.71,-118.29,2,36,property,0.08333333333333333,1.0466541538387857,property,0.7487,True,0.1443,0.7487,0.1071,10.7,LA,medium
33.71,-118.29,3,40,violent,0.05,1.080527626604172,property,0.6944,False,0.1257,0.6944,0.1799,18.0,LA,medium
33.72,-118.32000000000001,0,4,property,0.0,0.6931472015900639,property,0.7633,True,0.1371,0.7633,0.0996,10.0,LA,medium
33.72,-118.32000000000001,2,13,property,0.38461538461538464,0.6172417908363657,property,0.7224,True,0.1308,0.7224,0.1468,14.7,LA,medium
33.72,-118.32000000000001,3,6,property,0.6666666666666666,0.4505612301390093,property,0.7429,True,0.1342,0.7429,0.1229,12.3,LA,medium
33.72,-118.31,0,4,violent,0.25,1.0397207708399179,property,0.7632,False,0.1371,0.7632,0.0997,10.0,LA,medium
33.72,-118.31,1,5,property,0.2,0.6730116880595106,property,0.7637,True,0.1371,0.7637,0.0992,9.9,LA,medium
33.72,-118.31,2,15,property,0.13333333333333333,0.8823109245150756,property,0.7633,True,0.1371,0.7633,0.0996,10.0,LA,medium
33.72,-118.31,3,12,violent,0.08333333333333333,1.077556327066801,property,0.764,False,0.1371,0.764,0.0988,9.9,LA,medium
33.72,-118.3,0,31,property,0.16129032258064516,1.0340787928128257,property,0.7395,True,0.1336,0.7395,0.1269,12.7,LA,medium
33.72,-118.3,1,38,other,0.3157894736842105,0.9591824302739718,property,0.7569,False,0.1393,0.7569,0.1038,10.4,LA,medium
33.72,-118.3,2,43,violent,0.09302325581395349,1.0901929030666875,property,0.745,False,0.1402,0.745,0.1148,11.5,LA,medium
33.72,-118.3,3,48,other,0.0625,1.094780226007948,property,0.7524,False,0.1366,0.7524,0.111,11.1,LA,medium
33.72,-118.29,0,37,property,0.13513513513513514,1.076752548142629,property,0.7045,True,0.1273,0.7045,0.1682,16.8,LA,medium
33.72,-118.29,1,37,violent,0.08108108108108109,1.0611532224746254,property,0.6804,False,0.1227,0.6804,0.197,19.7,LA,medium
33.72,-118.29,2,43,property,0.32558139534883723,0.9920335097792106,property,0.7638,True,0.1371,0.7638,0.0991,9.9,LA,medium
33.72,-118.29,3,55,violent,0.2,1.0568229012378292,property,0.7029,False,0.1269,0.7029,0.1702,17.0,LA,medium
33.72,-118.28,0,11,property,0.2727272727272727,0.9949236325717752,property,0.7638,True,0.1371,0.7638,0.099,9.9,LA,medium
33.72,-118.28,1,16,property,0.0625,0.8815322611881636,property,0.7641,True,0.1371,0.7641,0.0987,9.9,LA,medium
33.72,-118.28,2,15,property,0.2,0.6730116880595106,property,0.75,True,0.1447,0.75,0.1053,10.5,LA,medium
33.72,-118.28,3,10,property,0.6,0.5004024447610512,property,0.7514,True,0.1356,0.7514,0.113,11.3,LA,medium
33.72,-118.27,1,3,other,0.3333333333333333,0.6365141893815645,property,0.7487,False,0.1466,0.7487,0.1048,10.5,LA,medium
33.72,-118.27,3,4,other,0.25,1.0397207708399179,property,0.7524,False,0.1396,0.7524,0.108,10.8,LA,medium
33.730000000000004,-118.32000000000001,0,3,property,0.3333333333333333,0.6365141893815645,property,0.7632,True,0.1371,0.7632,0.0997,10.0,LA,medium
33.730000000000004,-118.32000000000001,1,6,property,0.6666666666666666,0.4505612301390093,property,0.7539,True,0.1411,0.7539,0.1049,10.5,LA,medium
33.730000000000004,-118.32000000000001,2,8,property,0.25,0.6615632592196847,property,0.7544,True,0.1406,0.7544,0.105,10.5,LA,medium
33.730000000000004,-118.32000000000001,3,6,other,0.5,0.8675632284814612,property,0.7563,False,0.1392,0.7563,0.1045,10.5,LA,medium
33.730000000000004,-118.31,0,8,property,0.75,0.3767701826029325,property,0.7556,True,0.1402,0.7556,0.1042,10.4,LA,medium
33.730000000000004,-118.31,1,9,property,0.4444444444444444,0.848685557726417,property,0.7614,True,0.1369,0.7614,0.1018,10.2,LA,medium
33.730000000000004,-118.31,2,20,other,0.1,0.9433483923290393,property,0.7639,False,0.1371,0.7639,0.099,9.9,LA,medium
33.730000000000004,-118.31,3,24,property,0.16666666666666666,0.9069847801752021,property,0.764,True,0.1371,0.764,0.0988,9.9,LA,medium
33.730000000000004,-118.3,0,32,property,0.1875,1.0239287996389363,property,0.7553,True,0.1374,0.7553,0.1073,10.7,LA,medium
33.730000000000004,-118.3,1,29,property,0.10344827586206896,0.9925086555080169,property,0.7617,True,0.1369,0.7617,0.1014,10.1,LA,medium
33.730000000000004,-118.3,2,49,property,0.061224489795918366,1.022783422366055,property,0.7601,True,0.1368,0.7601,0.1031,10.3,LA,medium
33.730000000000004,-118.3,3,64,property,0.046875,1.073763865055576,property,0.7598,True,0.1367,0.7598,0.1035,10.4,LA,medium
33.730000000000004,-118.29,0,61,property,0.14754098360655737,1.0719278546637319,property,0.7598,True,0.1368,0.7598,0.1034,10.3,LA,medium
33.730000000000004,-118.29,1,72,property,0.09722222222222222,1.087923282409353,property,0.7496,True,0.138,0.7496,0.1123,11.2,LA,medium
33.730000000000004,-118.29,2,125,other,0.032,1.0866598017472922,property,0.6928,False,0.1251,0.6928,0.1821,18.2,LA,medium
33.730000000000004,-118.29,3,131,property,0.04580152671755725,1.0869522738825677,property,0.7596,True,0.1366,0.7596,0.1038,10.4,LA,medium
33.730000000000004,-118.28,0,31,violent,0.0,1.0943511658532066,property,0.7138,False,0.1303,0.7138,0.1559,15.6,LA,medium
33.730000000000004,-118.28,1,54,other,0.18518518518518517,1.0623275418818339,property,0.7437,False,0.139,0.7437,0.1172,11.7,LA,medium
33.730000000000004,-118.28,2,54,property,0.12962962962962962,1.0670903350030458,property,0.7596,True,0.1369,0.7596,0.1035,10.4,LA,medium
33.730000000000004,-118.28,3,71,other,0.056338028169014086,0.9450242385877754,property,0.6962,False,0.1262,0.6962,0.1776,17.8,LA,medium
33.730000000000004,-118.24000000000001,2,3,other,0.3333333333333333,0.6365141893815645,property,0.7628,False,0.1371,0.7628,0.1001,10.0,LA,medium
33.74,-118.32000000000001,1,8,other,0.625,0.7356219397587946,property,0.7639,False,0.1371,0.7639,0.099,9.9,LA,medium
33.74,-118.32000000000001,2,11,property,0.2727272727272727,0.9949236325717752,property,0.7632,True,0.1374,0.7632,0.0994,9.9,LA,medium
33.74,-118.32000000000001,3,4,property,0.5,0.562335165779739,property,0.7633,True,0.1371,0.7633,0.0996,10.0,LA,medium
33.74,-118.31,0,11,other,0.18181818181818182,0.9164648855394713,property,0.7597,False,0.1368,0.7597,0.1035,10.4,LA,medium
33.74,-118.31,1,14,other,0.14285714285714285,0.992281974852574,property,0.7638,False,0.1371,0.7638,0.099,9.9,LA,medium
33.74,-118.31,2,21,property,0.19047619047619047,0.9829007277151564,property,0.7632,True,0.1373,0.7632,0.0995,10.0,LA,medium
33.74,-118.31,3,25,property,0.4,0.8825632953798344,property,0.7639,True,0.1371,0.7639,0.099,9.9,LA,medium
33.74,-118.3,0,17,property,0.4117647058823529,0.6057975204897723,property,0.7636,True,0.1371,0.7636,0.0993,9.9,LA,medium
33.74,-118.3,1,22,property,0.0,1.0412597335159743,property,0.7548,True,0.1374,0.7548,0.1078,10.8,LA,medium
33.74,-118.3,2,33,property,0.3939393939393939,0.7945606059807586,property,0.7637,True,0.1371,0.7637,0.0992,9.9,LA,medium
33.74,-118.3,3,27,property,0.37037037037037035,0.7527915335758235,property,0.7638,True,0.1371,0.7638,0.099,9.9,LA,medium
33.74,-118.29,0,87,property,0.19540229885057472,1.0352321806601852,property,0.7595,True,0.1365,0.7595,0.104,10.4,LA,medium
33.74,-118.29,1,106,property,0.009433962264150943,1.0947047528245342,property,0.7568,True,0.1368,0.7568,0.1064,10.6,LA,medium
33.74,-118.29,2,144,property,0.1111111111111111,1.0858658125401528,property,0.7634,True,0.1371,0.7634,0.0995,9.9,LA,medium
33.74,-118.29,3,193,property,0.09326424870466321,1.026816314788369,property,0.7633,True,0.1371,0.7633,0.0996,10.0,LA,medium
33.74,-118.28,0,51,property,0.0196078431372549,1.0974582200395582,property,0.6784,True,0.1223,0.6784,0.1992,19.9,LA,medium
33.74,-118.28,1,53,property,0.09433962264150944,0.9628194985310135,property,0.757,True,0.1372,0.757,0.1058,10.6,LA,medium
33.74,-118.28,2,140,property,0.05,1.0930750626690369,property,0.7602,True,0.1368,0.7602,0.103,10.3,LA,medium
33.74,-118.28,3,133,property,0.015037593984962405,1.0914010481042367,property,0.681,True,0.1228,0.681,0.1962,19.6,LA,medium
33.75,-118.31,0,10,property,0.4,0.9502705392332347,property,0.7435,True,0.1436,0.7435,0.1129,11.3,LA,medium
33.75,-118.31,1,20,property,0.1,0.9433483923290392,property,0.7487,True,0.1463,0.7487,0.105,10.5,LA,medium
33.75,-118.31,2,38,property,0.05263157894736842,1.0851928546349756,property,0.7634,True,0.1371,0.7634,0.0995,9.9,LA,medium
33.75,-118.31,3,29,property,0.10344827586206896,1.052787230251689,property,0.7354,True,0.1358,0.7354,0.1287,12.9,LA,medium
33.75,-118.3,0,17,property,0.5294117647058824,0.803742107316203,property,0.7641,True,0.1371,0.7641,0.0988,9.9,LA,medium
33.75,-118.3,1,16,property,0.4375,0.9214934308679616,property,0.7632,True,0.1374,0.7632,0.0994,9.9,LA,medium
33.75,-118.3,2,25,property,0.44,0.9007243623687382,property,0.7637,True,0.1371,0.7637,0.0991,9.9,LA,medium
33.75,-118.3,3,25,property,0.24,0.9437489523059353,property,0.7639,True,0.1371,0.7639,0.099,9.9,LA,medium
33.75,-118.29,0,23,property,0.21739130434782608,1.005692986132508,property,0.7484,True,0.1454,0.7484,0.1062,10.6,LA,medium
33.75,-118.29,1,29,other,0.06896551724137931,1.075361286166348,property,0.7635,False,0.1371,0.7635,0.0994,9.9,LA,medium
33.75,-118.29,2,43,other,0.023255813953488372,1.0739466893044314,property,0.7577,False,0.1368,0.7577,0.1055,10.6,LA,medium
33.75,-118.29,3,54,property,0.16666666666666666,1.0114042647073518,property,0.6772,True,0.122,0.6772,0.2008,20.1,LA,medium
33.75,-118.28,0,18,property,0.1111111111111111,1.0608569471580214,property,0.6886,True,0.1243,0.6886,0.187,18.7,LA,medium
33.75,-118.28,1,40,property,0.325,0.969789730621484,property,0.7504,True,0.1425,0.7504,0.107,10.7,LA,medium
33.75,-118.28,2,46,property,0.17391304347826086,1.0161924330903498,property,0.7379,True,0.134,0.7379,0.1282,12.8,LA,medium
33.75,-118.28,3,37,violent,0.21621621621621623,1.0178757599866126,property,0.7484,False,0.1458,0.7484,0.1059,10.6,LA,medium
33.76,-118.31,0,9,property,0.3333333333333333,0.6365141893815645,property,0.764,True,0.1371,0.764,0.0989,9.9,LA,medium
33.76,-118.31,1,6,property,0.5,0.8675632284814613,property,0.7483,True,0.1461,0.7483,0.1056,10.6,LA,medium
33.76,-118.31,2,11,property,0.2727272727272727,0.9949236325717752,property,0.751,True,0.1429,0.751,0.1061,10.6,LA,medium
33.76,-118.31,3,11,property,0.0,0.9347698978582792,property,0.7609,True,0.1381,0.7609,0.101,10.1,LA,medium
33.76,-118.3,0,11,property,0.2727272727272727,0.6554817949691769,property,0.7488,True,0.1465,0.7488,0.1047,10.5,LA,medium
33.76,-118.3,1,16,other,0.0625,1.094780226007948,property,0.764,False,0.1371,0.764,0.0989,9.9,LA,medium
33.76,-118.3,2,22,property,0.13636363636363635,0.8367742263818623,property,0.7602,True,0.1368,0.7602,0.1029,10.3,LA,medium
33.76,-118.3,3,28,property,0.17857142857142858,1.019025461146272,property,0.7587,True,0.1371,0.7587,0.1042,10.4,LA,medium
33.76,-118.29,0,34,property,0.058823529411764705,0.8742524591276698,property,0.7484,True,0.1464,0.7484,0.1051,10.5,LA,medium
33.76,-118.29,1,34,property,0.38235294117647056,0.8477195823834187,property,0.7641,True,0.1371,0.7641,0.0988,9.9,LA,medium
33.76,-118.29,2,73,property,0.6164383561643836,0.7279291883927055,property,0.7629,True,0.1371,0.7629,0.1001,10.0,LA,medium
33.76,-118.29,3,31,property,0.22580645161290322,1.0182776055422171,property,0.7547,True,0.14,0.7547,0.1053,10.5,LA,medium
33.76,-118.28,2,4,other,0.5,0.5623351657797391,property,0.755,False,0.1375,0.755,0.1075,10.7,LA,medium
33.76,-118.25,2,4,other,1.0,4.34465315364359e-08,property,0.7636,False,0.1371,0.7636,0.0992,9.9,LA,medium
33.76,-118.25,3,6,property,0.16666666666666666,1.0114042647073518,property,0.7484,True,0.1463,0.7484,0.1053,10.5,LA,medium
33.77,-118.31,2,4,property,0.5,0.5623351657797391,property,0.7639,True,0.1371,0.7639,0.099,9.9,LA,medium
33.77,-118.3,0,5,property,1.0,4.3446531758480495e-08,property,0.6792,True,0.1225,0.6792,0.1982,19.8,LA,medium
33.77,-118.3,1,4,property,0.25,1.0397207708399179,property,0.7638,True,0.1371,0.7638,0.0991,9.9,LA,medium
33.77,-118.3,2,5,property,0.4,0.9502705392332347,property,0.7628,True,0.1371,0.7628,0.1001,10.0,LA,medium
33.77,-118.3,3,6,other,0.16666666666666666,1.0114042647073518,property,0.7636,False,0.1371,0.7636,0.0993,9.9,LA,medium
33.77,-118.28,0,11,property,0.18181818181818182,1.0670895187820832,property,0.6778,True,0.1221,0.6778,0.2001,20.0,LA,medium
33.77,-118.28,1,6,other,0.3333333333333333,0.6365141893815645,property,0.6786,False,0.1223,0.6786,0.199,19.9,LA,medium
33.77,-118.28,2,11,other,0.18181818181818182,0.9164648855394713,property,0.745,False,0.1402,0.745,0.1148,11.5,LA,medium
33.77,-118.28,3,11,violent,0.2727272727272727,0.9949236325717752,property,0.764,False,0.1371,0.764,0.0989,9.9,LA,medium
33.77,-118.27,0,17,other,0.23529411764705882,0.8463658296262874,property,0.6842,False,0.1238,0.6842,0.1919,19.2,LA,medium
33.77,-118.27,1,26,violent,0.19230769230769232,1.0262864017672833,property,0.6783,False,0.1223,0.6783,0.1994,19.9,LA,medium
33.77,-118.27,2,35,other,0.05714285714285714,1.0954041286732956,property,0.7599,False,0.1368,0.7599,0.1032,10.3,LA,medium
33.77,-118.27,3,45,violent,0.06666666666666667,1.0851886129676505,property,0.6771,False,0.122,0.6771,0.2009,20.1,LA,medium
33.77,-118.26,0,18,property,0.3888888888888889,0.9338238517147219,property,0.723,True,0.1308,0.723,0.1462,14.6,LA,medium
33.77,-118.26,1,12,property,0.0,1.0281838593329258,property,0.764,True,0.1371,0.764,0.0989,9.9,LA,medium
33.77,-118.26,2,19,property,0.21052631578947367,0.9932682101499606,property,0.7553,True,0.1371,0.7553,0.1076,10.8,LA,medium
33.77,-118.26,3,13,property,0.15384615384615385,1.0579054247036734,property,0.7222,True,0.1307,0.7222,0.1471,14.7,LA,medium
33.78,-118.31,1,3,property,0.3333333333333333,0.6365141893815645,property,0.6967,True,0.1264,0.6967,0.1769,17.7,LA,medium
33.78,-118.3,0,4,property,0.25,1.0397207708399179,property,0.7633,True,0.1371,0.7633,0.0996,10.0,LA,medium
33.78,-118.3,1,7,other,0.2857142857142857,0.9556998911125343,property,0.7608,False,0.1381,0.7608,0.1011,10.1,LA,medium
33.78,-118.3,2,15,violent,0.13333333333333333,1.0437570363314084,property,0.7583,False,0.1367,0.7583,0.105,10.5,LA,medium
33.78,-118.3,3,18,other,0.05555555555555555,1.0893096789558299,property,0.7537,False,0.1388,0.7537,0.1075,10.7,LA,medium
33.78,-118.28,0,10,violent,0.1,0.9433483923290392,property,0.7502,False,0.1353,0.7502,0.1145,11.4,LA,medium
33.78,-118.28,1,16,other,0.125,1.0717300941124526,property,0.6874,False,0.124,0.6874,0.1886,18.9,LA,medium
33.78,-118.28,2,26,property,0.15384615384615385,1.0579054247036734,property,0.684,True,0.1239,0.684,0.1922,19.2,LA,medium
33.78,-118.28,3,35,property,0.08571428571428572,1.0674862001343326,property,0.763,True,0.137,0.763,0.1,10.0,LA,medium
33.78,-118.27,0,58,property,0.08620689655172414,1.0428166453475833,property,0.7549,True,0.1373,0.7549,0.1077,10.8,LA,medium
33.78,-118.27,1,56,other,0.08928571428571429,1.090848339453108,property,0.7029,False,0.1281,0.7029,0.169,16.9,LA,medium
33.78,-118.27,2,104,violent,0.0,1.0939692935112066,property,0.7104,False,0.1297,0.7104,0.1599,16.0,LA,medium
33.78,-118.27,3,133,violent,0.17293233082706766,1.0687602689316613,property,0.6792,False,0.1224,0.6792,0.1984,19.8,LA,medium
33.78,-118.26,0,39,property,0.05128205128205128,1.0377475202610307,property,0.7569,True,0.1367,0.7569,0.1064,10.6,LA,medium
33.78,-118.26,1,67,property,0.07462686567164178,1.0918549081696192,property,0.6925,True,0.125,0.6925,0.1825,18.2,LA,medium
33.78,-118.26,2,107,violent,0.11214953271028037,1.0809022864463362,property,0.7406,False,0.1336,0.7406,0.1258,12.6,LA,medium
33.78,-118.26,3,94,violent,0.20212765957446807,1.0525853248807127,property,0.6839,False,0.1235,0.6839,0.1926,19.3,LA,medium
33.78,-118.25,0,28,property,0.25,0.9239088809656752,property,0.7391,True,0.1377,0.7391,0.1232,12.3,LA,medium
33.78,-118.25,1,37,other,0.13513513513513514,1.076752548142629,property,0.7589,False,0.1374,0.7589,0.1037,10.4,LA,medium
33.78,-118.25,2,42,other,0.16666666666666666,1.0114042647073518,property,0.7597,False,0.1369,0.7597,0.1034,10.3,LA,medium
33.78,-118.25,3,50,violent,0.16,1.038811757145593,property,0.7561,False,0.1364,0.7561,0.1075,10.7,LA,medium
33.78,-118.24000000000001,0,6,property,0.6666666666666666,0.4505612301390093,property,0.7554,True,0.1393,0.7554,0.1053,10.5,LA,medium
33.78,-118.24000000000001,1,7,property,0.42857142857142855,0.5982696097102536,property,0.6813,True,0.123,0.6813,0.1957,19.6,LA,medium
33.78,-118.24000000000001,2,10,property,0.2,0.6730116880595106,property,0.7488,True,0.1464,0.7488,0.1049,10.5,LA,medium
33.78,-118.24000000000001,3,10,property,0.8,0.3250829947896311,property,0.7636,True,0.1371,0.7636,0.0992,9.9,LA,medium
33.78,-118.23,1,6,other,0.16666666666666666,1.0114042647073518,property,0.7635,False,0.1371,0.7635,0.0994,9.9,LA,medium
33.78,-118.23,2,5,property,0.0,1.0549201679861442,property,0.7636,True,0.1371,0.7636,0.0992,9.9,LA,medium
33.79,-118.31,0,6,property,0.3333333333333333,0.6365141893815645,property,0.6973,True,0.126,0.6973,0.1767,17.7,LA,medium
33.79,-118.31,1,7,violent,0.0,1.0042424730540764,property,0.7632,False,0.1371,0.7632,0.0997,10.0,LA,medium
33.79,-118.31,2,12,other,0.08333333333333333,1.0775563270668007,property,0.7451,False,0.1348,0.7451,0.1201,12.0,LA,medium
33.79,-118.31,3,15,violent,0.06666666666666667,0.9908353864438493,property,0.734,False,0.1354,0.734,0.1306,13.1,LA,medium
33.79,-118.3,0,47,property,0.0425531914893617,1.0738536558823966,property,0.7638,True,0.1371,0.7638,0.0991,9.9,LA,medium
33.79,-118.3,1,43,property,0.11627906976744186,1.0362947477621285,property,0.7639,True,0.1371,0.7639,0.099,9.9,LA,medium
33.79,-118.3,2,85,property,0.023529411764705882,1.0946856326038188,property,0.7618,True,0.1369,0.7618,0.1013,10.1,LA,medium
33.79,-118.3,3,92,property,0.09782608695652174,1.0532630963030596,property,0.7002,True,0.1265,0.7002,0.1733,17.3,LA,medium
33.79,-118.29,0,20,other,0.2,1.0296530140645737,property,0.6803,False,0.1226,0.6803,0.1971,19.7,LA,medium
33.79,-118.29,1,36,property,0.19444444444444445,1.0566995224860514,property,0.7642,True,0.1371,0.7642,0.0987,9.9,LA,medium
33.79,-118.29,2,56,property,0.26785714285714285,0.9791009033976132,property,0.7634,True,0.1371,0.7634,0.0995,10.0,LA,medium
33.79,-118.29,3,64,property,0.15625,1.0752094963414274,property,0.7547,True,0.1358,0.7547,0.1095,11.0,LA,medium
33.79,-118.28,0,38,property,0.10526315789473684,1.0795295733255184,property,0.7639,True,0.1371,0.7639,0.099,9.9,LA,medium
33.79,-118.28,1,37,property,0.05405405405405406,1.0774012677912757,property,0.7641,True,0.1371,0.7641,0.0987,9.9,LA,medium
33.79,-118.28,2,59,violent,0.05084745762711865,1.0556101660575166,property,0.7532,False,0.1356,0.7532,0.1111,11.1,LA,medium
33.79,-118.28,3,84,property,0.07142857142857142,1.060944240790747,property,0.7062,True,0.1276,0.7062,0.1662,16.6,LA,medium
33.79,-118.27,0,30,property,0.3333333333333333,0.9833122247384489,property,0.7637,True,0.1371,0.7637,0.0992,9.9,LA,medium
33.79,-118.27,1,35,property,0.08571428571428572,1.0674862001343326,property,0.7632,True,0.1371,0.7632,0.0997,10.0,LA,medium
33.79,-118.27,2,67,property,0.07462686567164178,1.0573542072630249,property,0.7436,True,0.1398,0.7436,0.1166,11.7,LA,medium
33.79,-118.27,3,53,property,0.09433962264150944,1.0411695840718667,property,0.7524,True,0.1365,0.7524,0.1111,11.1,LA,medium
33.79,-118.26,0,16,violent,0.0625,1.0433534269422906,property,0.7077,False,0.128,0.7077,0.1643,16.4,LA,medium
33.79,-118.26,1,23,property,0.2608695652173913,1.0217278604945916,property,0.7493,True,0.1439,0.7493,0.1068,10.7,LA,medium
33.79,-118.26,2,47,property,0.1702127659574468,1.0307403425838975,property,0.7362,True,0.1399,0.7362,0.1239,12.4,LA,medium
33.79,-118.26,3,41,violent,0.21951219512195122,1.0472953739774211,property,0.6945,False,0.1256,0.6945,0.1799,18.0,LA,medium
33.79,-118.25,0,18,violent,0.0,1.0688206728265008,property,0.7404,False,0.142,0.7404,0.1176,11.8,LA,medium
33.79,-118.25,1,26,property,0.11538461538461539,0.9632492517543758,property,0.7601,True,0.1367,0.7601,0.1032,10.3,LA,medium
33.79,-118.25,2,56,other,0.03571428571428571,1.003498209993825,property,0.7604,False,0.1367,0.7604,0.1029,10.3,LA,medium
33.79,-118.25,3,51,other,0.09803921568627451,1.046160739813701,property,0.6793,False,0.1225,0.6793,0.1982,19.8,LA,medium
33.79,-118.24000000000001,0,10,violent,0.1,1.0888999753452238,property,0.6772,False,0.122,0.6772,0.2008,20.1,LA,medium
33.79,-118.24000000000001,1,10,violent,0.0,1.0549201679861442,property,0.7299,False,0.1374,0.7299,0.1326,13.3,LA,medium
33.79,-118.24000000000001,2,13,property,0.07692307692307693,1.0123308391031733,property,0.7612,True,0.1369,0.7612,0.1019,10.2,LA,medium
33.79,-118.24000000000001,3,17,property,0.17647058823529413,0.9560443809671457,property,0.685,True,0.1235,0.685,0.1915,19.1,LA,medium
33.79,-118.23,2,8,other,1.0,4.34465315364359e-08,property,0.7486,False,0.1465,0.7486,0.1049,10.5,LA,medium
33.8,-118.31,1,5,property,0.2,0.6730116880595106,property,0.7459,True,0.1416,0.7459,0.1125,11.3,LA,medium
33.8,-118.31,2,10,violent,0.4,0.9502705392332347,property,0.76,False,0.1368,0.76,0.1031,10.3,LA,medium
33.8,-118.31,3,14,property,0.5,0.7589367727620596,property,0.7494,True,0.1429,0.7494,0.1077,10.8,LA,medium
33.8,-118.3,0,25,other,0.12,1.0133126873497391,property,0.7455,False,0.1401,0.7455,0.1144,11.4,LA,medium
33.8,-118.3,1,27,other,0.2222222222222222,1.013261884144225,property,0.7496,False,0.1447,0.7496,0.1057,10.6,LA,medium
33.8,-118.3,2,42,other,0.023809523809523808,1.0862643665416605,property,0.7636,False,0.1371,0.7636,0.0993,9.9,LA,medium
33.8,-118.3,3,42,property,0.23809523809523808,1.0391536629758822,property,0.7526,True,0.1377,0.7526,0.1097,11.0,LA,medium
33.8,-118.29,0,5,property,0.0,1.0549201679861442,property,0.6828,True,0.1232,0.6828,0.194,19.4,LA,medium
33.8,-118.29,1,10,property,0.0,0.6931472015900639,property,0.7587,True,0.1367,0.7587,0.1045,10.5,LA,medium
33.8,-118.29,2,12,other,0.16666666666666666,1.0114042647073518,property,0.7458,False,0.1446,0.7458,0.1096,11.0,LA,medium
33.8,-118.29,3,13,violent,0.07692307692307693,1.0928305535284886,property,0.6804,False,0.1227,0.6804,0.1968,19.7,LA,medium
33.8,-118.28,0,3,violent,0.0,1.0986122886681096,property,0.7486,False,0.1467,0.7486,0.1047,10.5,LA,medium
33.8,-118.28,1,3,property,0.3333333333333333,0.6365141893815645,property,0.7161,True,0.1327,0.7161,0.1513,15.1,LA,medium
33.8,-118.28,2,3,violent,0.3333333333333333,0.6365141893815645,property,0.7486,False,0.1465,0.7486,0.1048,10.5,LA,medium
33.8,-118.28,3,7,property,0.5714285714285714,0.7963116401738131,property,0.7526,True,0.1393,0.7526,0.1081,10.8,LA,medium
33.8,-118.27,1,6,other,0.16666666666666666,1.0114042647073518,property,0.7488,False,0.146,0.7488,0.1053,10.5,LA,medium
33.8,-118.27,2,13,other,0.07692307692307693,1.0928305535284886,property,0.7573,False,0.1367,0.7573,0.106,10.6,LA,medium
33.8,-118.27,3,9,property,0.4444444444444444,0.848685557726417,property,0.7631,True,0.1371,0.7631,0.0998,10.0,LA,medium
33.8,-118.26,0,12,violent,0.08333333333333333,1.077556327066801,property,0.7548,False,0.1371,0.7548,0.1081,10.8,LA,medium
33.8,-118.26,1,46,property,0.717391304347826,0.48887050487117023,property,0.7486,True,0.1464,0.7486,0.105,10.5,LA,medium
33.8,-118.26,2,93,property,0.7096774193548387,0.5225134163226269,property,0.7636,True,0.1371,0.7636,0.0993,9.9,LA,medium
33.8,-118.26,3,71,property,0.5774647887323944,0.7630030643588508,property,0.7636,True,0.1371,0.7636,0.0992,9.9,LA,medium
33.8,-118.25,0,3,property,1.0,4.3446531758480495e-08,property,0.7636,True,0.1371,0.7636,0.0993,9.9,LA,medium
33.8,-118.25,1,7,other,1.0,4.34465315364359e-08,property,0.7621,False,0.1371,0.7621,0.1008,10.1,LA,medium
33.8,-118.25,2,3,property,0.3333333333333333,0.6365141893815645,property,0.7637,True,0.1371,0.7637,0.0992,9.9,LA,medium
33.8,-118.24000000000001,0,3,other,1.0,4.34465315364359e-08,property,0.6816,False,0.123,0.6816,0.1954,19.5,LA,medium
33.8,-118.24000000000001,1,3,violent,0.0,1.0986122886681096,property,0.7547,False,0.136,0.7547,0.1092,10.9,LA,medium
33.8,-118.24000000000001,2,7,property,0.0,1.0042424730540764,property,0.7635,True,0.1371,0.7635,0.0994,9.9,LA,medium
33.8,-118.24000000000001,3,3,violent,0.3333333333333333,0.6365141893815645,property,0.7629,False,0.1371,0.7629,0.1,10.0,LA,medium
33.8,-118.22,2,5,other,0.4,0.9502705392332347,property,0.7485,False,0.1464,0.7485,0.105,10.5,LA,medium
33.81,-118.31,1,8,property,0.5,0.5623351657797391,property,0.7602,True,0.1368,0.7602,0.103,10.3,LA,medium
33.81,-118.31,2,9,property,0.2222222222222222,0.9368883075390159,property,0.7629,True,0.1371,0.7629,0.1,10.0,LA,medium
33.81,-118.31,3,8,property,0.0,0.6931472015900639,property,0.7616,True,0.1369,0.7616,0.1015,10.1,LA,medium
33.81,-118.3,0,10,other,0.5,0.8018185525433373,property,0.764,False,0.1371,0.764,0.0989,9.9,LA,medium
33.81,-118.3,1,6,other,0.3333333333333333,0.6365141893815645,property,0.7631,False,0.1374,0.7631,0.0995,10.0,LA,medium
33.81,-118.3,2,9,other,0.1111111111111111,0.6869615976336276,property,0.7641,False,0.1371,0.7641,0.0988,9.9,LA,medium
33.81,-118.3,3,12,property,0.4166666666666667,0.8239592165010823,property,0.7639,True,0.1371,0.7639,0.099,9.9,LA,medium
33.82,-118.31,0,21,other,0.14285714285714285,1.0789922078775833,property,0.7639,False,0.1371,0.7639,0.0989,9.9,LA,medium
33.82,-118.31,1,12,property,0.08333333333333333,0.9184277849930975,property,0.762,True,0.1369,0.762,0.1011,10.1,LA,medium
33.82,-118.31,2,22,property,0.2727272727272727,0.8932239510170858,property,0.7639,True,0.1371,0.7639,0.099,9.9,LA,medium
33.82,-118.31,3,23,property,0.17391304347826086,1.0465634069578553,property,0.7639,True,0.1371,0.7639,0.099,9.9,LA,medium
33.82,-118.3,0,15,property,0.0,1.0549201679861442,property,0.682,True,0.1229,0.682,0.195,19.5,LA,medium
33.82,-118.3,1,24,violent,0.16666666666666666,1.0635215028672123,property,0.6996,False,0.1272,0.6996,0.1732,17.3,LA,medium
33.82,-118.3,2,38,other,0.02631578947368421,1.04275606457489,property,0.7559,False,0.1367,0.7559,0.1074,10.7,LA,medium
33.82,-118.3,3,38,property,0.15789473684210525,1.070024954998012,property,0.6861,True,0.1244,0.6861,0.1895,18.9,LA,medium
33.83,-118.31,0,8,other,0.25,1.0397207708399179,property,0.7088,False,0.1285,0.7088,0.1626,16.3,LA,medium
33.83,-118.31,1,11,violent,0.2727272727272727,0.9949236325717752,property,0.7631,False,0.1371,0.7631,0.0998,10.0,LA,medium
33.83,-118.31,2,21,other,0.14285714285714285,1.0789922078775833,property,0.7488,False,0.1426,0.7488,0.1086,10.9,LA,medium
33.83,-118.31,3,19,other,0.05263157894736842,1.0958871542125534,property,0.702,False,0.1268,0.702,0.1712,17.1,LA,medium
33.83,-118.3,0,18,property,0.05555555555555555,1.0893096789558299,property,0.7637,True,0.1371,0.7637,0.0992,9.9,LA,medium
33.83,-118.3,1,8,property,0.375,0.9002560512685369,property,0.7572,True,0.1375,0.7572,0.1053,10.5,LA,medium
33.83,-118.3,2,25,other,0.12,0.9086163473457878,property,0.7637,False,0.1371,0.7637,0.0992,9.9,LA,medium
33.83,-118.3,3,38,property,0.15789473684210525,0.8496383026252037,property,0.7525,True,0.1409,0.7525,0.1066,10.7,LA,medium
33.84,-118.31,0,7,violent,0.2857142857142857,0.9556998911125343,property,0.7594,False,0.1369,0.7594,0.1037,10.4,LA,medium
33.84,-118.31,1,6,property,0.3333333333333333,0.6365141893815645,property,0.7557,True,0.1385,0.7557,0.1058,10.6,LA,medium
33.84,-118.31,2,13,violent,0.0,0.9110175397125628,property,0.76,False,0.1367,0.76,0.1033,10.3,LA,medium
33.84,-118.31,3,19,property,0.5263157894736842,0.708018976056273,property,0.6775,True,0.1221,0.6775,0.2005,20.0,LA,medium
33.84,-118.3,0,7,violent,0.14285714285714285,1.0789922078775833,property,0.7633,False,0.1371,0.7633,0.0996,10.0,LA,medium
33.84,-118.3,1,14,property,0.14285714285714285,0.9922819748525737,property,0.7632,True,0.1371,0.7632,0.0997,10.0,LA,medium
33.84,-118.3,2,12,property,0.0,1.0281838593329258,property,0.7638,True,0.1371,0.7638,0.0991,9.9,LA,medium
33.84,-118.3,3,21,property,0.047619047619047616,1.091786238095127,property,0.7007,True,0.1266,0.7007,0.1727,17.3,LA,medium
33.85,-118.31,0,4,property,0.25,1.0397207708399179,property,0.7594,True,0.1368,0.7594,0.1038,10.4,LA,medium
33.85,-118.31,1,7,other,0.14285714285714285,1.0789922078775833,property,0.764,False,0.1371,0.764,0.0989,9.9,LA,medium
33.85,-118.31,2,16,violent,0.0625,0.8815322611881636,property,0.7478,False,0.1373,0.7478,0.1149,11.5,LA,medium
33.85,-118.31,3,9,other,0.1111111111111111,1.0608569471580214,property,0.7634,False,0.1371,0.7634,0.0995,10.0,LA,medium
33.85,-118.3,0,7,property,0.14285714285714285,0.6829081257408294,property,0.7489,True,0.1461,0.7489,0.105,10.5,LA,medium
33.85,-118.3,1,15,other,0.26666666666666666,0.8532361505557784,property,0.7638,False,0.1371,0.7638,0.099,9.9,LA,medium
33.85,-118.3,2,35,property,0.0,1.08495650463153,property,0.7641,True,0.1371,0.7641,0.0988,9.9,LA,medium
33.85,-118.3,3,23,other,0.17391304347826086,1.0465634069578553,property,0.764,False,0.1371,0.764,0.0988,9.9,LA,medium
33.85,-118.29,0,7,property,0.42857142857142855,0.5982696097102536,property,0.7489,True,0.1457,0.7489,0.1053,10.5,LA,medium
33.85,-118.29,1,9,other,0.1111111111111111,0.6869615976336276,property,0.7628,False,0.1371,0.7628,0.1002,10.0,LA,medium
33.85,-118.29,2,9,property,0.0,0.9649629230074277,property,0.7629,True,0.1371,0.7629,0.1,10.0,LA,medium
33.85,-118.29,3,8,violent,0.25,1.0397207708399179,property,0.7625,False,0.1373,0.7625,0.1001,10.0,LA,medium
33.86,-118.31,0,6,property,0.3333333333333333,0.6365141893815645,property,0.764,True,0.1371,0.764,0.0989,9.9,LA,medium
33.86,-118.31,2,3,property,0.3333333333333333,0.6365141893815645,property,0.7466,True,0.1424,0.7466,0.111,11.1,LA,medium
33.86,-118.3,0,12,property,0.5833333333333334,0.7214636866925115,property,0.7639,True,0.1371,0.7639,0.099,9.9,LA,medium
33.86,-118.3,1,12,property,0.16666666666666666,1.0114042647073518,property,0.7501,True,0.1432,0.7501,0.1067,10.7,LA,medium
33.86,-118.3,2,20,property,0.05,1.080527626604172,property,0.7639,True,0.1371,0.7639,0.099,9.9,LA,medium
33.86,-118.3,3,15,property,0.4,0.8033149761408755,property,0.764,True,0.1371,0.764,0.0989,9.9,LA,medium
33.86,-118.29,0,12,property,0.5,0.8675632284814613,property,0.6859,True,0.1238,0.6859,0.1903,19.0,LA,medium
33.86,-118.29,1,20,property,0.1,1.0486537893593546,property,0.755,True,0.1374,0.755,0.1076,10.8,LA,medium
33.86,-118.29,2,17,other,0.058823529411764705,0.9718487712358765,property,0.7636,False,0.1371,0.7636,0.0992,9.9,LA,medium
33.86,-118.29,3,13,other,0.07692307692307693,1.0928305535284886,property,0.7588,False,0.1367,0.7588,0.1045,10.5,LA,medium
33.87,-118.3,1,3,property,0.3333333333333333,0.6365141893815645,property,0.7487,True,0.1466,0.7487,0.1047,10.5,LA,medium
33.87,-118.3,2,9,violent,0.3333333333333333,0.9950269901795212,property,0.7627,False,0.1373,0.7627,0.1,10.0,LA,medium
33.87,-118.3,3,3,property,0.3333333333333333,0.6365141893815645,property,0.6977,True,0.1267,0.6977,0.1756,17.6,LA,medium
33.87,-118.29,0,5,property,0.6,0.5004024447610512,property,0.764,True,0.1371,0.764,0.0988,9.9,LA,medium
33.87,-118.29,1,22,property,0.5909090909090909,0.7749927584562633,property,0.7641,True,0.1371,0.7641,0.0987,9.9,LA,medium
33.87,-118.29,2,18,property,0.3333333333333333,0.9950269901795212,property,0.7639,True,0.1371,0.7639,0.099,9.9,LA,medium
33.87,-118.29,3,8,property,0.125,0.9743147528693494,property,0.759,True,0.1366,0.759,0.1045,10.4,LA,medium
33.87,-118.28,1,3,violent,0.0,1.0986122886681096,property,0.7636,False,0.1371,0.7636,0.0993,9.9,LA,medium
33.87,-118.28,2,5,property,0.2,0.6730116880595106,property,0.7628,True,0.1374,0.7628,0.0999,10.0,LA,medium
33.88,-118.29,0,15,violent,0.2,1.0606018056124555,property,0.7468,False,0.135,0.7468,0.1182,11.8,LA,medium
33.88,-118.29,1,17,violent,0.17647058823529413,0.9560443809671457,property,0.7484,False,0.1453,0.7484,0.1063,10.6,LA,medium
33.88,-118.29,2,20,property,0.2,1.0296530140645737,property,0.7633,True,0.1371,0.7633,0.0996,10.0,LA,medium
33.88,-118.29,3,35,property,0.08571428571428572,0.8686698037812992,property,0.7635,True,0.1371,0.7635,0.0994,9.9,LA,medium
33.88,-118.28,0,8,violent,0.375,0.9002560512685369,property,0.761,False,0.1368,0.761,0.1022,10.2,LA,medium
33.88,-118.28,1,10,other,0.4,0.6108643231672951,property,0.762,False,0.137,0.762,0.1009,10.1,LA,medium
33.88,-118.28,2,9,other,0.2222222222222222,0.9368883075390159,property,0.7632,False,0.1371,0.7632,0.0997,10.0,LA,medium
33.88,-118.28,3,19,property,0.05263157894736842,1.0958871542125534,property,0.7639,True,0.1371,0.7639,0.0989,9.9,LA,medium
33.89,-118.29,0,10,property,0.1,0.9433483923290391,property,0.7641,True,0.1371,0.7641,0.0988,9.9,LA,medium
33.89,-118.29,1,22,property,0.13636363636363635,0.9861234897117208,property,0.7604,True,0.1367,0.7604,0.1029,10.3,LA,medium
33.89,-118.29,2,23,property,0.6521739130434783,0.6698932216137069,property,0.7638,True,0.1371,0.7638,0.0991,9.9,LA,medium
33.89,-118.29,3,36,property,0.3888888888888889,0.9338238517147219,property,0.7639,True,0.1371,0.7639,0.099,9.9,LA,medium
33.89,-118.28,0,6,property,0.5,0.8675632284814613,property,0.7622,True,0.1371,0.7622,0.1008,10.1,LA,medium
33.89,-118.28,1,4,violent,0.0,0.6931472015900639,property,0.7621,False,0.1371,0.7621,0.1008,10.1,LA,medium
33.89,-118.28,2,9,property,0.1111111111111111,1.0608569471580214,property,0.7641,True,0.1371,0.7641,0.0988,9.9,LA,medium
33.89,-118.28,3,11,property,0.18181818181818182,1.0670895187820832,property,0.7642,True,0.1371,0.7642,0.0987,9.9,LA,medium
33.9,-118.29,0,11,property,0.2727272727272727,0.9949236325717752,property,0.7133,True,0.1299,0.7133,0.1568,15.7,LA,medium
33.9,-118.29,1,17,violent,0.17647058823529413,1.0551016181686426,property,0.6795,False,0.1225,0.6795,0.198,19.8,LA,medium
33.9,-118.29,2,23,violent,0.08695652173913043,0.9855939523286115,property,0.7547,False,0.1363,0.7547,0.109,10.9,LA,medium
33.9,-118.29,3,19,property,0.05263157894736842,1.0601189359398382,property,0.7586,True,0.1366,0.7586,0.1049,10.5,LA,medium
33.9,-118.28,0,7,property,0.14285714285714285,1.0789922078775833,property,0.7172,True,0.1299,0.7172,0.1529,15.3,LA,medium
33.9,-118.28,1,4,property,0.0,0.6931472015900639,property,0.7633,True,0.1371,0.7633,0.0996,10.0,LA,medium
33.9,-118.28,2,8,violent,0.5,0.562335165779739,property,0.7633,False,0.1371,0.7633,0.0996,10.0,LA,medium
33.9,-118.28,3,9,property,0.1111111111111111,1.0608569471580214,property,0.764,True,0.1371,0.764,0.0989,9.9,LA,medium
33.910000000000004,-118.29,0,18,property,0.5555555555555556,0.7777899315559315,property,0.7639,True,0.1371,0.7639,0.0989,9.9,LA,medium
33.910000000000004,-118.29,1,20,violent,0.0,1.0549201679861442,property,0.764,False,0.1371,0.764,0.0988,9.9,LA,medium
33.910000000000004,-118.29,2,25,property,0.28,0.9743417807689858,property,0.764,True,0.1371,0.764,0.0989,9.9,LA,medium
33.910000000000004,-118.29,3,30,property,0.43333333333333335,0.9097944822721153,property,0.764,True,0.1371,0.764,0.0988,9.9,LA,medium
33.910000000000004,-118.28,0,9,violent,0.1111111111111111,1.0608569471580214,property,0.7186,False,0.1301,0.7186,0.1513,15.1,LA,medium
33.910000000000004,-118.28,1,6,property,0.0,0.6931472015900639,property,0.7627,True,0.1371,0.7627,0.1002,10.0,LA,medium
33.910000000000004,-118.28,2,22,other,0.045454545454545456,0.9957374991778267,property,0.7631,False,0.1374,0.7631,0.0995,10.0,LA,medium
33.910000000000004,-118.28,3,14,property,0.07142857142857142,0.8982053397041498,property,0.764,True,0.1371,0.764,0.0989,9.9,LA,medium
33.92,-118.43,1,3,property,0.3333333333333333,0.6365141893815645,property,0.7643,True,0.1371,0.7643,0.0986,9.9,LA,medium
33.92,-118.43,2,4,violent,0.25,1.0397207708399179,property,0.7543,False,0.136,0.7543,0.1097,11.0,LA,medium
33.92,-118.29,0,30,property,0.3333333333333333,0.9833122247384489,property,0.7489,True,0.1351,0.7489,0.116,11.6,LA,medium
33.92,-118.29,1,23,violent,0.0,0.9899490539341391,property,0.7644,False,0.1371,0.7644,0.0984,9.8,LA,medium
33.92,-118.29,2,42,property,0.047619047619047616,1.0754974564874331,property,0.7601,True,0.137,0.7601,0.103,10.3,LA,medium
33.92,-118.29,3,49,property,0.3469387755102041,0.852114514475265,property,0.7641,True,0.1371,0.7641,0.0988,9.9,LA,medium
33.92,-118.28,0,25,property,0.04,1.0768186672148103,property,0.7522,True,0.1355,0.7522,0.1123,11.2,LA,medium
33.92,-118.28,1,28,violent,0.03571428571428571,1.0813448682427136,property,0.7642,False,0.1371,0.7642,0.0986,9.9,LA,medium
33.92,-118.28,2,48,violent,0.0625,1.0868238899287483,property,0.6807,False,0.1226,0.6807,0.1967,19.7,LA,medium
33.92,-118.28,3,53,property,0.09433962264150944,1.081341660015287,property,0.6801,True,0.1226,0.6801,0.1973,19.7,LA,medium
33.92,-118.27,0,16,violent,0.0625,1.0433534269422906,property,0.7618,False,0.1369,0.7618,0.1013,10.1,LA,medium
33.92,-118.27,1,32,property,0.3125,0.9840865030829147,property,0.6805,True,0.1226,0.6805,0.1969,19.7,LA,medium
33.92,-118.27,2,25,violent,0.4,0.9502705392332347,property,0.6805,False,0.1226,0.6805,0.1969,19.7,LA,medium
33.92,-118.27,3,45,property,0.1111111111111111,0.986259875587943,property,0.6766,True,0.1219,0.6766,0.2016,20.2,LA,medium
33.92,-118.26,0,8,violent,0.25,1.0397207708399179,property,0.7217,False,0.1307,0.7217,0.1477,14.8,LA,medium
33.92,-118.26,1,3,property,0.3333333333333333,0.6365141893815645,property,0.7628,True,0.1371,0.7628,0.1002,10.0,LA,medium
33.92,-118.26,2,12,property,0.25,1.0397207708399179,property,0.7471,True,0.135,0.7471,0.118,11.8,LA,medium
33.92,-118.26,3,11,violent,0.0,1.0900596587107838,property,0.7111,False,0.1289,0.7111,0.16,16.0,LA,medium
33.92,-118.25,1,4,violent,0.0,0.6931472015900639,property,0.6767,False,0.122,0.6767,0.2013,20.1,LA,medium
33.92,-118.25,3,9,violent,0.1111111111111111,0.6869615976336275,property,0.6771,False,0.1221,0.6771,0.2009,20.1,LA,medium
33.93,-118.43,0,6,violent,0.5,0.8675632284814613,property,0.7487,False,0.1466,0.7487,0.1046,10.5,LA,medium
33.93,-118.43,1,4,violent,0.25,1.0397207708399179,property,0.7488,False,0.1467,0.7488,0.1044,10.4,LA,medium
33.93,-118.43,2,10,other,0.6,0.5004024447610513,property,0.6806,False,0.1227,0.6806,0.1967,19.7,LA,medium
33.93,-118.43,3,18,violent,0.16666666666666666,1.0114042647073518,property,0.7347,False,0.1357,0.7347,0.1296,13.0,LA,medium
33.93,-118.41,0,5,property,0.6,0.5004024447610513,property,0.7635,True,0.1371,0.7635,0.0994,9.9,LA,medium
33.93,-118.41,1,5,other,0.6,0.5004024447610513,property,0.7643,False,0.1371,0.7643,0.0986,9.9,LA,medium
33.93,-118.41,2,7,other,0.42857142857142855,0.5982696097102536,property,0.6947,False,0.1258,0.6947,0.1794,17.9,LA,medium
33.93,-118.41,3,4,property,0.25,1.0397207708399179,property,0.7642,True,0.1371,0.7642,0.0987,9.9,LA,medium
33.93,-118.38,0,11,property,0.8181818181818182,0.3046361187678678,property,0.7487,True,0.1467,0.7487,0.1045,10.5,LA,medium
33.93,-118.38,1,19,property,0.7368421052631579,0.5366645624845252,property,0.7642,True,0.1371,0.7642,0.0986,9.9,LA,medium
33.93,-118.38,2,38,property,0.7368421052631579,0.5366645624845251,property,0.7467,True,0.138,0.7467,0.1153,11.5,LA,medium
33.93,-118.38,3,18,property,0.8333333333333334,0.42584844923858145,property,0.749,True,0.1426,0.749,0.1084,10.8,LA,medium
33.93,-118.37,0,8,property,0.125,0.9743147528693494,property,0.749,True,0.1466,0.749,0.1044,10.4,LA,medium
33.93,-118.37,1,7,property,0.7142857142857143,0.4101163396015584,property,0.7486,True,0.1466,0.7486,0.1048,10.5,LA,medium
33.93,-118.37,2,12,property,0.08333333333333333,0.9184277849930975,property,0.7511,True,0.1414,0.7511,0.1076,10.8,LA,medium
33.93,-118.37,3,10,property,0.3,0.8979457248567798,property,0.7555,True,0.1401,0.7555,0.1044,10.4,LA,medium
33.93,-118.29,0,27,violent,0.18518518518518517,0.9896516343332492,property,0.7638,False,0.1371,0.7638,0.0991,9.9,LA,medium
33.93,-118.29,1,44,violent,0.045454545454545456,1.0399964569510627,property,0.6787,False,0.1222,0.6787,0.199,19.9,LA,medium
33.93,-118.29,2,49,violent,0.0,1.0042424730540764,property,0.7493,False,0.1352,0.7493,0.1155,11.5,LA,medium
33.93,-118.29,3,57,property,0.14035087719298245,1.0736253820943074,property,0.676,True,0.1217,0.676,0.2022,20.2,LA,medium
33.93,-118.28,0,72,violent,0.1527777777777778,1.045646982629207,property,0.6802,False,0.1226,0.6802,0.1972,19.7,LA,medium
33.93,-118.28,1,67,property,0.04477611940298507,1.0760014721326963,property,0.6903,True,0.1247,0.6903,0.1851,18.5,LA,medium
33.93,-118.28,2,91,violent,0.15384615384615385,1.0579054247036734,property,0.6795,False,0.1225,0.6795,0.198,19.8,LA,medium
33.93,-118.28,3,122,violent,0.19672131147540983,1.0386287045176457,property,0.7008,False,0.1267,0.7008,0.1726,17.3,LA,medium
33.93,-118.27,0,81,violent,0.14814814814814814,1.0474934644611194,property,0.6912,False,0.1247,0.6912,0.1842,18.4,LA,medium
33.93,-118.27,1,119,violent,0.06722689075630252,1.0831030727150945,property,0.7244,False,0.131,0.7244,0.1446,14.5,LA,medium
33.93,-118.27,2,169,violent,0.16568047337278108,1.065379087319656,property,0.7235,False,0.1307,0.7235,0.1458,14.6,LA,medium
33.93,-118.27,3,167,violent,0.08982035928143713,1.034550932020361,property,0.6807,False,0.1226,0.6807,0.1966,19.7,LA,medium
33.93,-118.26,0,34,violent,0.029411764705882353,1.0583453685867263,property,0.6813,False,0.1229,0.6813,0.1958,19.6,LA,medium
33.93,-118.26,1,45,property,0.1111111111111111,1.079773089409609,property,0.7629,True,0.1371,0.7629,0.1,10.0,LA,medium
33.93,-118.26,2,57,property,0.10526315789473684,1.0795295733255184,property,0.6786,True,0.1223,0.6786,0.199,19.9,LA,medium
33.93,-118.26,3,57,property,0.017543859649122806,1.0357616217878556,property,0.6776,True,0.1221,0.6776,0.2003,20.0,LA,medium
33.93,-118.25,0,63,violent,0.2698412698412698,1.0021860837984984,property,0.6757,False,0.1217,0.6757,0.2026,20.3,LA,medium
33.93,-118.25,1,79,violent,0.012658227848101266,1.0915207723607376,property,0.6765,False,0.1218,0.6765,0.2017,20.2,LA,medium
33.93,-118.25,2,99,violent,0.20202020202020202,1.036677982768728,property,0.6793,False,0.1224,0.6793,0.1982,19.8,LA,medium
33.93,-118.25,3,114,violent,0.09649122807017543,1.0702768338406337,property,0.6761,False,0.1218,0.6761,0.2021,20.2,LA,medium
33.93,-118.24000000000001,0,31,violent,0.0,1.023152596221583,property,0.6794,False,0.1225,0.6794,0.1981,19.8,LA,medium
33.93,-118.24000000000001,1,39,violent,0.07692307692307693,0.9494350408866097,property,0.6759,False,0.1217,0.6759,0.2024,20.2,LA,medium
33.93,-118.24000000000001,2,46,violent,0.08695652173913043,1.061208440905252,property,0.6771,False,0.122,0.6771,0.2009,20.1,LA,medium
33.93,-118.24000000000001,3,56,property,0.10714285714285714,1.074516223144162,property,0.6948,True,0.1254,0.6948,0.1798,18.0,LA,medium
33.93,-118.23,0,36,violent,0.25,1.0397207708399179,property,0.6916,False,0.125,0.6916,0.1833,18.3,LA,medium
33.93,-118.23,1,35,property,0.2571428571428571,0.9918981086473807,property,0.7595,True,0.1366,0.7595,0.1038,10.4,LA,medium
33.93,-118.23,2,46,violent,0.08695652173913043,1.0300516057372202,property,0.6778,False,0.1221,0.6778,0.2001,20.0,LA,medium
33.93,-118.23,3,58,violent,0.0,1.033332065949146,property,0.6788,False,0.1224,0.6788,0.1989,19.9,LA,medium
33.94,-118.44,1,4,other,0.25,1.0397207708399179,property,0.7488,False,0.1466,0.7488,0.1047,10.5,LA,medium
33.94,-118.44,2,3,other,1.0,4.34465315364359e-08,property,0.7511,False,0.1414,0.7511,0.1075,10.8,LA,medium
33.94,-118.44,3,11,violent,0.09090909090909091,1.0361987848192837,property,0.6941,False,0.1264,0.6941,0.1795,18.0,LA,medium
33.94,-118.43,3,3,other,1.0,4.34465315364359e-08,property,0.7488,False,0.1467,0.7488,0.1046,10.5,LA,medium
33.94,-118.41,1,7,property,0.14285714285714285,0.6829081257408294,property,0.7508,True,0.1436,0.7508,0.1056,10.6,LA,medium
33.94,-118.41,2,5,property,0.4,0.9502705392332347,property,0.7488,True,0.1464,0.7488,0.1048,10.5,LA,medium
33.94,-118.41,3,5,other,1.0,4.34465315364359e-08,property,0.7481,False,0.1456,0.7481,0.1062,10.6,LA,medium
33.94,-118.4,0,51,property,0.09803921568627451,1.0131361255488012,property,0.7521,True,0.1414,0.7521,0.1065,10.7,LA,medium
33.94,-118.4,1,117,other,0.03418803418803419,0.9103842831445207,property,0.7498,False,0.1451,0.7498,0.1052,10.5,LA,medium
33.94,-118.4,2,111,other,0.12612612612612611,0.9386979919233738,property,0.754,False,0.141,0.754,0.105,10.5,LA,medium
33.94,-118.4,3,106,other,0.08490566037735849,0.9504850720192419,property,0.7487,False,0.1466,0.7487,0.1048,10.5,LA,medium
33.94,-118.38,2,5,other,0.2,0.6730116880595106,property,0.764,False,0.1371,0.764,0.0989,9.9,LA,medium
33.94,-118.37,0,4,property,0.0,0.6931472015900639,property,0.7643,True,0.1371,0.7643,0.0985,9.9,LA,medium
33.94,-118.37,1,6,property,0.0,0.6931472015900639,property,0.7492,True,0.1452,0.7492,0.1056,10.6,LA,medium
33.94,-118.37,2,18,other,0.2222222222222222,0.668248498719556,property,0.7492,False,0.1454,0.7492,0.1054,10.5,LA,medium
33.94,-118.37,3,4,violent,0.0,0.6931472015900639,property,0.7641,False,0.1371,0.7641,0.0988,9.9,LA,medium
33.94,-118.31,0,13,property,0.15384615384615385,1.0579054247036734,property,0.7634,True,0.1371,0.7634,0.0995,9.9,LA,medium
33.94,-118.31,1,17,violent,0.0,1.0950778621205006,property,0.7422,False,0.1425,0.7422,0.1153,11.5,LA,medium
33.94,-118.31,2,17,violent,0.29411764705882354,0.6492483759449155,property,0.764,False,0.1371,0.764,0.0989,9.9,LA,medium
33.94,-118.31,3,25,property,0.16,1.0740922213659423,property,0.68,True,0.1226,0.68,0.1974,19.7,LA,medium
33.94,-118.29,0,33,property,0.30303030303030304,1.0030652881647577,property,0.6926,True,0.1249,0.6926,0.1824,18.2,LA,medium
33.94,-118.29,1,48,property,0.1875,1.0495339779544297,property,0.7005,True,0.1265,0.7005,0.173,17.3,LA,medium
33.94,-118.29,2,88,violent,0.03409090909090909,1.0856751310423034,property,0.7627,False,0.137,0.7627,0.1003,10.0,LA,medium
33.94,-118.29,3,103,violent,0.1553398058252427,1.053781761243806,property,0.7524,False,0.1355,0.7524,0.1121,11.2,LA,medium
33.94,-118.28,0,95,violent,0.0,1.096812911322694,property,0.6783,False,0.1223,0.6783,0.1995,19.9,LA,medium
33.94,-118.28,1,98,violent,0.14285714285714285,1.0448072888831286,property,0.6781,False,0.1222,0.6781,0.1996,20.0,LA,medium
33.94,-118.28,2,126,violent,0.1984126984126984,1.0541274686618347,property,0.6861,False,0.1237,0.6861,0.1901,19.0,LA,medium
33.94,-118.28,3,152,violent,0.09868421052631579,1.0422353471535826,property,0.6781,False,0.1222,0.6781,0.1997,20.0,LA,medium
33.94,-118.27,0,83,violent,0.10843373493975904,1.0705403350542286,property,0.6919,False,0.1249,0.6919,0.1832,18.3,LA,medium
33.94,-118.27,1,113,property,0.061946902654867256,1.0705504254956262,property,0.6796,True,0.1224,0.6796,0.198,19.8,LA,medium
33.94,-118.27,2,177,violent,0.14689265536723164,1.06485665764047,property,0.6761,False,0.1217,0.6761,0.2022,20.2,LA,medium
33.94,-118.27,3,173,violent,0.057803468208092484,1.0461729205854464,property,0.6807,False,0.1226,0.6807,0.1966,19.7,LA,medium
33.94,-118.26,0,56,violent,0.07142857142857142,1.060944240790747,property,0.7636,False,0.1371,0.7636,0.0992,9.9,LA,medium
33.94,-118.26,1,65,property,0.046153846153846156,1.0791827081915528,property,0.6829,True,0.1232,0.6829,0.1939,19.4,LA,medium
33.94,-118.26,2,88,other,0.022727272727272728,1.097712852051468,property,0.7193,False,0.1299,0.7193,0.1508,15.1,LA,medium
33.94,-118.26,3,94,violent,0.06382978723404255,1.0883152493398511,property,0.7464,False,0.1345,0.7464,0.1192,11.9,LA,medium
33.94,-118.25,0,35,property,0.22857142857142856,1.0218076724763105,property,0.6778,True,0.1221,0.6778,0.2,20.0,LA,medium
33.94,-118.25,1,73,property,0.2328767123287671,1.031828923412054,property,0.7358,True,0.1329,0.7358,0.1313,13.1,LA,medium
33.94,-118.25,2,79,violent,0.0379746835443038,1.0709438068805663,property,0.6789,False,0.1223,0.6789,0.1988,19.9,LA,medium
33.94,-118.25,3,89,property,0.06741573033707865,1.089078427670991,property,0.6908,True,0.1245,0.6908,0.1847,18.5,LA,medium
33.94,-118.24000000000001,0,46,property,0.10869565217391304,1.044480267270522,property,0.6807,True,0.1226,0.6807,0.1967,19.7,LA,medium
33.94,-118.24000000000001,1,62,violent,0.0967741935483871,1.0175570146270487,property,0.6766,False,0.1219,0.6766,0.2015,20.1,LA,medium
33.94,-118.24000000000001,2,101,violent,0.0891089108910891,1.0715447273350875,property,0.6772,False,0.1221,0.6772,0.2007,20.1,LA,medium
33.94,-118.24000000000001,3,90,violent,0.2,1.0133580027831477,property,0.6787,False,0.1224,0.6787,0.1989,19.9,LA,medium
33.94,-118.23,0,13,violent,0.0,0.9110175397125628,property,0.6762,False,0.1218,0.6762,0.202,20.2,LA,medium
33.94,-118.23,1,33,property,0.06060606060606061,1.0605362446344555,property,0.745,True,0.1401,0.745,0.115,11.5,LA,medium
33.94,-118.23,2,53,violent,0.07547169811320754,1.088775855860033,property,0.6765,False,0.1219,0.6765,0.2017,20.2,LA,medium
33.94,-118.23,3,50,violent,0.1,1.061134828955732,property,0.6869,False,0.1239,0.6869,0.1892,18.9,LA,medium
33.95,-118.45,2,3,other,0.3333333333333333,0.6365141893815645,property,0.762,False,0.137,0.762,0.1009,10.1,LA,medium
33.95,-118.45,3,3,violent,0.3333333333333333,0.6365141893815645,property,0.7635,False,0.1371,0.7635,0.0994,9.9,LA,medium
33.95,-118.44,1,5,property,0.2,0.6730116880595106,property,0.7641,True,0.1371,0.7641,0.0987,9.9,LA,medium
33.95,-118.44,2,9,property,0.3333333333333333,0.9950269901795212,property,0.755,True,0.1402,0.755,0.1048,10.5,LA,medium
33.95,-118.44,3,23,property,0.30434782608695654,0.8766043020543364,property,0.7635,True,0.1371,0.7635,0.0993,9.9,LA,medium
33.95,-118.42,3,3,violent,0.3333333333333333,0.6365141893815645,property,0.7643,False,0.1371,0.7643,0.0986,9.9,LA,medium
33.95,-118.4,0,75,property,0.013333333333333334,1.045003748156073,property,0.7493,True,0.1456,0.7493,0.1052,10.5,LA,medium
33.95,-118.4,1,177,other,0.10734463276836158,0.8878617772642232,property,0.7498,False,0.1444,0.7498,0.1058,10.6,LA,medium
33.95,-118.4,2,217,other,0.0967741935483871,0.9828642929216391,property,0.749,False,0.1464,0.749,0.1046,10.5,LA,medium
33.95,-118.4,3,183,other,0.22950819672131148,0.9248701304021486,property,0.7489,False,0.1464,0.7489,0.1047,10.5,LA,medium
33.95,-118.39,0,71,other,0.2676056338028169,0.9261316933483821,property,0.7616,False,0.1372,0.7616,0.1013,10.1,LA,medium
33.95,-118.39,1,130,other,0.2692307692307692,0.9080226793506765,property,0.7487,False,0.1465,0.7487,0.1048,10.5,LA,medium
33.95,-118.39,2,121,other,0.1322314049586777,0.9499708947017491,property,0.7486,False,0.1464,0.7486,0.105,10.5,LA,medium
33.95,-118.39,3,99,property,0.10101010101010101,1.0265459827419232,property,0.7489,True,0.1462,0.7489,0.1049,10.5,LA,medium
33.95,-118.38,0,24,property,0.08333333333333333,1.024010220294295,property,0.7487,True,0.146,0.7487,0.1053,10.5,LA,medium
33.95,-118.38,1,52,property,0.4423076923076923,0.8300273433553507,property,0.7492,True,0.146,0.7492,0.1048,10.5,LA,medium
33.95,-118.38,2,60,other,0.06666666666666667,1.0717834050802586,property,0.7486,False,0.1464,0.7486,0.105,10.5,LA,medium
33.95,-118.38,3,58,other,0.08620689655172414,1.0127611044770088,property,0.7488,False,0.1464,0.7488,0.1048,10.5,LA,medium
33.95,-118.37,0,15,other,0.06666666666666667,0.990835386443849,property,0.7592,False,0.1367,0.7592,0.1041,10.4,LA,medium
33.95,-118.37,1,15,property,0.26666666666666666,0.8532361505557784,property,0.7495,True,0.1436,0.7495,0.1069,10.7,LA,medium
33.95,-118.37,2,36,other,0.027777777777777776,0.9217999587117628,property,0.7492,False,0.1455,0.7492,0.1053,10.5,LA,medium
33.95,-118.37,3,16,other,0.125,0.9743147528693494,property,0.7642,False,0.1371,0.7642,0.0986,9.9,LA,medium
33.95,-118.32000000000001,0,6,property,0.3333333333333333,0.6365141893815645,property,0.7487,True,0.1467,0.7487,0.1046,10.5,LA,medium
33.95,-118.32000000000001,2,7,property,0.5714285714285714,0.7963116401738131,property,0.764,True,0.1371,0.764,0.0989,9.9,LA,medium
33.95,-118.32000000000001,3,9,property,0.7777777777777778,0.34883211721746554,property,0.7642,True,0.1371,0.7642,0.0986,9.9,LA,medium
33.95,-118.31,0,39,violent,0.10256410256410256,1.0329240743313957,property,0.6761,False,0.1218,0.6761,0.2021,20.2,LA,medium
33.95,-118.31,1,41,violent,0.2682926829268293,1.0058814738237296,property,0.7073,False,0.1277,0.7073,0.1649,16.5,LA,medium
33.95,-118.31,2,82,violent,0.12195121951219512,1.084245568073389,property,0.6779,False,0.1222,0.6779,0.1999,20.0,LA,medium
33.95,-118.31,3,70,property,0.15714285714285714,1.0627360001816617,property,0.6761,True,0.1218,0.6761,0.2021,20.2,LA,medium
33.95,-118.3,0,15,property,0.5333333333333333,0.7298712099831165,property,0.6787,True,0.1223,0.6787,0.199,19.9,LA,medium
33.95,-118.3,1,12,property,0.08333333333333333,1.0775563270668007,property,0.7534,True,0.1359,0.7534,0.1107,11.1,LA,medium
33.95,-118.3,2,23,violent,0.0,1.0660493483542606,property,0.7579,False,0.1366,0.7579,0.1055,10.6,LA,medium
33.95,-118.3,3,12,property,0.25,0.887694275799104,property,0.7336,True,0.1327,0.7336,0.1337,13.4,LA,medium
33.95,-118.29,0,45,violent,0.0,1.0549201679861442,property,0.6757,False,0.1217,0.6757,0.2026,20.3,LA,medium
33.95,-118.29,1,49,violent,0.0,1.0427527034537774,property,0.6832,False,0.1231,0.6832,0.1937,19.4,LA,medium
33.95,-118.29,2,87,violent,0.11494252873563218,1.06975902041665,property,0.7371,False,0.1331,0.7371,0.1298,13.0,LA,medium
33.95,-118.29,3,69,violent,0.0,1.0213527924233814,property,0.6761,False,0.1218,0.6761,0.2021,20.2,LA,medium
33.95,-118.28,0,94,violent,0.24468085106382978,1.0396075889179412,property,0.6762,False,0.1218,0.6762,0.202,20.2,LA,medium
33.95,-118.28,1,114,violent,0.0,1.0198652142779299,property,0.6761,False,0.1218,0.6761,0.2022,20.2,LA,medium
33.95,-118.28,2,137,violent,0.12408759124087591,1.064716703225448,property,0.6757,False,0.1217,0.6757,0.2026,20.3,LA,medium
33.95,-118.28,3,153,violent,0.23529411764705882,1.0214732896358512,property,0.6789,False,0.1223,0.6789,0.1988,19.9,LA,medium
33.95,-118.27,0,88,property,0.11363636363636363,1.0498619138355578,property,0.6758,True,0.1217,0.6758,0.2025,20.2,LA,medium
33.95,-118.27,1,137,violent,0.16058394160583941,1.0367024422641509,property,0.6762,False,0.1218,0.6762,0.202,20.2,LA,medium
33.95,-118.27,2,183,violent,0.08196721311475409,1.0484245337887894,property,0.678,False,0.1222,0.678,0.1998,20.0,LA,medium
33.95,-118.27,3,200,property,0.04,1.053919750902252,property,0.6776,True,0.1221,0.6776,0.2003,20.0,LA,medium
33.95,-118.26,0,46,other,0.10869565217391304,1.0843917254939652,property,0.7296,False,0.1319,0.7296,0.1385,13.8,LA,medium
33.95,-118.26,1,50,property,0.12,1.068358338884637,property,0.7575,True,0.1362,0.7575,0.1063,10.6,LA,medium
33.95,-118.26,2,71,violent,0.056338028169014086,1.0931174328063968,property,0.6954,False,0.1255,0.6954,0.1791,17.9,LA,medium
33.95,-118.26,3,101,violent,0.1485148514851485,1.070108205177026,property,0.7428,False,0.134,0.7428,0.1232,12.3,LA,medium
33.95,-118.25,0,46,property,0.043478260869565216,0.9888616440603433,property,0.6779,True,0.1221,0.6779,0.1999,20.0,LA,medium
33.95,-118.25,1,61,property,0.22950819672131148,1.0450034703661915,property,0.7312,True,0.1322,0.7312,0.1367,13.7,LA,medium
33.95,-118.25,2,88,property,0.011363636363636364,1.092915816178936,property,0.6762,True,0.1218,0.6762,0.202,20.2,LA,medium
33.95,-118.25,3,56,property,0.05357142857142857,1.0945250892480327,property,0.6794,True,0.1224,0.6794,0.1982,19.8,LA,medium
33.95,-118.24000000000001,0,48,property,0.125,1.0717300941124526,property,0.6776,True,0.1221,0.6776,0.2003,20.0,LA,medium
33.95,-118.24000000000001,1,57,property,0.19298245614035087,1.0380471813202101,property,0.7077,True,0.1281,0.7077,0.1642,16.4,LA,medium
33.95,-118.24000000000001,2,91,violent,0.14285714285714285,1.073320325472619,property,0.6891,False,0.1243,0.6891,0.1866,18.7,LA,medium
33.95,-118.24000000000001,3,85,violent,0.07058823529411765,1.066334270155646,property,0.6768,False,0.1219,0.6768,0.2013,20.1,LA,medium
33.95,-118.23,0,30,violent,0.13333333333333333,0.8823109245150755,property,0.7626,False,0.1371,0.7626,0.1003,10.0,LA,medium
33.95,-118.23,1,37,property,0.2702702702702703,0.952566324667347,property,0.7594,True,0.1368,0.7594,0.1038,10.4,LA,medium
33.95,-118.23,2,106,property,0.04716981132075472,1.0643861218683865,property,0.7576,True,0.1368,0.7576,0.1056,10.6,LA,medium
33.95,-118.23,3,62,violent,0.3064516129032258,0.9133920390232454,property,0.6808,False,0.1227,0.6808,0.1966,19.7,LA,medium
33.96,-118.45,0,15,property,0.06666666666666667,0.9908353864438492,property,0.7643,True,0.1371,0.7643,0.0986,9.9,LA,medium
33.96,-118.45,1,12,other,0.16666666666666666,0.6791932870355983,property,0.7494,False,0.1456,0.7494,0.1049,10.5,LA,medium
33.96,-118.45,2,39,property,0.358974358974359,0.9581062818787847,property,0.7556,True,0.1402,0.7556,0.1042,10.4,LA,medium
33.96,-118.45,3,26,property,0.11538461538461539,0.9632492517543758,property,0.7644,True,0.1371,0.7644,0.0985,9.8,LA,medium
33.96,-118.44,0,14,property,0.35714285714285715,0.8304717124362917,property,0.7636,True,0.1371,0.7636,0.0993,9.9,LA,medium
33.96,-118.44,1,29,property,0.3448275862068966,0.885983387173578,property,0.7517,True,0.1433,0.7517,0.105,10.5,LA,medium
33.96,-118.44,2,31,property,0.1935483870967742,0.7938074806275021,property,0.7639,True,0.1371,0.7639,0.099,9.9,LA,medium
33.96,-118.44,3,33,property,0.36363636363636365,0.7380595340778922,property,0.7642,True,0.1371,0.7642,0.0987,9.9,LA,medium
33.96,-118.43,0,23,property,0.5652173913043478,0.7400116657311008,property,0.7642,True,0.1371,0.7642,0.0987,9.9,LA,medium
33.96,-118.43,1,38,property,0.15789473684210525,1.0049746053439996,property,0.7543,True,0.1404,0.7543,0.1054,10.5,LA,medium
33.96,-118.43,2,80,property,0.1,1.0294973290231606,property,0.764,True,0.1371,0.764,0.0989,9.9,LA,medium
33.96,-118.43,3,64,property,0.3125,0.9262190514038544,property,0.7643,True,0.1371,0.7643,0.0986,9.9,LA,medium
33.96,-118.42,0,16,violent,0.0,1.0821955300387671,property,0.7636,False,0.1371,0.7636,0.0993,9.9,LA,medium
33.96,-118.42,1,25,property,0.12,1.068358338884637,property,0.7639,True,0.1371,0.7639,0.099,9.9,LA,medium
33.96,-118.42,2,50,property,0.3,1.0083565418210467,property,0.7636,True,0.1371,0.7636,0.0993,9.9,LA,medium
33.96,-118.42,3,42,property,0.19047619047619047,0.9829007277151564,property,0.7638,True,0.1371,0.7638,0.0991,9.9,LA,medium
33.96,-118.41,0,13,property,0.3076923076923077,0.8587409130062869,property,0.7635,True,0.1371,0.7635,0.0994,9.9,LA,medium
33.96,-118.41,1,10,property,0.5,0.8018185525433373,property,0.7636,True,0.1371,0.7636,0.0993,9.9,LA,medium
33.96,-118.41,2,15,property,0.5333333333333333,0.7298712099831164,property,0.7635,True,0.1371,0.7635,0.0994,9.9,LA,medium
33.96,-118.41,3,26,property,0.3076923076923077,0.8587409130062869,property,0.7643,True,0.1371,0.7643,0.0986,9.9,LA,medium
33.96,-118.4,0,19,property,0.3684210526315789,0.9724809323379562,property,0.7644,True,0.1371,0.7644,0.0985,9.8,LA,medium
33.96,-118.4,1,53,property,0.2830188679245283,1.0181230884698258,property,0.7632,True,0.1371,0.7632,0.0997,10.0,LA,medium
33.96,-118.4,2,103,property,0.36893203883495146,0.880363785063467,property,0.7641,True,0.1371,0.7641,0.0988,9.9,LA,medium
33.96,-118.4,3,60,property,0.4166666666666667,0.9310163861208609,property,0.7642,True,0.1371,0.7642,0.0986,9.9,LA,medium
33.96,-118.39,0,26,property,0.11538461538461539,1.0411315166502328,property,0.7644,True,0.1371,0.7644,0.0985,9.8,LA,medium
33.96,-118.39,1,31,property,0.3225806451612903,0.8851098281563504,property,0.7644,True,0.1371,0.7644,0.0985,9.8,LA,medium
33.96,-118.39,2,52,other,0.21153846153846154,0.8497802778115936,property,0.7514,False,0.1422,0.7514,0.1063,10.6,LA,medium
33.96,-118.39,3,48,property,0.2708333333333333,0.9637891559054388,property,0.7643,True,0.1371,0.7643,0.0985,9.9,LA,medium
33.96,-118.38,0,34,other,0.058823529411764705,0.9718487712358765,property,0.7634,False,0.1374,0.7634,0.0992,9.9,LA,medium
33.96,-118.38,1,57,property,0.03508771929824561,0.9798026194082972,property,0.7511,True,0.1438,0.7511,0.1051,10.5,LA,medium
33.96,-118.38,2,106,other,0.07547169811320754,0.9886270483203464,property,0.7486,False,0.1464,0.7486,0.105,10.5,LA,medium
33.96,-118.38,3,72,property,0.05555555555555555,1.066834855206893,property,0.7569,True,0.1393,0.7569,0.1038,10.4,LA,medium
33.96,-118.32000000000001,0,8,violent,0.0,1.0821955300387673,property,0.7642,False,0.1371,0.7642,0.0986,9.9,LA,medium
33.96,-118.32000000000001,1,11,other,0.09090909090909091,0.6890092595109152,property,0.7643,False,0.1371,0.7643,0.0986,9.9,LA,medium
33.96,-118.32000000000001,2,12,property,0.6666666666666666,0.4505612301390093,property,0.679,True,0.1223,0.679,0.1987,19.9,LA,medium
33.96,-118.32000000000001,3,5,property,0.4,0.9502705392332347,property,0.7162,True,0.1298,0.7162,0.154,15.4,LA,medium
33.96,-118.31,0,43,property,0.3023255813953488,0.9871147142384123,property,0.6776,True,0.1221,0.6776,0.2003,20.0,LA,medium
33.96,-118.31,1,69,violent,0.08695652173913043,1.0417899740502372,property,0.7488,False,0.1349,0.7488,0.1163,11.6,LA,medium
33.96,-118.31,2,94,violent,0.07446808510638298,1.0181986144425965,property,0.6759,False,0.1217,0.6759,0.2024,20.2,LA,medium
33.96,-118.31,3,114,violent,0.043859649122807015,1.0270291245766527,property,0.6787,False,0.1223,0.6787,0.199,19.9,LA,medium
33.96,-118.3,0,42,property,0.16666666666666666,1.0463837060427545,property,0.6802,True,0.1225,0.6802,0.1972,19.7,LA,medium
33.96,-118.3,1,43,violent,0.11627906976744186,1.0823649276334009,property,0.6795,False,0.1224,0.6795,0.1981,19.8,LA,medium
33.96,-118.3,2,81,other,0.04938271604938271,1.0954574625720905,property,0.6763,False,0.1218,0.6763,0.2019,20.2,LA,medium
33.96,-118.3,3,79,violent,0.0,1.0781037574810508,property,0.7515,False,0.1354,0.7515,0.1131,11.3,LA,medium
33.96,-118.29,0,66,property,0.06060606060606061,1.0390130073481108,property,0.6759,True,0.1217,0.6759,0.2024,20.2,LA,medium
33.96,-118.29,1,101,property,0.04950495049504951,1.052006412727342,property,0.6784,True,0.1222,0.6784,0.1994,19.9,LA,medium
33.96,-118.29,2,153,violent,0.1111111111111111,1.0732831393612756,property,0.6759,False,0.1217,0.6759,0.2024,20.2,LA,medium
33.96,-118.29,3,177,violent,0.2033898305084746,1.0192414931806737,property,0.6765,False,0.1218,0.6765,0.2016,20.2,LA,medium
33.96,-118.28,0,101,violent,0.15841584158415842,1.0442673623327259,property,0.6757,False,0.1217,0.6757,0.2026,20.3,LA,medium
33.96,-118.28,1,127,violent,0.1968503937007874,1.0567744504346008,property,0.6756,False,0.1217,0.6756,0.2027,20.3,LA,medium
33.96,-118.28,2,207,violent,0.16908212560386474,1.0634257893928492,property,0.6756,False,0.1217,0.6756,0.2027,20.3,LA,medium
33.96,-118.28,3,192,violent,0.140625,1.0708795073361674,property,0.6761,False,0.1218,0.6761,0.2021,20.2,LA,medium
33.96,-118.27,0,98,violent,0.05102040816326531,1.0736539349659047,property,0.6758,False,0.1217,0.6758,0.2025,20.2,LA,medium
33.96,-118.27,1,153,violent,0.06535947712418301,1.062312122311415,property,0.6826,False,0.1231,0.6826,0.1942,19.4,LA,medium
33.96,-118.27,2,218,violent,0.06880733944954129,1.07994103072003,property,0.6788,False,0.1223,0.6788,0.199,19.9,LA,medium
33.96,-118.27,3,256,violent,0.078125,1.0478035122563023,property,0.6764,False,0.1218,0.6764,0.2018,20.2,LA,medium
33.96,-118.26,0,78,violent,0.1282051282051282,1.006082158074664,property,0.6802,False,0.1226,0.6802,0.1972,19.7,LA,medium
33.96,-118.26,1,90,property,0.08888888888888889,1.0828226284881013,property,0.6761,True,0.1218,0.6761,0.2021,20.2,LA,medium
33.96,-118.26,2,109,violent,0.29357798165137616,1.015310265513952,property,0.6833,False,0.1231,0.6833,0.1935,19.4,LA,medium
33.96,-118.26,3,137,violent,0.25547445255474455,0.9829756655824045,property,0.6767,False,0.1219,0.6767,0.2014,20.1,LA,medium
33.97,-118.46000000000001,0,11,property,0.2727272727272727,0.6554817949691769,property,0.7641,True,0.1371,0.7641,0.0987,9.9,LA,medium
33.97,-118.46000000000001,1,11,property,0.18181818181818182,0.9164648855394713,property,0.7543,True,0.1412,0.7543,0.1045,10.4,LA,medium
33.97,-118.46000000000001,2,25,property,0.4,0.7474359091744861,property,0.7642,True,0.1371,0.7642,0.0987,9.9,LA,medium
33.97,-118.46000000000001,3,9,property,0.4444444444444444,0.8486855577264172,property,0.7632,True,0.1371,0.7632,0.0997,10.0,LA,medium
33.97,-118.45,1,3,violent,0.3333333333333333,0.6365141893815645,property,0.7625,False,0.1371,0.7625,0.1005,10.0,LA,medium
33.97,-118.43,0,12,property,0.0,1.0281838593329258,property,0.7642,True,0.1371,0.7642,0.0987,9.9,LA,medium
33.97,-118.43,1,14,property,0.21428571428571427,1.0346012329101812,property,0.7562,True,0.1402,0.7562,0.1036,10.4,LA,medium
33.97,-118.43,2,24,property,0.25,0.9901000747284985,property,0.7576,True,0.1395,0.7576,0.1029,10.3,LA,medium
33.97,-118.43,3,25,property,0.36,0.9422163338129591,property,0.7643,True,0.1371,0.7643,0.0985,9.9,LA,medium
33.97,-118.42,0,8,other,0.25,1.0397207708399179,property,0.7537,False,0.1411,0.7537,0.1052,10.5,LA,medium
33.97,-118.42,1,14,property,0.14285714285714285,0.6829081257408294,property,0.7497,True,0.1454,0.7497,0.1049,10.5,LA,medium
33.97,-118.42,2,23,property,0.043478260869565216,0.9272771162838269,property,0.7548,True,0.1405,0.7548,0.1047,10.5,LA,medium
33.97,-118.42,3,26,property,0.38461538461538464,0.828392989811376,property,0.7635,True,0.1374,0.7635,0.0991,9.9,LA,medium
33.97,-118.41,0,10,property,0.5,0.8018185525433373,property,0.7567,True,0.1394,0.7567,0.1039,10.4,LA,medium
33.97,-118.41,1,12,property,0.25,0.887694275799104,property,0.7635,True,0.1371,0.7635,0.0994,9.9,LA,medium
33.97,-118.41,2,15,property,0.26666666666666666,0.8532361505557784,property,0.764,True,0.1371,0.764,0.0989,9.9,LA,medium
33.97,-118.41,3,14,property,0.8571428571428571,0.2573186620097789,property,0.7634,True,0.1371,0.7634,0.0995,10.0,LA,medium
33.97,-118.4,0,10,property,0.4,0.610864323167295,property,0.7638,True,0.1371,0.7638,0.099,9.9,LA,medium
33.97,-118.4,1,8,other,0.375,0.9002560512685369,property,0.7491,False,0.1461,0.7491,0.1048,10.5,LA,medium
33.97,-118.4,2,22,property,0.2727272727272727,0.6554817949691769,property,0.7625,True,0.1374,0.7625,0.1001,10.0,LA,medium
33.97,-118.4,3,11,other,0.2727272727272727,0.6554817949691769,property,0.7641,False,0.1371,0.7641,0.0987,9.9,LA,medium
33.97,-118.39,0,12,property,0.3333333333333333,0.6365141893815645,property,0.7558,True,0.1401,0.7558,0.1041,10.4,LA,medium
33.97,-118.39,1,15,property,0.3333333333333333,0.6365141893815645,property,0.7546,True,0.1411,0.7546,0.1043,10.4,LA,medium
33.97,-118.39,2,27,property,0.48148148148148145,0.8655013604939206,property,0.763,True,0.1374,0.763,0.0996,10.0,LA,medium
33.97,-118.39,3,29,property,0.3103448275862069,0.9415945669908214,property,0.7571,True,0.1392,0.7571,0.1037,10.4,LA,medium
33.97,-118.38,0,19,property,0.47368421052631576,0.8246593237664704,property,0.7634,True,0.1371,0.7634,0.0995,9.9,LA,medium
33.97,-118.38,1,23,property,0.30434782608695654,0.8766043020543364,property,0.7642,True,0.1371,0.7642,0.0987,9.9,LA,medium
33.97,-118.38,2,33,property,0.48484848484848486,0.8661839144536991,property,0.7631,True,0.1371,0.7631,0.0998,10.0,LA,medium
33.97,-118.38,3,36,property,0.6388888888888888,0.6767202519816506,property,0.7634,True,0.1371,0.7634,0.0995,10.0,LA,medium
33.97,-118.37,0,12,property,0.3333333333333333,0.9596147939120492,property,0.7634,True,0.1371,0.7634,0.0995,10.0,LA,medium
33.97,-118.37,1,6,property,1.0,4.3446531758480495e-08,property,0.764,True,0.1371,0.764,0.0989,9.9,LA,medium
33.97,-118.37,2,12,property,0.5833333333333334,0.7214636866925115,property,0.7638,True,0.1371,0.7638,0.0991,9.9,LA,medium
33.97,-118.37,3,13,property,0.38461538461538464,0.6172417908363657,property,0.764,True,0.1371,0.764,0.0989,9.9,LA,medium
33.97,-118.33,0,36,property,0.3333333333333333,0.9950269901795212,property,0.6803,True,0.1225,0.6803,0.1972,19.7,LA,medium
33.97,-118.33,1,50,property,0.22,1.0361120806861317,property,0.7607,True,0.1368,0.7607,0.1025,10.2,LA,medium
33.97,-118.33,2,54,property,0.12962962962962962,1.0670903350030458,property,0.6765,True,0.1219,0.6765,0.2016,20.2,LA,medium
33.97,-118.33,3,56,property,0.10714285714285714,1.056867476032946,property,0.6769,True,0.1219,0.6769,0.2012,20.1,LA,medium
33.97,-118.32000000000001,0,18,property,0.16666666666666666,0.8544149816001841,property,0.6796,True,0.1225,0.6796,0.198,19.8,LA,medium
33.97,-118.32000000000001,1,33,violent,0.0,1.0900596587107838,property,0.7094,False,0.1285,0.7094,0.1622,16.2,LA,medium
33.97,-118.32000000000001,2,26,property,0.0,1.0733942812811266,property,0.683,True,0.1231,0.683,0.1939,19.4,LA,medium
33.97,-118.32000000000001,3,35,property,0.4,0.9071864652182097,property,0.7071,True,0.1277,0.7071,0.1652,16.5,LA,medium
33.97,-118.31,0,55,violent,0.14545454545454545,0.9230833702511958,property,0.6799,False,0.1225,0.6799,0.1976,19.8,LA,medium
33.97,-118.31,1,51,property,0.09803921568627451,1.083919880515659,property,0.7635,True,0.1371,0.7635,0.0994,9.9,LA,medium
33.97,-118.31,2,83,property,0.3132530120481928,0.9789290235906005,property,0.6798,True,0.1225,0.6798,0.1977,19.8,LA,medium
33.97,-118.31,3,75,property,0.2,0.9978737678714718,property,0.6841,True,0.1233,0.6841,0.1926,19.3,LA,medium
33.97,-118.3,0,39,violent,0.1282051282051282,1.048008681448374,property,0.7622,False,0.1369,0.7622,0.1009,10.1,LA,medium
33.97,-118.3,1,38,property,0.07894736842105263,0.9877273644412643,property,0.7642,True,0.1371,0.7642,0.0986,9.9,LA,medium
33.97,-118.3,2,64,violent,0.078125,1.091213056844872,property,0.6921,False,0.1249,0.6921,0.183,18.3,LA,medium
33.97,-118.3,3,75,property,0.013333333333333334,1.077754820247718,property,0.7233,True,0.1307,0.7233,0.146,14.6,LA,medium
33.97,-118.29,0,62,violent,0.016129032258064516,1.0785793542184094,property,0.6757,False,0.1217,0.6757,0.2026,20.3,LA,medium
33.97,-118.29,1,90,violent,0.1111111111111111,1.079773089409609,property,0.6813,False,0.1228,0.6813,0.1959,19.6,LA,medium
33.97,-118.29,2,140,violent,0.15,1.0720513556413858,property,0.6777,False,0.1221,0.6777,0.2002,20.0,LA,medium
33.97,-118.29,3,154,violent,0.006493506493506494,1.0358253265707562,property,0.6777,False,0.1221,0.6777,0.2002,20.0,LA,medium
33.97,-118.28,0,137,violent,0.24817518248175183,1.036949681319116,property,0.6756,False,0.1217,0.6756,0.2027,20.3,LA,medium
33.97,-118.28,1,164,property,0.018292682926829267,1.0933326883103682,property,0.6781,True,0.1222,0.6781,0.1996,20.0,LA,medium
33.97,-118.28,2,240,violent,0.12916666666666668,1.0780046779252208,property,0.679,False,0.1225,0.679,0.1985,19.9,LA,medium
33.97,-118.28,3,304,violent,0.13157894736842105,1.0752627881041719,property,0.6771,False,0.122,0.6771,0.2009,20.1,LA,medium
33.97,-118.27,0,93,property,0.010752688172043012,1.0918304893478594,property,0.6773,True,0.122,0.6773,0.2007,20.1,LA,medium
33.97,-118.27,1,120,property,0.058333333333333334,1.0830941878029217,property,0.7191,True,0.1301,0.7191,0.1508,15.1,LA,medium
33.97,-118.27,2,192,violent,0.15104166666666666,1.0751130402106632,property,0.676,False,0.1217,0.676,0.2023,20.2,LA,medium
33.97,-118.27,3,231,violent,0.08658008658008658,1.07586401067707,property,0.6761,False,0.1218,0.6761,0.2021,20.2,LA,medium
33.97,-118.26,0,60,property,0.05,1.0910839074486685,property,0.6811,True,0.1228,0.6811,0.1961,19.6,LA,medium
33.97,-118.26,1,53,violent,0.09433962264150944,1.081341660015287,property,0.7463,False,0.1345,0.7463,0.1192,11.9,LA,medium
33.97,-118.26,2,85,violent,0.011764705882352941,1.0984744136736204,property,0.6831,False,0.1232,0.6831,0.1937,19.4,LA,medium
33.97,-118.26,3,104,violent,0.125,1.0752470884550984,property,0.6805,False,0.1226,0.6805,0.1968,19.7,LA,medium
33.980000000000004,-118.47,0,28,violent,0.2857142857142857,1.0110373360577514,property,0.7641,False,0.1371,0.7641,0.0987,9.9,LA,medium
33.980000000000004,-118.47,1,35,property,0.11428571428571428,1.0467289072985653,property,0.7489,True,0.1463,0.7489,0.1049,10.5,LA,medium
33.980000000000004,-118.47,2,49,property,0.10204081632653061,1.0731413073864555,property,0.7488,True,0.1435,0.7488,0.1077,10.8,LA,medium
33.980000000000004,-118.47,3,61,property,0.04918032786885246,1.0935344530326354,property,0.6807,True,0.1228,0.6807,0.1966,19.7,LA,medium
33.980000000000004,-118.46000000000001,0,17,property,0.6470588235294118,0.4659992782183091,property,0.7642,True,0.1371,0.7642,0.0987,9.9,LA,medium
33.980000000000004,-118.46000000000001,1,28,property,0.03571428571428571,1.0813448682427138,property,0.7539,True,0.1414,0.7539,0.1048,10.5,LA,medium
33.980000000000004,-118.46000000000001,2,22,property,0.36363636363636365,0.8599672810355049,property,0.7638,True,0.1372,0.7638,0.099,9.9,LA,medium
33.980000000000004,-118.46000000000001,3,33,property,0.06060606060606061,1.0605362446344555,property,0.7643,True,0.1371,0.7643,0.0986,9.9,LA,medium
33.980000000000004,-118.44,0,18,violent,0.05555555555555555,1.0263306332944864,property,0.7519,False,0.1355,0.7519,0.1126,11.3,LA,medium
33.980000000000004,-118.44,1,27,property,0.3333333333333333,0.9950269901795212,property,0.7512,True,0.1431,0.7512,0.1057,10.6,LA,medium
33.980000000000004,-118.44,2,51,property,0.23529411764705882,0.8463658296262874,property,0.764,True,0.1371,0.764,0.0988,9.9,LA,medium
33.980000000000004,-118.44,3,45,property,0.06666666666666667,1.0659600211050013,property,0.7642,True,0.1371,0.7642,0.0987,9.9,LA,medium
33.980000000000004,-118.43,0,17,property,0.11764705882352941,1.0283941667143721,property,0.7557,True,0.1402,0.7557,0.1041,10.4,LA,medium
33.980000000000004,-118.43,1,13,property,0.23076923076923078,0.6662784634716634,property,0.7487,True,0.1462,0.7487,0.1051,10.5,LA,medium
33.980000000000004,-118.43,2,22,property,0.045454545454545456,1.0702359491930813,property,0.7618,True,0.1369,0.7618,0.1013,10.1,LA,medium
33.980000000000004,-118.43,3,22,property,0.6363636363636364,0.6889170862637752,property,0.7638,True,0.1371,0.7638,0.0991,9.9,LA,medium
33.980000000000004,-118.42,0,16,property,0.1875,1.0239287996389363,property,0.7644,True,0.1371,0.7644,0.0985,9.8,LA,medium
33.980000000000004,-118.42,1,34,other,0.029411764705882353,0.9299484823110444,property,0.7641,False,0.1371,0.7641,0.0988,9.9,LA,medium
33.980000000000004,-118.42,2,74,property,0.24324324324324326,1.010001876908741,property,0.7641,True,0.1371,0.7641,0.0987,9.9,LA,medium
33.980000000000004,-118.42,3,38,property,0.2894736842105263,0.8683471168361022,property,0.7641,True,0.1371,0.7641,0.0988,9.9,LA,medium
33.980000000000004,-118.41,0,22,property,0.22727272727272727,0.8192299997020129,property,0.7642,True,0.1371,0.7642,0.0986,9.9,LA,medium
33.980000000000004,-118.41,1,42,property,0.47619047619047616,0.7270013625470586,property,0.7643,True,0.1371,0.7643,0.0986,9.9,LA,medium
33.980000000000004,-118.41,2,70,property,0.2714285714285714,0.8606998063858959,property,0.7642,True,0.1371,0.7642,0.0987,9.9,LA,medium
33.980000000000004,-118.41,3,32,property,0.21875,0.9895587983913944,property,0.7642,True,0.1371,0.7642,0.0987,9.9,LA,medium
33.980000000000004,-118.4,0,6,property,0.16666666666666666,1.0114042647073518,property,0.7642,True,0.1371,0.7642,0.0986,9.9,LA,medium
33.980000000000004,-118.4,1,18,property,0.05555555555555555,1.0263306332944864,property,0.7481,True,0.1451,0.7481,0.1068,10.7,LA,medium
33.980000000000004,-118.4,2,24,property,0.25,0.9901000747284985,property,0.7548,True,0.14,0.7548,0.1052,10.5,LA,medium
33.980000000000004,-118.4,3,17,property,0.23529411764705882,1.0027399543973452,property,0.7639,True,0.1371,0.7639,0.099,9.9,LA,medium
33.980000000000004,-118.39,0,5,violent,0.0,1.0549201679861442,property,0.7631,False,0.1371,0.7631,0.0998,10.0,LA,medium
33.980000000000004,-118.39,1,8,property,0.0,1.0821955300387671,property,0.7565,True,0.1398,0.7565,0.1037,10.4,LA,medium
33.980000000000004,-118.39,2,20,property,0.45,0.7460326647147848,property,0.7626,True,0.1371,0.7626,0.1002,10.0,LA,medium
33.980000000000004,-118.39,3,25,property,0.04,1.0768186672148103,property,0.7642,True,0.1371,0.7642,0.0986,9.9,LA,medium
33.980000000000004,-118.38,0,16,property,0.125,1.0717300941124526,property,0.7641,True,0.1371,0.7641,0.0987,9.9,LA,medium
33.980000000000004,-118.38,1,21,property,0.14285714285714285,0.9302998331833918,property,0.7643,True,0.1371,0.7643,0.0985,9.9,LA,medium
33.980000000000004,-118.38,2,39,property,0.48717948717948717,0.8130922830518225,property,0.764,True,0.1371,0.764,0.0989,9.9,LA,medium
33.980000000000004,-118.38,3,22,property,0.09090909090909091,0.9302168370888639,property,0.7642,True,0.1371,0.7642,0.0987,9.9,LA,medium
33.980000000000004,-118.37,0,22,property,0.2727272727272727,0.9949236325717752,property,0.7641,True,0.1371,0.7641,0.0988,9.9,LA,medium
33.980000000000004,-118.37,1,124,property,0.7661290322580645,0.5112270251207757,property,0.764,True,0.1371,0.764,0.0988,9.9,LA,medium
33.980000000000004,-118.37,2,257,property,0.708171206225681,0.6276107874269652,property,0.7639,True,0.1371,0.7639,0.099,9.9,LA,medium
33.980000000000004,-118.37,3,151,property,0.6556291390728477,0.6890516145016466,property,0.7639,True,0.1371,0.7639,0.099,9.9,LA,medium
33.980000000000004,-118.36,0,3,violent,0.3333333333333333,0.6365141893815645,property,0.7511,False,0.1355,0.7511,0.1134,11.3,LA,medium
33.980000000000004,-118.36,2,4,property,0.25,1.0397207708399179,property,0.7533,True,0.1369,0.7533,0.1098,11.0,LA,medium
33.980000000000004,-118.36,3,3,property,0.3333333333333333,0.6365141893815645,property,0.7487,True,0.1466,0.7487,0.1048,10.5,LA,medium
33.980000000000004,-118.35000000000001,0,5,violent,0.4,0.9502705392332347,property,0.7635,False,0.1371,0.7635,0.0994,9.9,LA,medium
33.980000000000004,-118.35000000000001,2,3,property,0.3333333333333333,0.6365141893815645,property,0.7641,True,0.1371,0.7641,0.0988,9.9,LA,medium
33.980000000000004,-118.35000000000001,3,6,other,0.16666666666666666,1.0114042647073518,property,0.7528,False,0.1373,0.7528,0.1099,11.0,LA,medium
33.980000000000004,-118.34,0,12,property,0.0,1.0281838593329258,property,0.6981,True,0.1261,0.6981,0.1757,17.6,LA,medium
33.980000000000004,-118.34,1,17,property,0.4117647058823529,0.8739004142690672,property,0.749,True,0.1464,0.749,0.1046,10.5,LA,medium
33.980000000000004,-118.34,2,28,violent,0.21428571428571427,1.0346012329101812,property,0.6812,False,0.1228,0.6812,0.196,19.6,LA,medium
33.980000000000004,-118.34,3,33,other,0.09090909090909091,1.0905668491367564,property,0.6844,False,0.124,0.6844,0.1916,19.2,LA,medium
33.980000000000004,-118.33,0,85,violent,0.10588235294117647,1.0847573262663317,property,0.6774,False,0.122,0.6774,0.2005,20.1,LA,medium
33.980000000000004,-118.33,1,128,property,0.0546875,1.0602359578496137,property,0.6797,True,0.1225,0.6797,0.1978,19.8,LA,medium
33.980000000000004,-118.33,2,151,violent,0.16556291390728478,1.0643926396015664,property,0.678,False,0.1222,0.678,0.1998,20.0,LA,medium
33.980000000000004,-118.33,3,139,violent,0.1079136690647482,1.0856162036412798,property,0.6767,False,0.1219,0.6767,0.2014,20.1,LA,medium
33.980000000000004,-118.32000000000001,0,34,property,0.23529411764705882,1.0027399543973452,property,0.7642,True,0.1371,0.7642,0.0987,9.9,LA,medium
33.980000000000004,-118.32000000000001,1,48,other,0.0625,1.0868238899287483,property,0.7643,False,0.1371,0.7643,0.0985,9.9,LA,medium
33.980000000000004,-118.32000000000001,2,46,other,0.06521739130434782,1.089689520279006,property,0.7641,False,0.1371,0.7641,0.0987,9.9,LA,medium
33.980000000000004,-118.32000000000001,3,77,property,0.11688311688311688,1.0837684110764807,property,0.7606,True,0.1367,0.7606,0.1027,10.3,LA,medium
33.980000000000004,-118.31,0,41,property,0.12195121951219512,0.9992804739486663,property,0.6875,True,0.1239,0.6875,0.1886,18.9,LA,medium
33.980000000000004,-118.31,1,73,violent,0.1095890410958904,1.0055056666959468,property,0.7441,False,0.1387,0.7441,0.1172,11.7,LA,medium
33.980000000000004,-118.31,2,85,other,0.058823529411764705,1.0943965004871794,property,0.678,False,0.1222,0.678,0.1998,20.0,LA,medium
33.980000000000004,-118.31,3,83,property,0.21686746987951808,1.0113194799283889,property,0.6767,True,0.1219,0.6767,0.2014,20.1,LA,medium
33.980000000000004,-118.3,0,56,property,0.2857142857142857,0.9878479892081289,property,0.7014,True,0.1266,0.7014,0.1721,17.2,LA,medium
33.980000000000004,-118.3,1,66,property,0.19696969696969696,1.0586710779336048,property,0.7644,True,0.1371,0.7644,0.0985,9.8,LA,medium
33.980000000000004,-118.3,2,80,property,0.2125,1.0557989289990513,property,0.6838,True,0.1232,0.6838,0.193,19.3,LA,medium
33.980000000000004,-118.3,3,105,property,0.17142857142857143,1.057534697127378,property,0.7643,True,0.1371,0.7643,0.0986,9.9,LA,medium
33.980000000000004,-118.29,0,87,violent,0.034482758620689655,0.9980406958852484,property,0.6763,False,0.1218,0.6763,0.2019,20.2,LA,medium
33.980000000000004,-118.29,1,90,property,0.044444444444444446,1.0960535049646283,property,0.6803,True,0.1226,0.6803,0.1972,19.7,LA,medium
33.980000000000004,-118.29,2,119,violent,0.10084033613445378,1.0842671325766484,property,0.6775,False,0.1221,0.6775,0.2005,20.0,LA,medium
33.980000000000004,-118.29,3,172,violent,0.005813953488372093,1.071270507790226,property,0.6804,False,0.1226,0.6804,0.197,19.7,LA,medium
33.980000000000004,-118.28,0,127,violent,0.36220472440944884,0.9577339010160602,property,0.6757,False,0.1217,0.6757,0.2026,20.3,LA,medium
33.980000000000004,-118.28,1,123,violent,0.11382113821138211,1.067372194814401,property,0.6758,False,0.1217,0.6758,0.2025,20.3,LA,medium
33.980000000000004,-118.28,2,151,violent,0.019867549668874173,1.0912712933226576,property,0.6784,False,0.1223,0.6784,0.1992,19.9,LA,medium
33.980000000000004,-118.28,3,177,violent,0.15254237288135594,1.0660257433954312,property,0.6761,False,0.1218,0.6761,0.2021,20.2,LA,medium
33.980000000000004,-118.27,0,70,violent,0.3,0.9349792220210389,property,0.6758,False,0.1217,0.6758,0.2025,20.2,LA,medium
33.980000000000004,-118.27,1,97,violent,0.020618556701030927,1.0517440420258315,property,0.7623,False,0.1371,0.7623,0.1006,10.1,LA,medium
33.980000000000004,-118.27,2,137,property,0.014598540145985401,1.089132278790186,property,0.6867,True,0.1239,0.6867,0.1894,18.9,LA,medium
33.980000000000004,-118.27,3,140,violent,0.07857142857142857,1.0558136007836825,property,0.7054,False,0.1275,0.7054,0.1671,16.7,LA,medium
33.980000000000004,-118.26,0,14,violent,0.14285714285714285,0.9922819748525737,property,0.7166,False,0.1297,0.7166,0.1537,15.4,LA,medium
33.980000000000004,-118.26,1,25,property,0.08,1.0509134745090587,property,0.76,True,0.1368,0.76,0.1032,10.3,LA,medium
33.980000000000004,-118.26,2,25,property,0.08,0.9732531211321691,property,0.6807,True,0.1226,0.6807,0.1967,19.7,LA,medium
33.980000000000004,-118.26,3,25,property,0.12,1.0133126873497391,property,0.7514,True,0.1372,0.7514,0.1114,11.1,LA,medium
33.99,-118.48,0,42,violent,0.09523809523809523,1.071018542409915,property,0.678,False,0.1222,0.678,0.1998,20.0,LA,medium
33.99,-118.48,1,69,violent,0.2318840579710145,1.0311749716577667,property,0.6775,False,0.1221,0.6775,0.2004,20.0,LA,medium
33.99,-118.48,2,92,violent,0.22826086956521738,1.026008274080631,property,0.677,False,0.122,0.677,0.201,20.1,LA,medium
33.99,-118.48,3,95,violent,0.042105263157894736,1.095536212013417,property,0.6773,False,0.1221,0.6773,0.2007,20.1,LA,medium
33.99,-118.47,0,92,property,0.18478260869565216,1.05919638216043,property,0.7479,True,0.1451,0.7479,0.107,10.7,LA,medium
33.99,-118.47,1,97,other,0.041237113402061855,1.0754073360543503,property,0.7574,False,0.1368,0.7574,0.1058,10.6,LA,medium
33.99,-118.47,2,153,other,0.0457516339869281,1.0409369511369633,property,0.7605,False,0.1369,0.7605,0.1027,10.3,LA,medium
33.99,-118.47,3,173,property,0.07514450867052024,1.0841234242751034,property,0.6788,True,0.1224,0.6788,0.1988,19.9,LA,medium
33.99,-118.46000000000001,0,40,property,0.2,1.0552034657418137,property,0.7642,True,0.1371,0.7642,0.0987,9.9,LA,medium
33.99,-118.46000000000001,1,46,property,0.043478260869565216,0.9888616440603433,property,0.7545,True,0.1411,0.7545,0.1044,10.4,LA,medium
33.99,-118.46000000000001,2,84,property,0.30952380952380953,0.9470734491856094,property,0.7596,True,0.1383,0.7596,0.1021,10.2,LA,medium
33.99,-118.46000000000001,3,79,property,0.20253164556962025,0.9083410015721304,property,0.7635,True,0.1373,0.7635,0.0992,9.9,LA,medium
33.99,-118.45,0,46,property,0.17391304347826086,0.8259567010149779,property,0.7644,True,0.1371,0.7644,0.0985,9.8,LA,medium
33.99,-118.45,1,64,property,0.015625,1.0750402620067208,property,0.751,True,0.1424,0.751,0.1065,10.7,LA,medium
33.99,-118.45,2,105,other,0.009523809523809525,1.061184038951228,property,0.7498,False,0.143,0.7498,0.1073,10.7,LA,medium
33.99,-118.45,3,85,property,0.11764705882352941,0.980739246392966,property,0.7517,True,0.1409,0.7517,0.1074,10.7,LA,medium
33.99,-118.44,0,49,property,0.30612244897959184,0.9677060069811496,property,0.7643,True,0.1371,0.7643,0.0986,9.9,LA,medium
33.99,-118.44,1,52,property,0.23076923076923078,0.940344435236586,property,0.7644,True,0.1371,0.7644,0.0984,9.8,LA,medium
33.99,-118.44,2,121,property,0.1322314049586777,0.9251188675486305,property,0.7641,True,0.1371,0.7641,0.0987,9.9,LA,medium
33.99,-118.44,3,83,property,0.3855421686746988,0.8401726134382732,property,0.7643,True,0.1371,0.7643,0.0986,9.9,LA,medium
33.99,-118.43,0,17,violent,0.058823529411764705,1.073383620336505,property,0.7633,False,0.1374,0.7633,0.0993,9.9,LA,medium
33.99,-118.43,1,20,other,0.3,0.6474466601104516,property,0.7644,False,0.1371,0.7644,0.0985,9.8,LA,medium
33.99,-118.43,2,28,other,0.03571428571428571,0.8218065008318611,property,0.764,False,0.1371,0.764,0.0988,9.9,LA,medium
33.99,-118.43,3,26,property,0.19230769230769232,0.8101502323878818,property,0.7642,True,0.1371,0.7642,0.0987,9.9,LA,medium
33.99,-118.42,0,29,property,0.4482758620689655,0.8762587657102581,property,0.764,True,0.1371,0.764,0.0988,9.9,LA,medium
33.99,-118.42,1,47,property,0.1702127659574468,1.0307403425838977,property,0.7569,True,0.1397,0.7569,0.1034,10.3,LA,medium
33.99,-118.42,2,60,property,0.06666666666666667,1.025514340914971,property,0.7545,True,0.1402,0.7545,0.1053,10.5,LA,medium
33.99,-118.42,3,39,other,0.07692307692307693,1.0123308391031733,property,0.7642,False,0.1371,0.7642,0.0987,9.9,LA,medium
33.99,-118.41,0,21,property,0.2857142857142857,0.9556998911125343,property,0.7594,True,0.1373,0.7594,0.1033,10.3,LA,medium
33.99,-118.41,1,34,property,0.14705882352941177,0.9960459302460973,property,0.7503,True,0.1437,0.7503,0.106,10.6,LA,medium
33.99,-118.41,2,46,property,0.08695652173913043,1.0912436384160904,property,0.7519,True,0.1409,0.7519,0.1072,10.7,LA,medium
33.99,-118.41,3,62,violent,0.1935483870967742,1.046337357519136,property,0.7488,False,0.1462,0.7488,0.105,10.5,LA,medium
33.99,-118.4,1,5,other,0.6,0.5004024447610513,property,0.7578,False,0.1395,0.7578,0.1027,10.3,LA,medium
33.99,-118.4,2,9,other,0.3333333333333333,0.6365141893815645,property,0.7632,False,0.1374,0.7632,0.0994,9.9,LA,medium
33.99,-118.4,3,8,property,0.25,1.0397207708399179,property,0.7641,True,0.1371,0.7641,0.0987,9.9,LA,medium
33.99,-118.35000000000001,0,19,other,0.05263157894736842,1.0601189359398382,property,0.7534,False,0.1415,0.7534,0.1051,10.5,LA,medium
33.99,-118.35000000000001,1,8,property,0.375,0.9002560512685369,property,0.7636,True,0.1371,0.7636,0.0993,9.9,LA,medium
33.99,-118.35000000000001,2,13,property,0.38461538461538464,0.9251290835720822,property,0.7626,True,0.1375,0.7626,0.0999,10.0,LA,medium
33.99,-118.35000000000001,3,19,property,0.10526315789473684,1.0795295733255186,property,0.7643,True,0.1371,0.7643,0.0985,9.9,LA,medium
33.99,-118.34,0,7,property,1.0,4.3446531758480495e-08,property,0.7192,True,0.1306,0.7192,0.1502,15.0,LA,medium
33.99,-118.34,1,21,property,0.14285714285714285,1.0353605606849843,property,0.7644,True,0.1371,0.7644,0.0985,9.8,LA,medium
33.99,-118.34,2,32,violent,0.03125,1.0662173875546272,property,0.7608,False,0.1369,0.7608,0.1023,10.2,LA,medium
33.99,-118.34,3,31,property,0.2903225806451613,0.9389262276259043,property,0.7643,True,0.1371,0.7643,0.0985,9.9,LA,medium
33.99,-118.33,0,53,property,0.4528301886792453,0.8217494391361507,property,0.6801,True,0.1225,0.6801,0.1974,19.7,LA,medium
33.99,-118.33,1,77,property,0.2987012987012987,1.0151062267999365,property,0.6875,True,0.1241,0.6875,0.1884,18.8,LA,medium
33.99,-118.33,2,163,property,0.32515337423312884,0.9918315075577715,property,0.6758,True,0.1217,0.6758,0.2025,20.3,LA,medium
33.99,-118.33,3,123,property,0.18699186991869918,1.0173537045940855,property,0.6771,True,0.122,0.6771,0.2009,20.1,LA,medium
33.99,-118.32000000000001,0,55,property,0.16363636363636364,1.04926015550574,property,0.7414,True,0.1338,0.7414,0.1248,12.5,LA,medium
33.99,-118.32000000000001,1,62,property,0.27419354838709675,1.012771308734925,property,0.6815,True,0.1228,0.6815,0.1957,19.6,LA,medium
33.99,-118.32000000000001,2,88,violent,0.09090909090909091,1.0766723166222179,property,0.7252,False,0.1312,0.7252,0.1436,14.4,LA,medium
33.99,-118.32000000000001,3,92,property,0.17391304347826086,1.0465634069578553,property,0.7219,True,0.1305,0.7219,0.1476,14.8,LA,medium
33.99,-118.31,0,66,violent,0.030303030303030304,1.0958536606125853,property,0.6762,False,0.1218,0.6762,0.2021,20.2,LA,medium
33.99,-118.31,1,106,property,0.02830188679245283,1.0531016429849729,property,0.7593,True,0.1367,0.7593,0.104,10.4,LA,medium
33.99,-118.31,2,155,property,0.05161290322580645,1.0690677351881703,property,0.6774,True,0.122,0.6774,0.2007,20.1,LA,medium
33.99,-118.31,3,142,violent,0.07746478873239436,0.9904859253158702,property,0.6761,False,0.1218,0.6761,0.2021,20.2,LA,medium
33.99,-118.3,0,71,violent,0.09859154929577464,1.0468735794932889,property,0.7587,False,0.1369,0.7587,0.1045,10.4,LA,medium
33.99,-118.3,1,105,violent,0.047619047619047616,1.0466304865832217,property,0.7603,False,0.1368,0.7603,0.1029,10.3,LA,medium
33.99,-118.3,2,138,violent,0.1956521739130435,1.052030013409421,property,0.6778,False,0.1221,0.6778,0.2001,20.0,LA,medium
33.99,-118.3,3,133,property,0.06015037593984962,1.0438924326969068,property,0.6838,True,0.1233,0.6838,0.1929,19.3,LA,medium
33.99,-118.29,0,75,violent,0.09333333333333334,1.0397460357539106,property,0.6788,False,0.1223,0.6788,0.199,19.9,LA,medium
33.99,-118.29,1,157,violent,0.12738853503184713,1.0429807482710178,property,0.6802,False,0.1225,0.6802,0.1973,19.7,LA,medium
33.99,-118.29,2,225,violent,0.14666666666666667,1.059494063994012,property,0.6757,False,0.1217,0.6757,0.2026,20.3,LA,medium
33.99,-118.29,3,210,property,0.014285714285714285,1.0640656037128484,property,0.6774,True,0.122,0.6774,0.2006,20.1,LA,medium
33.99,-118.28,0,74,violent,0.16216216216216217,1.071168252776257,property,0.6924,False,0.125,0.6924,0.1826,18.3,LA,medium
33.99,-118.28,1,88,property,0.022727272727272728,1.020725922789158,property,0.6757,True,0.1217,0.6757,0.2026,20.3,LA,medium
33.99,-118.28,2,119,violent,0.13445378151260504,1.0107860209791246,property,0.6759,False,0.1217,0.6759,0.2024,20.2,LA,medium
33.99,-118.28,3,145,violent,0.0896551724137931,1.0885431864256905,property,0.6761,False,0.1218,0.6761,0.2021,20.2,LA,medium
33.99,-118.27,0,64,property,0.203125,1.0479292083955523,property,0.7209,True,0.1306,0.7209,0.1485,14.9,LA,medium
33.99,-118.27,1,88,property,0.25,1.030395627238267,property,0.7592,True,0.1368,0.7592,0.104,10.4,LA,medium
33.99,-118.27,2,143,violent,0.06293706293706294,1.0942481655987977,property,0.6767,False,0.1219,0.6767,0.2015,20.1,LA,medium
33.99,-118.27,3,122,property,0.16393442622950818,1.072892731713832,property,0.7613,True,0.1369,0.7613,0.1018,10.2,LA,medium
33.99,-118.26,0,43,other,0.3023255813953488,0.9871147142384122,property,0.7641,False,0.1371,0.7641,0.0988,9.9,LA,medium
33.99,-118.26,1,62,property,0.14516129032258066,1.0647663220515233,property,0.7465,True,0.1345,0.7465,0.119,11.9,LA,medium
33.99,-118.26,2,112,property,0.026785714285714284,1.0689110888908904,property,0.7047,True,0.1273,0.7047,0.168,16.8,LA,medium
33.99,-118.26,3,75,property,0.17333333333333334,1.0443618694479517,property,0.7233,True,0.1307,0.7233,0.1461,14.6,LA,medium
33.99,-118.25,0,26,property,0.19230769230769232,1.0634187732433902,property,0.7519,True,0.1356,0.7519,0.1125,11.2,LA,medium
33.99,-118.25,1,41,violent,0.0975609756097561,1.082210688735095,property,0.7016,False,0.1266,0.7016,0.1718,17.2,LA,medium
33.99,-118.25,2,52,violent,0.07692307692307693,1.0695416913993137,property,0.6837,False,0.1232,0.6837,0.1931,19.3,LA,medium
33.99,-118.25,3,58,property,0.08620689655172414,0.9735556951211893,property,0.7637,True,0.1371,0.7637,0.0991,9.9,LA,medium
33.99,-118.24000000000001,0,14,other,0.07142857142857142,1.060944240790747,property,0.6778,False,0.1221,0.6778,0.2001,20.0,LA,medium
33.99,-118.24000000000001,1,20,property,0.15,1.0670938948757507,property,0.764,True,0.1371,0.764,0.0988,9.9,LA,medium
33.99,-118.24000000000001,2,37,violent,0.16216216216216217,1.0618234249208807,property,0.7204,False,0.131,0.7204,0.1486,14.9,LA,medium
33.99,-118.24000000000001,3,36,violent,0.19444444444444445,1.0272714193922146,property,0.6763,False,0.1218,0.6763,0.2019,20.2,LA,medium
34.0,-118.48,0,11,property,0.18181818181818182,0.9164648855394713,property,0.7528,True,0.139,0.7528,0.1082,10.8,LA,medium
34.0,-118.48,1,29,other,0.06896551724137931,1.0939547819577147,property,0.7413,False,0.1372,0.7413,0.1215,12.2,LA,medium
34.0,-118.48,2,41,property,0.024390243902439025,1.094390714787167,property,0.7478,True,0.143,0.7478,0.1092,10.9,LA,medium
34.0,-118.48,3,36,property,0.3055555555555556,0.9444075027810311,property,0.7639,True,0.1371,0.7639,0.099,9.9,LA,medium
34.0,-118.47,0,33,other,0.09090909090909091,1.073502017562408,property,0.7642,False,0.1371,0.7642,0.0987,9.9,LA,medium
34.0,-118.47,1,65,other,0.07692307692307693,1.0928305535284886,property,0.7634,False,0.1371,0.7634,0.0995,10.0,LA,medium
34.0,-118.47,2,91,property,0.15384615384615385,1.0741827617385973,property,0.7606,True,0.1369,0.7606,0.1025,10.3,LA,medium
34.0,-118.47,3,74,property,0.16216216216216217,0.9802186744460394,property,0.7572,True,0.1366,0.7572,0.1063,10.6,LA,medium
34.0,-118.46000000000001,0,38,property,0.21052631578947367,1.033461924505777,property,0.7535,True,0.1406,0.7535,0.1059,10.6,LA,medium
34.0,-118.46000000000001,1,57,property,0.05263157894736842,1.0601189359398382,property,0.7506,True,0.1427,0.7506,0.1068,10.7,LA,medium
34.0,-118.46000000000001,2,80,property,0.1625,1.0084376947529528,property,0.7641,True,0.1371,0.7641,0.0987,9.9,LA,medium
34.0,-118.46000000000001,3,64,property,0.234375,0.9694010705591208,property,0.752,True,0.1408,0.752,0.1072,10.7,LA,medium
34.0,-118.45,0,16,property,0.25,0.9470571522825083,property,0.7644,True,0.1371,0.7644,0.0985,9.8,LA,medium
34.0,-118.45,1,24,other,0.20833333333333334,1.0327438135557083,property,0.7644,False,0.1371,0.7644,0.0985,9.9,LA,medium
34.0,-118.45,2,34,violent,0.0,1.0756483002797306,property,0.7642,False,0.1371,0.7642,0.0986,9.9,LA,medium
34.0,-118.45,3,37,property,0.10810810810810811,1.0715849248248062,property,0.7585,True,0.1376,0.7585,0.1038,10.4,LA,medium
34.0,-118.44,0,28,property,0.10714285714285714,0.8165033382470197,property,0.7641,True,0.1371,0.7641,0.0987,9.9,LA,medium
34.0,-118.44,1,30,property,0.2,0.9701157839869381,property,0.7493,True,0.1455,0.7493,0.1052,10.5,LA,medium
34.0,-118.44,2,48,property,0.22916666666666666,0.9763544682312476,property,0.7539,True,0.141,0.7539,0.1051,10.5,LA,medium
34.0,-118.44,3,47,property,0.2765957446808511,0.984394751305863,property,0.764,True,0.1372,0.764,0.0988,9.9,LA,medium
34.0,-118.43,0,16,property,0.0625,1.0433534269422904,property,0.7639,True,0.1371,0.7639,0.099,9.9,LA,medium
34.0,-118.43,1,24,property,0.041666666666666664,1.0593845933422399,property,0.7634,True,0.1371,0.7634,0.0995,9.9,LA,medium
34.0,-118.43,2,41,property,0.12195121951219512,1.0697456223367126,property,0.764,True,0.1371,0.764,0.0989,9.9,LA,medium
34.0,-118.43,3,53,other,0.16981132075471697,1.067634412429528,property,0.7641,False,0.1371,0.7641,0.0987,9.9,LA,medium
34.0,-118.42,0,23,other,0.08695652173913043,0.8378972277814775,property,0.7514,False,0.1423,0.7514,0.1062,10.6,LA,medium
34.0,-118.42,1,17,property,0.058823529411764705,0.9718487712358767,property,0.7519,True,0.1426,0.7519,0.1055,10.5,LA,medium
34.0,-118.42,2,52,property,0.21153846153846154,1.0519544900560693,property,0.7581,True,0.1369,0.7581,0.105,10.5,LA,medium
34.0,-118.42,3,51,property,0.058823529411764705,1.088177104593951,property,0.7622,True,0.1378,0.7622,0.1,10.0,LA,medium
34.0,-118.41,0,21,violent,0.14285714285714285,1.0353605606849843,property,0.7606,False,0.1367,0.7606,0.1027,10.3,LA,medium
34.0,-118.41,1,21,property,0.0,1.0042424730540764,property,0.7555,True,0.1407,0.7555,0.1038,10.4,LA,medium
34.0,-118.41,2,33,other,0.18181818181818182,1.0670895187820832,property,0.7636,False,0.1371,0.7636,0.0993,9.9,LA,medium
34.0,-118.41,3,22,violent,0.0,1.0900596587107838,property,0.7569,False,0.1372,0.7569,0.1059,10.6,LA,medium
34.0,-118.4,0,10,violent,0.0,1.0549201679861442,property,0.7643,False,0.1371,0.7643,0.0986,9.9,LA,medium
34.0,-118.4,1,8,property,0.0,1.0821955300387671,property,0.7635,True,0.1371,0.7635,0.0994,9.9,LA,medium
34.0,-118.4,2,6,violent,0.16666666666666666,1.0114042647073518,property,0.7567,False,0.1381,0.7567,0.1052,10.5,LA,medium
34.0,-118.4,3,14,violent,0.2857142857142857,0.9556998911125343,property,0.7636,False,0.1374,0.7636,0.099,9.9,LA,medium
34.0,-118.36,0,5,property,0.4,0.9502705392332347,property,0.7643,True,0.1371,0.7643,0.0985,9.9,LA,medium
34.0,-118.36,1,5,violent,0.4,0.9502705392332347,property,0.7642,False,0.1371,0.7642,0.0987,9.9,LA,medium
34.0,-118.36,2,12,property,0.08333333333333333,1.077556327066801,property,0.7462,True,0.1345,0.7462,0.1193,11.9,LA,medium
34.0,-118.36,3,9,property,0.3333333333333333,0.9950269901795212,property,0.7643,True,0.1371,0.7643,0.0985,9.9,LA,medium
34.0,-118.35000000000001,0,5,property,1.0,4.3446531758480495e-08,property,0.7637,True,0.1371,0.7637,0.0991,9.9,LA,medium
34.0,-118.35000000000001,1,7,violent,0.42857142857142855,0.5982696097102534,property,0.76,False,0.1368,0.76,0.1032,10.3,LA,medium
34.0,-118.35000000000001,2,10,property,0.6,0.5004024447610512,property,0.725,True,0.1314,0.725,0.1437,14.4,LA,medium
34.0,-118.35000000000001,3,6,violent,0.0,1.0986122886681096,property,0.7517,False,0.1354,0.7517,0.1129,11.3,LA,medium
34.0,-118.33,0,16,violent,0.1875,0.8647400965276372,property,0.6815,False,0.1228,0.6815,0.1956,19.6,LA,medium
34.0,-118.33,1,28,violent,0.0,1.0933747175566468,property,0.7488,False,0.1383,0.7488,0.1129,11.3,LA,medium
34.0,-118.33,2,48,violent,0.041666666666666664,1.0933903064791184,property,0.7039,False,0.1271,0.7039,0.169,16.9,LA,medium
34.0,-118.33,3,39,property,0.1282051282051282,1.073578118530874,property,0.6761,True,0.1218,0.6761,0.2021,20.2,LA,medium
34.0,-118.32000000000001,0,28,property,0.03571428571428571,1.037814604446326,property,0.7216,True,0.1306,0.7216,0.1478,14.8,LA,medium
34.0,-118.32000000000001,1,42,property,0.047619047619047616,1.0917862380951273,property,0.7505,True,0.1378,0.7505,0.1117,11.2,LA,medium
34.0,-118.32000000000001,2,49,property,0.0,1.0969222018974736,property,0.6903,True,0.1246,0.6903,0.1852,18.5,LA,medium
34.0,-118.32000000000001,3,64,property,0.078125,1.0291687240043512,property,0.7352,True,0.1329,0.7352,0.1319,13.2,LA,medium
34.0,-118.31,0,63,violent,0.015873015873015872,1.0835937986049036,property,0.6776,False,0.122,0.6776,0.2004,20.0,LA,medium
34.0,-118.31,1,56,violent,0.3392857142857143,0.9784813597106261,property,0.6785,False,0.1222,0.6785,0.1992,19.9,LA,medium
34.0,-118.31,2,112,violent,0.08928571428571429,1.083140768859532,property,0.6906,False,0.1246,0.6906,0.1848,18.5,LA,medium
34.0,-118.31,3,90,property,0.05555555555555555,1.004171024038081,property,0.6798,True,0.1225,0.6798,0.1977,19.8,LA,medium
34.0,-118.3,0,54,property,0.35185185185185186,0.9769593958739481,property,0.7602,True,0.1368,0.7602,0.103,10.3,LA,medium
34.0,-118.3,1,54,property,0.07407407407407407,1.0915577947682733,property,0.7598,True,0.1369,0.7598,0.1033,10.3,LA,medium
34.0,-118.3,2,80,property,0.1,1.063883269969165,property,0.678,True,0.1222,0.678,0.1998,20.0,LA,medium
34.0,-118.3,3,82,property,0.07317073170731707,1.0481336034822881,property,0.7443,True,0.1343,0.7443,0.1214,12.1,LA,medium
34.0,-118.29,0,63,violent,0.2222222222222222,1.0049452322115597,property,0.7024,False,0.1269,0.7024,0.1706,17.1,LA,medium
34.0,-118.29,1,60,property,0.16666666666666666,1.0114042647073518,property,0.7568,True,0.1362,0.7568,0.107,10.7,LA,medium
34.0,-118.29,2,77,property,0.07792207792207792,1.0641044899125616,property,0.6782,True,0.1222,0.6782,0.1997,20.0,LA,medium
34.0,-118.29,3,97,violent,0.18556701030927836,1.0433348182748017,property,0.676,False,0.1217,0.676,0.2023,20.2,LA,medium
34.0,-118.28,0,71,property,0.16901408450704225,1.0586749816956618,property,0.6757,True,0.1217,0.6757,0.2026,20.3,LA,medium
34.0,-118.28,1,92,violent,0.10869565217391304,1.069679516306594,property,0.6803,False,0.1226,0.6803,0.1972,19.7,LA,medium
34.0,-118.28,2,148,violent,0.13513513513513514,1.013037099009109,property,0.6759,False,0.1217,0.6759,0.2024,20.2,LA,medium
34.0,-118.28,3,125,property,0.032,1.01334755281519,property,0.6761,True,0.1218,0.6761,0.2021,20.2,LA,medium
34.0,-118.27,0,103,property,0.10679611650485436,1.0436778762308734,property,0.7013,True,0.1266,0.7013,0.1721,17.2,LA,medium
34.0,-118.27,1,111,property,0.10810810810810811,1.0715849248248062,property,0.6786,True,0.1222,0.6786,0.1992,19.9,LA,medium
34.0,-118.27,2,163,violent,0.15950920245398773,1.060684511716577,property,0.6768,False,0.1219,0.6768,0.2013,20.1,LA,medium
34.0,-118.27,3,189,violent,0.13756613756613756,1.0644989831454692,property,0.6845,False,0.1234,0.6845,0.192,19.2,LA,medium
34.0,-118.26,0,57,property,0.12280701754385964,1.0522840680068852,property,0.743,True,0.1341,0.743,0.1229,12.3,LA,medium
34.0,-118.26,1,106,violent,0.09433962264150944,1.0653496794774537,property,0.6779,False,0.1221,0.6779,0.2,20.0,LA,medium
34.0,-118.26,2,100,property,0.05,1.092524159312049,property,0.677,True,0.122,0.677,0.201,20.1,LA,medium
34.0,-118.26,3,134,violent,0.07462686567164178,1.047209846320936,property,0.6889,False,0.1242,0.6889,0.1869,18.7,LA,medium
34.0,-118.25,0,44,violent,0.09090909090909091,1.0361987848192837,property,0.6778,False,0.1221,0.6778,0.2001,20.0,LA,medium
34.0,-118.25,1,58,property,0.13793103448275862,1.065891213213607,property,0.7517,True,0.1375,0.7517,0.1108,11.1,LA,medium
34.0,-118.25,2,89,property,0.02247191011235955,1.0295834610742098,property,0.678,True,0.1222,0.678,0.1999,20.0,LA,medium
34.0,-118.25,3,104,violent,0.2692307692307692,1.0036594910918162,property,0.6763,False,0.1218,0.6763,0.2019,20.2,LA,medium
34.0,-118.24000000000001,0,22,other,0.36363636363636365,0.9575556963742231,property,0.6758,False,0.1217,0.6758,0.2025,20.2,LA,medium
34.0,-118.24000000000001,1,44,property,0.22727272727272727,1.0376517997982746,property,0.7541,True,0.1357,0.7541,0.1103,11.0,LA,medium
34.0,-118.24000000000001,2,66,violent,0.06060606060606061,1.011286827354249,property,0.7635,False,0.1371,0.7635,0.0994,9.9,LA,medium
34.0,-118.24000000000001,3,51,violent,0.058823529411764705,1.073383620336505,property,0.6769,False,0.1219,0.6769,0.2012,20.1,LA,medium
34.01,-118.46000000000001,0,6,other,0.16666666666666666,1.0114042647073518,property,0.7642,False,0.1371,0.7642,0.0987,9.9,LA,medium
34.01,-118.46000000000001,1,6,property,0.16666666666666666,1.0114042647073518,property,0.7518,True,0.1433,0.7518,0.1049,10.5,LA,medium
34.01,-118.46000000000001,2,7,property,0.14285714285714285,1.0789922078775833,property,0.7608,True,0.1381,0.7608,0.1012,10.1,LA,medium
34.01,-118.46000000000001,3,5,violent,0.4,0.9502705392332347,property,0.6896,False,0.1245,0.6896,0.1859,18.6,LA,medium
34.01,-118.45,0,13,property,0.6923076923076923,0.42932304322455905,property,0.7553,True,0.1402,0.7553,0.1045,10.5,LA,medium
34.01,-118.45,1,9,property,0.4444444444444444,0.848685557726417,property,0.7635,True,0.1374,0.7635,0.0991,9.9,LA,medium
34.01,-118.45,2,18,property,0.5,0.7298429194806347,property,0.7624,True,0.1373,0.7624,0.1003,10.0,LA,medium
34.01,-118.45,3,17,property,0.0,0.8760918930634294,property,0.7492,True,0.1464,0.7492,0.1045,10.4,LA,medium
34.01,-118.44,0,17,other,0.058823529411764705,0.9718487712358765,property,0.7523,False,0.1406,0.7523,0.1071,10.7,LA,medium
34.01,-118.44,1,12,property,0.8333333333333334,0.2868360044925904,property,0.7517,True,0.1418,0.7517,0.1064,10.6,LA,medium
34.01,-118.44,2,19,property,0.05263157894736842,1.0601189359398382,property,0.752,True,0.1419,0.752,0.1061,10.6,LA,medium
34.01,-118.44,3,27,property,0.18518518518518517,0.6759010516213763,property,0.7642,True,0.1371,0.7642,0.0986,9.9,LA,medium
34.01,-118.43,0,19,property,0.15789473684210525,1.0459781656993947,property,0.7632,True,0.1373,0.7632,0.0995,9.9,LA,medium
34.01,-118.43,1,14,property,0.14285714285714285,0.9922819748525739,property,0.7642,True,0.1371,0.7642,0.0986,9.9,LA,medium
34.01,-118.43,2,37,property,0.3783783783783784,0.8380806227984007,property,0.7642,True,0.1371,0.7642,0.0987,9.9,LA,medium
34.01,-118.43,3,34,property,0.2647058823529412,0.7688943190382823,property,0.7643,True,0.1371,0.7643,0.0986,9.9,LA,medium
34.01,-118.42,0,12,property,0.25,1.0397207708399179,property,0.7584,True,0.1369,0.7584,0.1047,10.5,LA,medium
34.01,-118.42,1,12,property,0.3333333333333333,0.9596147939120492,property,0.7512,True,0.143,0.7512,0.1058,10.6,LA,medium
34.01,-118.42,2,27,property,0.4074074074074074,0.9084160841967897,property,0.7642,True,0.1371,0.7642,0.0987,9.9,LA,medium
34.01,-118.42,3,20,property,0.3,0.9972715231823841,property,0.764,True,0.1371,0.764,0.0989,9.9,LA,medium
34.01,-118.41,0,5,violent,0.0,1.0549201679861442,property,0.6773,False,0.1221,0.6773,0.2006,20.1,LA,medium
34.01,-118.41,2,3,other,0.3333333333333333,0.6365141893815645,property,0.7161,False,0.13,0.7161,0.1539,15.4,LA,medium
34.01,-118.41,3,5,property,0.0,1.0549201679861442,property,0.7629,True,0.1371,0.7629,0.1,10.0,LA,medium
34.01,-118.37,2,3,property,0.3333333333333333,0.6365141893815645,property,0.764,True,0.1371,0.764,0.0989,9.9,LA,medium
34.01,-118.36,0,5,other,0.4,0.9502705392332347,property,0.7316,False,0.1353,0.7316,0.1331,13.3,LA,medium
34.01,-118.36,1,10,violent,0.5,0.8018185525433373,property,0.7556,False,0.1403,0.7556,0.1041,10.4,LA,medium
34.01,-118.36,2,11,property,0.09090909090909091,1.0361987848192837,property,0.7508,True,0.1353,0.7508,0.1139,11.4,LA,medium
34.01,-118.36,3,8,property,0.125,0.9743147528693494,property,0.7635,True,0.1371,0.7635,0.0994,9.9,LA,medium
34.01,-118.35000000000001,0,35,violent,0.22857142857142856,1.0492146546034815,property,0.7562,False,0.1359,0.7562,0.1079,10.8,LA,medium
34.01,-118.35000000000001,1,53,property,0.22641509433962265,0.9997604600281939,property,0.7639,True,0.1371,0.7639,0.0989,9.9,LA,medium
34.01,-118.35000000000001,2,64,property,0.171875,1.0557422228821691,property,0.7538,True,0.1362,0.7538,0.11,11.0,LA,medium
34.01,-118.35000000000001,3,43,property,0.27906976744186046,1.010776018875458,property,0.6912,True,0.1248,0.6912,0.1841,18.4,LA,medium
34.01,-118.34,0,57,property,0.07017543859649122,1.0837273978860245,property,0.7641,True,0.1371,0.7641,0.0987,9.9,LA,medium
34.01,-118.34,1,114,property,0.02631578947368421,1.0759394011165768,property,0.7216,True,0.1311,0.7216,0.1474,14.7,LA,medium
34.01,-118.34,2,179,property,0.05027932960893855,1.0787724414596038,property,0.6996,True,0.1263,0.6996,0.174,17.4,LA,medium
34.01,-118.34,3,164,property,0.036585365853658534,1.087819147814202,property,0.6779,True,0.1221,0.6779,0.2,20.0,LA,medium
34.01,-118.33,0,32,property,0.1875,1.0239287996389363,property,0.7622,True,0.1369,0.7622,0.1009,10.1,LA,medium
34.01,-118.33,1,50,property,0.1,0.995242933910141,property,0.7207,True,0.1304,0.7207,0.1489,14.9,LA,medium
34.01,-118.33,2,94,violent,0.13829787234042554,1.067230207760646,property,0.7267,False,0.1314,0.7267,0.1419,14.2,LA,medium
34.01,-118.33,3,84,property,0.10714285714285714,1.0493348942222889,property,0.7593,True,0.1366,0.7593,0.1041,10.4,LA,medium
34.01,-118.32000000000001,0,41,property,0.2926829268292683,1.0110402106104204,property,0.749,True,0.1453,0.749,0.1057,10.6,LA,medium
34.01,-118.32000000000001,1,37,property,0.02702702702702703,1.0235468481107655,property,0.7098,True,0.1283,0.7098,0.162,16.2,LA,medium
34.01,-118.32000000000001,2,70,property,0.11428571428571428,1.0761302839653792,property,0.7577,True,0.1367,0.7577,0.1055,10.6,LA,medium
34.01,-118.32000000000001,3,72,property,0.2361111111111111,1.0247305460237044,property,0.7466,True,0.1345,0.7466,0.1189,11.9,LA,medium
34.01,-118.31,0,100,other,0.11,1.0809369590975124,property,0.6813,False,0.123,0.6813,0.1957,19.6,LA,medium
34.01,-118.31,1,117,property,0.08547008547008547,1.0907092495409372,property,0.7311,True,0.1345,0.7311,0.1344,13.4,LA,medium
34.01,-118.31,2,132,other,0.045454545454545456,1.0923945874847538,property,0.7247,False,0.1332,0.7247,0.1421,14.2,LA,medium
34.01,-118.31,3,147,property,0.027210884353741496,1.0976485107910783,property,0.7037,True,0.1275,0.7037,0.1689,16.9,LA,medium
34.01,-118.3,0,51,property,0.13725490196078433,1.0632635480250523,property,0.6785,True,0.1222,0.6785,0.1993,19.9,LA,medium
34.01,-118.3,1,76,violent,0.11842105263157894,1.072807260537556,property,0.7276,False,0.1335,0.7276,0.1389,13.9,LA,medium
34.01,-118.3,2,100,violent,0.07,1.058437606473741,property,0.6773,False,0.122,0.6773,0.2007,20.1,LA,medium
34.01,-118.3,3,118,violent,0.07627118644067797,1.0765663885200214,property,0.6766,False,0.1219,0.6766,0.2015,20.2,LA,medium
34.01,-118.29,0,68,violent,0.08823529411764706,1.0539780582227394,property,0.6762,False,0.1218,0.6762,0.202,20.2,LA,medium
34.01,-118.29,1,117,property,0.042735042735042736,1.0572437601979707,property,0.6777,True,0.1221,0.6777,0.2002,20.0,LA,medium
34.01,-118.29,2,154,violent,0.025974025974025976,1.0895957381664565,property,0.6805,False,0.1226,0.6805,0.197,19.7,LA,medium
34.01,-118.29,3,313,property,0.2523961661341853,0.9994483019552449,property,0.6766,True,0.1219,0.6766,0.2016,20.2,LA,medium
34.01,-118.28,0,72,property,0.06944444444444445,1.0728821756754254,property,0.6798,True,0.1225,0.6798,0.1977,19.8,LA,medium
34.01,-118.28,1,164,property,0.2073170731707317,1.0508336805734877,property,0.7643,True,0.1371,0.7643,0.0986,9.9,LA,medium
34.01,-118.28,2,282,property,0.2872340425531915,0.9990079036923074,property,0.6921,True,0.1247,0.6921,0.1831,18.3,LA,medium
34.01,-118.28,3,253,property,0.21739130434782608,1.0285353924754344,property,0.6805,True,0.1226,0.6805,0.1969,19.7,LA,medium
34.01,-118.27,0,63,violent,0.06349206349206349,1.056653710590147,property,0.7152,False,0.1293,0.7152,0.1555,15.5,LA,medium
34.01,-118.27,1,78,violent,0.02564102564102564,1.096637952307349,property,0.692,False,0.1249,0.692,0.1831,18.3,LA,medium
34.01,-118.27,2,111,property,0.02702702702702703,1.088836961521142,property,0.6767,True,0.1219,0.6767,0.2015,20.1,LA,medium
34.01,-118.27,3,107,violent,0.16822429906542055,1.0464342198478416,property,0.6965,False,0.1257,0.6965,0.1779,17.8,LA,medium
34.01,-118.26,0,69,property,0.014492753623188406,1.0738235346478113,property,0.6878,True,0.124,0.6878,0.1882,18.8,LA,medium
34.01,-118.26,1,83,violent,0.07228915662650602,1.092503806593528,property,0.7576,False,0.1368,0.7576,0.1056,10.6,LA,medium
34.01,-118.26,2,128,property,0.0234375,1.096342659135416,property,0.7476,True,0.1441,0.7476,0.1083,10.8,LA,medium
34.01,-118.26,3,149,violent,0.04697986577181208,1.082686865500665,property,0.7248,False,0.131,0.7248,0.1442,14.4,LA,medium
34.01,-118.25,0,44,violent,0.20454545454545456,1.0314101608066952,property,0.7209,False,0.1306,0.7209,0.1485,14.9,LA,medium
34.01,-118.25,1,69,violent,0.014492753623188406,1.086148573403136,property,0.7593,False,0.1368,0.7593,0.104,10.4,LA,medium
34.01,-118.25,2,112,violent,0.13392857142857142,1.047204200755443,property,0.6786,False,0.1223,0.6786,0.1991,19.9,LA,medium
34.01,-118.25,3,80,violent,0.025,1.035194017909452,property,0.7636,False,0.1371,0.7636,0.0993,9.9,LA,medium
34.01,-118.24000000000001,0,15,other,0.13333333333333333,1.0437570363314084,property,0.676,False,0.1218,0.676,0.2023,20.2,LA,medium
34.01,-118.24000000000001,1,23,property,0.2608695652173913,1.0217278604945916,property,0.6821,True,0.1229,0.6821,0.195,19.5,LA,medium
34.01,-118.24000000000001,2,25,violent,0.16,1.0740922213659423,property,0.7582,False,0.1366,0.7582,0.1052,10.5,LA,medium
34.01,-118.24000000000001,3,27,violent,0.14814814814814814,1.0304089991452012,property,0.7359,False,0.1332,0.7359,0.1308,13.1,LA,medium
34.01,-118.21000000000001,0,4,property,0.5,0.5623351657797391,property,0.7487,True,0.1466,0.7487,0.1047,10.5,LA,medium
34.01,-118.21000000000001,2,3,property,1.0,4.3446531758480495e-08,property,0.7487,True,0.1466,0.7487,0.1048,10.5,LA,medium
34.01,-118.2,0,6,property,0.16666666666666666,1.0114042647073518,property,0.6773,True,0.1221,0.6773,0.2005,20.1,LA,medium
34.02,-118.45,0,3,property,0.3333333333333333,0.6365141893815645,property,0.7642,True,0.1371,0.7642,0.0986,9.9,LA,medium
34.02,-118.45,1,7,property,0.14285714285714285,1.0789922078775833,property,0.7645,True,0.1372,0.7645,0.0983,9.8,LA,medium
34.02,-118.45,2,7,property,0.14285714285714285,1.0789922078775833,property,0.7643,True,0.1371,0.7643,0.0986,9.9,LA,medium
34.02,-118.45,3,9,property,0.2222222222222222,0.9368883075390159,property,0.7645,True,0.1372,0.7645,0.0984,9.8,LA,medium
34.02,-118.44,0,17,other,0.23529411764705882,0.8463658296262874,property,0.7646,False,0.1372,0.7646,0.0982,9.8,LA,medium
34.02,-118.44,1,15,other,0.2,0.6730116880595106,property,0.758,False,0.1395,0.758,0.1026,10.3,LA,medium
34.02,-118.44,2,26,property,0.2692307692307692,0.7913103552575408,property,0.7644,True,0.1371,0.7644,0.0985,9.8,LA,medium
34.02,-118.44,3,39,property,0.5641025641025641,0.7259004415399216,property,0.7642,True,0.1371,0.7642,0.0987,9.9,LA,medium
34.02,-118.43,0,22,property,0.5454545454545454,0.7595473914748635,property,0.7616,True,0.1372,0.7616,0.1012,10.1,LA,medium
34.02,-118.43,1,23,property,0.6086956521739131,0.7547854950176571,property,0.7646,True,0.1372,0.7646,0.0983,9.8,LA,medium
34.02,-118.43,2,30,property,0.03333333333333333,1.027517014774606,property,0.7643,True,0.1371,0.7643,0.0985,9.9,LA,medium
34.02,-118.43,3,37,property,0.5405405405405406,0.6396406526889704,property,0.7644,True,0.1371,0.7644,0.0984,9.8,LA,medium
34.02,-118.42,0,24,property,0.20833333333333334,1.0327438135557083,property,0.7645,True,0.1372,0.7645,0.0983,9.8,LA,medium
34.02,-118.42,1,40,property,0.175,1.0168705000772615,property,0.7646,True,0.1372,0.7646,0.0983,9.8,LA,medium
34.02,-118.42,2,55,property,0.2545454545454545,0.8323345125313701,property,0.7645,True,0.1371,0.7645,0.0983,9.8,LA,medium
34.02,-118.42,3,61,property,0.4262295081967213,0.923595145028381,property,0.7637,True,0.1371,0.7637,0.0991,9.9,LA,medium
34.02,-118.41,0,30,property,0.16666666666666666,1.0564242198612623,property,0.7644,True,0.1372,0.7644,0.0984,9.8,LA,medium
34.02,-118.41,1,54,property,0.18518518518518517,1.0465616513448108,property,0.7636,True,0.1374,0.7636,0.099,9.9,LA,medium
34.02,-118.41,2,86,property,0.06976744186046512,0.9692369728006409,property,0.7557,True,0.1395,0.7557,0.1048,10.5,LA,medium
34.02,-118.41,3,78,property,0.11538461538461539,1.0411315166502328,property,0.7645,True,0.1371,0.7645,0.0984,9.8,LA,medium
34.02,-118.4,0,28,property,0.10714285714285714,1.0315837194926705,property,0.7575,True,0.1395,0.7575,0.103,10.3,LA,medium
34.02,-118.4,1,23,violent,0.17391304347826086,1.0465634069578553,property,0.7646,False,0.1372,0.7646,0.0982,9.8,LA,medium
34.02,-118.4,2,39,property,0.10256410256410256,0.9053077514393735,property,0.7646,True,0.1372,0.7646,0.0983,9.8,LA,medium
34.02,-118.4,3,39,property,0.15384615384615385,1.0579054247036734,property,0.7638,True,0.1371,0.7638,0.0991,9.9,LA,medium
34.02,-118.38,1,10,property,0.4,0.610864323167295,property,0.7644,True,0.1372,0.7644,0.0984,9.8,LA,medium
34.02,-118.38,2,7,property,0.42857142857142855,0.5982696097102536,property,0.7645,True,0.1372,0.7645,0.0984,9.8,LA,medium
34.02,-118.38,3,4,property,0.5,0.5623351657797391,property,0.7322,True,0.1327,0.7322,0.1351,13.5,LA,medium
34.02,-118.37,0,14,other,0.07142857142857142,1.060944240790747,property,0.764,False,0.1371,0.764,0.0989,9.9,LA,medium
34.02,-118.37,1,55,property,0.4,0.9256939337700807,property,0.7641,True,0.1371,0.7641,0.0988,9.9,LA,medium
34.02,-118.37,2,66,property,0.5909090909090909,0.7450120665605413,property,0.7646,True,0.1372,0.7646,0.0983,9.8,LA,medium
34.02,-118.37,3,51,property,0.0784313725490196,1.0799836780547662,property,0.7645,True,0.1372,0.7645,0.0983,9.8,LA,medium
34.02,-118.36,0,12,property,0.4166666666666667,0.8239592165010823,property,0.761,True,0.1368,0.761,0.1022,10.2,LA,medium
34.02,-118.36,1,18,violent,0.3888888888888889,0.7867012379169144,property,0.7645,False,0.1372,0.7645,0.0983,9.8,LA,medium
34.02,-118.36,2,59,property,0.2033898305084746,1.0192414931806737,property,0.7587,True,0.1369,0.7587,0.1044,10.4,LA,medium
34.02,-118.36,3,43,property,0.09302325581395349,1.0556160501884113,property,0.6801,True,0.1226,0.6801,0.1973,19.7,LA,medium
34.02,-118.35000000000001,0,80,other,0.05,1.094280092589208,property,0.7604,False,0.1365,0.7604,0.103,10.3,LA,medium
34.02,-118.35000000000001,1,128,violent,0.015625,1.0921597084160461,property,0.7602,False,0.1369,0.7602,0.1029,10.3,LA,medium
34.02,-118.35000000000001,2,186,violent,0.005376344086021506,1.0985255696807592,property,0.7585,False,0.1368,0.7585,0.1047,10.5,LA,medium
34.02,-118.35000000000001,3,148,violent,0.0945945945945946,1.073405759206634,property,0.6776,False,0.1221,0.6776,0.2003,20.0,LA,medium
34.02,-118.34,0,19,property,0.5263157894736842,0.8425434329028281,property,0.7585,True,0.1363,0.7585,0.1052,10.5,LA,medium
34.02,-118.34,1,59,property,0.13559322033898305,1.0036125039425736,property,0.7645,True,0.1371,0.7645,0.0983,9.8,LA,medium
34.02,-118.34,2,99,property,0.21212121212121213,1.0277726298103993,property,0.764,True,0.1371,0.764,0.0988,9.9,LA,medium
34.02,-118.34,3,74,property,0.40540540540540543,0.9216623419637526,property,0.6809,True,0.1227,0.6809,0.1964,19.6,LA,medium
34.02,-118.33,0,13,property,0.38461538461538464,0.9251290835720822,property,0.762,True,0.1369,0.762,0.1011,10.1,LA,medium
34.02,-118.33,1,41,property,0.3170731707317073,0.9872854757348055,property,0.7458,True,0.1383,0.7458,0.1159,11.6,LA,medium
34.02,-118.33,2,38,violent,0.05263157894736842,1.0958871542125534,property,0.76,False,0.1368,0.76,0.1032,10.3,LA,medium
34.02,-118.33,3,38,property,0.13157894736842105,1.081925224005316,property,0.7388,True,0.1359,0.7388,0.1253,12.5,LA,medium
34.02,-118.32000000000001,0,22,other,0.045454545454545456,1.0965754342577216,property,0.7403,False,0.1339,0.7403,0.1258,12.6,LA,medium
34.02,-118.32000000000001,1,39,other,0.05128205128205128,1.0377475202610307,property,0.7532,False,0.1413,0.7532,0.1055,10.6,LA,medium
34.02,-118.32000000000001,2,31,property,0.16129032258064516,1.0676208772568145,property,0.7607,True,0.1368,0.7607,0.1025,10.2,LA,medium
34.02,-118.32000000000001,3,59,property,0.2033898305084746,1.055776446324781,property,0.6995,True,0.1271,0.6995,0.1734,17.3,LA,medium
34.02,-118.31,0,40,other,0.1,1.0755089684665335,property,0.6801,False,0.1226,0.6801,0.1974,19.7,LA,medium
34.02,-118.31,1,60,property,0.21666666666666667,1.0352630631250954,property,0.7622,True,0.1369,0.7622,0.1009,10.1,LA,medium
34.02,-118.31,2,82,property,0.12195121951219512,1.078523982048187,property,0.7399,True,0.1356,0.7399,0.1244,12.4,LA,medium
34.02,-118.31,3,83,property,0.060240963855421686,1.0852332609630737,property,0.6781,True,0.1222,0.6781,0.1998,20.0,LA,medium
34.02,-118.3,0,74,property,0.12162162162162163,1.0632182242082209,property,0.7501,True,0.1368,0.7501,0.1131,11.3,LA,medium
34.02,-118.3,1,93,property,0.07526881720430108,1.0725415677497032,property,0.7415,True,0.1369,0.7415,0.1215,12.2,LA,medium
34.02,-118.3,2,130,violent,0.0,1.0983743600501328,property,0.6933,False,0.1253,0.6933,0.1815,18.1,LA,medium
34.02,-118.3,3,145,property,0.06206896551724138,1.084091236981156,property,0.6787,True,0.1223,0.6787,0.1989,19.9,LA,medium
34.02,-118.29,0,50,property,0.02,1.0957815752757503,property,0.7486,True,0.1461,0.7486,0.1052,10.5,LA,medium
34.02,-118.29,1,123,other,0.1951219512195122,0.9767676551525093,property,0.7487,False,0.1428,0.7487,0.1085,10.8,LA,medium
34.02,-118.29,2,219,other,0.0684931506849315,0.9841198953569559,property,0.749,False,0.1463,0.749,0.1048,10.5,LA,medium
34.02,-118.29,3,178,property,0.17415730337078653,0.9417208388244855,property,0.7491,True,0.1452,0.7491,0.1057,10.6,LA,medium
34.02,-118.28,0,41,property,0.04878048780487805,1.0657574066673614,property,0.7622,True,0.1369,0.7622,0.1009,10.1,LA,medium
34.02,-118.28,1,75,other,0.09333333333333334,1.088751815001403,property,0.7492,False,0.1431,0.7492,0.1077,10.8,LA,medium
34.02,-118.28,2,152,property,0.05921052631578947,1.055403740823748,property,0.7499,True,0.1436,0.7499,0.1065,10.7,LA,medium
34.02,-118.28,3,149,property,0.174496644295302,1.0320533156514118,property,0.7596,True,0.1369,0.7596,0.1036,10.4,LA,medium
34.02,-118.27,0,84,property,0.2261904761904762,1.0240367541751048,property,0.7516,True,0.1354,0.7516,0.1131,11.3,LA,medium
34.02,-118.27,1,79,property,0.16455696202531644,1.0651732420636009,property,0.7643,True,0.1371,0.7643,0.0985,9.9,LA,medium
34.02,-118.27,2,121,violent,0.256198347107438,1.0301900373592128,property,0.7643,False,0.1371,0.7643,0.0986,9.9,LA,medium
34.02,-118.27,3,127,property,0.11811023622047244,1.0669266859396178,property,0.7642,True,0.1371,0.7642,0.0986,9.9,LA,medium
34.02,-118.26,0,67,violent,0.14925373134328357,1.068644951183501,property,0.7599,False,0.1369,0.7599,0.1032,10.3,LA,medium
34.02,-118.26,1,136,property,0.3161764705882353,0.9981935881300057,property,0.7642,True,0.1371,0.7642,0.0987,9.9,LA,medium
34.02,-118.26,2,189,property,0.2962962962962963,1.0025251776676771,property,0.7263,True,0.1312,0.7263,0.1425,14.2,LA,medium
34.02,-118.26,3,173,property,0.20809248554913296,1.0211814062393383,property,0.7318,True,0.1323,0.7318,0.1359,13.6,LA,medium
34.02,-118.25,0,49,property,0.04081632653061224,1.0866507246388304,property,0.7643,True,0.1371,0.7643,0.0986,9.9,LA,medium
34.02,-118.25,1,79,property,0.08860759493670886,1.078183232365348,property,0.7221,True,0.1308,0.7221,0.1471,14.7,LA,medium
34.02,-118.25,2,125,violent,0.072,1.086282834556434,property,0.757,False,0.1369,0.757,0.1061,10.6,LA,medium
34.02,-118.25,3,109,property,0.06422018348623854,1.0650203559364346,property,0.7642,True,0.1371,0.7642,0.0986,9.9,LA,medium
34.02,-118.24000000000001,0,84,property,0.4166666666666667,0.9094298380410112,property,0.7642,True,0.1371,0.7642,0.0987,9.9,LA,medium
34.02,-118.24000000000001,1,55,property,0.3090909090909091,1.003712405335732,property,0.7643,True,0.1371,0.7643,0.0985,9.9,LA,medium
34.02,-118.24000000000001,2,75,other,0.04,1.097032390352067,property,0.7642,False,0.1371,0.7642,0.0987,9.9,LA,medium
34.02,-118.24000000000001,3,114,property,0.43859649122807015,0.899824783374022,property,0.7641,True,0.1371,0.7641,0.0988,9.9,LA,medium
34.02,-118.23,0,26,property,0.2692307692307692,0.9291687604839372,property,0.7644,True,0.1371,0.7644,0.0985,9.8,LA,medium
34.02,-118.23,1,19,property,0.2631578947368421,0.9174021803627407,property,0.7644,True,0.1371,0.7644,0.0985,9.8,LA,medium
34.02,-118.23,2,33,property,0.3333333333333333,0.9713430234977111,property,0.7641,True,0.1371,0.7641,0.0988,9.9,LA,medium
34.02,-118.23,3,22,property,0.13636363636363635,0.9861234897117208,property,0.7643,True,0.1371,0.7643,0.0986,9.9,LA,medium
34.02,-118.22,0,36,property,0.027777777777777776,1.0962947871994975,property,0.7644,True,0.1371,0.7644,0.0985,9.8,LA,medium
34.02,-118.22,1,54,other,0.018518518518518517,1.0279780810776196,property,0.7644,False,0.1371,0.7644,0.0984,9.8,LA,medium
34.02,-118.22,2,108,property,0.21296296296296297,1.0342135528660643,property,0.7643,True,0.1371,0.7643,0.0986,9.9,LA,medium
34.02,-118.22,3,61,property,0.3114754098360656,0.9662107061748451,property,0.7639,True,0.1371,0.7639,0.099,9.9,LA,medium
34.02,-118.21000000000001,0,60,property,0.06666666666666667,1.0851886129676505,property,0.7642,True,0.1371,0.7642,0.0987,9.9,LA,medium
34.02,-118.21000000000001,1,33,property,0.09090909090909091,1.073502017562408,property,0.7641,True,0.1371,0.7641,0.0988,9.9,LA,medium
34.02,-118.21000000000001,2,75,property,0.05333333333333334,1.0949363111412858,property,0.7636,True,0.1371,0.7636,0.0993,9.9,LA,medium
34.02,-118.21000000000001,3,71,property,0.23943661971830985,1.0329271735987966,property,0.6816,True,0.1229,0.6816,0.1955,19.5,LA,medium
34.02,-118.2,0,32,property,0.28125,0.970457702789494,property,0.7642,True,0.1371,0.7642,0.0986,9.9,LA,medium
34.02,-118.2,1,42,property,0.23809523809523808,1.012494711026758,property,0.7644,True,0.1371,0.7644,0.0984,9.8,LA,medium
34.02,-118.2,2,68,property,0.3235294117647059,0.9715310750956967,property,0.7639,True,0.1371,0.7639,0.0989,9.9,LA,medium
34.02,-118.2,3,72,property,0.4166666666666667,0.9378057145489618,property,0.7602,True,0.1367,0.7602,0.1031,10.3,LA,medium
34.02,-118.19,0,13,property,0.38461538461538464,0.9251290835720822,property,0.7636,True,0.1371,0.7636,0.0993,9.9,LA,medium
34.02,-118.19,1,8,other,0.25,0.6615632592196847,property,0.7552,False,0.1399,0.7552,0.1049,10.5,LA,medium
34.02,-118.19,2,11,violent,0.09090909090909091,1.0361987848192837,property,0.7641,False,0.1371,0.7641,0.0987,9.9,LA,medium
34.02,-118.19,3,20,property,0.35,0.9376369622724492,property,0.7117,True,0.1288,0.7117,0.1596,16.0,LA,medium
34.03,-118.53,1,8,property,0.75,0.3767701826029325,property,0.6945,True,0.1258,0.6945,0.1797,18.0,LA,medium
34.03,-118.53,2,5,other,0.2,0.6730116880595106,property,0.7487,False,0.1465,0.7487,0.1047,10.5,LA,medium
34.03,-118.52,1,12,property,0.25,0.887694275799104,property,0.7548,True,0.1405,0.7548,0.1046,10.5,LA,medium
34.03,-118.52,2,17,other,0.29411764705882354,0.923840705630872,property,0.7516,False,0.1415,0.7516,0.1069,10.7,LA,medium
34.03,-118.52,3,11,property,0.8181818181818182,0.3046361187678678,property,0.7508,True,0.1421,0.7508,0.1071,10.7,LA,medium
34.03,-118.51,0,4,other,0.25,1.0397207708399179,property,0.7545,False,0.1405,0.7545,0.105,10.5,LA,medium
34.03,-118.51,2,8,property,0.125,0.9743147528693494,property,0.7641,True,0.1371,0.7641,0.0988,9.9,LA,medium
34.03,-118.51,3,3,other,0.3333333333333333,0.6365141893815645,property,0.7551,False,0.1399,0.7551,0.105,10.5,LA,medium
34.03,-118.46000000000001,0,3,property,0.3333333333333333,0.6365141893815645,property,0.7486,True,0.1466,0.7486,0.1048,10.5,LA,medium
34.03,-118.46000000000001,2,8,property,0.125,0.9743147528693494,property,0.7642,True,0.1371,0.7642,0.0987,9.9,LA,medium
34.03,-118.46000000000001,3,6,property,0.6666666666666666,0.4505612301390093,property,0.7523,True,0.1396,0.7523,0.108,10.8,LA,medium
34.03,-118.45,0,31,property,0.1935483870967742,1.046337357519136,property,0.7644,True,0.1371,0.7644,0.0985,9.8,LA,medium
34.03,-118.45,1,34,property,0.11764705882352941,1.066562484888105,property,0.7646,True,0.1372,0.7646,0.0983,9.8,LA,medium
34.03,-118.45,2,69,property,0.2318840579710145,1.0311749716577667,property,0.7645,True,0.1371,0.7645,0.0984,9.8,LA,medium
34.03,-118.45,3,65,property,0.2,1.039084314382295,property,0.7503,True,0.1421,0.7503,0.1076,10.8,LA,medium
34.03,-118.44,0,25,property,0.08,0.9732531211321691,property,0.7646,True,0.1372,0.7646,0.0982,9.8,LA,medium
34.03,-118.44,1,29,property,0.3103448275862069,0.9971804018970938,property,0.7606,True,0.1384,0.7606,0.101,10.1,LA,medium
34.03,-118.44,2,45,property,0.26666666666666666,0.9747156383904934,property,0.7645,True,0.1371,0.7645,0.0983,9.8,LA,medium
34.03,-118.44,3,57,property,0.2807017543859649,0.8856804074617264,property,0.7639,True,0.1374,0.7639,0.0988,9.9,LA,medium
34.03,-118.43,0,35,property,0.2571428571428571,1.028569628015253,property,0.762,True,0.1369,0.762,0.1011,10.1,LA,medium
34.03,-118.43,1,43,property,0.09302325581395349,1.0556160501884113,property,0.7642,True,0.1371,0.7642,0.0986,9.9,LA,medium
34.03,-118.43,2,78,property,0.16666666666666666,1.0484795761108396,property,0.7642,True,0.1371,0.7642,0.0986,9.9,LA,medium
34.03,-118.43,3,59,property,0.4067796610169492,0.9385135526742272,property,0.7642,True,0.1371,0.7642,0.0987,9.9,LA,medium
34.03,-118.42,0,15,property,0.4,0.8033149761408755,property,0.7645,True,0.1372,0.7645,0.0983,9.8,LA,medium
34.03,-118.42,1,28,property,0.25,0.9239088809656752,property,0.7646,True,0.1372,0.7646,0.0983,9.8,LA,medium
34.03,-118.42,2,47,property,0.1276595744680851,1.0386715437154752,property,0.7576,True,0.1395,0.7576,0.1029,10.3,LA,medium
34.03,-118.42,3,57,property,0.2807017543859649,0.8856804074617264,property,0.7645,True,0.1372,0.7645,0.0984,9.8,LA,medium
34.03,-118.41,0,34,property,0.35294117647058826,0.9586918593253719,property,0.7645,True,0.1372,0.7645,0.0984,9.8,LA,medium
34.03,-118.41,1,47,property,0.425531914893617,0.8527509867740564,property,0.7645,True,0.1371,0.7645,0.0984,9.8,LA,medium
34.03,-118.41,2,86,property,0.1744186046511628,0.8584218588797506,property,0.7633,True,0.1374,0.7633,0.0993,9.9,LA,medium
34.03,-118.41,3,84,property,0.27380952380952384,0.9920712723980523,property,0.7641,True,0.1371,0.7641,0.0988,9.9,LA,medium
34.03,-118.4,0,48,property,0.2708333333333333,0.9134995762493625,property,0.7645,True,0.1372,0.7645,0.0984,9.8,LA,medium
34.03,-118.4,1,60,property,0.55,0.7455382046328329,property,0.7646,True,0.1372,0.7646,0.0982,9.8,LA,medium
34.03,-118.4,2,116,property,0.29310344827586204,0.9279903255586202,property,0.7622,True,0.1378,0.7622,0.1,10.0,LA,medium
34.03,-118.4,3,88,property,0.3181818181818182,0.9100275193656162,property,0.7645,True,0.1371,0.7645,0.0983,9.8,LA,medium
34.03,-118.39,0,24,violent,0.0,1.0821955300387673,property,0.7501,False,0.1441,0.7501,0.1058,10.6,LA,medium
34.03,-118.39,1,40,property,0.025,1.0979923063985968,property,0.7644,True,0.1371,0.7644,0.0985,9.8,LA,medium
34.03,-118.39,2,79,property,0.05063291139240506,1.0459930131841444,property,0.7526,True,0.1412,0.7526,0.1062,10.6,LA,medium
34.03,-118.39,3,68,property,0.3088235294117647,1.0050057148789604,property,0.7642,True,0.1371,0.7642,0.0987,9.9,LA,medium
34.03,-118.38,0,12,property,0.16666666666666666,1.0114042647073518,property,0.7604,True,0.1368,0.7604,0.1027,10.3,LA,medium
34.03,-118.38,1,15,property,0.06666666666666667,1.0851886129676505,property,0.7515,True,0.1419,0.7515,0.1067,10.7,LA,medium
34.03,-118.38,2,32,property,0.28125,1.015063083244053,property,0.7642,True,0.1371,0.7642,0.0986,9.9,LA,medium
34.03,-118.38,3,26,property,0.11538461538461539,0.9632492517543757,property,0.7606,True,0.1367,0.7606,0.1027,10.3,LA,medium
34.03,-118.37,0,31,property,0.22580645161290322,1.0503801824396453,property,0.7642,True,0.1371,0.7642,0.0987,9.9,LA,medium
34.03,-118.37,1,41,property,0.0,1.067282790906772,property,0.7646,True,0.1372,0.7646,0.0983,9.8,LA,medium
34.03,-118.37,2,50,other,0.04,1.020960769860117,property,0.7502,False,0.1433,0.7502,0.1065,10.6,LA,medium
34.03,-118.37,3,67,property,0.05970149253731343,1.0674423025284354,property,0.7582,True,0.1369,0.7582,0.1049,10.5,LA,medium
34.03,-118.36,0,44,property,0.045454545454545456,1.0399964569510627,property,0.7377,True,0.1349,0.7377,0.1274,12.7,LA,medium
34.03,-118.36,1,54,other,0.018518518518518517,1.0912111004202865,property,0.7371,False,0.1366,0.7371,0.1264,12.6,LA,medium
34.03,-118.36,2,79,property,0.0759493670886076,1.074299934559767,property,0.6967,True,0.1263,0.6967,0.177,17.7,LA,medium
34.03,-118.36,3,96,property,0.11458333333333333,1.0831570183815644,property,0.7029,True,0.1273,0.7029,0.1698,17.0,LA,medium
34.03,-118.35000000000001,0,43,property,0.32558139534883723,0.959569542068579,property,0.6804,True,0.1226,0.6804,0.197,19.7,LA,medium
34.03,-118.35000000000001,1,35,property,0.17142857142857143,1.0649968705807584,property,0.7599,True,0.1369,0.7599,0.1032,10.3,LA,medium
34.03,-118.35000000000001,2,66,other,0.09090909090909091,1.073502017562408,property,0.7596,False,0.1368,0.7596,0.1036,10.4,LA,medium
34.03,-118.35000000000001,3,72,violent,0.013888888888888888,1.0944803300930632,property,0.7602,False,0.1366,0.7602,0.1031,10.3,LA,medium
34.03,-118.34,0,45,property,0.17777777777777778,1.0350012056698188,property,0.7642,True,0.1371,0.7642,0.0987,9.9,LA,medium
34.03,-118.34,1,90,property,0.03333333333333333,0.9791254836051388,property,0.7118,True,0.1288,0.7118,0.1593,15.9,LA,medium
34.03,-118.34,2,123,property,0.08943089430894309,1.080624726729415,property,0.6986,True,0.1268,0.6986,0.1747,17.5,LA,medium
34.03,-118.34,3,116,property,0.12931034482758622,1.0769355724634655,property,0.7432,True,0.1345,0.7432,0.1223,12.2,LA,medium
34.03,-118.33,0,55,violent,0.03636363636363636,1.0963156586476264,property,0.7397,False,0.1371,0.7397,0.1232,12.3,LA,medium
34.03,-118.33,1,63,violent,0.031746031746031744,1.0885180160551944,property,0.7645,False,0.1371,0.7645,0.0983,9.8,LA,medium
34.03,-118.33,2,101,property,0.039603960396039604,1.0925847646020526,property,0.7609,True,0.1369,0.7609,0.1022,10.2,LA,medium
34.03,-118.33,3,109,property,0.14678899082568808,1.0586019764487602,property,0.7259,True,0.1309,0.7259,0.1431,14.3,LA,medium
34.03,-118.32000000000001,0,44,property,0.20454545454545456,1.0314101608066952,property,0.7516,True,0.1375,0.7516,0.1109,11.1,LA,medium
34.03,-118.32000000000001,1,50,property,0.12,1.068358338884637,property,0.7609,True,0.1368,0.7609,0.1023,10.2,LA,medium
34.03,-118.32000000000001,2,77,property,0.3246753246753247,0.9750328619682361,property,0.6958,True,0.1256,0.6958,0.1786,17.9,LA,medium
34.03,-118.32000000000001,3,104,property,0.15384615384615385,1.0579054247036734,property,0.7458,True,0.1345,0.7458,0.1197,12.0,LA,medium
34.03,-118.31,0,56,property,0.08928571428571429,1.083140768859532,property,0.7209,True,0.1305,0.7209,0.1485,14.9,LA,medium
34.03,-118.31,1,56,violent,0.0,1.0933747175566466,property,0.7641,False,0.1371,0.7641,0.0988,9.9,LA,medium
34.03,-118.31,2,100,property,0.04,1.0909076040735128,property,0.7476,True,0.1346,0.7476,0.1178,11.8,LA,medium
34.03,-118.31,3,99,property,0.10101010101010101,1.0830223404776906,property,0.7572,True,0.1365,0.7572,0.1063,10.6,LA,medium
34.03,-118.3,0,71,property,0.16901408450704225,1.0246814155554014,property,0.6823,True,0.1231,0.6823,0.1947,19.5,LA,medium
34.03,-118.3,1,64,property,0.015625,1.0953886842281757,property,0.7414,True,0.1367,0.7414,0.1219,12.2,LA,medium
34.03,-118.3,2,127,property,0.10236220472440945,1.081376791814738,property,0.7234,True,0.1308,0.7234,0.1458,14.6,LA,medium
34.03,-118.3,3,129,property,0.10077519379844961,1.0746263730029233,property,0.7206,True,0.1303,0.7206,0.1491,14.9,LA,medium
34.03,-118.29,0,75,violent,0.08,1.092363940171662,property,0.7563,False,0.137,0.7563,0.1067,10.7,LA,medium
34.03,-118.29,1,113,property,0.168141592920354,1.0043003144795708,property,0.7601,True,0.138,0.7601,0.1019,10.2,LA,medium
34.03,-118.29,2,184,property,0.17391304347826086,0.9847928094933527,property,0.755,True,0.1402,0.755,0.1048,10.5,LA,medium
34.03,-118.29,3,183,property,0.1366120218579235,1.0657197898105926,property,0.75,True,0.1436,0.75,0.1065,10.6,LA,medium
34.03,-118.28,0,100,property,0.15,1.0472156123665326,property,0.764,True,0.1371,0.764,0.0989,9.9,LA,medium
34.03,-118.28,1,105,property,0.0380952380952381,1.0660853392980012,property,0.7521,True,0.1413,0.7521,0.1066,10.7,LA,medium
34.03,-118.28,2,191,other,0.020942408376963352,1.0802712232249732,property,0.7515,False,0.1415,0.7515,0.107,10.7,LA,medium
34.03,-118.28,3,206,property,0.043689320388349516,1.0837217342464451,property,0.7493,True,0.1436,0.7493,0.107,10.7,LA,medium
34.03,-118.27,0,85,property,0.27058823529411763,1.0267223087764905,property,0.7642,True,0.1371,0.7642,0.0987,9.9,LA,medium
34.03,-118.27,1,124,property,0.23387096774193547,0.9972481225907442,property,0.751,True,0.1386,0.751,0.1105,11.0,LA,medium
34.03,-118.27,2,156,other,0.00641025641025641,1.0939404180917252,property,0.7513,False,0.1386,0.7513,0.1101,11.0,LA,medium
34.03,-118.27,3,141,property,0.1347517730496454,1.0425480000304908,property,0.764,True,0.1371,0.764,0.0988,9.9,LA,medium
34.03,-118.26,0,185,property,0.4810810810810811,0.877051833533915,property,0.7642,True,0.1371,0.7642,0.0987,9.9,LA,medium
34.03,-118.26,1,114,property,0.20175438596491227,1.0562833525776703,property,0.7624,True,0.1369,0.7624,0.1007,10.1,LA,medium
34.03,-118.26,2,206,property,0.16019417475728157,1.0732750427153332,property,0.761,True,0.1367,0.761,0.1023,10.2,LA,medium
34.03,-118.26,3,182,property,0.23076923076923078,1.0382400185693474,property,0.7637,True,0.1371,0.7637,0.0992,9.9,LA,medium
34.03,-118.25,0,140,property,0.3142857142857143,0.9914904754404232,property,0.7638,True,0.1371,0.7638,0.0991,9.9,LA,medium
34.03,-118.25,1,107,property,0.028037383177570093,1.069463646913015,property,0.7644,True,0.1371,0.7644,0.0984,9.8,LA,medium
34.03,-118.25,2,167,property,0.10179640718562874,1.03314583238128,property,0.7641,True,0.1371,0.7641,0.0988,9.9,LA,medium
34.03,-118.25,3,127,property,0.31496062992125984,1.0059468742032656,property,0.7642,True,0.1371,0.7642,0.0986,9.9,LA,medium
34.03,-118.24000000000001,0,58,property,0.22413793103448276,1.0160051433118948,property,0.7522,True,0.1354,0.7522,0.1124,11.2,LA,medium
34.03,-118.24000000000001,1,67,property,0.2537313432835821,0.9991716912411401,property,0.7594,True,0.1367,0.7594,0.1039,10.4,LA,medium
34.03,-118.24000000000001,2,68,property,0.08823529411764706,1.0705464464729495,property,0.7642,True,0.1371,0.7642,0.0987,9.9,LA,medium
34.03,-118.24000000000001,3,55,property,0.3090909090909091,1.003712405335732,property,0.7637,True,0.1371,0.7637,0.0992,9.9,LA,medium
34.03,-118.23,0,55,property,0.5272727272727272,0.8320817743403378,property,0.7576,True,0.1368,0.7576,0.1056,10.6,LA,medium
34.03,-118.23,1,36,property,0.16666666666666666,1.072043343575071,property,0.7539,True,0.1409,0.7539,0.1052,10.5,LA,medium
34.03,-118.23,2,62,property,0.24193548387096775,0.8853788602260215,property,0.7542,True,0.1403,0.7542,0.1055,10.5,LA,medium
34.03,-118.23,3,89,property,0.6853932584269663,0.6116996800095962,property,0.7641,True,0.1371,0.7641,0.0988,9.9,LA,medium
34.03,-118.22,0,35,property,0.02857142857142857,1.0717287302022056,property,0.7644,True,0.1371,0.7644,0.0985,9.8,LA,medium
34.03,-118.22,1,46,property,0.13043478260869565,0.9801294262566072,property,0.7644,True,0.1371,0.7644,0.0984,9.8,LA,medium
34.03,-118.22,2,70,property,0.22857142857142856,1.0005264740852993,property,0.7523,True,0.1395,0.7523,0.1082,10.8,LA,medium
34.03,-118.22,3,51,property,0.29411764705882354,0.9970821256293034,property,0.7548,True,0.136,0.7548,0.1092,10.9,LA,medium
34.03,-118.21000000000001,0,25,property,0.16,1.038811757145593,property,0.7501,True,0.1353,0.7501,0.1146,11.5,LA,medium
34.03,-118.21000000000001,1,34,violent,0.0,1.0756483002797306,property,0.7637,False,0.1371,0.7637,0.0992,9.9,LA,medium
34.03,-118.21000000000001,2,56,property,0.08928571428571429,1.0474340283500259,property,0.7143,True,0.1291,0.7143,0.1566,15.7,LA,medium
34.03,-118.21000000000001,3,50,property,0.38,0.9141459218304915,property,0.7637,True,0.1371,0.7637,0.0992,9.9,LA,medium
34.03,-118.2,0,55,property,0.12727272727272726,1.0313204302749917,property,0.6837,True,0.1232,0.6837,0.1931,19.3,LA,medium
34.03,-118.2,1,93,property,0.3333333333333333,0.9793188798814669,property,0.7517,True,0.1415,0.7517,0.1068,10.7,LA,medium
34.03,-118.2,2,104,property,0.2403846153846154,1.0393508571216024,property,0.7557,True,0.1373,0.7557,0.107,10.7,LA,medium
34.03,-118.2,3,141,property,0.06382978723404255,1.0900648010814185,property,0.7471,True,0.1345,0.7471,0.1184,11.8,LA,medium
34.03,-118.19,0,9,other,0.1111111111111111,1.0608569471580214,property,0.7631,False,0.1371,0.7631,0.0998,10.0,LA,medium
34.03,-118.19,1,10,property,0.5,0.8018185525433373,property,0.7644,True,0.1371,0.7644,0.0985,9.8,LA,medium
34.03,-118.19,2,21,property,0.09523809523809523,1.0710185424099148,property,0.7555,True,0.1395,0.7555,0.1051,10.5,LA,medium
34.03,-118.19,3,23,property,0.391304347826087,0.8416853379716988,property,0.7641,True,0.1371,0.7641,0.0987,9.9,LA,medium
34.04,-118.56,1,24,property,0.3333333333333333,0.9596147939120492,property,0.7574,True,0.1395,0.7574,0.1031,10.3,LA,medium
34.04,-118.56,2,19,property,0.3157894736842105,0.9591824302739718,property,0.7607,True,0.138,0.7607,0.1013,10.1,LA,medium
34.04,-118.56,3,10,property,0.4,0.9502705392332347,property,0.7555,True,0.1368,0.7555,0.1077,10.8,LA,medium
34.04,-118.55,0,4,property,1.0,4.3446531758480495e-08,property,0.7487,True,0.1466,0.7487,0.1047,10.5,LA,medium
34.04,-118.55,1,14,property,0.5,0.7589367727620596,property,0.756,True,0.1392,0.756,0.1048,10.5,LA,medium
34.04,-118.55,2,13,property,0.46153846153846156,0.7902679680745903,property,0.7641,True,0.1371,0.7641,0.0987,9.9,LA,medium
34.04,-118.55,3,12,property,0.5,0.8675632284814613,property,0.7525,True,0.1405,0.7525,0.107,10.7,LA,medium
34.04,-118.54,0,4,other,0.25,1.0397207708399179,property,0.7601,False,0.1368,0.7601,0.1031,10.3,LA,medium
34.04,-118.54,1,17,property,0.4117647058823529,0.8739004142690672,property,0.7634,True,0.1374,0.7634,0.0993,9.9,LA,medium
34.04,-118.54,2,21,property,0.19047619047619047,0.9829007277151564,property,0.7643,True,0.1371,0.7643,0.0985,9.9,LA,medium
34.04,-118.54,3,9,property,0.1111111111111111,1.0608569471580214,property,0.76,True,0.1367,0.76,0.1033,10.3,LA,medium
34.04,-118.53,1,10,other,0.1,0.9433483923290393,property,0.7531,False,0.1417,0.7531,0.1052,10.5,LA,medium
34.04,-118.53,2,9,property,0.3333333333333333,0.9950269901795212,property,0.7643,True,0.1371,0.7643,0.0985,9.9,LA,medium
34.04,-118.53,3,12,property,0.0,1.0281838593329258,property,0.7645,True,0.1372,0.7645,0.0983,9.8,LA,medium
34.04,-118.52,0,6,property,1.0,4.3446531758480495e-08,property,0.7488,True,0.1467,0.7488,0.1046,10.5,LA,medium
34.04,-118.52,1,4,property,0.25,1.0397207708399179,property,0.7639,True,0.1371,0.7639,0.099,9.9,LA,medium
34.04,-118.52,2,6,property,0.16666666666666666,1.0114042647073518,property,0.7637,True,0.1371,0.7637,0.0992,9.9,LA,medium
34.04,-118.52,3,9,property,0.2222222222222222,0.9368883075390159,property,0.7643,True,0.1371,0.7643,0.0986,9.9,LA,medium
34.04,-118.51,1,7,property,0.7142857142857143,0.4101163396015586,property,0.7632,True,0.1371,0.7632,0.0997,10.0,LA,medium
34.04,-118.51,2,8,property,0.625,0.7356219397587946,property,0.7204,True,0.1305,0.7204,0.1491,14.9,LA,medium
34.04,-118.47,0,17,property,0.5882352941176471,0.6779087256441981,property,0.7645,True,0.1372,0.7645,0.0983,9.8,LA,medium
34.04,-118.47,1,33,other,0.030303030303030304,1.0406984379215733,property,0.7535,False,0.1416,0.7535,0.105,10.5,LA,medium
34.04,-118.47,2,44,other,0.11363636363636363,0.9611271251680538,property,0.7513,False,0.1422,0.7513,0.1065,10.6,LA,medium
34.04,-118.47,3,35,property,0.2,0.9465366944580442,property,0.7611,True,0.1381,0.7611,0.1008,10.1,LA,medium
34.04,-118.46000000000001,0,53,property,0.41509433962264153,0.922431182887935,property,0.7645,True,0.1371,0.7645,0.0983,9.8,LA,medium
34.04,-118.46000000000001,1,240,property,0.7083333333333334,0.505954837591979,property,0.7639,True,0.1374,0.7639,0.0987,9.9,LA,medium
34.04,-118.46000000000001,2,327,property,0.7186544342507645,0.5239476026393923,property,0.7645,True,0.1371,0.7645,0.0983,9.8,LA,medium
34.04,-118.46000000000001,3,290,property,0.6310344827586207,0.6563901006879533,property,0.7643,True,0.1371,0.7643,0.0985,9.9,LA,medium
34.04,-118.45,0,21,property,0.42857142857142855,0.8359373644898986,property,0.7645,True,0.1372,0.7645,0.0984,9.8,LA,medium
34.04,-118.45,1,31,property,0.3548387096774194,0.9138242889341586,property,0.7628,True,0.1375,0.7628,0.0997,10.0,LA,medium
34.04,-118.45,2,55,property,0.14545454545454545,0.9739196797893305,property,0.7643,True,0.1371,0.7643,0.0986,9.9,LA,medium
34.04,-118.45,3,51,property,0.3333333333333333,0.9511237615419077,property,0.7645,True,0.1371,0.7645,0.0983,9.8,LA,medium
34.04,-118.44,0,32,property,0.5625,0.7873379661428357,property,0.7645,True,0.1371,0.7645,0.0984,9.8,LA,medium
34.04,-118.44,1,70,property,0.22857142857142856,1.0378817804475253,property,0.7646,True,0.1372,0.7646,0.0982,9.8,LA,medium
34.04,-118.44,2,118,property,0.2033898305084746,1.0192414931806737,property,0.7643,True,0.1371,0.7643,0.0986,9.9,LA,medium
34.04,-118.44,3,80,property,0.3375,0.973494161433958,property,0.7646,True,0.1371,0.7646,0.0983,9.8,LA,medium
34.04,-118.43,0,15,property,0.3333333333333333,0.9276173343271816,property,0.7641,True,0.1371,0.7641,0.0987,9.9,LA,medium
34.04,-118.43,1,45,property,0.1111111111111111,0.9862598755879429,property,0.7541,True,0.14,0.7541,0.106,10.6,LA,medium
34.04,-118.43,2,58,property,0.1724137931034483,1.0406620152965456,property,0.7495,True,0.1446,0.7495,0.1059,10.6,LA,medium
34.04,-118.43,3,58,property,0.06896551724137931,1.056550827592059,property,0.7529,True,0.1399,0.7529,0.1072,10.7,LA,medium
34.04,-118.42,0,5,violent,0.0,1.0549201679861442,property,0.7626,False,0.1371,0.7626,0.1003,10.0,LA,medium
34.04,-118.42,1,16,other,0.125,1.0717300941124526,property,0.7645,False,0.1372,0.7645,0.0983,9.8,LA,medium
34.04,-118.42,2,38,property,0.3157894736842105,0.6424220421570981,property,0.7637,True,0.1374,0.7637,0.0989,9.9,LA,medium
34.04,-118.42,3,27,property,0.2962962962962963,0.7795536050790828,property,0.7644,True,0.1371,0.7644,0.0984,9.8,LA,medium
34.04,-118.41,0,7,property,0.42857142857142855,0.5982696097102536,property,0.7644,True,0.1371,0.7644,0.0985,9.9,LA,medium
34.04,-118.41,1,6,property,0.3333333333333333,0.6365141893815645,property,0.7643,True,0.1371,0.7643,0.0986,9.9,LA,medium
34.04,-118.41,2,29,property,0.5862068965517241,0.6970745231873934,property,0.7644,True,0.1372,0.7644,0.0984,9.8,LA,medium
34.04,-118.41,3,13,property,0.07692307692307693,1.0123308391031733,property,0.7613,True,0.1381,0.7613,0.1006,10.1,LA,medium
34.04,-118.4,0,10,property,0.6,0.5004024447610513,property,0.7644,True,0.1371,0.7644,0.0985,9.8,LA,medium
34.04,-118.4,1,8,property,0.5,0.5623351657797391,property,0.7644,True,0.1371,0.7644,0.0984,9.8,LA,medium
34.04,-118.4,2,22,property,0.45454545454545453,0.5859526394408641,property,0.7614,True,0.1381,0.7614,0.1006,10.1,LA,medium
34.04,-118.4,3,10,other,0.1,0.9433483923290393,property,0.7645,False,0.1372,0.7645,0.0984,9.8,LA,medium
34.04,-118.39,0,21,property,0.09523809523809523,0.9989405268004004,property,0.7646,True,0.1372,0.7646,0.0983,9.8,LA,medium
34.04,-118.39,1,23,other,0.17391304347826086,0.9724399117161489,property,0.7638,False,0.1375,0.7638,0.0987,9.9,LA,medium
34.04,-118.39,2,38,property,0.05263157894736842,1.0601189359398382,property,0.7644,True,0.1371,0.7644,0.0985,9.8,LA,medium
34.04,-118.39,3,53,other,0.018867924528301886,0.9676463341164714,property,0.7644,False,0.1371,0.7644,0.0984,9.8,LA,medium
34.04,-118.38,0,43,property,0.11627906976744186,1.0654560657234124,property,0.7394,True,0.139,0.7394,0.1216,12.2,LA,medium
34.04,-118.38,1,91,property,0.38461538461538464,0.9251290835720822,property,0.7609,True,0.1371,0.7609,0.1021,10.2,LA,medium
34.04,-118.38,2,186,property,0.4032258064516129,0.9264134679854015,property,0.7611,True,0.1368,0.7611,0.1021,10.2,LA,medium
34.04,-118.38,3,149,property,0.2550335570469799,1.0258478414475818,property,0.7642,True,0.1371,0.7642,0.0987,9.9,LA,medium
34.04,-118.37,0,33,other,0.2727272727272727,1.0287593337139636,property,0.7043,False,0.1282,0.7043,0.1675,16.7,LA,medium
34.04,-118.37,1,41,property,0.1951219512195122,1.0426319090320688,property,0.7646,True,0.1372,0.7646,0.0982,9.8,LA,medium
34.04,-118.37,2,52,property,0.09615384615384616,1.0874524923398594,property,0.7639,True,0.1371,0.7639,0.099,9.9,LA,medium
34.04,-118.37,3,44,property,0.06818181818181818,1.079092073476302,property,0.7645,True,0.1371,0.7645,0.0984,9.8,LA,medium
34.04,-118.36,0,35,property,0.05714285714285714,1.0954041286732956,property,0.764,True,0.1371,0.764,0.0989,9.9,LA,medium
34.04,-118.36,1,37,violent,0.02702702702702703,1.088836961521142,property,0.7642,False,0.1371,0.7642,0.0987,9.9,LA,medium
34.04,-118.36,2,59,violent,0.11864406779661017,1.0483659074539786,property,0.7641,False,0.1371,0.7641,0.0988,9.9,LA,medium
34.04,-118.36,3,56,other,0.05357142857142857,1.094525089248033,property,0.7497,False,0.1359,0.7497,0.1144,11.4,LA,medium
34.04,-118.35000000000001,0,39,violent,0.1282051282051282,1.073578118530874,property,0.7516,False,0.1387,0.7516,0.1096,11.0,LA,medium
34.04,-118.35000000000001,1,52,property,0.019230769230769232,1.093709386603995,property,0.7644,True,0.1371,0.7644,0.0985,9.8,LA,medium
34.04,-118.35000000000001,2,95,violent,0.05263157894736842,1.0958871542125534,property,0.7641,False,0.1371,0.7641,0.0988,9.9,LA,medium
34.04,-118.35000000000001,3,96,property,0.13541666666666666,1.0794963539480527,property,0.7578,True,0.1365,0.7578,0.1057,10.6,LA,medium
34.04,-118.34,0,63,property,0.09523809523809523,1.0534680294742529,property,0.7527,True,0.1356,0.7527,0.1117,11.2,LA,medium
34.04,-118.34,1,89,violent,0.02247191011235955,1.0850838563286436,property,0.7062,False,0.1285,0.7062,0.1653,16.5,LA,medium
34.04,-118.34,2,107,property,0.17757009345794392,1.0650078779928307,property,0.7613,True,0.1368,0.7613,0.1019,10.2,LA,medium
34.04,-118.34,3,122,violent,0.02459016393442623,1.0932086008013278,property,0.749,False,0.1377,0.749,0.1132,11.3,LA,medium
34.04,-118.33,0,25,property,0.2,1.0512435186197397,property,0.6925,True,0.1251,0.6925,0.1824,18.2,LA,medium
34.04,-118.33,1,52,property,0.09615384615384616,1.0874524923398594,property,0.7643,True,0.1371,0.7643,0.0985,9.9,LA,medium
34.04,-118.33,2,59,property,0.06779661016949153,1.0648050971108571,property,0.7604,True,0.137,0.7604,0.1026,10.3,LA,medium
34.04,-118.33,3,68,property,0.29411764705882354,1.0031048782436716,property,0.6902,True,0.1246,0.6902,0.1853,18.5,LA,medium
34.04,-118.32000000000001,0,42,property,0.21428571428571427,1.0003208881816987,property,0.7646,True,0.1372,0.7646,0.0982,9.8,LA,medium
34.04,-118.32000000000001,1,65,violent,0.0,1.030509750433855,property,0.711,False,0.1291,0.711,0.1599,16.0,LA,medium
34.04,-118.32000000000001,2,74,property,0.20270270270270271,1.0458721225883925,property,0.7582,True,0.1367,0.7582,0.1051,10.5,LA,medium
34.04,-118.32000000000001,3,93,property,0.21505376344086022,1.0405243811183227,property,0.7641,True,0.1371,0.7641,0.0988,9.9,LA,medium
34.04,-118.31,0,67,property,0.19402985074626866,1.0523148723821585,property,0.7642,True,0.1371,0.7642,0.0987,9.9,LA,medium
34.04,-118.31,1,67,property,0.14925373134328357,1.0772260480785412,property,0.7605,True,0.1368,0.7605,0.1026,10.3,LA,medium
34.04,-118.31,2,98,property,0.15306122448979592,1.0683570849591815,property,0.7608,True,0.1368,0.7608,0.1023,10.2,LA,medium
34.04,-118.31,3,113,violent,0.035398230088495575,1.076557180157846,property,0.7089,False,0.1281,0.7089,0.163,16.3,LA,medium
34.04,-118.3,0,48,property,0.20833333333333334,1.0528762523490072,property,0.7563,True,0.136,0.7563,0.1076,10.8,LA,medium
34.04,-118.3,1,54,property,0.05555555555555555,1.0893096789558299,property,0.7467,True,0.1358,0.7467,0.1175,11.7,LA,medium
34.04,-118.3,2,75,property,0.17333333333333334,1.0675431202000278,property,0.746,True,0.1345,0.746,0.1195,11.9,LA,medium
34.04,-118.3,3,111,property,0.06306306306306306,1.0628148195710647,property,0.6778,True,0.1221,0.6778,0.2001,20.0,LA,medium
34.04,-118.29,0,51,property,0.17647058823529413,1.0688850014380966,property,0.7623,True,0.1369,0.7623,0.1008,10.1,LA,medium
34.04,-118.29,1,75,property,0.24,1.0333874950078017,property,0.7603,True,0.1369,0.7603,0.1027,10.3,LA,medium
34.04,-118.29,2,98,property,0.12244897959183673,1.0603672056514117,property,0.7539,True,0.1373,0.7539,0.1088,10.9,LA,medium
34.04,-118.29,3,110,property,0.07272727272727272,1.0380231402162603,property,0.7572,True,0.1369,0.7572,0.106,10.6,LA,medium
34.04,-118.28,0,56,violent,0.23214285714285715,1.0384441737987413,property,0.7494,False,0.1351,0.7494,0.1154,11.5,LA,medium
34.04,-118.28,1,91,property,0.03296703296703297,1.0527040354853874,property,0.7614,True,0.1368,0.7614,0.1018,10.2,LA,medium
34.04,-118.28,2,102,violent,0.00980392156862745,1.0800799320061936,property,0.7563,False,0.1376,0.7563,0.1061,10.6,LA,medium
34.04,-118.28,3,127,violent,0.07086614173228346,1.0437939849633802,property,0.6939,False,0.1253,0.6939,0.1808,18.1,LA,medium
34.04,-118.27,0,130,property,0.05384615384615385,1.0674294130367261,property,0.6861,True,0.1237,0.6861,0.1902,19.0,LA,medium
34.04,-118.27,1,142,property,0.2605633802816901,1.0051071037777801,property,0.7547,True,0.1374,0.7547,0.1078,10.8,LA,medium
34.04,-118.27,2,251,property,0.02390438247011952,1.0822152189304768,property,0.761,True,0.1369,0.761,0.1021,10.2,LA,medium
34.04,-118.27,3,345,property,0.23768115942028986,1.0261521081286014,property,0.764,True,0.1371,0.764,0.0988,9.9,LA,medium
34.04,-118.26,0,243,property,0.16872427983539096,1.035318843779804,property,0.6877,True,0.124,0.6877,0.1883,18.8,LA,medium
34.04,-118.26,1,251,property,0.29880478087649404,1.0139352618586688,property,0.7595,True,0.1374,0.7595,0.103,10.3,LA,medium
34.04,-118.26,2,399,property,0.2506265664160401,1.0199341899364613,property,0.7624,True,0.1371,0.7624,0.1005,10.1,LA,medium
34.04,-118.26,3,538,property,0.4200743494423792,0.928321483283294,property,0.7629,True,0.1371,0.7629,0.1,10.0,LA,medium
34.04,-118.25,0,253,violent,0.16205533596837945,1.0420161284217875,property,0.6773,False,0.122,0.6773,0.2006,20.1,LA,medium
34.04,-118.25,1,363,violent,0.05785123966942149,1.081316517403373,property,0.678,False,0.1222,0.678,0.1998,20.0,LA,medium
34.04,-118.25,2,511,violent,0.07045009784735812,1.0712188370785785,property,0.6785,False,0.1223,0.6785,0.1992,19.9,LA,medium
34.04,-118.25,3,404,property,0.007425742574257425,1.0552280594032735,property,0.6871,True,0.124,0.6871,0.1888,18.9,LA,medium
34.04,-118.24000000000001,0,161,violent,0.08695652173913043,1.0535227310410058,property,0.6763,False,0.1218,0.6763,0.2018,20.2,LA,medium
34.04,-118.24000000000001,1,215,violent,0.3209302325581395,1.0010676615325562,property,0.6763,False,0.1218,0.6763,0.2019,20.2,LA,medium
34.04,-118.24000000000001,2,253,violent,0.1067193675889328,1.0514712958178147,property,0.6786,False,0.1224,0.6786,0.199,19.9,LA,medium
34.04,-118.24000000000001,3,273,violent,0.1282051282051282,1.0430928663086827,property,0.6787,False,0.1224,0.6787,0.1989,19.9,LA,medium
34.04,-118.23,0,53,property,0.07547169811320754,1.0275945815623766,property,0.7642,True,0.1371,0.7642,0.0986,9.9,LA,medium
34.04,-118.23,1,34,property,0.17647058823529413,1.0177713579953944,property,0.7643,True,0.1371,0.7643,0.0985,9.9,LA,medium
34.04,-118.23,2,60,property,0.4166666666666667,0.870226597937817,property,0.7643,True,0.1371,0.7643,0.0986,9.9,LA,medium
34.04,-118.23,3,108,property,0.5,0.7633819976562309,property,0.764,True,0.1371,0.764,0.0989,9.9,LA,medium
34.04,-118.22,0,50,violent,0.14,1.0726624326798246,property,0.7149,False,0.1292,0.7149,0.1559,15.6,LA,medium
34.04,-118.22,1,64,property,0.28125,0.9960598208824665,property,0.7642,True,0.1371,0.7642,0.0986,9.9,LA,medium
34.04,-118.22,2,68,property,0.08823529411764706,1.0822819419272887,property,0.763,True,0.1371,0.763,0.0999,10.0,LA,medium
34.04,-118.22,3,86,property,0.06976744186046512,1.0811880497928081,property,0.7619,True,0.1369,0.7619,0.1012,10.1,LA,medium
34.04,-118.21000000000001,0,65,violent,0.09230769230769231,1.0807381403069534,property,0.7292,False,0.1319,0.7292,0.1389,13.9,LA,medium
34.04,-118.21000000000001,1,122,other,0.02459016393442623,1.0977449190083644,property,0.6907,False,0.1245,0.6907,0.1848,18.5,LA,medium
34.04,-118.21000000000001,2,170,violent,0.03529411764705882,1.0941951411641253,property,0.7377,False,0.1331,0.7377,0.1292,12.9,LA,medium
34.04,-118.21000000000001,3,170,violent,0.24705882352941178,1.0350137927281287,property,0.6878,False,0.124,0.6878,0.1882,18.8,LA,medium
34.04,-118.2,0,38,property,0.10526315789473684,1.0795295733255186,property,0.7518,True,0.1355,0.7518,0.1126,11.3,LA,medium
34.04,-118.2,1,40,other,0.05,1.0104127537805414,property,0.7641,False,0.1371,0.7641,0.0987,9.9,LA,medium
34.04,-118.2,2,52,violent,0.038461538461538464,1.088010262277112,property,0.761,False,0.1369,0.761,0.1021,10.2,LA,medium
34.04,-118.2,3,76,property,0.14473684210526316,1.0764878837801644,property,0.7271,True,0.1315,0.7271,0.1414,14.1,LA,medium
34.04,-118.19,0,6,property,0.5,0.8675632284814613,property,0.7454,True,0.1374,0.7454,0.1172,11.7,LA,medium
34.04,-118.19,1,14,other,0.5,0.7589367727620595,property,0.7341,False,0.1352,0.7341,0.1307,13.1,LA,medium
34.04,-118.19,2,8,property,0.125,0.9743147528693494,property,0.7454,True,0.1344,0.7454,0.1202,12.0,LA,medium
34.04,-118.19,3,34,property,0.17647058823529413,1.0177713579953944,property,0.7635,True,0.1371,0.7635,0.0994,9.9,LA,medium
34.05,-118.56,1,9,property,1.0,4.3446531758480495e-08,property,0.764,True,0.1371,0.764,0.0989,9.9,LA,medium
34.05,-118.56,2,10,property,1.0,4.3446531758480495e-08,property,0.764,True,0.1371,0.764,0.0989,9.9,LA,medium
34.05,-118.56,3,3,property,1.0,4.3446531758480495e-08,property,0.7624,True,0.1371,0.7624,0.1005,10.1,LA,medium
34.05,-118.55,1,5,other,0.4,0.9502705392332347,property,0.7625,False,0.1371,0.7625,0.1004,10.0,LA,medium
34.05,-118.55,2,9,property,0.7777777777777778,0.34883211721746554,property,0.7641,True,0.1371,0.7641,0.0988,9.9,LA,medium
34.05,-118.54,0,7,property,0.0,1.0042424730540764,property,0.7602,True,0.1381,0.7602,0.1017,10.2,LA,medium
34.05,-118.54,2,7,property,0.42857142857142855,0.5982696097102536,property,0.7641,True,0.1371,0.7641,0.0987,9.9,LA,medium
34.05,-118.54,3,13,property,0.7692307692307693,0.5359610497090694,property,0.7643,True,0.1371,0.7643,0.0986,9.9,LA,medium
34.05,-118.53,0,7,property,0.7142857142857143,0.4101163396015584,property,0.7636,True,0.1371,0.7636,0.0992,9.9,LA,medium
34.05,-118.53,1,17,property,0.5294117647058824,0.803742107316203,property,0.7543,True,0.1406,0.7543,0.1052,10.5,LA,medium
34.05,-118.53,2,21,property,0.6190476190476191,0.7091152575824364,property,0.7642,True,0.1371,0.7642,0.0987,9.9,LA,medium
34.05,-118.53,3,8,property,0.0,0.6931472015900639,property,0.7516,True,0.1411,0.7516,0.1072,10.7,LA,medium
34.05,-118.52,0,4,property,0.0,0.6931472015900639,property,0.7645,True,0.1372,0.7645,0.0983,9.8,LA,medium
34.05,-118.52,1,11,other,0.18181818181818182,0.9164648855394713,property,0.7488,False,0.1467,0.7488,0.1045,10.4,LA,medium
34.05,-118.52,2,15,property,0.3333333333333333,0.6365141893815645,property,0.755,True,0.1405,0.755,0.1045,10.5,LA,medium
34.05,-118.52,3,8,property,0.25,1.0397207708399179,property,0.7532,True,0.1413,0.7532,0.1055,10.6,LA,medium
34.05,-118.51,2,9,property,1.0,4.3446531758480495e-08,property,0.7643,True,0.1371,0.7643,0.0986,9.9,LA,medium
34.05,-118.51,3,5,property,0.4,0.9502705392332347,property,0.7642,True,0.1371,0.7642,0.0987,9.9,LA,medium
34.05,-118.5,0,3,property,0.3333333333333333,0.6365141893815645,property,0.7645,True,0.1372,0.7645,0.0984,9.8,LA,medium
34.05,-118.5,1,3,property,1.0,4.3446531758480495e-08,property,0.7575,True,0.1393,0.7575,0.1031,10.3,LA,medium
34.05,-118.5,2,3,property,0.3333333333333333,0.6365141893815645,property,0.7643,True,0.1371,0.7643,0.0986,9.9,LA,medium
34.05,-118.5,3,3,other,0.3333333333333333,0.6365141893815645,property,0.7542,False,0.1403,0.7542,0.1055,10.5,LA,medium
34.05,-118.49000000000001,1,6,property,0.16666666666666666,1.0114042647073518,property,0.7536,True,0.1404,0.7536,0.106,10.6,LA,medium
34.05,-118.49000000000001,2,11,property,0.18181818181818182,0.9164648855394713,property,0.7542,True,0.1403,0.7542,0.1055,10.5,LA,medium
34.05,-118.49000000000001,3,6,other,0.16666666666666666,1.0114042647073518,property,0.7643,False,0.1371,0.7643,0.0986,9.9,LA,medium
34.05,-118.48,0,7,property,0.0,1.0042424730540764,property,0.7643,True,0.1371,0.7643,0.0986,9.9,LA,medium
34.05,-118.48,1,21,property,0.23809523809523808,0.9099250471537522,property,0.7491,True,0.1464,0.7491,0.1044,10.4,LA,medium
34.05,-118.48,2,23,other,0.13043478260869565,0.9189639831203728,property,0.7632,False,0.1374,0.7632,0.0994,9.9,LA,medium
34.05,-118.48,3,18,property,0.2222222222222222,1.0366279688586069,property,0.7643,True,0.1371,0.7643,0.0985,9.9,LA,medium
34.05,-118.47,0,17,other,0.058823529411764705,0.9718487712358765,property,0.7643,False,0.1371,0.7643,0.0985,9.9,LA,medium
34.05,-118.47,1,39,property,0.3333333333333333,0.8000470363788539,property,0.7577,True,0.1394,0.7577,0.1029,10.3,LA,medium
34.05,-118.47,2,54,property,0.3333333333333333,0.9950269901795212,property,0.7641,True,0.1371,0.7641,0.0988,9.9,LA,medium
34.05,-118.47,3,66,property,0.30303030303030304,0.9251278157134366,property,0.7568,True,0.1393,0.7568,0.1039,10.4,LA,medium
34.05,-118.46000000000001,0,46,property,0.1956521739130435,1.027811162206268,property,0.7612,True,0.137,0.7612,0.1018,10.2,LA,medium
34.05,-118.46000000000001,1,60,property,0.2833333333333333,0.8777076963762203,property,0.7639,True,0.1374,0.7639,0.0987,9.9,LA,medium
34.05,-118.46000000000001,2,97,property,0.18556701030927836,0.8836471502324759,property,0.7636,True,0.1374,0.7636,0.099,9.9,LA,medium
34.05,-118.46000000000001,3,96,property,0.17708333333333334,0.9218807256929438,property,0.7645,True,0.1371,0.7645,0.0984,9.8,LA,medium
34.05,-118.45,0,43,property,0.37209302325581395,0.938927279370628,property,0.7643,True,0.1371,0.7643,0.0986,9.9,LA,medium
34.05,-118.45,1,61,property,0.0,1.0634816428011575,property,0.7516,True,0.142,0.7516,0.1065,10.6,LA,medium
34.05,-118.45,2,82,property,0.06097560975609756,1.071448789816453,property,0.754,True,0.1409,0.754,0.1051,10.5,LA,medium
34.05,-118.45,3,76,property,0.2894736842105263,0.990686339581135,property,0.7611,True,0.1367,0.7611,0.1022,10.2,LA,medium
34.05,-118.44,0,45,property,0.1111111111111111,1.0608569471580214,property,0.7645,True,0.1371,0.7645,0.0983,9.8,LA,medium
34.05,-118.44,1,62,property,0.12903225806451613,1.039950029250646,property,0.7624,True,0.1369,0.7624,0.1007,10.1,LA,medium
34.05,-118.44,2,119,property,0.1092436974789916,1.0750285116963365,property,0.7642,True,0.1371,0.7642,0.0986,9.9,LA,medium
34.05,-118.44,3,83,property,0.2891566265060241,0.9882238460024477,property,0.7645,True,0.1371,0.7645,0.0983,9.8,LA,medium
34.05,-118.43,0,16,property,0.3125,0.8305236914828463,property,0.7639,True,0.1371,0.7639,0.0989,9.9,LA,medium
34.05,-118.43,1,21,other,0.23809523809523808,0.9099250471537521,property,0.7549,False,0.1406,0.7549,0.1045,10.4,LA,medium
34.05,-118.43,2,52,property,0.19230769230769232,0.8101502323878818,property,0.7644,True,0.1371,0.7644,0.0985,9.8,LA,medium
34.05,-118.43,3,50,property,0.28,0.8731726364245316,property,0.7644,True,0.1371,0.7644,0.0984,9.8,LA,medium
34.05,-118.42,0,5,property,1.0,4.3446531758480495e-08,property,0.7645,True,0.1372,0.7645,0.0983,9.8,LA,medium
34.05,-118.42,1,18,property,0.1111111111111111,0.9580002800887726,property,0.7646,True,0.1372,0.7646,0.0983,9.8,LA,medium
34.05,-118.42,2,49,property,0.12244897959183673,0.9435871187629146,property,0.7643,True,0.1371,0.7643,0.0985,9.9,LA,medium
34.05,-118.42,3,32,property,0.34375,0.9461401996818655,property,0.7643,True,0.1371,0.7643,0.0986,9.9,LA,medium
34.05,-118.41,2,6,property,0.5,0.8675632284814613,property,0.7637,True,0.1371,0.7637,0.0992,9.9,LA,medium
34.05,-118.41,3,5,violent,0.0,1.0549201679861442,property,0.7488,False,0.1467,0.7488,0.1045,10.5,LA,medium
34.05,-118.4,0,9,property,0.2222222222222222,0.9368883075390159,property,0.7644,True,0.1371,0.7644,0.0985,9.8,LA,medium
34.05,-118.4,1,13,other,0.15384615384615385,0.8981370031878679,property,0.755,False,0.1406,0.755,0.1045,10.4,LA,medium
34.05,-118.4,2,28,property,0.2857142857142857,0.8562779956715776,property,0.7542,True,0.1412,0.7542,0.1045,10.5,LA,medium
34.05,-118.4,3,26,property,0.23076923076923078,1.0382400185693472,property,0.7638,True,0.1374,0.7638,0.0988,9.9,LA,medium
34.05,-118.39,0,19,property,0.7368421052631579,0.5366645624845251,property,0.7537,True,0.1406,0.7537,0.1057,10.6,LA,medium
34.05,-118.39,1,19,property,0.21052631578947367,0.9932682101499606,property,0.7513,True,0.1425,0.7513,0.1062,10.6,LA,medium
34.05,-118.39,2,39,property,0.10256410256410256,1.0329240743313957,property,0.7635,True,0.1375,0.7635,0.099,9.9,LA,medium
34.05,-118.39,3,23,property,0.08695652173913043,0.9855939523286115,property,0.7646,True,0.1372,0.7646,0.0983,9.8,LA,medium
34.05,-118.38,0,50,other,0.04,1.097032390352067,property,0.7637,False,0.1374,0.7637,0.0989,9.9,LA,medium
34.05,-118.38,1,61,other,0.14754098360655737,1.0585317411621358,property,0.764,False,0.1373,0.764,0.0986,9.9,LA,medium
34.05,-118.38,2,97,property,0.10309278350515463,1.0293334420008102,property,0.764,True,0.1371,0.764,0.0988,9.9,LA,medium
34.05,-118.38,3,83,property,0.1566265060240964,1.0620356058401221,property,0.7646,True,0.1371,0.7646,0.0983,9.8,LA,medium
34.05,-118.37,0,45,property,0.1111111111111111,0.9862598755879429,property,0.7645,True,0.1372,0.7645,0.0983,9.8,LA,medium
34.05,-118.37,1,39,property,0.07692307692307693,1.0546651897961083,property,0.7646,True,0.1372,0.7646,0.0983,9.8,LA,medium
34.05,-118.37,2,81,property,0.18518518518518517,1.0579147533507978,property,0.7642,True,0.1371,0.7642,0.0986,9.9,LA,medium
34.05,-118.37,3,78,other,0.02564102564102564,1.0389504230736044,property,0.7642,False,0.1371,0.7642,0.0986,9.9,LA,medium
34.05,-118.36,0,15,property,0.4666666666666667,0.5799151925614515,property,0.7616,True,0.1372,0.7616,0.1012,10.1,LA,medium
34.05,-118.36,1,42,property,0.21428571428571427,1.0550900594108927,property,0.7596,True,0.1366,0.7596,0.1038,10.4,LA,medium
34.05,-118.36,2,52,property,0.038461538461538464,0.9699594355506201,property,0.7631,True,0.1371,0.7631,0.0998,10.0,LA,medium
34.05,-118.36,3,61,property,0.08196721311475409,0.942703800453016,property,0.7643,True,0.1371,0.7643,0.0986,9.9,LA,medium
34.05,-118.35000000000001,0,67,property,0.1791044776119403,1.0619676821945845,property,0.7297,True,0.1322,0.7297,0.1381,13.8,LA,medium
34.05,-118.35000000000001,1,60,property,0.13333333333333333,1.0437570363314084,property,0.7481,True,0.1459,0.7481,0.106,10.6,LA,medium
34.05,-118.35000000000001,2,100,property,0.1,1.0712737216724142,property,0.7514,True,0.1386,0.7514,0.11,11.0,LA,medium
34.05,-118.35000000000001,3,106,property,0.2830188679245283,1.0083027580500936,property,0.754,True,0.1372,0.754,0.1088,10.9,LA,medium
34.05,-118.34,0,41,property,0.04878048780487805,1.0962687420571586,property,0.7583,True,0.1368,0.7583,0.1049,10.5,LA,medium
34.05,-118.34,1,174,property,0.21839080459770116,0.970763942071429,property,0.7516,True,0.1419,0.7516,0.1065,10.7,LA,medium
34.05,-118.34,2,150,property,0.36,0.9010529693999892,property,0.7488,True,0.1462,0.7488,0.105,10.5,LA,medium
34.05,-118.34,3,147,property,0.47619047619047616,0.8859439337775401,property,0.7645,True,0.1371,0.7645,0.0983,9.8,LA,medium
34.05,-118.33,0,49,other,0.08163265306122448,1.0657703788875728,property,0.7642,False,0.1371,0.7642,0.0986,9.9,LA,medium
34.05,-118.33,1,52,property,0.36538461538461536,0.9745203060539502,property,0.7605,True,0.1368,0.7605,0.1026,10.3,LA,medium
34.05,-118.33,2,75,property,0.25333333333333335,1.0348306959910305,property,0.7644,True,0.1371,0.7644,0.0985,9.8,LA,medium
34.05,-118.33,3,105,property,0.19047619047619047,1.0019029863444189,property,0.7436,True,0.1341,0.7436,0.1223,12.2,LA,medium
34.05,-118.32000000000001,0,80,property,0.1625,1.0592566934195145,property,0.7644,True,0.1371,0.7644,0.0985,9.9,LA,medium
34.05,-118.32000000000001,1,66,property,0.19696969696969696,1.028386004958643,property,0.7624,True,0.1369,0.7624,0.1007,10.1,LA,medium
34.05,-118.32000000000001,2,112,property,0.21428571428571427,1.034601232910181,property,0.7641,True,0.1371,0.7641,0.0988,9.9,LA,medium
34.05,-118.32000000000001,3,145,property,0.27586206896551724,1.0144538555956815,property,0.7467,True,0.1345,0.7467,0.1188,11.9,LA,medium
34.05,-118.31,0,103,property,0.1941747572815534,1.0539263736788254,property,0.7644,True,0.1371,0.7644,0.0985,9.9,LA,medium
34.05,-118.31,1,130,property,0.15384615384615385,1.0647870483087756,property,0.7644,True,0.1371,0.7644,0.0985,9.8,LA,medium
34.05,-118.31,2,223,property,0.14349775784753363,1.063198711207022,property,0.764,True,0.1371,0.764,0.0988,9.9,LA,medium
34.05,-118.31,3,191,property,0.13089005235602094,1.0780871772169318,property,0.7637,True,0.1371,0.7637,0.0992,9.9,LA,medium
34.05,-118.3,0,68,violent,0.014705882352941176,1.0677597877171572,property,0.7606,False,0.1367,0.7606,0.1027,10.3,LA,medium
34.05,-118.3,1,107,property,0.3364485981308411,0.9796496519528513,property,0.7603,True,0.1369,0.7603,0.1027,10.3,LA,medium
34.05,-118.3,2,174,property,0.16091954022988506,1.0697337877680129,property,0.7641,True,0.1371,0.7641,0.0988,9.9,LA,medium
34.05,-118.3,3,148,property,0.16891891891891891,1.0573820382117918,property,0.7642,True,0.1371,0.7642,0.0987,9.9,LA,medium
34.05,-118.29,0,78,property,0.0641025641025641,1.0468551097268946,property,0.7135,True,0.129,0.7135,0.1574,15.7,LA,medium
34.05,-118.29,1,134,violent,0.007462686567164179,1.090968114138704,property,0.7515,False,0.1375,0.7515,0.111,11.1,LA,medium
34.05,-118.29,2,217,property,0.05069124423963134,1.0934007319707768,property,0.7577,True,0.1371,0.7577,0.1051,10.5,LA,medium
34.05,-118.29,3,217,property,0.041474654377880185,1.0921699371704274,property,0.756,True,0.136,0.756,0.1079,10.8,LA,medium
34.05,-118.28,0,96,violent,0.3958333333333333,0.9302742337754837,property,0.6762,False,0.1218,0.6762,0.202,20.2,LA,medium
34.05,-118.28,1,158,violent,0.06962025316455696,1.0897769875750638,property,0.6918,False,0.1249,0.6918,0.1833,18.3,LA,medium
34.05,-118.28,2,212,violent,0.0047169811320754715,1.0735647915986304,property,0.7112,False,0.1292,0.7112,0.1596,16.0,LA,medium
34.05,-118.28,3,201,violent,0.11940298507462686,1.0775254514975843,property,0.6798,False,0.1225,0.6798,0.1977,19.8,LA,medium
34.05,-118.27,0,117,violent,0.13675213675213677,1.0688155226587652,property,0.6762,False,0.1218,0.6762,0.202,20.2,LA,medium
34.05,-118.27,1,185,property,0.12432432432432433,1.078695147794701,property,0.7581,True,0.1368,0.7581,0.1051,10.5,LA,medium
34.05,-118.27,2,250,property,0.092,1.0523145207074789,property,0.7587,True,0.1367,0.7587,0.1046,10.5,LA,medium
34.05,-118.27,3,331,property,0.07250755287009064,1.0709036051363574,property,0.7278,True,0.1313,0.7278,0.1409,14.1,LA,medium
34.05,-118.26,0,279,property,0.07885304659498207,1.070446962426824,property,0.6952,True,0.1256,0.6952,0.1791,17.9,LA,medium
34.05,-118.26,1,477,property,0.13417190775681342,1.0682333522743095,property,0.7558,True,0.1372,0.7558,0.107,10.7,LA,medium
34.05,-118.26,2,928,property,0.3415948275862069,0.9885448652021647,property,0.7624,True,0.1371,0.7624,0.1005,10.1,LA,medium
34.05,-118.26,3,903,property,0.3599114064230343,0.9718718393179274,property,0.7625,True,0.1371,0.7625,0.1004,10.0,LA,medium
34.05,-118.25,0,499,violent,0.01002004008016032,1.067750211527303,property,0.6773,False,0.122,0.6773,0.2006,20.1,LA,medium
34.05,-118.25,1,475,violent,0.03368421052631579,1.0931632413682846,property,0.6801,False,0.1226,0.6801,0.1973,19.7,LA,medium
34.05,-118.25,2,715,property,0.03776223776223776,1.0909584577435916,property,0.7181,True,0.1311,0.7181,0.1508,15.1,LA,medium
34.05,-118.25,3,797,property,0.17189460476787954,1.0400678445206026,property,0.7587,True,0.1366,0.7587,0.1047,10.5,LA,medium
34.05,-118.24000000000001,0,166,property,0.07228915662650602,1.087651308075138,property,0.7555,True,0.1374,0.7555,0.107,10.7,LA,medium
34.05,-118.24000000000001,1,238,property,0.058823529411764705,1.09495528577865,property,0.7483,True,0.1453,0.7483,0.1064,10.6,LA,medium
34.05,-118.24000000000001,2,332,property,0.0572289156626506,1.0897723386060238,property,0.7563,True,0.1377,0.7563,0.106,10.6,LA,medium
34.05,-118.24000000000001,3,371,property,0.38005390835579517,0.9427761774385253,property,0.7627,True,0.1371,0.7627,0.1002,10.0,LA,medium
34.05,-118.23,0,54,property,0.05555555555555555,1.0955785063977714,property,0.7324,True,0.1348,0.7324,0.1329,13.3,LA,medium
34.05,-118.23,1,56,property,0.05357142857142857,1.0506175635686377,property,0.7644,True,0.1371,0.7644,0.0984,9.8,LA,medium
34.05,-118.23,2,81,property,0.20987654320987653,1.040149935251959,property,0.7642,True,0.1371,0.7642,0.0986,9.9,LA,medium
34.05,-118.23,3,110,property,0.2818181818181818,1.0189786783786507,property,0.7642,True,0.1371,0.7642,0.0986,9.9,LA,medium
34.05,-118.22,0,36,violent,0.08333333333333333,1.0775563270668007,property,0.6771,False,0.122,0.6771,0.2009,20.1,LA,medium
34.05,-118.22,1,92,property,0.05434782608695652,1.0574461570472136,property,0.762,True,0.1369,0.762,0.1011,10.1,LA,medium
34.05,-118.22,2,105,other,0.009523809523809525,1.098340142790867,property,0.7601,False,0.1368,0.7601,0.103,10.3,LA,medium
34.05,-118.22,3,106,property,0.11320754716981132,1.0628031378776055,property,0.7358,True,0.133,0.7358,0.1313,13.1,LA,medium
34.05,-118.21000000000001,0,53,violent,0.1320754716981132,1.0358685514053965,property,0.6761,False,0.1218,0.6761,0.2021,20.2,LA,medium
34.05,-118.21000000000001,1,56,property,0.17857142857142858,1.019025461146272,property,0.7597,True,0.1369,0.7597,0.1034,10.3,LA,medium
34.05,-118.21000000000001,2,96,violent,0.16666666666666666,1.070288708702226,property,0.7545,False,0.1373,0.7545,0.1082,10.8,LA,medium
34.05,-118.21000000000001,3,120,violent,0.08333333333333333,1.0505720067700766,property,0.7594,False,0.1366,0.7594,0.104,10.4,LA,medium
34.05,-118.2,0,61,other,0.04918032786885246,1.0935344530326354,property,0.6779,False,0.1221,0.6779,0.2,20.0,LA,medium
34.05,-118.2,1,49,other,0.02040816326530612,1.0930831326881725,property,0.7556,False,0.1361,0.7556,0.1083,10.8,LA,medium
34.05,-118.2,2,101,violent,0.009900990099009901,1.0979226071514554,property,0.6902,False,0.1247,0.6902,0.1851,18.5,LA,medium
34.05,-118.2,3,101,property,0.15841584158415842,1.0442673623327259,property,0.6803,True,0.1226,0.6803,0.1971,19.7,LA,medium
34.05,-118.19,0,7,violent,0.2857142857142857,0.9556998911125343,property,0.7621,False,0.1369,0.7621,0.101,10.1,LA,medium
34.05,-118.19,1,7,property,0.0,1.0042424730540764,property,0.6839,True,0.1233,0.6839,0.1928,19.3,LA,medium
34.05,-118.19,2,13,other,0.07692307692307693,1.0123308391031733,property,0.7402,False,0.1406,0.7402,0.1192,11.9,LA,medium
34.05,-118.19,3,13,other,0.07692307692307693,1.0123308391031733,property,0.6767,False,0.1219,0.6767,0.2014,20.1,LA,medium
34.06,-118.55,0,4,violent,0.0,0.6931472015900639,property,0.7533,False,0.1404,0.7533,0.1063,10.6,LA,medium
34.06,-118.55,1,9,property,0.7777777777777778,0.3488321172174657,property,0.7639,True,0.1371,0.7639,0.0989,9.9,LA,medium
34.06,-118.55,2,11,property,0.36363636363636365,0.8599672810355049,property,0.7631,True,0.1371,0.7631,0.0998,10.0,LA,medium
34.06,-118.55,3,3,property,1.0,4.3446531758480495e-08,property,0.7641,True,0.1371,0.7641,0.0987,9.9,LA,medium
34.06,-118.54,1,3,property,0.3333333333333333,0.6365141893815645,property,0.6942,True,0.1259,0.6942,0.1799,18.0,LA,medium
34.06,-118.54,2,4,property,1.0,4.3446531758480495e-08,property,0.7641,True,0.1371,0.7641,0.0988,9.9,LA,medium
34.06,-118.54,3,3,property,0.3333333333333333,0.6365141893815645,property,0.7642,True,0.1371,0.7642,0.0986,9.9,LA,medium
34.06,-118.5,3,5,property,0.2,0.6730116880595106,property,0.7488,True,0.1466,0.7488,0.1046,10.5,LA,medium
34.06,-118.49000000000001,2,4,property,0.0,0.6931472015900639,property,0.7528,True,0.1402,0.7528,0.1069,10.7,LA,medium
34.06,-118.48,0,5,property,0.2,0.6730116880595106,property,0.7571,True,0.1393,0.7571,0.1036,10.4,LA,medium
34.06,-118.48,1,7,property,0.5714285714285714,0.7963116401738131,property,0.7644,True,0.1371,0.7644,0.0984,9.8,LA,medium
34.06,-118.48,2,8,property,0.5,0.5623351657797391,property,0.7642,True,0.1371,0.7642,0.0987,9.9,LA,medium
34.06,-118.48,3,15,property,0.13333333333333333,0.8823109245150756,property,0.7644,True,0.1371,0.7644,0.0985,9.8,LA,medium
34.06,-118.47,0,11,property,0.09090909090909091,0.6890092595109152,property,0.7644,True,0.1372,0.7644,0.0984,9.8,LA,medium
34.06,-118.47,1,28,property,0.5,0.7589367727620596,property,0.7557,True,0.1401,0.7557,0.1042,10.4,LA,medium
34.06,-118.47,2,22,other,0.045454545454545456,0.8454652292345644,property,0.7552,False,0.1405,0.7552,0.1043,10.4,LA,medium
34.06,-118.47,3,25,property,0.08,0.9732531211321691,property,0.7644,True,0.1371,0.7644,0.0984,9.8,LA,medium
34.06,-118.46000000000001,0,11,property,0.18181818181818182,0.9164648855394713,property,0.7539,True,0.1408,0.7539,0.1053,10.5,LA,medium
34.06,-118.46000000000001,1,7,property,0.14285714285714285,0.6829081257408294,property,0.7568,True,0.1396,0.7568,0.1036,10.4,LA,medium
34.06,-118.46000000000001,2,14,property,0.5,0.7589367727620596,property,0.7645,True,0.1372,0.7645,0.0983,9.8,LA,medium
34.06,-118.46000000000001,3,18,property,0.16666666666666666,0.8544149816001841,property,0.7555,True,0.1401,0.7555,0.1044,10.4,LA,medium
34.06,-118.45,0,32,other,0.09375,1.0861979723945263,property,0.7608,False,0.1368,0.7608,0.1024,10.2,LA,medium
34.06,-118.45,1,25,property,0.28,1.0250576137587353,property,0.7494,True,0.1385,0.7494,0.1121,11.2,LA,medium
34.06,-118.45,2,47,property,0.06382978723404255,1.0928231916403195,property,0.752,True,0.1374,0.752,0.1106,11.1,LA,medium
34.06,-118.45,3,55,property,0.10909090909090909,1.081846879198666,property,0.7491,True,0.1464,0.7491,0.1045,10.5,LA,medium
34.06,-118.44,0,50,property,0.12,1.0133126873497391,property,0.7584,True,0.1371,0.7584,0.1045,10.5,LA,medium
34.06,-118.44,1,85,property,0.4,0.9166023897912011,property,0.751,True,0.1423,0.751,0.1068,10.7,LA,medium
34.06,-118.44,2,156,property,0.3782051282051282,0.8791081215005785,property,0.7538,True,0.1408,0.7538,0.1054,10.5,LA,medium
34.06,-118.44,3,117,property,0.3076923076923077,1.0100997593541636,property,0.7577,True,0.1395,0.7577,0.1028,10.3,LA,medium
34.06,-118.43,0,17,property,0.35294117647058826,0.9586918593253719,property,0.7598,True,0.1384,0.7598,0.1018,10.2,LA,medium
34.06,-118.43,1,42,property,0.35714285714285715,0.9491191993540191,property,0.7646,True,0.1372,0.7646,0.0982,9.8,LA,medium
34.06,-118.43,2,66,property,0.015151515151515152,0.9087954336768089,property,0.7634,True,0.1371,0.7634,0.0995,10.0,LA,medium
34.06,-118.43,3,56,property,0.39285714285714285,0.9107614026535753,property,0.7646,True,0.1372,0.7646,0.0983,9.8,LA,medium
34.06,-118.42,0,23,property,0.08695652173913043,0.9855939523286115,property,0.7637,True,0.1372,0.7637,0.0991,9.9,LA,medium
34.06,-118.42,1,67,property,0.1044776119402985,1.0323676184231116,property,0.7541,True,0.1408,0.7541,0.1051,10.5,LA,medium
34.06,-118.42,2,261,property,0.4942528735632184,0.771033174404156,property,0.7644,True,0.1371,0.7644,0.0984,9.8,LA,medium
34.06,-118.42,3,194,property,0.5463917525773195,0.7467471099930422,property,0.7602,True,0.1382,0.7602,0.1015,10.2,LA,medium
34.06,-118.41,2,7,other,0.2857142857142857,0.9556998911125343,property,0.7512,False,0.1441,0.7512,0.1047,10.5,LA,medium
34.06,-118.4,0,9,property,0.4444444444444444,0.848685557726417,property,0.749,True,0.1465,0.749,0.1045,10.5,LA,medium
34.06,-118.4,1,11,property,0.36363636363636365,0.8599672810355049,property,0.7546,True,0.14,0.7546,0.1054,10.5,LA,medium
34.06,-118.4,2,13,property,0.15384615384615385,1.0579054247036734,property,0.7509,True,0.1442,0.7509,0.1049,10.5,LA,medium
34.06,-118.4,3,19,property,0.05263157894736842,0.6917615198839221,property,0.7592,True,0.1373,0.7592,0.1035,10.3,LA,medium
34.06,-118.39,0,18,property,0.16666666666666666,0.8544149816001841,property,0.7644,True,0.1372,0.7644,0.0984,9.8,LA,medium
34.06,-118.39,1,15,other,0.2,1.0606018056124555,property,0.7646,False,0.1372,0.7646,0.0983,9.8,LA,medium
34.06,-118.39,2,27,property,0.1111111111111111,1.002675013359144,property,0.7646,True,0.1372,0.7646,0.0983,9.8,LA,medium
34.06,-118.39,3,26,property,0.46153846153846156,0.8828275435751076,property,0.7637,True,0.1375,0.7637,0.0988,9.9,LA,medium
34.06,-118.38,0,25,property,0.28,0.8731726364245316,property,0.7645,True,0.1372,0.7645,0.0984,9.8,LA,medium
34.06,-118.38,1,52,property,0.09615384615384616,1.0283080699556766,property,0.7646,True,0.1372,0.7646,0.0982,9.8,LA,medium
34.06,-118.38,2,79,property,0.13924050632911392,1.002365443841478,property,0.7612,True,0.1381,0.7612,0.1007,10.1,LA,medium
34.06,-118.38,3,94,property,0.3191489361702128,0.9684027610076846,property,0.7645,True,0.1371,0.7645,0.0983,9.8,LA,medium
34.06,-118.37,0,27,violent,0.1111111111111111,1.0608569471580214,property,0.764,False,0.1371,0.764,0.0988,9.9,LA,medium
34.06,-118.37,1,30,other,0.06666666666666667,1.0521391662238093,property,0.7579,False,0.1368,0.7579,0.1053,10.5,LA,medium
34.06,-118.37,2,48,violent,0.0,1.0986122886681096,property,0.7494,False,0.1453,0.7494,0.1054,10.5,LA,medium
34.06,-118.37,3,44,property,0.18181818181818182,1.0499813664379811,property,0.7608,True,0.1367,0.7608,0.1025,10.2,LA,medium
34.06,-118.36,0,38,property,0.23684210526315788,1.0390279299861542,property,0.7574,True,0.1371,0.7574,0.1055,10.6,LA,medium
34.06,-118.36,1,60,other,0.03333333333333333,0.9927608399344241,property,0.7645,False,0.1371,0.7645,0.0984,9.8,LA,medium
34.06,-118.36,2,115,other,0.043478260869565216,1.0474845416353618,property,0.7644,False,0.1371,0.7644,0.0985,9.8,LA,medium
34.06,-118.36,3,148,property,0.6013513513513513,0.746182285397133,property,0.7645,True,0.1371,0.7645,0.0984,9.8,LA,medium
34.06,-118.35000000000001,0,49,property,0.16326530612244897,1.0527597270150006,property,0.7571,True,0.1395,0.7571,0.1034,10.3,LA,medium
34.06,-118.35000000000001,1,69,property,0.14492753623188406,1.0666688034351277,property,0.7646,True,0.1372,0.7646,0.0983,9.8,LA,medium
34.06,-118.35000000000001,2,107,property,0.205607476635514,0.9764563350672146,property,0.7643,True,0.1371,0.7643,0.0985,9.9,LA,medium
34.06,-118.35000000000001,3,134,property,0.2537313432835821,0.9991716912411402,property,0.7645,True,0.1371,0.7645,0.0984,9.8,LA,medium
34.06,-118.34,0,47,property,0.06382978723404255,1.0815382409131464,property,0.7607,True,0.1368,0.7607,0.1025,10.3,LA,medium
34.06,-118.34,1,66,property,0.30303030303030304,0.9251278157134366,property,0.7646,True,0.1372,0.7646,0.0983,9.8,LA,medium
34.06,-118.34,2,98,property,0.3469387755102041,0.9508817021820055,property,0.7645,True,0.1371,0.7645,0.0983,9.8,LA,medium
34.06,-118.34,3,116,property,0.27586206896551724,0.9337764819172456,property,0.7645,True,0.1371,0.7645,0.0983,9.8,LA,medium
34.06,-118.33,0,14,other,0.07142857142857142,0.8982053397041498,property,0.7646,False,0.1372,0.7646,0.0982,9.8,LA,medium
34.06,-118.33,1,26,property,0.34615384615384615,0.9727696382494826,property,0.7646,True,0.1372,0.7646,0.0983,9.8,LA,medium
34.06,-118.33,2,43,property,0.46511627906976744,0.8877436119323625,property,0.7634,True,0.1371,0.7634,0.0995,9.9,LA,medium
34.06,-118.33,3,26,property,0.4230769230769231,0.7331710501169375,property,0.7519,True,0.1356,0.7519,0.1125,11.3,LA,medium
34.06,-118.32000000000001,0,20,property,0.45,0.7460326647147848,property,0.7646,True,0.1372,0.7646,0.0983,9.8,LA,medium
34.06,-118.32000000000001,1,41,property,0.2926829268292683,1.0110402106104204,property,0.7646,True,0.1372,0.7646,0.0982,9.8,LA,medium
34.06,-118.32000000000001,2,68,property,0.19117647058823528,0.8849877161543689,property,0.7643,True,0.1371,0.7643,0.0986,9.9,LA,medium
34.06,-118.32000000000001,3,71,property,0.2676056338028169,0.9596376194823042,property,0.7645,True,0.1371,0.7645,0.0984,9.8,LA,medium
34.06,-118.31,0,138,property,0.057971014492753624,1.0547932304884817,property,0.7456,True,0.1345,0.7456,0.1198,12.0,LA,medium
34.06,-118.31,1,155,property,0.16129032258064516,1.0243246819798435,property,0.7625,True,0.1369,0.7625,0.1006,10.1,LA,medium
34.06,-118.31,2,240,property,0.26666666666666666,1.014678931615679,property,0.7641,True,0.1371,0.7641,0.0988,9.9,LA,medium
34.06,-118.31,3,281,property,0.18505338078291814,1.0511778579020472,property,0.7629,True,0.1371,0.7629,0.1,10.0,LA,medium
34.06,-118.3,0,176,property,0.06818181818181818,1.0622034817001262,property,0.6796,True,0.1225,0.6796,0.1979,19.8,LA,medium
34.06,-118.3,1,218,property,0.14678899082568808,1.062954035134257,property,0.7574,True,0.1371,0.7574,0.1055,10.5,LA,medium
34.06,-118.3,2,309,property,0.22653721682847897,1.0471514569292835,property,0.7583,True,0.1369,0.7583,0.1049,10.5,LA,medium
34.06,-118.3,3,308,property,0.17857142857142858,1.05538289276403,property,0.7422,True,0.134,0.7422,0.1237,12.4,LA,medium
34.06,-118.29,0,147,violent,0.23129251700680273,1.0465400874141448,property,0.6777,False,0.1221,0.6777,0.2002,20.0,LA,medium
34.06,-118.29,1,238,property,0.3235294117647059,0.9996595002593565,property,0.7571,True,0.1371,0.7571,0.1058,10.6,LA,medium
34.06,-118.29,2,268,property,0.048507462686567165,1.0774658992620376,property,0.7463,True,0.1353,0.7463,0.1185,11.8,LA,medium
34.06,-118.29,3,262,violent,0.04961832061068702,1.0438748979568055,property,0.6826,False,0.1231,0.6826,0.1943,19.4,LA,medium
34.06,-118.28,0,193,violent,0.2849740932642487,1.0224716361693211,property,0.6761,False,0.1218,0.6761,0.2022,20.2,LA,medium
34.06,-118.28,1,264,violent,0.15151515151515152,1.072002001640535,property,0.6797,False,0.1225,0.6797,0.1978,19.8,LA,medium
34.06,-118.28,2,380,violent,0.1868421052631579,1.0544413384671474,property,0.6822,False,0.123,0.6822,0.1948,19.5,LA,medium
34.06,-118.28,3,333,violent,0.23123123123123124,1.0157539327310534,property,0.6783,False,0.1222,0.6783,0.1995,20.0,LA,medium
34.06,-118.27,0,168,violent,0.16071428571428573,1.0440545487824109,property,0.6762,False,0.1218,0.6762,0.202,20.2,LA,medium
34.06,-118.27,1,256,violent,0.08984375,1.0752047214570657,property,0.6776,False,0.122,0.6776,0.2004,20.0,LA,medium
34.06,-118.27,2,440,violent,0.1409090909090909,1.0483465975053703,property,0.6888,False,0.1244,0.6888,0.1868,18.7,LA,medium
34.06,-118.27,3,399,violent,0.13283208020050125,1.029332541907153,property,0.6779,False,0.1222,0.6779,0.1999,20.0,LA,medium
34.06,-118.26,0,91,property,0.03296703296703297,1.0926136695438,property,0.7622,True,0.1369,0.7622,0.1009,10.1,LA,medium
34.06,-118.26,1,139,property,0.14388489208633093,1.063007442009227,property,0.7643,True,0.1371,0.7643,0.0986,9.9,LA,medium
34.06,-118.26,2,229,property,0.16593886462882096,1.0512418867777704,property,0.7643,True,0.1371,0.7643,0.0986,9.9,LA,medium
34.06,-118.26,3,204,property,0.05392156862745098,1.0802554996552813,property,0.764,True,0.1371,0.764,0.0988,9.9,LA,medium
34.06,-118.25,0,86,property,0.12790697674418605,1.0575453068567138,property,0.7605,True,0.1368,0.7605,0.1027,10.3,LA,medium
34.06,-118.25,1,124,property,0.1935483870967742,1.0537669463112338,property,0.7594,True,0.1367,0.7594,0.1039,10.4,LA,medium
34.06,-118.25,2,185,property,0.24864864864864866,1.037715272736217,property,0.7607,True,0.1369,0.7607,0.1025,10.2,LA,medium
34.06,-118.25,3,189,property,0.30687830687830686,0.991870100695891,property,0.7639,True,0.1371,0.7639,0.099,9.9,LA,medium
34.06,-118.24000000000001,0,122,violent,0.02459016393442623,1.0764059657754623,property,0.6861,False,0.1237,0.6861,0.1902,19.0,LA,medium
34.06,-118.24000000000001,1,208,violent,0.019230769230769232,1.0887698101817742,property,0.7286,False,0.1348,0.7286,0.1365,13.7,LA,medium
34.06,-118.24000000000001,2,310,property,0.0064516129032258064,1.0913253834857557,property,0.7245,True,0.1314,0.7245,0.1441,14.4,LA,medium
34.06,-118.24000000000001,3,261,property,0.007662835249042145,1.0784617127970546,property,0.7557,True,0.1369,0.7557,0.1074,10.7,LA,medium
34.06,-118.23,0,27,violent,0.1111111111111111,1.0608569471580214,property,0.7272,False,0.1335,0.7272,0.1393,13.9,LA,medium
34.06,-118.23,1,55,violent,0.05454545454545454,1.0646078718705387,property,0.7489,False,0.1465,0.7489,0.1046,10.5,LA,medium
34.06,-118.23,2,81,property,0.024691358024691357,1.092547738608972,property,0.7486,True,0.1462,0.7486,0.1052,10.5,LA,medium
34.06,-118.23,3,65,other,0.15384615384615385,1.0703788618537018,property,0.7209,False,0.1303,0.7209,0.1488,14.9,LA,medium
34.06,-118.22,0,5,violent,0.4,0.9502705392332347,property,0.6765,False,0.1218,0.6765,0.2017,20.2,LA,medium
34.06,-118.22,1,5,other,0.4,0.9502705392332347,property,0.7383,False,0.1407,0.7383,0.121,12.1,LA,medium
34.06,-118.22,2,6,property,0.16666666666666666,1.0114042647073518,property,0.7591,True,0.1367,0.7591,0.1042,10.4,LA,medium
34.06,-118.22,3,7,property,0.2857142857142857,0.9556998911125343,property,0.7633,True,0.1371,0.7633,0.0996,10.0,LA,medium
34.06,-118.21000000000001,0,31,other,0.16129032258064516,1.0676208772568145,property,0.6762,False,0.1218,0.6762,0.202,20.2,LA,medium
34.06,-118.21000000000001,1,62,property,0.20967741935483872,1.0331886329778257,property,0.7628,True,0.1375,0.7628,0.0997,10.0,LA,medium
34.06,-118.21000000000001,2,54,other,0.037037037037037035,1.0944885526930284,property,0.7612,False,0.1368,0.7612,0.102,10.2,LA,medium
34.06,-118.21000000000001,3,59,violent,0.1016949152542373,1.086611843576273,property,0.7079,False,0.128,0.7079,0.1642,16.4,LA,medium
34.06,-118.2,0,28,property,0.21428571428571427,0.9771705224238222,property,0.7505,True,0.1378,0.7505,0.1117,11.2,LA,medium
34.06,-118.2,1,45,other,0.13333333333333333,0.954925081381506,property,0.7641,False,0.1371,0.7641,0.0987,9.9,LA,medium
34.06,-118.2,2,45,property,0.044444444444444446,1.0785522853536633,property,0.7483,True,0.1452,0.7483,0.1065,10.7,LA,medium
34.06,-118.2,3,54,property,0.018518518518518517,1.0779848185962804,property,0.7202,True,0.13,0.7202,0.1498,15.0,LA,medium
34.06,-118.19,0,14,other,0.2857142857142857,0.9556998911125343,property,0.6761,False,0.1218,0.6761,0.2021,20.2,LA,medium
34.06,-118.19,1,7,violent,0.2857142857142857,0.9556998911125343,property,0.6812,False,0.1227,0.6812,0.1961,19.6,LA,medium
34.06,-118.19,2,28,property,0.14285714285714285,1.0789922078775833,property,0.7574,True,0.1374,0.7574,0.1051,10.5,LA,medium
34.06,-118.19,3,26,property,0.038461538461538464,1.0484854421409808,property,0.7637,True,0.1371,0.7637,0.0991,9.9,LA,medium
34.06,-118.18,0,5,violent,1.0,4.3446531758480495e-08,property,0.7005,False,0.1264,0.7005,0.1731,17.3,LA,medium
34.06,-118.18,2,9,other,0.1111111111111111,1.0608569471580214,property,0.7643,False,0.1371,0.7643,0.0985,9.9,LA,medium
34.06,-118.18,3,22,property,0.5909090909090909,0.6496877127476234,property,0.7642,True,0.1371,0.7642,0.0987,9.9,LA,medium
34.07,-118.56,0,4,property,0.5,0.5623351657797391,property,0.7489,True,0.1462,0.7489,0.1049,10.5,LA,medium
34.07,-118.55,1,3,property,0.3333333333333333,0.6365141893815645,property,0.7488,True,0.1467,0.7488,0.1045,10.5,LA,medium
34.07,-118.55,2,3,property,0.3333333333333333,0.6365141893815645,property,0.7641,True,0.1371,0.7641,0.0988,9.9,LA,medium
34.07,-118.49000000000001,1,4,violent,0.0,0.6931472015900639,property,0.7484,False,0.146,0.7484,0.1056,10.6,LA,medium
34.07,-118.49000000000001,2,7,property,0.5714285714285714,0.7963116401738131,property,0.7642,True,0.1371,0.7642,0.0986,9.9,LA,medium
34.07,-118.49000000000001,3,3,violent,0.0,1.0986122886681096,property,0.7487,False,0.1465,0.7487,0.1048,10.5,LA,medium
34.07,-118.48,1,6,property,0.16666666666666666,1.0114042647073518,property,0.7535,True,0.1411,0.7535,0.1054,10.5,LA,medium
34.07,-118.48,2,11,property,0.8181818181818182,0.30463611876786795,property,0.7641,True,0.1371,0.7641,0.0987,9.9,LA,medium
34.07,-118.48,3,9,other,0.1111111111111111,1.0608569471580214,property,0.7636,False,0.1371,0.7636,0.0993,9.9,LA,medium
34.07,-118.47,1,5,property,1.0,4.3446531758480495e-08,property,0.6866,True,0.1245,0.6866,0.1889,18.9,LA,medium
34.07,-118.47,2,10,property,0.3,0.8979457248567798,property,0.7568,True,0.1372,0.7568,0.1061,10.6,LA,medium
34.07,-118.47,3,12,property,0.16666666666666666,0.6791932870355983,property,0.7638,True,0.1371,0.7638,0.0991,9.9,LA,medium
34.07,-118.46000000000001,0,9,property,0.5555555555555556,0.5297062202512142,property,0.7645,True,0.1372,0.7645,0.0984,9.8,LA,medium
34.07,-118.46000000000001,1,7,property,0.42857142857142855,0.5982696097102536,property,0.7645,True,0.1372,0.7645,0.0984,9.8,LA,medium
34.07,-118.46000000000001,2,19,property,0.10526315789473684,0.8569977547780645,property,0.7645,True,0.1372,0.7645,0.0984,9.8,LA,medium
34.07,-118.46000000000001,3,12,property,0.5833333333333334,0.7214636866925115,property,0.7606,True,0.1381,0.7606,0.1013,10.1,LA,medium
34.07,-118.45,0,23,property,0.34782608695652173,0.9183987247993113,property,0.7645,True,0.1372,0.7645,0.0984,9.8,LA,medium
34.07,-118.45,1,15,property,0.0,0.8918673953172509,property,0.7526,True,0.1403,0.7526,0.1071,10.7,LA,medium
34.07,-118.45,2,42,property,0.23809523809523808,0.9099250471537522,property,0.7625,True,0.1378,0.7625,0.0997,10.0,LA,medium
34.07,-118.45,3,38,property,0.0,1.0198652142779299,property,0.7637,True,0.1374,0.7637,0.099,9.9,LA,medium
34.07,-118.44,0,8,property,0.125,0.9743147528693494,property,0.7642,True,0.1371,0.7642,0.0987,9.9,LA,medium
34.07,-118.44,1,5,property,0.0,1.0549201679861442,property,0.757,True,0.1397,0.757,0.1033,10.3,LA,medium
34.07,-118.44,2,12,property,0.0,0.6931472015900639,property,0.7489,True,0.1465,0.7489,0.1046,10.5,LA,medium
34.07,-118.44,3,11,property,0.45454545454545453,0.5859526394408641,property,0.7512,True,0.1417,0.7512,0.1071,10.7,LA,medium
34.07,-118.43,0,11,other,0.2727272727272727,0.9949236325717752,property,0.7645,False,0.1372,0.7645,0.0983,9.8,LA,medium
34.07,-118.43,1,12,other,0.25,0.887694275799104,property,0.7515,False,0.144,0.7515,0.1045,10.5,LA,medium
34.07,-118.43,2,27,property,0.1111111111111111,1.002675013359144,property,0.7573,True,0.1396,0.7573,0.1032,10.3,LA,medium
34.07,-118.43,3,27,property,0.0,1.0439522154956382,property,0.7646,True,0.1372,0.7646,0.0982,9.8,LA,medium
34.07,-118.39,0,3,property,0.3333333333333333,0.6365141893815645,property,0.7627,True,0.1371,0.7627,0.1002,10.0,LA,medium
34.07,-118.39,1,3,other,0.3333333333333333,0.6365141893815645,property,0.754,False,0.1416,0.754,0.1045,10.4,LA,medium
34.07,-118.39,2,4,property,0.5,0.5623351657797391,property,0.7645,True,0.1372,0.7645,0.0983,9.8,LA,medium
34.07,-118.39,3,3,property,0.3333333333333333,0.6365141893815645,property,0.7645,True,0.1372,0.7645,0.0984,9.8,LA,medium
34.07,-118.38,0,17,property,0.4117647058823529,0.8739004142690672,property,0.7645,True,0.1372,0.7645,0.0984,9.8,LA,medium
34.07,-118.38,1,31,property,0.12903225806451613,1.0599864113257504,property,0.7574,True,0.1396,0.7574,0.1031,10.3,LA,medium
34.07,-118.38,2,100,property,0.26,0.9611459985316251,property,0.7646,True,0.1372,0.7646,0.0983,9.8,LA,medium
34.07,-118.38,3,54,property,0.3148148148148148,0.9934819892004463,property,0.764,True,0.1371,0.764,0.0989,9.9,LA,medium
34.07,-118.37,0,56,property,0.14285714285714285,1.0685065999266794,property,0.7646,True,0.1372,0.7646,0.0983,9.8,LA,medium
34.07,-118.37,1,60,property,0.15,1.0670938948757507,property,0.7623,True,0.1371,0.7623,0.1006,10.1,LA,medium
34.07,-118.37,2,102,property,0.18627450980392157,0.9662800455038763,property,0.764,True,0.1373,0.764,0.0987,9.9,LA,medium
34.07,-118.37,3,90,property,0.3333333333333333,0.9833122247384487,property,0.7646,True,0.1371,0.7646,0.0983,9.8,LA,medium
34.07,-118.36,0,47,property,0.02127659574468085,1.0839731700389386,property,0.7564,True,0.1396,0.7564,0.104,10.4,LA,medium
34.07,-118.36,1,90,property,0.37777777777777777,0.9299752370570271,property,0.7639,True,0.1374,0.7639,0.0988,9.9,LA,medium
34.07,-118.36,2,318,property,0.4591194968553459,0.8269622258844975,property,0.7646,True,0.1372,0.7646,0.0982,9.8,LA,medium
34.07,-118.36,3,264,property,0.4696969696969697,0.8543573155676052,property,0.7645,True,0.1371,0.7645,0.0983,9.8,LA,medium
34.07,-118.35000000000001,0,42,property,0.30952380952380953,1.0015448779896332,property,0.7642,True,0.1371,0.7642,0.0987,9.9,LA,medium
34.07,-118.35000000000001,1,164,property,0.6280487804878049,0.7242918794621325,property,0.7645,True,0.1371,0.7645,0.0984,9.8,LA,medium
34.07,-118.35000000000001,2,297,property,0.6397306397306397,0.6575081123790522,property,0.7645,True,0.1371,0.7645,0.0983,9.8,LA,medium
34.07,-118.35000000000001,3,212,property,0.6132075471698113,0.7438398053714228,property,0.7644,True,0.1371,0.7644,0.0985,9.8,LA,medium
34.07,-118.34,0,20,property,0.4,0.610864323167295,property,0.7641,True,0.1371,0.7641,0.0987,9.9,LA,medium
34.07,-118.34,1,25,property,0.0,1.0549201679861442,property,0.7537,True,0.1413,0.7537,0.105,10.5,LA,medium
34.07,-118.34,2,50,property,0.06,1.0934927418975058,property,0.7644,True,0.1371,0.7644,0.0985,9.9,LA,medium
34.07,-118.34,3,44,property,0.4090909090909091,0.8393349858530479,property,0.7642,True,0.1371,0.7642,0.0987,9.9,LA,medium
34.07,-118.33,1,10,property,0.2,1.0296530140645737,property,0.7581,True,0.1395,0.7581,0.1024,10.2,LA,medium
34.07,-118.33,2,15,property,0.6,0.7647544195674196,property,0.7645,True,0.1372,0.7645,0.0983,9.8,LA,medium
34.07,-118.33,3,16,property,0.5625,0.7029189307735104,property,0.7644,True,0.1371,0.7644,0.0985,9.8,LA,medium
34.07,-118.32000000000001,0,28,property,0.5357142857142857,0.787287656630395,property,0.7644,True,0.1371,0.7644,0.0985,9.8,LA,medium
34.07,-118.32000000000001,1,34,property,0.38235294117647056,0.7280599982540761,property,0.7643,True,0.1371,0.7643,0.0986,9.9,LA,medium
34.07,-118.32000000000001,2,46,property,0.3695652173913043,0.9308164980309432,property,0.7646,True,0.1371,0.7646,0.0983,9.8,LA,medium
34.07,-118.32000000000001,3,52,property,0.5192307692307693,0.8281076796615596,property,0.7645,True,0.1371,0.7645,0.0983,9.8,LA,medium
34.07,-118.31,0,77,property,0.2857142857142857,1.0143843544771298,property,0.7644,True,0.1371,0.7644,0.0984,9.8,LA,medium
34.07,-118.31,1,141,property,0.19858156028368795,1.0489978219744338,property,0.7646,True,0.1372,0.7646,0.0982,9.8,LA,medium
34.07,-118.31,2,150,property,0.22666666666666666,1.0026572782754717,property,0.7646,True,0.1372,0.7646,0.0983,9.8,LA,medium
34.07,-118.31,3,182,property,0.17032967032967034,1.0516240090522668,property,0.7646,True,0.1372,0.7646,0.0983,9.8,LA,medium
34.07,-118.3,0,153,violent,0.026143790849673203,1.0469034760463387,property,0.7396,False,0.1334,0.7396,0.127,12.7,LA,medium
34.07,-118.3,1,162,property,0.18518518518518517,1.0395603303603784,property,0.7647,True,0.1372,0.7647,0.0982,9.8,LA,medium
34.07,-118.3,2,241,property,0.17012448132780084,1.0551932871636058,property,0.7645,True,0.1371,0.7645,0.0983,9.8,LA,medium
34.07,-118.3,3,298,property,0.03355704697986577,1.0637681228224283,property,0.7394,True,0.1333,0.7394,0.1273,12.7,LA,medium
34.07,-118.29,0,163,violent,0.08588957055214724,1.0597540309378528,property,0.6879,False,0.124,0.6879,0.1881,18.8,LA,medium
34.07,-118.29,1,215,property,0.13953488372093023,1.059230905015514,property,0.7581,True,0.1368,0.7581,0.1051,10.5,LA,medium
34.07,-118.29,2,289,property,0.24567474048442905,1.038323309248948,property,0.759,True,0.1368,0.759,0.1042,10.4,LA,medium
34.07,-118.29,3,281,property,0.12811387900355872,1.0694083966422239,property,0.7592,True,0.1366,0.7592,0.1042,10.4,LA,medium
34.07,-118.28,0,75,property,0.10666666666666667,0.9704139397567101,property,0.7096,True,0.1281,0.7096,0.1623,16.2,LA,medium
34.07,-118.28,1,113,property,0.23893805309734514,1.026214456950548,property,0.7646,True,0.1372,0.7646,0.0983,9.8,LA,medium
34.07,-118.28,2,156,property,0.25,1.0221812955523393,property,0.7643,True,0.1371,0.7643,0.0985,9.9,LA,medium
34.07,-118.28,3,143,property,0.2727272727272727,1.004781568461012,property,0.7552,True,0.1359,0.7552,0.1089,10.9,LA,medium
34.07,-118.27,0,98,property,0.17346938775510204,1.0317471473768918,property,0.7643,True,0.1371,0.7643,0.0986,9.9,LA,medium
34.07,-118.27,1,166,property,0.4397590361445783,0.9118614948279954,property,0.7624,True,0.1369,0.7624,0.1007,10.1,LA,medium
34.07,-118.27,2,181,property,0.26519337016574585,1.0247751058141388,property,0.7642,True,0.1371,0.7642,0.0986,9.9,LA,medium
34.07,-118.27,3,233,property,0.33476394849785407,0.9836911163285996,property,0.764,True,0.1371,0.764,0.0989,9.9,LA,medium
34.07,-118.26,0,33,property,0.15151515151515152,1.0637155529842897,property,0.7642,True,0.1371,0.7642,0.0987,9.9,LA,medium
34.07,-118.26,1,60,property,0.13333333333333333,1.0760342091133341,property,0.7645,True,0.1371,0.7645,0.0984,9.8,LA,medium
34.07,-118.26,2,60,property,0.2833333333333333,1.013200503003361,property,0.7641,True,0.1371,0.7641,0.0987,9.9,LA,medium
34.07,-118.26,3,81,property,0.16049382716049382,1.018034634162711,property,0.7642,True,0.1371,0.7642,0.0986,9.9,LA,medium
34.07,-118.25,0,37,property,0.21621621621621623,0.9681958901927021,property,0.7643,True,0.1371,0.7643,0.0986,9.9,LA,medium
34.07,-118.25,1,38,property,0.18421052631578946,1.0539398218595697,property,0.7643,True,0.1371,0.7643,0.0985,9.9,LA,medium
34.07,-118.25,2,101,property,0.37623762376237624,0.9242653008246305,property,0.7644,True,0.1371,0.7644,0.0985,9.8,LA,medium
34.07,-118.25,3,208,property,0.1346153846153846,1.044834052297758,property,0.7508,True,0.1352,0.7508,0.114,11.4,LA,medium
34.07,-118.24000000000001,0,12,violent,0.25,0.887694275799104,property,0.7515,False,0.1354,0.7515,0.1132,11.3,LA,medium
34.07,-118.24000000000001,1,19,property,0.3157894736842105,0.9591824302739718,property,0.7626,True,0.1378,0.7626,0.0996,10.0,LA,medium
34.07,-118.24000000000001,2,19,violent,0.05263157894736842,1.0601189359398382,property,0.7642,False,0.1371,0.7642,0.0986,9.9,LA,medium
34.07,-118.24000000000001,3,42,property,0.2619047619047619,0.863514020609012,property,0.7641,True,0.1371,0.7641,0.0988,9.9,LA,medium
34.07,-118.23,0,18,property,0.0,1.0688206728265008,property,0.7222,True,0.1309,0.7222,0.1469,14.7,LA,medium
34.07,-118.23,1,31,violent,0.12903225806451613,1.0599864113257504,property,0.7515,False,0.1417,0.7515,0.1069,10.7,LA,medium
34.07,-118.23,2,25,property,0.2,1.0512435186197397,property,0.7635,True,0.1371,0.7635,0.0993,9.9,LA,medium
34.07,-118.23,3,74,property,0.5405405405405406,0.7017778547068911,property,0.764,True,0.1371,0.764,0.0989,9.9,LA,medium
34.07,-118.22,0,30,property,0.16666666666666666,1.0564242198612623,property,0.7525,True,0.1373,0.7525,0.1102,11.0,LA,medium
34.07,-118.22,1,39,property,0.15384615384615385,1.0579054247036734,property,0.7642,True,0.1371,0.7642,0.0986,9.9,LA,medium
34.07,-118.22,2,69,property,0.2028985507246377,1.0530381425463626,property,0.7603,True,0.1369,0.7603,0.1027,10.3,LA,medium
34.07,-118.22,3,69,property,0.07246376811594203,1.0536047700148927,property,0.7603,True,0.1366,0.7603,0.103,10.3,LA,medium
34.07,-118.21000000000001,0,35,violent,0.08571428571428572,1.0882194459083807,property,0.7605,False,0.1366,0.7605,0.1029,10.3,LA,medium
34.07,-118.21000000000001,1,51,property,0.21568627450980393,1.0448142987287445,property,0.7596,True,0.1368,0.7596,0.1035,10.4,LA,medium
34.07,-118.21000000000001,2,57,property,0.19298245614035087,1.0554053458596904,property,0.7641,True,0.1371,0.7641,0.0988,9.9,LA,medium
34.07,-118.21000000000001,3,80,property,0.1375,1.073958568765481,property,0.7639,True,0.1371,0.7639,0.099,9.9,LA,medium
34.07,-118.2,0,18,other,0.2777777777777778,0.9809896824453154,property,0.7143,False,0.1292,0.7143,0.1566,15.7,LA,medium
34.07,-118.2,1,22,other,0.18181818181818182,1.0670895187820832,property,0.7588,False,0.1373,0.7588,0.1039,10.4,LA,medium
34.07,-118.2,2,47,property,0.02127659574468085,1.095406133212063,property,0.6931,True,0.1252,0.6931,0.1816,18.2,LA,medium
34.07,-118.2,3,39,violent,0.07692307692307693,1.0806997965712635,property,0.7453,False,0.1344,0.7453,0.1203,12.0,LA,medium
34.07,-118.19,0,8,property,0.375,0.9002560512685369,property,0.7057,True,0.1285,0.7057,0.1658,16.6,LA,medium
34.07,-118.19,1,12,violent,0.0,1.0986122886681096,property,0.7552,False,0.1402,0.7552,0.1046,10.5,LA,medium
34.07,-118.19,2,19,property,0.0,1.087074155537762,property,0.7522,True,0.1417,0.7522,0.1061,10.6,LA,medium
34.07,-118.19,3,23,violent,0.08695652173913043,1.0912436384160904,property,0.7642,False,0.1371,0.7642,0.0986,9.9,LA,medium
34.07,-118.18,0,9,violent,0.0,1.0986122886681096,property,0.7643,False,0.1371,0.7643,0.0986,9.9,LA,medium
34.07,-118.18,1,7,property,0.42857142857142855,0.5982696097102534,property,0.68,True,0.1226,0.68,0.1975,19.7,LA,medium
34.07,-118.18,2,15,property,0.26666666666666666,0.8532361505557784,property,0.7643,True,0.1371,0.7643,0.0985,9.9,LA,medium
34.07,-118.18,3,26,property,0.15384615384615385,0.8981370031878679,property,0.764,True,0.1371,0.764,0.0989,9.9,LA,medium
34.07,-118.17,0,14,violent,0.0,1.0933747175566466,property,0.7641,False,0.1371,0.7641,0.0988,9.9,LA,medium
34.07,-118.17,1,17,other,0.17647058823529413,0.6774944254944788,property,0.7608,False,0.1367,0.7608,0.1025,10.2,LA,medium
34.07,-118.17,2,24,property,0.125,1.0505717513316428,property,0.7641,True,0.1371,0.7641,0.0988,9.9,LA,medium
34.07,-118.17,3,29,violent,0.27586206896551724,1.0271753091827658,property,0.7641,False,0.1371,0.7641,0.0987,9.9,LA,medium
34.07,-118.16,0,4,violent,0.25,1.0397207708399179,property,0.7624,False,0.1371,0.7624,0.1005,10.0,LA,medium
34.07,-118.16,1,4,property,0.25,1.0397207708399179,property,0.7641,True,0.1371,0.7641,0.0988,9.9,LA,medium
34.07,-118.16,2,12,property,0.25,0.887694275799104,property,0.764,True,0.1371,0.764,0.0989,9.9,LA,medium
34.07,-118.16,3,13,property,0.6923076923076923,0.42932304322455905,property,0.7567,True,0.1392,0.7567,0.1041,10.4,LA,medium
34.08,-118.56,2,3,other,0.3333333333333333,0.6365141893815645,property,0.7514,False,0.1416,0.7514,0.107,10.7,LA,medium
34.08,-118.48,0,4,violent,0.0,0.6931472015900639,property,0.7627,False,0.1371,0.7627,0.1002,10.0,LA,medium
34.08,-118.48,1,3,property,0.3333333333333333,0.6365141893815645,property,0.7488,True,0.1467,0.7488,0.1045,10.5,LA,medium
34.08,-118.48,2,4,property,0.5,0.5623351657797391,property,0.7534,True,0.1396,0.7534,0.107,10.7,LA,medium
34.08,-118.47,0,9,property,0.1111111111111111,1.0608569471580214,property,0.7645,True,0.1372,0.7645,0.0984,9.8,LA,medium
34.08,-118.47,1,5,property,1.0,4.3446531758480495e-08,property,0.7647,True,0.1372,0.7647,0.0982,9.8,LA,medium
34.08,-118.47,2,12,property,0.3333333333333333,0.9596147939120492,property,0.7645,True,0.1372,0.7645,0.0983,9.8,LA,medium
34.08,-118.47,3,3,property,0.3333333333333333,0.6365141893815645,property,0.764,True,0.1371,0.764,0.0988,9.9,LA,medium
34.08,-118.46000000000001,0,3,violent,0.0,1.0986122886681096,property,0.7643,False,0.1371,0.7643,0.0985,9.9,LA,medium
34.08,-118.46000000000001,3,3,violent,0.0,1.0986122886681096,property,0.7489,False,0.1463,0.7489,0.1047,10.5,LA,medium
34.08,-118.45,1,4,property,0.0,0.6931472015900639,property,0.7432,True,0.1435,0.7432,0.1133,11.3,LA,medium
34.08,-118.45,2,3,property,0.3333333333333333,0.6365141893815645,property,0.7646,True,0.1372,0.7646,0.0983,9.8,LA,medium
34.08,-118.45,3,3,violent,0.0,1.0986122886681096,property,0.7641,False,0.1371,0.7641,0.0987,9.9,LA,medium
34.08,-118.44,1,4,property,0.5,0.5623351657797391,property,0.7542,True,0.1399,0.7542,0.1059,10.6,LA,medium
34.08,-118.44,2,9,property,0.1111111111111111,0.6869615976336276,property,0.7645,True,0.1372,0.7645,0.0983,9.8,LA,medium
34.08,-118.44,3,4,property,0.5,0.5623351657797391,property,0.7488,True,0.1467,0.7488,0.1045,10.5,LA,medium
34.08,-118.43,3,3,property,0.3333333333333333,0.6365141893815645,property,0.7488,True,0.1467,0.7488,0.1045,10.4,LA,medium
34.08,-118.39,1,7,other,0.14285714285714285,0.6829081257408294,property,0.7497,False,0.146,0.7497,0.1043,10.4,LA,medium
34.08,-118.39,2,11,property,0.0,0.9347698978582792,property,0.7646,True,0.1372,0.7646,0.0982,9.8,LA,medium
34.08,-118.39,3,13,property,0.38461538461538464,0.9251290835720822,property,0.7642,True,0.1371,0.7642,0.0986,9.9,LA,medium
34.08,-118.38,0,36,property,0.027777777777777776,1.0816810090772329,property,0.678,True,0.1222,0.678,0.1998,20.0,LA,medium
34.08,-118.38,1,44,property,0.3409090909090909,0.9825358214711828,property,0.7603,True,0.1384,0.7603,0.1013,10.1,LA,medium
34.08,-118.38,2,166,property,0.5180722891566265,0.8475725541085317,property,0.7645,True,0.1371,0.7645,0.0984,9.8,LA,medium
34.08,-118.38,3,100,property,0.41,0.9253508868486591,property,0.7644,True,0.1371,0.7644,0.0984,9.8,LA,medium
34.08,-118.37,0,56,property,0.125,1.042642787279739,property,0.7643,True,0.1371,0.7643,0.0986,9.9,LA,medium
34.08,-118.37,1,86,property,0.6046511627906976,0.7181258250482161,property,0.7638,True,0.1375,0.7638,0.0987,9.9,LA,medium
34.08,-118.37,2,187,property,0.5187165775401069,0.8417225023858366,property,0.7645,True,0.1371,0.7645,0.0983,9.8,LA,medium
34.08,-118.37,3,162,property,0.6666666666666666,0.6837389058487535,property,0.7645,True,0.1371,0.7645,0.0983,9.8,LA,medium
34.08,-118.36,0,51,property,0.1568627450980392,1.0217953647500773,property,0.7604,True,0.1368,0.7604,0.1028,10.3,LA,medium
34.08,-118.36,1,88,property,0.06818181818181818,1.0182659211132001,property,0.7646,True,0.1372,0.7646,0.0983,9.8,LA,medium
34.08,-118.36,2,129,property,0.15503875968992248,1.0236460500681823,property,0.7611,True,0.1369,0.7611,0.102,10.2,LA,medium
34.08,-118.36,3,112,property,0.19642857142857142,1.0281516704736589,property,0.7591,True,0.1369,0.7591,0.1039,10.4,LA,medium
34.08,-118.35000000000001,0,40,property,0.35,0.9757064417180588,property,0.7645,True,0.1372,0.7645,0.0984,9.8,LA,medium
34.08,-118.35000000000001,1,48,property,0.2708333333333333,1.0239588563257431,property,0.7595,True,0.1369,0.7595,0.1036,10.4,LA,medium
34.08,-118.35000000000001,2,115,property,0.017391304347826087,1.0889176670698646,property,0.7622,True,0.1369,0.7622,0.1009,10.1,LA,medium
34.08,-118.35000000000001,3,91,property,0.2087912087912088,1.0258947673657928,property,0.7585,True,0.1366,0.7585,0.105,10.5,LA,medium
34.08,-118.34,0,34,property,0.058823529411764705,1.073383620336505,property,0.7645,True,0.1372,0.7645,0.0983,9.8,LA,medium
34.08,-118.34,1,33,property,0.18181818181818182,1.0417002424008999,property,0.7515,True,0.1425,0.7515,0.106,10.6,LA,medium
34.08,-118.34,2,52,property,0.23076923076923078,0.9839614460010255,property,0.7639,True,0.1373,0.7639,0.0988,9.9,LA,medium
34.08,-118.34,3,62,property,0.41935483870967744,0.9134392757548231,property,0.7644,True,0.1371,0.7644,0.0985,9.8,LA,medium
34.08,-118.33,0,12,property,0.4166666666666667,0.8239592165010823,property,0.7645,True,0.1372,0.7645,0.0984,9.8,LA,medium
34.08,-118.33,1,21,property,0.047619047619047616,0.9403716526240742,property,0.7491,True,0.1464,0.7491,0.1045,10.4,LA,medium
34.08,-118.33,2,59,property,0.2033898305084746,1.040917993641933,property,0.7646,True,0.1372,0.7646,0.0982,9.8,LA,medium
34.08,-118.33,3,45,property,0.17777777777777778,0.9986960225194134,property,0.7645,True,0.1372,0.7645,0.0983,9.8,LA,medium
34.08,-118.32000000000001,0,24,property,0.16666666666666666,0.9069847801752021,property,0.7643,True,0.1371,0.7643,0.0986,9.9,LA,medium
34.08,-118.32000000000001,1,52,other,0.019230769230769232,1.0336874423871811,property,0.764,False,0.1374,0.764,0.0986,9.9,LA,medium
34.08,-118.32000000000001,2,77,property,0.1038961038961039,1.0610600364710385,property,0.7646,True,0.1371,0.7646,0.0983,9.8,LA,medium
34.08,-118.32000000000001,3,72,property,0.2777777777777778,0.8794643307304726,property,0.7645,True,0.1371,0.7645,0.0983,9.8,LA,medium
34.08,-118.31,0,83,property,0.04819277108433735,1.0709307295920616,property,0.7604,True,0.1368,0.7604,0.1028,10.3,LA,medium
34.08,-118.31,1,79,property,0.1518987341772152,1.0628109623792616,property,0.7647,True,0.1372,0.7647,0.0982,9.8,LA,medium
34.08,-118.31,2,92,property,0.25,1.0308624857347433,property,0.7646,True,0.1372,0.7646,0.0983,9.8,LA,medium
34.08,-118.31,3,141,property,0.19858156028368795,1.0549266148435557,property,0.7645,True,0.1371,0.7645,0.0984,9.8,LA,medium
34.08,-118.3,0,69,property,0.057971014492753624,1.0639003059328258,property,0.7254,True,0.1312,0.7254,0.1433,14.3,LA,medium
34.08,-118.3,1,82,other,0.012195121951219513,1.0844692962752767,property,0.764,False,0.1371,0.764,0.0989,9.9,LA,medium
34.08,-118.3,2,134,property,0.17164179104477612,1.0609294596505698,property,0.7642,True,0.1371,0.7642,0.0986,9.9,LA,medium
34.08,-118.3,3,154,property,0.06493506493506493,1.0904190446400133,property,0.7532,True,0.1356,0.7532,0.1112,11.1,LA,medium
34.08,-118.29,0,49,violent,0.1836734693877551,1.0363122190325798,property,0.7044,False,0.1272,0.7044,0.1684,16.8,LA,medium
34.08,-118.29,1,93,property,0.07526881720430108,1.0725415677497032,property,0.7237,True,0.1309,0.7237,0.1454,14.5,LA,medium
34.08,-118.29,2,116,violent,0.06896551724137931,1.075361286166348,property,0.6799,False,0.1226,0.6799,0.1975,19.8,LA,medium
34.08,-118.29,3,104,violent,0.028846153846153848,1.0676851767055253,property,0.7035,False,0.127,0.7035,0.1695,16.9,LA,medium
34.08,-118.28,0,74,property,0.24324324324324326,1.010001876908741,property,0.7602,True,0.1368,0.7602,0.103,10.3,LA,medium
34.08,-118.28,1,132,property,0.5833333333333334,0.7594506846890898,property,0.7578,True,0.1386,0.7578,0.1036,10.4,LA,medium
34.08,-118.28,2,262,property,0.6221374045801527,0.6491844934259507,property,0.7645,True,0.1371,0.7645,0.0983,9.8,LA,medium
34.08,-118.28,3,275,property,0.6436363636363637,0.6573031495577871,property,0.7645,True,0.1371,0.7645,0.0984,9.8,LA,medium
34.08,-118.27,0,60,property,0.23333333333333334,1.0386088352168543,property,0.7643,True,0.1371,0.7643,0.0986,9.9,LA,medium
34.08,-118.27,1,48,property,0.22916666666666666,1.0379826447384586,property,0.7643,True,0.1371,0.7643,0.0985,9.9,LA,medium
34.08,-118.27,2,75,property,0.08,1.0046133239027197,property,0.7642,True,0.1371,0.7642,0.0986,9.9,LA,medium
34.08,-118.27,3,118,property,0.3813559322033898,0.8997257347771099,property,0.7643,True,0.1371,0.7643,0.0986,9.9,LA,medium
34.08,-118.26,0,58,property,0.1206896551724138,1.0756267988159172,property,0.7639,True,0.1371,0.7639,0.0989,9.9,LA,medium
34.08,-118.26,1,71,property,0.3380281690140845,0.9875059230000887,property,0.7645,True,0.1371,0.7645,0.0984,9.8,LA,medium
34.08,-118.26,2,114,property,0.17543859649122806,1.0422177530588281,property,0.7643,True,0.1371,0.7643,0.0986,9.9,LA,medium
34.08,-118.26,3,162,property,0.24074074074074073,1.0339756807982592,property,0.764,True,0.1371,0.764,0.0989,9.9,LA,medium
34.08,-118.25,0,23,property,0.17391304347826086,0.9724399117161489,property,0.7602,True,0.1366,0.7602,0.1031,10.3,LA,medium
34.08,-118.25,1,22,property,0.09090909090909091,0.6890092595109152,property,0.7645,True,0.1372,0.7645,0.0984,9.8,LA,medium
34.08,-118.25,2,30,property,0.6,0.6828690186734608,property,0.7641,True,0.1371,0.7641,0.0987,9.9,LA,medium
34.08,-118.25,3,32,property,0.28125,1.015063083244053,property,0.7643,True,0.1371,0.7643,0.0985,9.9,LA,medium
34.08,-118.24000000000001,1,9,other,0.1111111111111111,0.6869615976336276,property,0.749,False,0.1465,0.749,0.1045,10.5,LA,medium
34.08,-118.24000000000001,2,8,violent,0.5,0.562335165779739,property,0.7497,False,0.1425,0.7497,0.1077,10.8,LA,medium
34.08,-118.24000000000001,3,3,violent,0.0,1.0986122886681096,property,0.7636,False,0.1371,0.7636,0.0993,9.9,LA,medium
34.08,-118.23,0,3,other,0.3333333333333333,0.6365141893815645,property,0.7137,False,0.1295,0.7137,0.1568,15.7,LA,medium
34.08,-118.23,1,4,other,0.25,1.0397207708399179,property,0.7624,False,0.1371,0.7624,0.1006,10.1,LA,medium
34.08,-118.23,2,10,property,0.0,0.6931472015900639,property,0.7578,True,0.1368,0.7578,0.1054,10.5,LA,medium
34.08,-118.23,3,8,other,0.125,0.9743147528693494,property,0.7591,False,0.1381,0.7591,0.1028,10.3,LA,medium
34.08,-118.22,0,41,property,0.21951219512195122,1.0211480832143913,property,0.677,True,0.122,0.677,0.201,20.1,LA,medium
34.08,-118.22,1,69,property,0.08695652173913043,1.061208440905252,property,0.7642,True,0.1371,0.7642,0.0987,9.9,LA,medium
34.08,-118.22,2,93,property,0.21505376344086022,1.0284180601785033,property,0.7584,True,0.1367,0.7584,0.1049,10.5,LA,medium
34.08,-118.22,3,87,property,0.14942528735632185,1.0583515782206279,property,0.764,True,0.1371,0.764,0.0989,9.9,LA,medium
34.08,-118.21000000000001,0,33,property,0.15151515151515152,1.0637155529842897,property,0.6812,True,0.1228,0.6812,0.196,19.6,LA,medium
34.08,-118.21000000000001,1,31,property,0.2903225806451613,0.9389262276259042,property,0.7466,True,0.1347,0.7466,0.1186,11.9,LA,medium
34.08,-118.21000000000001,2,51,property,0.0,1.0841193022277626,property,0.763,True,0.137,0.763,0.1,10.0,LA,medium
34.08,-118.21000000000001,3,52,property,0.17307692307692307,1.0620439764298153,property,0.764,True,0.1371,0.764,0.0988,9.9,LA,medium
34.08,-118.2,0,18,other,0.05555555555555555,1.0893096789558299,property,0.7108,False,0.1286,0.7108,0.1606,16.1,LA,medium
34.08,-118.2,1,18,property,0.1111111111111111,1.0608569471580214,property,0.7463,True,0.1375,0.7463,0.1161,11.6,LA,medium
34.08,-118.2,2,27,property,0.14814814814814814,1.0304089991452012,property,0.7563,True,0.137,0.7563,0.1068,10.7,LA,medium
34.08,-118.2,3,23,property,0.08695652173913043,1.0912436384160904,property,0.738,True,0.1336,0.738,0.1283,12.8,LA,medium
34.08,-118.19,0,10,property,0.1,1.0888999753452238,property,0.6816,True,0.1229,0.6816,0.1955,19.6,LA,medium
34.08,-118.19,1,23,property,0.043478260869565216,1.08501115745815,property,0.7531,True,0.1411,0.7531,0.1058,10.6,LA,medium
34.08,-118.19,2,19,other,0.10526315789473684,1.0795295733255184,property,0.7638,False,0.1373,0.7638,0.0989,9.9,LA,medium
34.08,-118.19,3,26,violent,0.11538461538461539,1.0798753311904068,property,0.6894,False,0.1244,0.6894,0.1862,18.6,LA,medium
34.08,-118.18,0,16,other,0.0625,1.094780226007948,property,0.7644,False,0.1371,0.7644,0.0984,9.8,LA,medium
34.08,-118.18,1,27,other,0.07407407407407407,1.0820131534045054,property,0.7641,False,0.1371,0.7641,0.0988,9.9,LA,medium
34.08,-118.18,2,28,property,0.07142857142857142,1.0897973126663918,property,0.7019,True,0.1268,0.7019,0.1714,17.1,LA,medium
34.08,-118.18,3,33,property,0.24242424242424243,1.0249615284856062,property,0.6941,True,0.1252,0.6941,0.1807,18.1,LA,medium
34.08,-118.17,0,16,property,0.3125,0.9840865030829147,property,0.7644,True,0.1371,0.7644,0.0985,9.8,LA,medium
34.08,-118.17,1,28,property,0.10714285714285714,0.9529371001252029,property,0.7515,True,0.1387,0.7515,0.1098,11.0,LA,medium
34.08,-118.17,2,31,property,0.03225806451612903,1.097582370270211,property,0.764,True,0.1372,0.764,0.0988,9.9,LA,medium
34.08,-118.17,3,33,violent,0.12121212121212122,1.0535084081118615,property,0.6847,False,0.1236,0.6847,0.1917,19.2,LA,medium
34.08,-118.16,0,9,violent,0.1111111111111111,1.0608569471580214,property,0.7644,False,0.1371,0.7644,0.0984,9.8,LA,medium
34.08,-118.16,1,11,other,0.18181818181818182,0.9164648855394713,property,0.7539,False,0.1409,0.7539,0.1052,10.5,LA,medium
34.08,-118.16,2,8,property,0.625,0.7356219397587946,property,0.7642,True,0.1371,0.7642,0.0987,9.9,LA,medium
34.08,-118.16,3,5,other,0.4,0.9502705392332347,property,0.7641,False,0.1371,0.7641,0.0988,9.9,LA,medium
34.09,-118.53,1,7,property,0.7142857142857143,0.4101163396015584,property,0.7642,True,0.1371,0.7642,0.0987,9.9,LA,medium
34.09,-118.53,2,3,property,1.0,4.3446531758480495e-08,property,0.7569,True,0.1393,0.7569,0.1038,10.4,LA,medium
34.09,-118.53,3,3,violent,0.3333333333333333,0.6365141893815645,property,0.7532,False,0.1396,0.7532,0.1072,10.7,LA,medium
34.09,-118.51,2,4,other,0.5,0.5623351657797391,property,0.7634,False,0.1371,0.7634,0.0995,10.0,LA,medium
34.09,-118.48,2,3,other,0.3333333333333333,0.6365141893815645,property,0.7643,False,0.1371,0.7643,0.0986,9.9,LA,medium
34.09,-118.47,0,3,property,0.3333333333333333,0.6365141893815645,property,0.7488,True,0.1465,0.7488,0.1047,10.5,LA,medium
34.09,-118.47,1,5,property,0.0,1.0549201679861442,property,0.7485,True,0.1463,0.7485,0.1052,10.5,LA,medium
34.09,-118.47,2,4,property,0.0,0.6931472015900639,property,0.7487,True,0.1466,0.7487,0.1047,10.5,LA,medium
34.09,-118.47,3,3,property,0.3333333333333333,0.6365141893815645,property,0.7542,True,0.1403,0.7542,0.1054,10.5,LA,medium
34.09,-118.46000000000001,1,3,property,0.3333333333333333,0.6365141893815645,property,0.764,True,0.1371,0.764,0.0989,9.9,LA,medium
34.09,-118.46000000000001,2,7,property,0.14285714285714285,0.6829081257408294,property,0.761,True,0.138,0.761,0.101,10.1,LA,medium
34.09,-118.44,2,3,property,0.3333333333333333,0.6365141893815645,property,0.7546,True,0.1408,0.7546,0.1046,10.5,LA,medium
34.09,-118.43,0,3,violent,0.0,1.0986122886681096,property,0.7488,False,0.1467,0.7488,0.1045,10.4,LA,medium
34.09,-118.43,2,3,property,0.3333333333333333,0.6365141893815645,property,0.7643,True,0.1371,0.7643,0.0986,9.9,LA,medium
34.09,-118.39,2,5,property,0.4,0.9502705392332347,property,0.7645,True,0.1372,0.7645,0.0983,9.8,LA,medium
34.09,-118.38,0,11,property,0.18181818181818182,1.0670895187820832,property,0.6907,True,0.1245,0.6907,0.1848,18.5,LA,medium
34.09,-118.38,2,7,property,0.14285714285714285,0.6829081257408294,property,0.7541,True,0.1411,0.7541,0.1047,10.5,LA,medium
34.09,-118.38,3,14,property,0.0,1.0042424730540764,property,0.7641,True,0.1371,0.7641,0.0988,9.9,LA,medium
34.09,-118.37,0,7,other,0.14285714285714285,1.0789922078775833,property,0.7512,False,0.1424,0.7512,0.1064,10.6,LA,medium
34.09,-118.37,1,11,property,0.09090909090909091,1.0361987848192837,property,0.7569,True,0.1368,0.7569,0.1063,10.6,LA,medium
34.09,-118.37,2,11,property,0.09090909090909091,0.6890092595109152,property,0.7644,True,0.1371,0.7644,0.0984,9.8,LA,medium
34.09,-118.37,3,16,property,0.25,1.0397207708399179,property,0.7638,True,0.1371,0.7638,0.0991,9.9,LA,medium
34.09,-118.36,0,19,property,0.3684210526315789,0.8785250991271565,property,0.7495,True,0.1366,0.7495,0.1139,11.4,LA,medium
34.09,-118.36,1,12,other,0.08333333333333333,1.0775563270668007,property,0.7643,False,0.1371,0.7643,0.0986,9.9,LA,medium
34.09,-118.36,2,18,property,0.2777777777777778,0.9809896824453154,property,0.7645,True,0.1372,0.7645,0.0984,9.8,LA,medium
34.09,-118.36,3,31,property,0.0,0.9440052014131601,property,0.7646,True,0.1372,0.7646,0.0983,9.8,LA,medium
34.09,-118.35000000000001,0,34,property,0.0,1.0756483002797306,property,0.764,True,0.1371,0.764,0.0988,9.9,LA,medium
34.09,-118.35000000000001,1,31,property,0.12903225806451613,1.0599864113257504,property,0.7582,True,0.1394,0.7582,0.1024,10.2,LA,medium
34.09,-118.35000000000001,2,50,property,0.24,1.0183597347658937,property,0.7645,True,0.1371,0.7645,0.0983,9.8,LA,medium
34.09,-118.35000000000001,3,51,property,0.2549019607843137,0.9797077575306483,property,0.7645,True,0.1371,0.7645,0.0984,9.8,LA,medium
34.09,-118.34,0,82,property,0.06097560975609756,1.0940849917849471,property,0.7424,True,0.1351,0.7424,0.1224,12.2,LA,medium
34.09,-118.34,1,83,other,0.12048192771084337,1.0811846470712372,property,0.7606,False,0.1368,0.7606,0.1027,10.3,LA,medium
34.09,-118.34,2,135,property,0.05185185185185185,1.09051359713842,property,0.7646,True,0.1372,0.7646,0.0983,9.8,LA,medium
34.09,-118.34,3,128,property,0.078125,1.0419978305188922,property,0.7605,True,0.1367,0.7605,0.1029,10.3,LA,medium
34.09,-118.33,0,112,property,0.017857142857142856,1.0522061739309445,property,0.6781,True,0.1222,0.6781,0.1998,20.0,LA,medium
34.09,-118.33,1,118,property,0.23728813559322035,1.0310682464023102,property,0.7559,True,0.1374,0.7559,0.1067,10.7,LA,medium
34.09,-118.33,2,168,property,0.1130952380952381,1.0830430776605893,property,0.7599,True,0.1369,0.7599,0.1031,10.3,LA,medium
34.09,-118.33,3,159,property,0.1949685534591195,1.0462802808010365,property,0.7574,True,0.1365,0.7574,0.1061,10.6,LA,medium
34.09,-118.32000000000001,0,70,violent,0.0,1.0933747175566466,property,0.6811,False,0.1227,0.6811,0.1962,19.6,LA,medium
34.09,-118.32000000000001,1,90,property,0.07777777777777778,1.0917374056730198,property,0.753,True,0.1368,0.753,0.1103,11.0,LA,medium
34.09,-118.32000000000001,2,119,property,0.11764705882352941,1.0817068411432849,property,0.7642,True,0.1371,0.7642,0.0987,9.9,LA,medium
34.09,-118.32000000000001,3,124,property,0.13709677419354838,1.0751698655187387,property,0.7588,True,0.1366,0.7588,0.1046,10.5,LA,medium
34.09,-118.31,0,118,violent,0.16101694915254236,1.0461460391206674,property,0.676,False,0.1217,0.676,0.2022,20.2,LA,medium
34.09,-118.31,1,116,property,0.017241379310344827,1.0983166884877198,property,0.7063,True,0.1287,0.7063,0.165,16.5,LA,medium
34.09,-118.31,2,157,violent,0.12738853503184713,1.0791569661483675,property,0.7234,False,0.1308,0.7234,0.1458,14.6,LA,medium
34.09,-118.31,3,182,property,0.06043956043956044,1.0937738924796023,property,0.7545,True,0.1372,0.7545,0.1084,10.8,LA,medium
34.09,-118.3,0,79,violent,0.0,1.0979657463158976,property,0.6797,False,0.1225,0.6797,0.1979,19.8,LA,medium
34.09,-118.3,1,87,property,0.06896551724137931,1.0939547819577147,property,0.7644,True,0.1371,0.7644,0.0984,9.8,LA,medium
34.09,-118.3,2,149,property,0.174496644295302,1.069534796086748,property,0.7643,True,0.1371,0.7643,0.0986,9.9,LA,medium
34.09,-118.3,3,127,violent,0.007874015748031496,1.0885122883812637,property,0.7433,False,0.1341,0.7433,0.1226,12.3,LA,medium
34.09,-118.29,0,71,violent,0.0,1.0776120233344217,property,0.6908,False,0.1247,0.6908,0.1846,18.5,LA,medium
34.09,-118.29,1,76,violent,0.0,1.097913446793334,property,0.7577,False,0.1368,0.7577,0.1055,10.5,LA,medium
34.09,-118.29,2,99,property,0.1717171717171717,1.0667153217191492,property,0.7599,True,0.137,0.7599,0.1031,10.3,LA,medium
34.09,-118.29,3,124,violent,0.0,1.078750952616245,property,0.7017,False,0.127,0.7017,0.1714,17.1,LA,medium
34.09,-118.28,0,69,property,0.2318840579710145,0.9208218349043051,property,0.7645,True,0.1372,0.7645,0.0983,9.8,LA,medium
34.09,-118.28,1,54,property,0.3148148148148148,0.8816996271864808,property,0.7639,True,0.1374,0.7639,0.0987,9.9,LA,medium
34.09,-118.28,2,98,property,0.32653061224489793,0.917812536119446,property,0.7645,True,0.1371,0.7645,0.0983,9.8,LA,medium
34.09,-118.28,3,155,property,0.5096774193548387,0.7629071747726895,property,0.7645,True,0.1371,0.7645,0.0984,9.8,LA,medium
34.09,-118.27,0,28,property,0.25,0.7896874466431992,property,0.7641,True,0.1371,0.7641,0.0988,9.9,LA,medium
34.09,-118.27,1,29,property,0.20689655172413793,0.7969001455127585,property,0.7642,True,0.1371,0.7642,0.0986,9.9,LA,medium
34.09,-118.27,2,38,property,0.21052631578947367,0.9932682101499606,property,0.7641,True,0.1371,0.7641,0.0987,9.9,LA,medium
34.09,-118.27,3,51,property,0.21568627450980393,0.8882286100533793,property,0.7639,True,0.1371,0.7639,0.099,9.9,LA,medium
34.09,-118.26,0,19,property,0.10526315789473684,1.0132690262497301,property,0.764,True,0.1371,0.764,0.0988,9.9,LA,medium
34.09,-118.26,1,17,property,0.5294117647058824,0.5455945951468555,property,0.7635,True,0.1374,0.7635,0.0991,9.9,LA,medium
34.09,-118.26,2,37,property,0.1891891891891892,1.0024374473202595,property,0.7643,True,0.1371,0.7643,0.0986,9.9,LA,medium
34.09,-118.26,3,42,property,0.19047619047619047,0.9829007277151564,property,0.7641,True,0.1371,0.7641,0.0988,9.9,LA,medium
34.09,-118.25,0,11,property,0.45454545454545453,0.9075352941050092,property,0.764,True,0.1371,0.764,0.0988,9.9,LA,medium
34.09,-118.25,1,14,property,0.21428571428571427,0.8760057656431737,property,0.7644,True,0.1372,0.7644,0.0984,9.8,LA,medium
34.09,-118.25,2,21,property,0.42857142857142855,0.9285845074396563,property,0.764,True,0.1371,0.764,0.0989,9.9,LA,medium
34.09,-118.25,3,15,property,0.4666666666666667,0.8608513906312316,property,0.7641,True,0.1371,0.7641,0.0987,9.9,LA,medium
34.09,-118.24000000000001,0,13,property,0.3076923076923077,0.8587409130062869,property,0.7644,True,0.1371,0.7644,0.0985,9.8,LA,medium
34.09,-118.24000000000001,1,4,property,0.25,1.0397207708399179,property,0.7643,True,0.1371,0.7643,0.0986,9.9,LA,medium
34.09,-118.24000000000001,2,16,property,0.4375,0.7774621319109288,property,0.7527,True,0.1414,0.7527,0.1059,10.6,LA,medium
34.09,-118.24000000000001,3,12,property,0.08333333333333333,1.077556327066801,property,0.7643,True,0.1371,0.7643,0.0986,9.9,LA,medium
34.09,-118.23,0,21,other,0.047619047619047616,1.0466304865832219,property,0.7639,False,0.1371,0.7639,0.0989,9.9,LA,medium
34.09,-118.23,1,49,property,0.1836734693877551,1.0363122190325798,property,0.7641,True,0.1371,0.7641,0.0987,9.9,LA,medium
34.09,-118.23,2,74,property,0.36486486486486486,0.9700951263502124,property,0.7643,True,0.1371,0.7643,0.0986,9.9,LA,medium
34.09,-118.23,3,61,property,0.4098360655737705,0.9429767762594046,property,0.7059,True,0.1275,0.7059,0.1666,16.7,LA,medium
34.09,-118.22,0,21,property,0.047619047619047616,1.091786238095127,property,0.7603,True,0.1368,0.7603,0.103,10.3,LA,medium
34.09,-118.22,1,17,other,0.17647058823529413,0.9560443809671457,property,0.7489,False,0.1464,0.7489,0.1047,10.5,LA,medium
34.09,-118.22,2,40,violent,0.175,1.0504234141728277,property,0.7462,False,0.1367,0.7462,0.1171,11.7,LA,medium
34.09,-118.22,3,38,property,0.10526315789473684,1.0795295733255184,property,0.6848,True,0.1235,0.6848,0.1917,19.2,LA,medium
34.09,-118.21000000000001,0,31,violent,0.0,1.0707894419593655,property,0.6995,False,0.1262,0.6995,0.1742,17.4,LA,medium
34.09,-118.21000000000001,1,43,other,0.16279069767441862,1.0282395077809068,property,0.7644,False,0.1372,0.7644,0.0984,9.8,LA,medium
34.09,-118.21000000000001,2,42,property,0.11904761904761904,1.077005778047344,property,0.7638,True,0.1371,0.7638,0.0991,9.9,LA,medium
34.09,-118.21000000000001,3,55,violent,0.01818181818181818,1.0942349010310402,property,0.6841,False,0.1233,0.6841,0.1926,19.3,LA,medium
34.09,-118.2,0,10,property,0.1,1.0888999753452238,property,0.764,True,0.1371,0.764,0.0988,9.9,LA,medium
34.09,-118.2,1,19,property,0.47368421052631576,0.8246593237664704,property,0.764,True,0.1371,0.764,0.0988,9.9,LA,medium
34.09,-118.2,2,13,property,0.15384615384615385,0.8981370031878679,property,0.764,True,0.1371,0.764,0.0988,9.9,LA,medium
34.09,-118.2,3,21,violent,0.0,1.0986122886681096,property,0.7642,False,0.1371,0.7642,0.0987,9.9,LA,medium
34.09,-118.19,0,13,violent,0.0,0.9110175397125628,property,0.7637,False,0.1371,0.7637,0.0991,9.9,LA,medium
34.09,-118.19,1,30,property,0.03333333333333333,1.0952733774372052,property,0.7639,True,0.1371,0.7639,0.099,9.9,LA,medium
34.09,-118.19,2,29,property,0.13793103448275862,1.065891213213607,property,0.7171,True,0.1298,0.7171,0.1531,15.3,LA,medium
34.09,-118.19,3,27,property,0.25925925925925924,1.0247727743980646,property,0.7551,True,0.1369,0.7551,0.108,10.8,LA,medium
34.09,-118.18,0,7,property,0.2857142857142857,0.9556998911125343,property,0.7532,True,0.1374,0.7532,0.1094,10.9,LA,medium
34.09,-118.18,1,19,violent,0.15789473684210525,1.0459781656993947,property,0.6905,False,0.1247,0.6905,0.1848,18.5,LA,medium
34.09,-118.18,2,29,violent,0.06896551724137931,1.0939547819577147,property,0.7496,False,0.1385,0.7496,0.1119,11.2,LA,medium
34.09,-118.18,3,32,property,0.09375,1.0612039759627614,property,0.7217,True,0.1308,0.7217,0.1475,14.7,LA,medium
34.09,-118.17,0,29,property,0.034482758620689655,1.0901154415671217,property,0.7602,True,0.1366,0.7602,0.1032,10.3,LA,medium
34.09,-118.17,1,23,property,0.0,1.096692663308951,property,0.753,True,0.1355,0.753,0.1115,11.2,LA,medium
34.09,-118.17,2,42,other,0.023809523809523808,1.0969101592798742,property,0.7624,False,0.1369,0.7624,0.1007,10.1,LA,medium
34.09,-118.17,3,31,property,0.1935483870967742,1.046337357519136,property,0.7429,True,0.134,0.7429,0.1232,12.3,LA,medium
34.09,-118.16,0,10,property,0.3,0.8979457248567798,property,0.6776,True,0.1221,0.6776,0.2003,20.0,LA,medium
34.09,-118.16,1,14,other,0.35714285714285715,0.9799711820833055,property,0.7644,False,0.1371,0.7644,0.0984,9.8,LA,medium
34.09,-118.16,2,21,property,0.19047619047619047,0.9829007277151564,property,0.7486,True,0.1459,0.7486,0.1055,10.5,LA,medium
34.09,-118.16,3,25,property,0.12,1.0133126873497391,property,0.7621,True,0.1369,0.7621,0.101,10.1,LA,medium
34.1,-118.47,2,8,other,0.125,0.9743147528693494,property,0.7644,False,0.1372,0.7644,0.0984,9.8,LA,medium
34.1,-118.46000000000001,2,3,other,0.3333333333333333,0.6365141893815645,property,0.7641,False,0.1371,0.7641,0.0987,9.9,LA,medium
34.1,-118.46000000000001,3,3,other,0.3333333333333333,0.6365141893815645,property,0.7644,False,0.1371,0.7644,0.0985,9.8,LA,medium
34.1,-118.45,1,3,other,0.3333333333333333,0.6365141893815645,property,0.7512,False,0.1442,0.7512,0.1046,10.5,LA,medium
34.1,-118.45,2,4,other,1.0,4.34465315364359e-08,property,0.764,False,0.1374,0.764,0.0986,9.9,LA,medium
34.1,-118.45,3,6,other,0.16666666666666666,1.0114042647073518,property,0.7645,False,0.1372,0.7645,0.0984,9.8,LA,medium
34.1,-118.44,2,4,property,0.5,0.562335165779739,property,0.7645,True,0.1372,0.7645,0.0983,9.8,LA,medium
34.1,-118.43,0,4,other,0.5,0.5623351657797391,property,0.7646,False,0.1372,0.7646,0.0983,9.8,LA,medium
34.1,-118.43,1,3,property,0.3333333333333333,0.6365141893815645,property,0.749,True,0.1465,0.749,0.1045,10.5,LA,medium
34.1,-118.43,2,5,other,0.2,0.6730116880595106,property,0.7488,False,0.1466,0.7488,0.1046,10.5,LA,medium
34.1,-118.43,3,3,other,0.3333333333333333,0.6365141893815645,property,0.7489,False,0.1467,0.7489,0.1044,10.4,LA,medium
34.1,-118.42,0,3,other,0.3333333333333333,0.6365141893815645,property,0.7483,False,0.1461,0.7483,0.1056,10.6,LA,medium
34.1,-118.42,2,3,other,0.3333333333333333,0.6365141893815645,property,0.7489,False,0.1467,0.7489,0.1045,10.4,LA,medium
34.1,-118.4,0,4,property,0.25,1.0397207708399179,property,0.7645,True,0.1372,0.7645,0.0984,9.8,LA,medium
34.1,-118.39,0,3,property,1.0,4.3446531758480495e-08,property,0.6761,True,0.1218,0.6761,0.2021,20.2,LA,medium
34.1,-118.39,2,13,property,0.38461538461538464,0.9251290835720822,property,0.7646,True,0.1372,0.7646,0.0982,9.8,LA,medium
34.1,-118.39,3,12,property,0.6666666666666666,0.4505612301390093,property,0.749,True,0.1465,0.749,0.1045,10.4,LA,medium
34.1,-118.38,0,3,property,0.3333333333333333,0.6365141893815645,property,0.6809,True,0.1227,0.6809,0.1964,19.6,LA,medium
34.1,-118.38,1,5,other,0.2,0.6730116880595106,property,0.7646,False,0.1372,0.7646,0.0983,9.8,LA,medium
34.1,-118.38,2,8,other,0.125,0.9743147528693494,property,0.7646,False,0.1372,0.7646,0.0982,9.8,LA,medium
34.1,-118.38,3,18,property,0.16666666666666666,0.8544149816001841,property,0.7468,True,0.1387,0.7468,0.1145,11.5,LA,medium
34.1,-118.37,0,19,violent,0.42105263157894735,0.9097077103274986,property,0.7352,False,0.1345,0.7352,0.1303,13.0,LA,medium
34.1,-118.37,1,11,property,0.18181818181818182,1.0670895187820832,property,0.7646,True,0.1372,0.7646,0.0982,9.8,LA,medium
34.1,-118.37,2,21,property,0.14285714285714285,1.0353605606849843,property,0.7646,True,0.1372,0.7646,0.0982,9.8,LA,medium
34.1,-118.37,3,20,property,0.1,1.0486537893593546,property,0.764,True,0.1371,0.764,0.0988,9.9,LA,medium
34.1,-118.36,0,36,property,0.08333333333333333,1.0775563270668007,property,0.7637,True,0.1374,0.7637,0.0989,9.9,LA,medium
34.1,-118.36,1,37,property,0.13513513513513514,1.013037099009109,property,0.7646,True,0.1372,0.7646,0.0982,9.8,LA,medium
34.1,-118.36,2,66,property,0.22727272727272727,1.0497637937309316,property,0.7644,True,0.1371,0.7644,0.0985,9.8,LA,medium
34.1,-118.36,3,73,property,0.1095890410958904,1.077934634167948,property,0.7646,True,0.1372,0.7646,0.0983,9.8,LA,medium
34.1,-118.35000000000001,0,126,property,0.1111111111111111,1.0688557055822145,property,0.7523,True,0.1355,0.7523,0.1121,11.2,LA,medium
34.1,-118.35000000000001,1,82,property,0.024390243902439025,1.051094536503555,property,0.7643,True,0.1371,0.7643,0.0985,9.9,LA,medium
34.1,-118.35000000000001,2,157,property,0.09554140127388536,1.0667000909874311,property,0.7646,True,0.1372,0.7646,0.0983,9.8,LA,medium
34.1,-118.35000000000001,3,160,property,0.1,1.0486537893593546,property,0.7646,True,0.1372,0.7646,0.0983,9.8,LA,medium
34.1,-118.34,0,225,violent,0.1288888888888889,1.062714597153943,property,0.676,False,0.1217,0.676,0.2023,20.2,LA,medium
34.1,-118.34,1,220,property,0.05,1.0895844581098277,property,0.7504,True,0.1361,0.7504,0.1135,11.3,LA,medium
34.1,-118.34,2,388,property,0.10051546391752578,1.0824937236786965,property,0.7581,True,0.1368,0.7581,0.1051,10.5,LA,medium
34.1,-118.34,3,355,property,0.09014084507042254,1.0885759072100714,property,0.7465,True,0.1364,0.7465,0.1171,11.7,LA,medium
34.1,-118.33,0,323,violent,0.07739938080495357,1.0840013610151282,property,0.6805,False,0.1228,0.6805,0.1967,19.7,LA,medium
34.1,-118.33,1,234,property,0.03418803418803419,1.0970939279145044,property,0.7371,True,0.1366,0.7371,0.1263,12.6,LA,medium
34.1,-118.33,2,363,property,0.09090909090909091,1.0835728765129837,property,0.7497,True,0.1375,0.7497,0.1129,11.3,LA,medium
34.1,-118.33,3,437,property,0.09610983981693363,1.0792331172287795,property,0.7567,True,0.1365,0.7567,0.1068,10.7,LA,medium
34.1,-118.32000000000001,0,139,property,0.10071942446043165,1.0761163548412578,property,0.7162,True,0.1294,0.7162,0.1544,15.4,LA,medium
34.1,-118.32000000000001,1,189,property,0.18518518518518517,1.0605366467214234,property,0.7581,True,0.1368,0.7581,0.1051,10.5,LA,medium
34.1,-118.32000000000001,2,258,property,0.22093023255813954,1.0320822866625314,property,0.7518,True,0.1385,0.7518,0.1096,11.0,LA,medium
34.1,-118.32000000000001,3,246,property,0.1910569105691057,1.0623388482925917,property,0.726,True,0.1314,0.726,0.1427,14.3,LA,medium
34.1,-118.31,0,82,property,0.036585365853658534,1.072999593820096,property,0.7234,True,0.1322,0.7234,0.1445,14.4,LA,medium
34.1,-118.31,1,242,property,0.26859504132231404,0.9994010552775157,property,0.7626,True,0.1369,0.7626,0.1005,10.0,LA,medium
34.1,-118.31,2,312,property,0.21794871794871795,1.0281268965178043,property,0.7598,True,0.1369,0.7598,0.1033,10.3,LA,medium
34.1,-118.31,3,243,property,0.2839506172839506,1.0115492719823924,property,0.7605,True,0.1367,0.7605,0.1028,10.3,LA,medium
34.1,-118.3,0,78,property,0.10256410256410256,1.0851732524354265,property,0.7599,True,0.1369,0.7599,0.1032,10.3,LA,medium
34.1,-118.3,1,123,property,0.21138211382113822,1.0287623287145258,property,0.7647,True,0.1372,0.7647,0.0982,9.8,LA,medium
34.1,-118.3,2,222,property,0.18018018018018017,1.0537328653137632,property,0.7646,True,0.1372,0.7646,0.0983,9.8,LA,medium
34.1,-118.3,3,186,property,0.15591397849462366,1.0576854117820496,property,0.7646,True,0.1372,0.7646,0.0983,9.8,LA,medium
34.1,-118.29,0,70,property,0.08571428571428572,1.0882194459083807,property,0.7643,True,0.1371,0.7643,0.0986,9.9,LA,medium
34.1,-118.29,1,96,other,0.16666666666666666,1.070288708702226,property,0.7485,False,0.146,0.7485,0.1055,10.5,LA,medium
34.1,-118.29,2,133,other,0.15789473684210525,1.054449067638769,property,0.7524,False,0.1385,0.7524,0.1091,10.9,LA,medium
34.1,-118.29,3,127,property,0.11023622047244094,1.0824425370928576,property,0.7569,True,0.137,0.7569,0.106,10.6,LA,medium
34.1,-118.28,0,35,other,0.02857142857142857,1.0319734201604107,property,0.7637,False,0.1372,0.7637,0.0991,9.9,LA,medium
34.1,-118.28,1,27,other,0.037037037037037035,1.0091366718296015,property,0.7646,False,0.1372,0.7646,0.0982,9.8,LA,medium
34.1,-118.28,2,43,property,0.3023255813953488,0.8867808347624444,property,0.7645,True,0.1372,0.7645,0.0983,9.8,LA,medium
34.1,-118.28,3,47,property,0.0851063829787234,0.9542348967589244,property,0.7645,True,0.1371,0.7645,0.0983,9.8,LA,medium
34.1,-118.27,0,13,property,0.38461538461538464,0.6172417908363657,property,0.763,True,0.1374,0.763,0.0997,10.0,LA,medium
34.1,-118.27,1,14,property,0.5,0.7589367727620596,property,0.7642,True,0.1371,0.7642,0.0986,9.9,LA,medium
34.1,-118.27,2,32,property,0.03125,1.091649996728975,property,0.7642,True,0.1371,0.7642,0.0986,9.9,LA,medium
34.1,-118.27,3,20,property,0.0,0.6931472015900639,property,0.7641,True,0.1371,0.7641,0.0987,9.9,LA,medium
34.1,-118.26,0,13,property,0.38461538461538464,0.9251290835720823,property,0.764,True,0.1371,0.764,0.0989,9.9,LA,medium
34.1,-118.26,1,17,property,0.17647058823529413,0.6774944254944788,property,0.7641,True,0.1371,0.7641,0.0988,9.9,LA,medium
34.1,-118.26,2,27,property,0.2962962962962963,0.7795536050790828,property,0.7636,True,0.1371,0.7636,0.0993,9.9,LA,medium
34.1,-118.26,3,30,property,0.4666666666666667,0.5799151925614515,property,0.7639,True,0.1371,0.7639,0.0989,9.9,LA,medium
34.1,-118.25,0,11,property,0.0,1.0900596587107838,property,0.763,True,0.1374,0.763,0.0997,10.0,LA,medium
34.1,-118.25,1,20,property,0.05,1.080527626604172,property,0.7638,True,0.1371,0.7638,0.0991,9.9,LA,medium
34.1,-118.25,2,28,property,0.0,1.0933747175566468,property,0.7642,True,0.1371,0.7642,0.0986,9.9,LA,medium
34.1,-118.25,3,34,property,0.23529411764705882,0.9420556408095729,property,0.7643,True,0.1371,0.7643,0.0985,9.9,LA,medium
34.1,-118.24000000000001,0,16,property,0.3125,0.9840865030829147,property,0.678,True,0.1222,0.678,0.1999,20.0,LA,medium
34.1,-118.24000000000001,1,14,property,0.07142857142857142,0.8982053397041498,property,0.7644,True,0.1371,0.7644,0.0985,9.8,LA,medium
34.1,-118.24000000000001,2,19,property,0.05263157894736842,1.0601189359398382,property,0.7563,True,0.137,0.7563,0.1067,10.7,LA,medium
34.1,-118.24000000000001,3,18,property,0.05555555555555555,1.0893096789558299,property,0.6785,True,0.1223,0.6785,0.1993,19.9,LA,medium
34.1,-118.23,0,22,other,0.18181818181818182,0.9164648855394713,property,0.7643,False,0.1371,0.7643,0.0986,9.9,LA,medium
34.1,-118.23,1,23,property,0.13043478260869565,1.074721225116281,property,0.7612,True,0.1382,0.7612,0.1006,10.1,LA,medium
34.1,-118.23,2,34,property,0.058823529411764705,1.0347237164131773,property,0.7533,True,0.1409,0.7533,0.1059,10.6,LA,medium
34.1,-118.23,3,45,property,0.06666666666666667,1.0851886129676505,property,0.7566,True,0.1367,0.7566,0.1067,10.7,LA,medium
34.1,-118.22,0,7,other,0.14285714285714285,0.6829081257408294,property,0.7642,False,0.1371,0.7642,0.0987,9.9,LA,medium
34.1,-118.22,1,6,other,0.5,0.8675632284814612,property,0.7598,False,0.1382,0.7598,0.102,10.2,LA,medium
34.1,-118.22,2,13,other,0.23076923076923078,0.9839614460010255,property,0.7634,False,0.1375,0.7634,0.0991,9.9,LA,medium
34.1,-118.22,3,17,other,0.23529411764705882,1.0027399543973452,property,0.7642,False,0.1371,0.7642,0.0987,9.9,LA,medium
34.1,-118.21000000000001,0,19,property,0.3684210526315789,0.9724809323379562,property,0.7543,True,0.1404,0.7543,0.1053,10.5,LA,medium
34.1,-118.21000000000001,1,17,violent,0.11764705882352941,1.0283941667143721,property,0.7487,False,0.146,0.7487,0.1053,10.5,LA,medium
34.1,-118.21000000000001,2,25,other,0.08,1.0875656525975472,property,0.7607,False,0.1378,0.7607,0.1015,10.1,LA,medium
34.1,-118.21000000000001,3,26,property,0.11538461538461539,1.0798753311904068,property,0.7644,True,0.1371,0.7644,0.0985,9.8,LA,medium
34.1,-118.2,0,19,violent,0.2631578947368421,0.9174021803627407,property,0.7523,False,0.1355,0.7523,0.1123,11.2,LA,medium
34.1,-118.2,1,19,property,0.05263157894736842,1.0601189359398382,property,0.7489,True,0.1465,0.7489,0.1046,10.5,LA,medium
34.1,-118.2,2,29,property,0.10344827586206896,1.052787230251689,property,0.7566,True,0.1385,0.7566,0.1048,10.5,LA,medium
34.1,-118.2,3,29,violent,0.1724137931034483,0.9813723337467095,property,0.7181,False,0.1302,0.7181,0.1516,15.2,LA,medium
34.1,-118.19,0,5,property,0.6,0.5004024447610512,property,0.7486,True,0.1466,0.7486,0.1047,10.5,LA,medium
34.1,-118.19,1,7,property,0.42857142857142855,0.5982696097102536,property,0.7644,True,0.1371,0.7644,0.0985,9.8,LA,medium
34.1,-118.19,2,12,property,0.5833333333333334,0.7214636866925115,property,0.7643,True,0.1371,0.7643,0.0986,9.9,LA,medium
34.1,-118.19,3,12,other,0.08333333333333333,1.0775563270668007,property,0.7642,False,0.1371,0.7642,0.0987,9.9,LA,medium
34.1,-118.18,0,8,violent,0.125,0.9743147528693494,property,0.7641,False,0.1371,0.7641,0.0988,9.9,LA,medium
34.1,-118.18,1,11,violent,0.0,1.0900596587107838,property,0.7641,False,0.1371,0.7641,0.0988,9.9,LA,medium
34.1,-118.18,2,25,property,0.08,1.0509134745090587,property,0.7639,True,0.1371,0.7639,0.099,9.9,LA,medium
34.1,-118.18,3,30,property,0.3333333333333333,0.8310088429518809,property,0.7641,True,0.1371,0.7641,0.0988,9.9,LA,medium
34.1,-118.16,1,3,property,0.3333333333333333,0.6365141893815645,property,0.7488,True,0.1465,0.7488,0.1047,10.5,LA,medium
34.1,-118.16,2,5,property,1.0,4.3446531758480495e-08,property,0.7597,True,0.1369,0.7597,0.1034,10.3,LA,medium
34.1,-118.16,3,5,property,0.0,1.0549201679861442,property,0.7642,True,0.1371,0.7642,0.0987,9.9,LA,medium
34.11,-118.45,3,3,violent,0.3333333333333333,0.6365141893815645,property,0.6965,False,0.1263,0.6965,0.1772,17.7,LA,medium
34.11,-118.44,2,9,property,0.4444444444444444,0.848685557726417,property,0.7491,True,0.1463,0.7491,0.1046,10.5,LA,medium
34.11,-118.42,2,4,other,0.25,1.0397207708399179,property,0.7489,False,0.1464,0.7489,0.1047,10.5,LA,medium
34.11,-118.4,2,6,other,0.3333333333333333,0.6365141893815645,property,0.7488,False,0.1466,0.7488,0.1045,10.5,LA,medium
34.11,-118.4,3,5,property,0.6,0.5004024447610512,property,0.7601,True,0.1367,0.7601,0.1031,10.3,LA,medium
34.11,-118.38,1,7,other,0.5714285714285714,0.796311640173813,property,0.7583,False,0.1395,0.7583,0.1022,10.2,LA,medium
34.11,-118.38,2,9,violent,0.0,1.0986122886681096,property,0.755,False,0.1407,0.755,0.1043,10.4,LA,medium
34.11,-118.38,3,3,other,0.3333333333333333,0.6365141893815645,property,0.7645,False,0.1372,0.7645,0.0983,9.8,LA,medium
34.11,-118.37,0,4,property,0.5,0.562335165779739,property,0.7375,True,0.1409,0.7375,0.1216,12.2,LA,medium
34.11,-118.37,1,7,property,0.7142857142857143,0.4101163396015584,property,0.7644,True,0.1371,0.7644,0.0985,9.8,LA,medium
34.11,-118.37,2,8,property,0.375,0.9002560512685369,property,0.761,True,0.138,0.761,0.101,10.1,LA,medium
34.11,-118.37,3,6,violent,0.16666666666666666,1.0114042647073518,property,0.7562,False,0.1393,0.7562,0.1045,10.4,LA,medium
34.11,-118.36,0,9,violent,0.1111111111111111,1.0608569471580214,property,0.7646,False,0.1372,0.7646,0.0983,9.8,LA,medium
34.11,-118.36,1,13,property,0.38461538461538464,0.9251290835720822,property,0.76,True,0.1373,0.76,0.1027,10.3,LA,medium
34.11,-118.36,2,11,property,0.36363636363636365,0.8599672810355049,property,0.7645,True,0.1372,0.7645,0.0984,9.8,LA,medium
34.11,-118.36,3,6,property,0.16666666666666666,1.0114042647073518,property,0.7646,True,0.1372,0.7646,0.0983,9.8,LA,medium
34.11,-118.35000000000001,1,6,other,0.16666666666666666,1.0114042647073518,property,0.7642,False,0.1371,0.7642,0.0987,9.9,LA,medium
34.11,-118.35000000000001,2,4,violent,0.0,0.6931472015900639,property,0.7645,False,0.1372,0.7645,0.0983,9.8,LA,medium
34.11,-118.35000000000001,3,6,other,0.16666666666666666,1.0114042647073518,property,0.7644,False,0.1371,0.7644,0.0985,9.8,LA,medium
34.11,-118.34,0,21,property,0.047619047619047616,1.0466304865832217,property,0.7636,True,0.1371,0.7636,0.0993,9.9,LA,medium
34.11,-118.34,1,25,property,0.16,0.9622678365069894,property,0.7592,True,0.1369,0.7592,0.1039,10.4,LA,medium
34.11,-118.34,2,32,property,0.15625,1.003690367837568,property,0.7642,True,0.1371,0.7642,0.0986,9.9,LA,medium
34.11,-118.34,3,56,property,0.05357142857142857,1.0506175635686377,property,0.7583,True,0.1367,0.7583,0.105,10.5,LA,medium
34.11,-118.33,0,37,property,0.08108108108108109,1.0611532224746254,property,0.7596,True,0.1369,0.7596,0.1035,10.3,LA,medium
34.11,-118.33,1,35,property,0.05714285714285714,1.002336297700253,property,0.7647,True,0.1372,0.7647,0.0982,9.8,LA,medium
34.11,-118.33,2,63,property,0.12698412698412698,1.0489935849820151,property,0.7636,True,0.1372,0.7636,0.0993,9.9,LA,medium
34.11,-118.33,3,65,property,0.015384615384615385,1.0433567288474612,property,0.7645,True,0.1371,0.7645,0.0984,9.8,LA,medium
34.11,-118.32000000000001,0,31,property,0.12903225806451613,1.0131875083727033,property,0.7645,True,0.1372,0.7645,0.0984,9.8,LA,medium
34.11,-118.32000000000001,1,41,property,0.0975609756097561,1.0611692507830748,property,0.7647,True,0.1372,0.7647,0.0982,9.8,LA,medium
34.11,-118.32000000000001,2,48,property,0.020833333333333332,1.0072221003524973,property,0.7639,True,0.1374,0.7639,0.0987,9.9,LA,medium
34.11,-118.32000000000001,3,45,property,0.17777777777777778,1.0350012056698188,property,0.7645,True,0.1371,0.7645,0.0984,9.8,LA,medium
34.11,-118.31,0,11,property,0.09090909090909091,1.0361987848192837,property,0.7643,True,0.1371,0.7643,0.0986,9.9,LA,medium
34.11,-118.31,1,17,property,0.29411764705882354,0.923840705630872,property,0.7646,True,0.1372,0.7646,0.0983,9.8,LA,medium
34.11,-118.31,2,24,property,0.4583333333333333,0.8570352476808069,property,0.7646,True,0.1372,0.7646,0.0982,9.8,LA,medium
34.11,-118.31,3,17,property,0.35294117647058826,0.9586918593253719,property,0.7645,True,0.1372,0.7645,0.0983,9.8,LA,medium
34.11,-118.3,0,31,property,0.5483870967741935,0.7161414579413183,property,0.7513,True,0.1438,0.7513,0.1049,10.5,LA,medium
34.11,-118.3,1,27,property,0.14814814814814814,0.9525594433910547,property,0.7642,True,0.1371,0.7642,0.0987,9.9,LA,medium
34.11,-118.3,2,42,property,0.19047619047619047,0.9829007277151564,property,0.7644,True,0.1371,0.7644,0.0985,9.9,LA,medium
34.11,-118.3,3,45,property,0.35555555555555557,0.8224012101567185,property,0.7642,True,0.1371,0.7642,0.0986,9.9,LA,medium
34.11,-118.29,0,24,property,0.16666666666666666,0.9069847801752021,property,0.7643,True,0.1371,0.7643,0.0986,9.9,LA,medium
34.11,-118.29,1,40,property,0.375,0.9002560512685369,property,0.7548,True,0.1409,0.7548,0.1043,10.4,LA,medium
34.11,-118.29,2,57,property,0.14035087719298245,0.8524230718448256,property,0.7643,True,0.1371,0.7643,0.0985,9.9,LA,medium
34.11,-118.29,3,64,property,0.25,1.0066670009137897,property,0.7643,True,0.1371,0.7643,0.0985,9.9,LA,medium
34.11,-118.28,0,23,property,0.21739130434782608,1.005692986132508,property,0.7636,True,0.1372,0.7636,0.0992,9.9,LA,medium
34.11,-118.28,1,34,property,0.29411764705882354,0.8293571847898717,property,0.7582,True,0.1394,0.7582,0.1023,10.2,LA,medium
34.11,-118.28,2,40,property,0.025,0.9829167527825078,property,0.7645,True,0.1371,0.7645,0.0983,9.8,LA,medium
34.11,-118.28,3,43,property,0.5116279069767442,0.7490033389244966,property,0.7645,True,0.1371,0.7645,0.0983,9.8,LA,medium
34.11,-118.27,0,22,property,0.0,1.0412597335159743,property,0.763,True,0.1374,0.763,0.0996,10.0,LA,medium
34.11,-118.27,1,28,property,0.14285714285714285,1.0511359509468368,property,0.7573,True,0.1392,0.7573,0.1035,10.3,LA,medium
34.11,-118.27,2,44,other,0.06818181818181818,1.0182659211132001,property,0.7635,False,0.1374,0.7635,0.0991,9.9,LA,medium
34.11,-118.27,3,71,violent,0.04225352112676056,1.0911934998364226,property,0.764,False,0.1371,0.764,0.0989,9.9,LA,medium
34.11,-118.26,0,19,property,0.3684210526315789,0.9724809323379562,property,0.7642,True,0.1371,0.7642,0.0986,9.9,LA,medium
34.11,-118.26,1,22,other,0.045454545454545456,0.9957374991778267,property,0.7634,False,0.1374,0.7634,0.0993,9.9,LA,medium
34.11,-118.26,2,26,other,0.07692307692307693,1.0123308391031733,property,0.7526,False,0.1413,0.7526,0.1061,10.6,LA,medium
34.11,-118.26,3,40,property,0.175,1.0504234141728277,property,0.7643,True,0.1371,0.7643,0.0986,9.9,LA,medium
34.11,-118.25,0,12,property,0.5,0.8675632284814613,property,0.7613,True,0.1372,0.7613,0.1015,10.2,LA,medium
34.11,-118.25,1,24,property,0.125,0.8292958063087608,property,0.7644,True,0.1372,0.7644,0.0984,9.8,LA,medium
34.11,-118.25,2,30,property,0.13333333333333333,1.0437570363314086,property,0.7643,True,0.1371,0.7643,0.0986,9.9,LA,medium
34.11,-118.25,3,37,property,0.10810810810810811,1.0398276548241476,property,0.7642,True,0.1371,0.7642,0.0986,9.9,LA,medium
34.11,-118.24000000000001,0,22,property,0.09090909090909091,1.0843629508682477,property,0.7531,True,0.1381,0.7531,0.1088,10.9,LA,medium
34.11,-118.24000000000001,1,20,property,0.3,0.9972715231823841,property,0.7641,True,0.1371,0.7641,0.0987,9.9,LA,medium
34.11,-118.24000000000001,2,38,violent,0.02631578947368421,1.093691626505447,property,0.7644,False,0.1372,0.7644,0.0984,9.8,LA,medium
34.11,-118.24000000000001,3,21,other,0.047619047619047616,1.0466304865832219,property,0.7641,False,0.1371,0.7641,0.0987,9.9,LA,medium
34.11,-118.23,0,6,property,0.0,0.6931472015900639,property,0.7635,True,0.1371,0.7635,0.0994,9.9,LA,medium
34.11,-118.23,1,24,other,0.125,1.0505717513316428,property,0.764,False,0.1371,0.764,0.0989,9.9,LA,medium
34.11,-118.23,2,23,other,0.2608695652173913,0.9502094526077801,property,0.7643,False,0.1371,0.7643,0.0985,9.9,LA,medium
34.11,-118.23,3,16,property,0.3125,0.8305236914828463,property,0.7642,True,0.1371,0.7642,0.0987,9.9,LA,medium
34.11,-118.22,0,3,property,1.0,4.3446531758480495e-08,property,0.754,True,0.1404,0.754,0.1057,10.6,LA,medium
34.11,-118.22,2,6,property,0.3333333333333333,0.6365141893815645,property,0.7642,True,0.1371,0.7642,0.0987,9.9,LA,medium
34.11,-118.22,3,4,property,0.0,0.6931472015900639,property,0.7639,True,0.1371,0.7639,0.099,9.9,LA,medium
34.11,-118.21000000000001,0,10,other,0.1,1.0888999753452238,property,0.7516,False,0.1354,0.7516,0.113,11.3,LA,medium
34.11,-118.21000000000001,1,10,property,0.2,1.0296530140645737,property,0.7537,True,0.1397,0.7537,0.1066,10.7,LA,medium
34.11,-118.21000000000001,2,21,property,0.23809523809523808,0.9099250471537522,property,0.752,True,0.1417,0.752,0.1064,10.6,LA,medium
34.11,-118.21000000000001,3,23,property,0.0,1.096692663308951,property,0.7536,True,0.1402,0.7536,0.1062,10.6,LA,medium
34.11,-118.2,0,39,property,0.05128205128205128,0.9857334215107243,property,0.6933,True,0.125,0.6933,0.1817,18.2,LA,medium
34.11,-118.2,1,45,property,0.06666666666666667,1.0659600211050013,property,0.7575,True,0.1396,0.7575,0.1029,10.3,LA,medium
34.11,-118.2,2,64,property,0.1875,1.0441214183938043,property,0.7599,True,0.1369,0.7599,0.1032,10.3,LA,medium
34.11,-118.2,3,78,other,0.02564102564102564,1.0842435291786918,property,0.7641,False,0.1371,0.7641,0.0988,9.9,LA,medium
34.11,-118.19,0,29,property,0.13793103448275862,1.065891213213607,property,0.7633,True,0.137,0.7633,0.0997,10.0,LA,medium
34.11,-118.19,1,43,property,0.09302325581395349,1.0786340166813146,property,0.7645,True,0.1372,0.7645,0.0983,9.8,LA,medium
34.11,-118.19,2,62,property,0.016129032258064516,1.0902968400578485,property,0.7641,True,0.1371,0.7641,0.0987,9.9,LA,medium
34.11,-118.19,3,57,violent,0.15789473684210525,1.0747225883016025,property,0.763,False,0.137,0.763,0.1,10.0,LA,medium
34.11,-118.18,0,14,violent,0.14285714285714285,1.0789922078775833,property,0.7626,False,0.1373,0.7626,0.1001,10.0,LA,medium
34.11,-118.18,1,20,property,0.55,0.6874357505033553,property,0.7639,True,0.1371,0.7639,0.099,9.9,LA,medium
34.11,-118.18,2,41,property,0.4878048780487805,0.8359025988868711,property,0.764,True,0.1371,0.764,0.0989,9.9,LA,medium
34.11,-118.18,3,48,property,0.2916666666666667,1.0054668293254951,property,0.7639,True,0.1371,0.7639,0.099,9.9,LA,medium
34.12,-118.47,2,6,other,0.3333333333333333,0.6365141893815645,property,0.7641,False,0.1371,0.7641,0.0988,9.9,LA,medium
34.12,-118.44,1,3,property,0.3333333333333333,0.6365141893815645,property,0.7643,True,0.1371,0.7643,0.0986,9.9,LA,medium
34.12,-118.44,2,5,property,1.0,4.3446531758480495e-08,property,0.7643,True,0.1371,0.7643,0.0986,9.9,LA,medium
34.12,-118.43,2,8,other,0.125,0.9743147528693494,property,0.7573,False,0.1397,0.7573,0.103,10.3,LA,medium
34.12,-118.42,2,4,property,0.5,0.5623351657797391,property,0.7431,True,0.1432,0.7431,0.1137,11.4,LA,medium
34.12,-118.4,2,8,property,0.5,0.562335165779739,property,0.7608,True,0.1382,0.7608,0.1011,10.1,LA,medium
34.12,-118.39,1,3,property,0.3333333333333333,0.6365141893815645,property,0.7642,True,0.1371,0.7642,0.0986,9.9,LA,medium
34.12,-118.38,0,6,other,0.16666666666666666,1.0114042647073518,property,0.7487,False,0.1467,0.7487,0.1046,10.5,LA,medium
34.12,-118.38,1,5,property,0.4,0.9502705392332347,property,0.7625,True,0.1371,0.7625,0.1004,10.0,LA,medium
34.12,-118.38,2,9,other,0.3333333333333333,0.6365141893815645,property,0.7645,False,0.1372,0.7645,0.0983,9.8,LA,medium
34.12,-118.38,3,6,property,0.3333333333333333,0.6365141893815645,property,0.7644,True,0.1372,0.7644,0.0984,9.8,LA,medium
34.12,-118.37,0,5,violent,0.0,1.0549201679861442,property,0.764,False,0.1371,0.764,0.0989,9.9,LA,medium
34.12,-118.37,1,3,violent,0.0,1.0986122886681096,property,0.7545,False,0.1397,0.7545,0.1058,10.6,LA,medium
34.12,-118.37,3,4,other,0.25,1.0397207708399179,property,0.7506,False,0.1438,0.7506,0.1055,10.6,LA,medium
34.12,-118.36,2,5,property,0.2,0.6730116880595106,property,0.7531,True,0.1402,0.7531,0.1067,10.7,LA,medium
34.12,-118.36,3,7,other,0.42857142857142855,0.5982696097102536,property,0.7544,False,0.14,0.7544,0.1056,10.6,LA,medium
34.12,-118.35000000000001,1,7,property,0.14285714285714285,1.0789922078775833,property,0.7644,True,0.1371,0.7644,0.0985,9.8,LA,medium
34.12,-118.35000000000001,2,6,property,0.0,0.6931472015900639,property,0.7626,True,0.1373,0.7626,0.1,10.0,LA,medium
34.12,-118.35000000000001,3,7,property,0.42857142857142855,0.5982696097102536,property,0.7643,True,0.1371,0.7643,0.0985,9.9,LA,medium
34.12,-118.34,0,4,property,0.0,0.6931472015900639,property,0.749,True,0.1457,0.749,0.1054,10.5,LA,medium
34.12,-118.34,1,8,property,0.5,0.5623351657797391,property,0.7511,True,0.1417,0.7511,0.1073,10.7,LA,medium
34.12,-118.34,2,8,property,0.125,0.9743147528693494,property,0.7509,True,0.1431,0.7509,0.106,10.6,LA,medium
34.12,-118.34,3,7,property,0.0,1.0042424730540764,property,0.758,True,0.1391,0.758,0.1029,10.3,LA,medium
34.12,-118.33,0,6,property,0.3333333333333333,0.6365141893815645,property,0.7639,True,0.1371,0.7639,0.099,9.9,LA,medium
34.12,-118.33,2,7,violent,0.2857142857142857,0.9556998911125343,property,0.7638,False,0.1371,0.7638,0.0991,9.9,LA,medium
34.12,-118.32000000000001,0,4,property,0.5,0.5623351657797391,property,0.7643,True,0.1371,0.7643,0.0986,9.9,LA,medium
34.12,-118.32000000000001,1,15,property,0.8,0.48509409130221154,property,0.7643,True,0.1371,0.7643,0.0985,9.9,LA,medium
34.12,-118.32000000000001,2,27,property,0.48148148148148145,0.7743112444987517,property,0.7643,True,0.1371,0.7643,0.0986,9.9,LA,medium
34.12,-118.32000000000001,3,16,property,0.5625,0.7029189307735104,property,0.7539,True,0.1403,0.7539,0.1058,10.6,LA,medium
34.12,-118.31,0,4,other,0.5,0.5623351657797391,property,0.7641,False,0.1371,0.7641,0.0988,9.9,LA,medium
34.12,-118.31,1,5,property,0.6,0.5004024447610513,property,0.7643,True,0.1371,0.7643,0.0985,9.9,LA,medium
34.12,-118.31,2,9,property,0.5555555555555556,0.5297062202512142,property,0.7487,True,0.1462,0.7487,0.1051,10.5,LA,medium
34.12,-118.31,3,5,property,0.6,0.5004024447610513,property,0.7599,True,0.1366,0.7599,0.1034,10.3,LA,medium
34.12,-118.3,1,13,property,0.5384615384615384,0.5402041635719226,property,0.7535,True,0.1407,0.7535,0.1059,10.6,LA,medium
34.12,-118.3,2,36,property,0.5277777777777778,0.6495431685795663,property,0.7644,True,0.1371,0.7644,0.0985,9.8,LA,medium
34.12,-118.3,3,31,property,0.6451612903225806,0.5785328437149682,property,0.7643,True,0.1371,0.7643,0.0985,9.9,LA,medium
34.12,-118.29,0,4,other,0.25,1.0397207708399179,property,0.7643,False,0.1371,0.7643,0.0985,9.9,LA,medium
34.12,-118.29,1,9,property,0.3333333333333333,0.6365141893815645,property,0.7645,True,0.1372,0.7645,0.0984,9.8,LA,medium
34.12,-118.29,2,9,property,0.3333333333333333,0.6365141893815645,property,0.7552,True,0.1406,0.7552,0.1042,10.4,LA,medium
34.12,-118.29,3,10,property,0.4,0.610864323167295,property,0.7642,True,0.1371,0.7642,0.0986,9.9,LA,medium
34.12,-118.28,2,7,property,0.5714285714285714,0.7963116401738131,property,0.7643,True,0.1371,0.7643,0.0985,9.9,LA,medium
34.12,-118.28,3,9,other,0.1111111111111111,0.6869615976336276,property,0.7636,False,0.1374,0.7636,0.099,9.9,LA,medium
34.12,-118.27,0,10,property,0.1,0.9433483923290392,property,0.6809,True,0.1228,0.6809,0.1963,19.6,LA,medium
34.12,-118.27,1,22,property,0.18181818181818182,1.0670895187820832,property,0.7643,True,0.1371,0.7643,0.0985,9.9,LA,medium
34.12,-118.27,2,25,property,0.04,1.0768186672148103,property,0.7642,True,0.1371,0.7642,0.0986,9.9,LA,medium
34.12,-118.27,3,19,violent,0.05263157894736842,1.0601189359398382,property,0.7601,False,0.1381,0.7601,0.1018,10.2,LA,medium
34.12,-118.26,0,16,property,0.1875,0.8647400965276372,property,0.7499,True,0.1452,0.7499,0.1049,10.5,LA,medium
34.12,-118.26,1,21,property,0.47619047619047616,0.86415020319497,property,0.7505,True,0.1427,0.7505,0.1069,10.7,LA,medium
34.12,-118.26,2,83,property,0.5060240963855421,0.8086943985971425,property,0.7633,True,0.1374,0.7633,0.0993,9.9,LA,medium
34.12,-118.26,3,34,property,0.5588235294117647,0.6342463766177577,property,0.7605,True,0.1381,0.7605,0.1014,10.1,LA,medium
34.12,-118.25,0,5,property,0.0,1.0549201679861442,property,0.7487,True,0.1466,0.7487,0.1047,10.5,LA,medium
34.12,-118.25,1,8,other,0.375,0.9002560512685369,property,0.749,False,0.1465,0.749,0.1044,10.4,LA,medium
34.12,-118.25,2,15,other,0.26666666666666666,0.8532361505557784,property,0.7486,False,0.1464,0.7486,0.105,10.5,LA,medium
34.12,-118.25,3,14,property,0.14285714285714285,1.0789922078775833,property,0.7487,True,0.1463,0.7487,0.105,10.5,LA,medium
34.12,-118.24000000000001,0,14,violent,0.21428571428571427,1.034601232910181,property,0.6764,False,0.1218,0.6764,0.2018,20.2,LA,medium
34.12,-118.24000000000001,1,24,property,0.16666666666666666,1.0635215028672123,property,0.7399,True,0.1367,0.7399,0.1234,12.3,LA,medium
34.12,-118.24000000000001,2,35,other,0.05714285714285714,1.0954041286732956,property,0.7565,False,0.1375,0.7565,0.106,10.6,LA,medium
34.12,-118.24000000000001,3,29,other,0.034482758620689655,1.0901154415671217,property,0.731,False,0.1381,0.731,0.1309,13.1,LA,medium
34.12,-118.23,0,22,property,0.45454545454545453,0.8158498651845185,property,0.7641,True,0.1371,0.7641,0.0988,9.9,LA,medium
34.12,-118.23,1,29,property,0.10344827586206896,0.9925086555080169,property,0.7645,True,0.1372,0.7645,0.0983,9.8,LA,medium
34.12,-118.23,2,49,property,0.3877551020408163,0.9591002791414703,property,0.7643,True,0.1371,0.7643,0.0985,9.9,LA,medium
34.12,-118.23,3,48,property,0.5208333333333334,0.8369999087158131,property,0.7641,True,0.1371,0.7641,0.0988,9.9,LA,medium
34.12,-118.22,0,19,property,0.21052631578947367,1.0565758044102838,property,0.749,True,0.1463,0.749,0.1047,10.5,LA,medium
34.12,-118.22,1,20,property,0.0,1.0960673284468552,property,0.7574,True,0.1392,0.7574,0.1033,10.3,LA,medium
34.12,-118.22,2,35,property,0.2857142857142857,1.0027556945301126,property,0.7598,True,0.1369,0.7598,0.1033,10.3,LA,medium
34.12,-118.22,3,42,property,0.047619047619047616,1.0754974564874331,property,0.7568,True,0.1371,0.7568,0.1061,10.6,LA,medium
34.12,-118.21000000000001,0,15,other,0.2,1.0606018056124555,property,0.7503,False,0.1428,0.7503,0.1069,10.7,LA,medium
34.12,-118.21000000000001,1,13,other,0.23076923076923078,0.9839614460010255,property,0.7645,False,0.1372,0.7645,0.0984,9.8,LA,medium
34.12,-118.21000000000001,2,21,property,0.14285714285714285,0.9302998331833918,property,0.7524,True,0.1412,0.7524,0.1064,10.6,LA,medium
34.12,-118.21000000000001,3,29,other,0.13793103448275862,1.0658912132136071,property,0.7643,False,0.1371,0.7643,0.0986,9.9,LA,medium
34.12,-118.2,0,24,property,0.125,1.0505717513316428,property,0.7488,True,0.1464,0.7488,0.1047,10.5,LA,medium
34.12,-118.2,1,31,property,0.0967741935483871,1.0444966422024355,property,0.7523,True,0.1418,0.7523,0.1058,10.6,LA,medium
34.12,-118.2,2,46,violent,0.0,1.096692663308951,property,0.7491,False,0.1433,0.7491,0.1076,10.8,LA,medium
34.12,-118.2,3,39,property,0.23076923076923078,1.0244071383014264,property,0.68,True,0.1225,0.68,0.1974,19.7,LA,medium
34.12,-118.19,0,20,property,0.3,0.9972715231823841,property,0.7639,True,0.1371,0.7639,0.099,9.9,LA,medium
34.12,-118.19,1,26,other,0.15384615384615385,1.0579054247036734,property,0.7496,False,0.1454,0.7496,0.105,10.5,LA,medium
34.12,-118.19,2,48,property,0.0625,1.0433534269422906,property,0.7604,True,0.1368,0.7604,0.1028,10.3,LA,medium
34.12,-118.19,3,33,property,0.12121212121212122,1.0535084081118615,property,0.7581,True,0.1365,0.7581,0.1054,10.5,LA,medium
34.12,-118.18,0,20,property,0.0,1.0549201679861442,property,0.7644,True,0.1371,0.7644,0.0984,9.8,LA,medium
34.12,-118.18,1,40,property,0.35,0.8790314274397699,property,0.7535,True,0.1412,0.7535,0.1053,10.5,LA,medium
34.12,-118.18,2,88,property,0.5,0.7893304980195095,property,0.7642,True,0.1371,0.7642,0.0987,9.9,LA,medium
34.12,-118.18,3,63,property,0.25396825396825395,0.8173086167170892,property,0.7603,True,0.1367,0.7603,0.1031,10.3,LA,medium
34.12,-118.17,0,7,property,0.14285714285714285,1.0789922078775833,property,0.7589,True,0.1372,0.7589,0.1039,10.4,LA,medium
34.12,-118.17,1,10,property,0.4,0.9502705392332347,property,0.7642,True,0.1371,0.7642,0.0987,9.9,LA,medium
34.12,-118.17,2,12,property,0.08333333333333333,0.9184277849930975,property,0.685,True,0.1236,0.685,0.1914,19.1,LA,medium
34.12,-118.17,3,16,property,0.125,1.0717300941124526,property,0.7642,True,0.1371,0.7642,0.0987,9.9,LA,medium
34.13,-118.5,1,4,property,1.0,4.3446531758480495e-08,property,0.7625,True,0.1371,0.7625,0.1004,10.0,LA,medium
34.13,-118.5,2,7,property,0.42857142857142855,0.5982696097102536,property,0.7642,True,0.1371,0.7642,0.0986,9.9,LA,medium
34.13,-118.5,3,7,property,0.7142857142857143,0.4101163396015584,property,0.7642,True,0.1371,0.7642,0.0986,9.9,LA,medium
34.13,-118.49000000000001,2,7,property,0.42857142857142855,0.5982696097102536,property,0.7643,True,0.1371,0.7643,0.0985,9.9,LA,medium
34.13,-118.49000000000001,3,4,property,0.5,0.5623351657797391,property,0.7633,True,0.1371,0.7633,0.0996,10.0,LA,medium
34.13,-118.48,1,3,other,0.3333333333333333,0.6365141893815645,property,0.7645,False,0.1372,0.7645,0.0984,9.8,LA,medium
34.13,-118.48,2,7,property,0.0,1.0042424730540764,property,0.764,True,0.1371,0.764,0.0989,9.9,LA,medium
34.13,-118.47,1,4,other,0.25,1.0397207708399179,property,0.7643,False,0.1371,0.7643,0.0986,9.9,LA,medium
34.13,-118.47,2,7,violent,0.2857142857142857,0.9556998911125343,property,0.7643,False,0.1371,0.7643,0.0986,9.9,LA,medium
34.13,-118.47,3,10,violent,0.0,1.0549201679861442,property,0.7641,False,0.1371,0.7641,0.0988,9.9,LA,medium
34.13,-118.46000000000001,1,3,property,0.3333333333333333,0.6365141893815645,property,0.7647,True,0.1372,0.7647,0.0982,9.8,LA,medium
34.13,-118.45,1,6,property,0.3333333333333333,0.6365141893815645,property,0.7645,True,0.1372,0.7645,0.0984,9.8,LA,medium
34.13,-118.45,2,3,property,0.3333333333333333,0.6365141893815645,property,0.7644,True,0.1372,0.7644,0.0984,9.8,LA,medium
34.13,-118.44,2,5,property,0.6,0.5004024447610512,property,0.762,True,0.1369,0.762,0.1011,10.1,LA,medium
34.13,-118.43,2,3,property,0.3333333333333333,0.6365141893815645,property,0.7645,True,0.1372,0.7645,0.0984,9.8,LA,medium
34.13,-118.42,1,5,property,0.6,0.5004024447610512,property,0.7487,True,0.1467,0.7487,0.1046,10.5,LA,medium
34.13,-118.4,0,6,violent,0.5,0.8675632284814613,property,0.7512,False,0.1418,0.7512,0.107,10.7,LA,medium
34.13,-118.4,1,6,other,0.16666666666666666,1.0114042647073518,property,0.7642,False,0.1371,0.7642,0.0987,9.9,LA,medium
34.13,-118.4,2,10,property,0.2,1.0296530140645737,property,0.7644,True,0.1371,0.7644,0.0985,9.8,LA,medium
34.13,-118.4,3,4,property,0.5,0.5623351657797391,property,0.6858,True,0.1237,0.6858,0.1905,19.0,LA,medium
34.13,-118.39,1,3,property,0.3333333333333333,0.6365141893815645,property,0.7644,True,0.1372,0.7644,0.0984,9.8,LA,medium
34.13,-118.39,2,4,property,0.5,0.5623351657797391,property,0.7644,True,0.1371,0.7644,0.0984,9.8,LA,medium
34.13,-118.39,3,4,property,0.5,0.5623351657797391,property,0.7646,True,0.1372,0.7646,0.0983,9.8,LA,medium
34.13,-118.38,0,3,property,0.3333333333333333,0.6365141893815645,property,0.7641,True,0.1371,0.7641,0.0987,9.9,LA,medium
34.13,-118.38,1,4,property,0.0,0.6931472015900639,property,0.7644,True,0.1371,0.7644,0.0984,9.8,LA,medium
34.13,-118.38,2,11,property,0.8181818181818182,0.3046361187678678,property,0.7642,True,0.1371,0.7642,0.0986,9.9,LA,medium
34.13,-118.38,3,12,property,0.6666666666666666,0.4505612301390093,property,0.7642,True,0.1371,0.7642,0.0987,9.9,LA,medium
34.13,-118.37,1,6,property,0.5,0.8675632284814613,property,0.7511,True,0.1442,0.7511,0.1047,10.5,LA,medium
34.13,-118.37,2,8,property,1.0,4.3446531758480495e-08,property,0.7645,True,0.1372,0.7645,0.0984,9.8,LA,medium
34.13,-118.37,3,7,property,0.42857142857142855,0.5982696097102536,property,0.7643,True,0.1371,0.7643,0.0985,9.9,LA,medium
34.13,-118.36,0,12,property,0.25,1.0397207708399179,property,0.7633,True,0.137,0.7633,0.0997,10.0,LA,medium
34.13,-118.36,1,13,property,0.07692307692307693,1.0928305535284886,property,0.7643,True,0.1371,0.7643,0.0986,9.9,LA,medium
34.13,-118.36,2,25,property,0.16,0.8199696830860377,property,0.7646,True,0.1372,0.7646,0.0983,9.8,LA,medium
34.13,-118.36,3,28,property,0.21428571428571427,1.0346012329101812,property,0.7646,True,0.1372,0.7646,0.0982,9.8,LA,medium
34.13,-118.35000000000001,0,16,property,0.1875,1.0239287996389363,property,0.7645,True,0.1372,0.7645,0.0984,9.8,LA,medium
34.13,-118.35000000000001,1,18,property,0.5,0.7298429194806347,property,0.764,True,0.1374,0.764,0.0986,9.9,LA,medium
34.13,-118.35000000000001,2,17,property,0.4117647058823529,0.8739004142690672,property,0.7644,True,0.1371,0.7644,0.0984,9.8,LA,medium
34.13,-118.35000000000001,3,27,other,0.07407407407407407,1.0405805589833304,property,0.7645,False,0.1372,0.7645,0.0983,9.8,LA,medium
34.13,-118.34,0,12,property,0.3333333333333333,0.6365141893815645,property,0.7644,True,0.1372,0.7644,0.0984,9.8,LA,medium
34.13,-118.34,1,13,property,0.23076923076923078,0.9839614460010255,property,0.7643,True,0.1371,0.7643,0.0985,9.9,LA,medium
34.13,-118.34,2,18,property,0.3333333333333333,0.900908873225472,property,0.7644,True,0.1371,0.7644,0.0985,9.8,LA,medium
34.13,-118.34,3,12,property,0.6666666666666666,0.4505612301390093,property,0.7637,True,0.1374,0.7637,0.0989,9.9,LA,medium
34.13,-118.33,0,3,property,0.3333333333333333,0.6365141893815645,property,0.7127,True,0.1294,0.7127,0.158,15.8,LA,medium
34.13,-118.33,1,6,property,0.16666666666666666,1.0114042647073518,property,0.7639,True,0.1371,0.7639,0.099,9.9,LA,medium
34.13,-118.33,2,18,property,0.3888888888888889,0.7867012379169144,property,0.7644,True,0.1372,0.7644,0.0984,9.8,LA,medium
34.13,-118.33,3,3,property,1.0,4.3446531758480495e-08,property,0.7634,True,0.1374,0.7634,0.0992,9.9,LA,medium
34.13,-118.32000000000001,1,5,property,0.4,0.9502705392332347,property,0.6781,True,0.1222,0.6781,0.1997,20.0,LA,medium
34.13,-118.32000000000001,2,4,property,0.0,0.6931472015900639,property,0.7567,True,0.1398,0.7567,0.1036,10.4,LA,medium
34.13,-118.28,1,4,property,0.5,0.5623351657797391,property,0.7644,True,0.1371,0.7644,0.0985,9.8,LA,medium
34.13,-118.28,2,11,property,0.6363636363636364,0.47413933430696387,property,0.7639,True,0.1371,0.7639,0.099,9.9,LA,medium
34.13,-118.28,3,13,property,0.23076923076923078,0.9839614460010255,property,0.7488,True,0.1464,0.7488,0.1048,10.5,LA,medium
34.13,-118.27,0,12,other,0.4166666666666667,0.8239592165010823,property,0.7641,False,0.1371,0.7641,0.0988,9.9,LA,medium
34.13,-118.27,1,11,property,0.0,0.9347698978582792,property,0.7645,True,0.1372,0.7645,0.0983,9.8,LA,medium
34.13,-118.27,2,30,other,0.06666666666666667,1.0521391662238093,property,0.7595,False,0.1381,0.7595,0.1024,10.2,LA,medium
34.13,-118.27,3,21,violent,0.14285714285714285,1.0353605606849843,property,0.7632,False,0.1375,0.7632,0.0993,9.9,LA,medium
34.13,-118.26,1,4,other,0.5,0.5623351657797391,property,0.7644,False,0.1371,0.7644,0.0984,9.8,LA,medium
34.13,-118.26,2,8,violent,0.0,1.0821955300387671,property,0.7641,False,0.1371,0.7641,0.0988,9.9,LA,medium
34.13,-118.26,3,8,property,0.25,1.0397207708399179,property,0.7491,True,0.1462,0.7491,0.1047,10.5,LA,medium
34.13,-118.23,0,9,property,0.2222222222222222,0.9368883075390159,property,0.7641,True,0.1371,0.7641,0.0988,9.9,LA,medium
34.13,-118.23,1,14,property,0.35714285714285715,0.8304717124362917,property,0.7642,True,0.1371,0.7642,0.0987,9.9,LA,medium
34.13,-118.23,2,26,property,0.15384615384615385,1.0579054247036734,property,0.751,True,0.14,0.751,0.109,10.9,LA,medium
34.13,-118.23,3,23,property,0.21739130434782608,1.005692986132508,property,0.764,True,0.1371,0.764,0.0988,9.9,LA,medium
34.13,-118.22,0,15,property,0.06666666666666667,1.0851886129676505,property,0.7531,True,0.1401,0.7531,0.1068,10.7,LA,medium
34.13,-118.22,1,26,other,0.15384615384615385,0.8981370031878679,property,0.7529,False,0.1405,0.7529,0.1066,10.7,LA,medium
34.13,-118.22,2,19,property,0.3684210526315789,0.6236548706677194,property,0.7609,True,0.1379,0.7609,0.1012,10.1,LA,medium
34.13,-118.22,3,25,property,0.2,0.8945510979978213,property,0.7643,True,0.1371,0.7643,0.0986,9.9,LA,medium
34.13,-118.21000000000001,0,6,property,0.16666666666666666,1.0114042647073518,property,0.6759,True,0.1217,0.6759,0.2024,20.2,LA,medium
34.13,-118.21000000000001,1,9,other,0.2222222222222222,0.9368883075390159,property,0.7487,False,0.1466,0.7487,0.1047,10.5,LA,medium
34.13,-118.21000000000001,2,16,other,0.125,0.9743147528693494,property,0.7503,False,0.1443,0.7503,0.1054,10.5,LA,medium
34.13,-118.21000000000001,3,10,other,0.1,0.9433483923290393,property,0.7488,False,0.1464,0.7488,0.1048,10.5,LA,medium
34.13,-118.2,0,5,property,0.0,1.0549201679861442,property,0.7384,True,0.1385,0.7384,0.1231,12.3,LA,medium
34.13,-118.2,1,11,other,0.09090909090909091,1.0361987848192837,property,0.7488,False,0.1464,0.7488,0.1047,10.5,LA,medium
34.13,-118.2,2,15,other,0.2,0.9701157839869381,property,0.7489,False,0.1464,0.7489,0.1048,10.5,LA,medium
34.13,-118.2,3,7,property,0.5714285714285714,0.7963116401738131,property,0.7643,True,0.1371,0.7643,0.0986,9.9,LA,medium
34.13,-118.19,0,7,property,0.0,1.0042424730540764,property,0.7491,True,0.1445,0.7491,0.1064,10.6,LA,medium
34.13,-118.19,1,14,property,0.0,1.0933747175566468,property,0.7645,True,0.1372,0.7645,0.0983,9.8,LA,medium
34.13,-118.19,2,25,other,0.04,1.0768186672148103,property,0.7514,False,0.1409,0.7514,0.1077,10.8,LA,medium
34.13,-118.19,3,13,violent,0.07692307692307693,1.0123308391031736,property,0.7636,False,0.1373,0.7636,0.0992,9.9,LA,medium
34.14,-118.60000000000001,1,3,violent,0.3333333333333333,0.6365141893815645,property,0.7643,False,0.1371,0.7643,0.0986,9.9,LA,medium
34.14,-118.57000000000001,2,3,property,1.0,4.3446531758480495e-08,property,0.7628,True,0.1371,0.7628,0.1002,10.0,LA,medium
34.14,-118.56,1,4,property,1.0,4.3446531758480495e-08,property,0.7546,True,0.1404,0.7546,0.105,10.5,LA,medium
34.14,-118.56,2,23,property,0.5217391304347826,0.8223449173934805,property,0.7537,True,0.1394,0.7537,0.1069,10.7,LA,medium
34.14,-118.56,3,11,property,0.45454545454545453,0.5859526394408641,property,0.7525,True,0.1401,0.7525,0.1074,10.7,LA,medium
34.14,-118.55,0,4,other,0.25,1.0397207708399179,property,0.7643,False,0.1371,0.7643,0.0986,9.9,LA,medium
34.14,-118.53,0,3,property,0.3333333333333333,0.6365141893815645,property,0.7004,True,0.1269,0.7004,0.1727,17.3,LA,medium
34.14,-118.53,1,5,other,0.2,0.6730116880595106,property,0.7488,False,0.1466,0.7488,0.1046,10.5,LA,medium
34.14,-118.53,2,8,property,0.0,1.0821955300387671,property,0.7645,True,0.1372,0.7645,0.0984,9.8,LA,medium
34.14,-118.53,3,5,property,0.2,0.6730116880595106,property,0.76,True,0.1368,0.76,0.1032,10.3,LA,medium
34.14,-118.51,0,5,violent,0.2,0.6730116880595106,property,0.6803,False,0.1228,0.6803,0.1969,19.7,LA,medium
34.14,-118.51,1,5,other,0.6,0.5004024447610513,property,0.7637,False,0.1371,0.7637,0.0991,9.9,LA,medium
34.14,-118.51,2,7,violent,0.2857142857142857,0.9556998911125343,property,0.7644,False,0.1371,0.7644,0.0985,9.8,LA,medium
34.14,-118.51,3,8,property,0.375,0.9002560512685369,property,0.7642,True,0.1371,0.7642,0.0987,9.9,LA,medium
34.14,-118.5,2,9,property,1.0,4.3446531758480495e-08,property,0.7642,True,0.1371,0.7642,0.0986,9.9,LA,medium
34.14,-118.5,3,7,property,0.7142857142857143,0.4101163396015586,property,0.7643,True,0.1371,0.7643,0.0985,9.9,LA,medium
34.14,-118.49000000000001,0,5,property,0.2,0.6730116880595106,property,0.7486,True,0.1465,0.7486,0.1048,10.5,LA,medium
34.14,-118.49000000000001,1,3,other,1.0,4.34465315364359e-08,property,0.7543,False,0.1406,0.7543,0.1051,10.5,LA,medium
34.14,-118.49000000000001,2,14,property,0.14285714285714285,0.9922819748525739,property,0.7643,True,0.1371,0.7643,0.0986,9.9,LA,medium
34.14,-118.49000000000001,3,11,property,0.45454545454545453,0.5859526394408641,property,0.7642,True,0.1371,0.7642,0.0987,9.9,LA,medium
34.14,-118.48,1,3,violent,0.3333333333333333,0.6365141893815645,property,0.7643,False,0.1371,0.7643,0.0985,9.9,LA,medium
34.14,-118.48,2,5,violent,0.0,1.0549201679861442,property,0.7642,False,0.1371,0.7642,0.0986,9.9,LA,medium
34.14,-118.48,3,6,property,0.3333333333333333,0.6365141893815645,property,0.764,True,0.1371,0.764,0.0989,9.9,LA,medium
34.14,-118.47,1,3,other,0.3333333333333333,0.6365141893815645,property,0.7542,False,0.1404,0.7542,0.1054,10.5,LA,medium
34.14,-118.47,2,6,property,0.6666666666666666,0.4505612301390093,property,0.7638,True,0.1371,0.7638,0.0991,9.9,LA,medium
34.14,-118.47,3,7,property,0.42857142857142855,0.5982696097102536,property,0.764,True,0.1371,0.764,0.0989,9.9,LA,medium
34.14,-118.46000000000001,0,4,property,0.25,1.0397207708399179,property,0.7643,True,0.1371,0.7643,0.0986,9.9,LA,medium
34.14,-118.46000000000001,1,5,property,0.0,1.0549201679861442,property,0.7532,True,0.1404,0.7532,0.1065,10.6,LA,medium
34.14,-118.46000000000001,2,16,property,0.6875,0.6019239717322895,property,0.7638,True,0.1371,0.7638,0.0991,9.9,LA,medium
34.14,-118.46000000000001,3,8,property,0.25,0.6615632592196847,property,0.7587,True,0.1366,0.7587,0.1047,10.5,LA,medium
34.14,-118.45,2,12,property,0.16666666666666666,1.0114042647073518,property,0.7638,True,0.1371,0.7638,0.0991,9.9,LA,medium
34.14,-118.45,3,9,property,0.6666666666666666,0.6837389058487535,property,0.7635,True,0.1374,0.7635,0.0991,9.9,LA,medium
34.14,-118.44,0,5,violent,0.4,0.9502705392332347,property,0.7139,False,0.1294,0.7139,0.1568,15.7,LA,medium
34.14,-118.44,2,11,property,0.18181818181818182,1.0670895187820832,property,0.7507,True,0.1442,0.7507,0.1052,10.5,LA,medium
34.14,-118.44,3,10,property,0.2,1.0296530140645737,property,0.7644,True,0.1371,0.7644,0.0985,9.8,LA,medium
34.14,-118.43,2,9,property,0.2222222222222222,0.936888307539016,property,0.7553,True,0.1407,0.7553,0.104,10.4,LA,medium
34.14,-118.43,3,5,violent,0.2,0.6730116880595105,property,0.7643,False,0.1371,0.7643,0.0986,9.9,LA,medium
34.14,-118.42,0,5,violent,0.0,1.0549201679861442,property,0.76,False,0.1368,0.76,0.1031,10.3,LA,medium
34.14,-118.42,1,8,property,0.25,0.6615632592196847,property,0.7645,True,0.1372,0.7645,0.0983,9.8,LA,medium
34.14,-118.42,2,9,other,0.3333333333333333,0.6365141893815645,property,0.7582,False,0.1393,0.7582,0.1025,10.2,LA,medium
34.14,-118.42,3,12,property,0.08333333333333333,0.9184277849930975,property,0.7645,True,0.1372,0.7645,0.0984,9.8,LA,medium
34.14,-118.41,0,20,property,0.2,1.0296530140645737,property,0.764,True,0.1371,0.764,0.0989,9.9,LA,medium
34.14,-118.41,1,18,other,0.1111111111111111,0.9580002800887726,property,0.7643,False,0.1371,0.7643,0.0985,9.9,LA,medium
34.14,-118.41,2,38,property,0.02631578947368421,1.0936916265054468,property,0.7647,True,0.1372,0.7647,0.0982,9.8,LA,medium
34.14,-118.41,3,30,property,0.5666666666666667,0.6389665889375296,property,0.7646,True,0.1372,0.7646,0.0982,9.8,LA,medium
34.14,-118.4,0,11,other,0.09090909090909091,0.6890092595109152,property,0.7643,False,0.1371,0.7643,0.0985,9.9,LA,medium
34.14,-118.4,1,17,property,0.5882352941176471,0.6779087256441981,property,0.7643,True,0.1371,0.7643,0.0986,9.9,LA,medium
34.14,-118.4,2,33,property,0.2727272727272727,0.935435774236711,property,0.7642,True,0.1371,0.7642,0.0986,9.9,LA,medium
34.14,-118.4,3,39,property,0.41025641025641024,0.9320181767661445,property,0.7645,True,0.1372,0.7645,0.0983,9.8,LA,medium
34.14,-118.39,0,20,property,0.45,0.8864644756797975,property,0.7645,True,0.1372,0.7645,0.0984,9.8,LA,medium
34.14,-118.39,1,15,other,0.06666666666666667,1.0851886129676505,property,0.7642,False,0.1371,0.7642,0.0986,9.9,LA,medium
34.14,-118.39,2,47,property,0.44680851063829785,0.9044779212987963,property,0.7645,True,0.1372,0.7645,0.0983,9.8,LA,medium
34.14,-118.39,3,33,property,0.21212121212121213,1.0134459070948298,property,0.7644,True,0.1371,0.7644,0.0985,9.8,LA,medium
34.14,-118.38,0,11,property,0.36363636363636365,0.8599672810355049,property,0.7645,True,0.1372,0.7645,0.0984,9.8,LA,medium
34.14,-118.38,1,17,property,0.4117647058823529,0.8739004142690672,property,0.7639,True,0.1371,0.7639,0.099,9.9,LA,medium
34.14,-118.38,2,23,property,0.08695652173913043,0.8378972277814775,property,0.7642,True,0.1371,0.7642,0.0987,9.9,LA,medium
34.14,-118.38,3,26,property,0.19230769230769232,0.9497249735351774,property,0.7645,True,0.1372,0.7645,0.0983,9.8,LA,medium
34.14,-118.37,0,40,violent,0.0,1.0960673284468552,property,0.7519,False,0.1382,0.7519,0.1099,11.0,LA,medium
34.14,-118.37,1,55,property,0.21818181818181817,1.044557002584289,property,0.7646,True,0.1372,0.7646,0.0982,9.8,LA,medium
34.14,-118.37,2,101,property,0.2871287128712871,0.9507237218322131,property,0.7645,True,0.1371,0.7645,0.0984,9.8,LA,medium
34.14,-118.37,3,95,property,0.3368421052631579,0.9928725357832122,property,0.7645,True,0.1371,0.7645,0.0983,9.8,LA,medium
34.14,-118.36,0,22,property,0.0,1.0900596587107838,property,0.7486,True,0.1459,0.7486,0.1055,10.6,LA,medium
34.14,-118.36,1,21,other,0.19047619047619047,0.9829007277151565,property,0.7484,False,0.1462,0.7484,0.1054,10.5,LA,medium
34.14,-118.36,2,42,violent,0.023809523809523808,1.0969101592798742,property,0.7489,False,0.1465,0.7489,0.1046,10.5,LA,medium
34.14,-118.36,3,34,violent,0.058823529411764705,1.0926240370360876,property,0.7341,False,0.1357,0.7341,0.1302,13.0,LA,medium
34.14,-118.34,0,15,violent,0.26666666666666666,1.009613758174038,property,0.7139,False,0.1294,0.7139,0.1567,15.7,LA,medium
34.14,-118.34,1,15,property,0.06666666666666667,0.9908353864438492,property,0.7536,True,0.1412,0.7536,0.1051,10.5,LA,medium
34.14,-118.34,2,21,property,0.38095238095238093,0.9165525293817653,property,0.7544,True,0.1412,0.7544,0.1045,10.4,LA,medium
34.14,-118.34,3,20,property,0.05,1.080527626604172,property,0.7638,True,0.1371,0.7638,0.0991,9.9,LA,medium
34.14,-118.29,0,4,property,0.5,0.5623351657797391,property,0.7643,True,0.1371,0.7643,0.0985,9.9,LA,medium
34.14,-118.29,1,10,property,0.3,0.8979457248567798,property,0.7643,True,0.1371,0.7643,0.0986,9.9,LA,medium
34.14,-118.29,2,10,property,0.7,0.639031859650177,property,0.7643,True,0.1371,0.7643,0.0986,9.9,LA,medium
34.14,-118.29,3,9,other,0.1111111111111111,0.6869615976336276,property,0.7571,False,0.1393,0.7571,0.1036,10.4,LA,medium
34.14,-118.27,1,10,property,0.3,0.8979457248567798,property,0.7644,True,0.1371,0.7644,0.0985,9.8,LA,medium
34.14,-118.27,2,7,property,0.0,1.0042424730540764,property,0.7643,True,0.1371,0.7643,0.0986,9.9,LA,medium
34.14,-118.27,3,16,violent,0.4375,0.9214934308679616,property,0.7635,False,0.1373,0.7635,0.0992,9.9,LA,medium
34.14,-118.23,0,5,property,0.2,0.6730116880595106,property,0.7487,True,0.1466,0.7487,0.1047,10.5,LA,medium
34.14,-118.23,1,6,violent,0.3333333333333333,0.6365141893815645,property,0.7561,False,0.1367,0.7561,0.1071,10.7,LA,medium
34.14,-118.23,2,7,other,0.2857142857142857,0.9556998911125343,property,0.764,False,0.1371,0.764,0.0989,9.9,LA,medium
34.14,-118.23,3,9,property,0.3333333333333333,0.9950269901795212,property,0.7509,True,0.1354,0.7509,0.1136,11.4,LA,medium
34.14,-118.22,0,15,other,0.06666666666666667,0.990835386443849,property,0.7644,False,0.1372,0.7644,0.0984,9.8,LA,medium
34.14,-118.22,1,24,property,0.125,0.8292958063087608,property,0.7635,True,0.1373,0.7635,0.0992,9.9,LA,medium
34.14,-118.22,2,52,property,0.40384615384615385,0.8969167884037919,property,0.7643,True,0.1371,0.7643,0.0986,9.9,LA,medium
34.14,-118.22,3,48,property,0.1875,0.9353192109144595,property,0.7643,True,0.1371,0.7643,0.0986,9.9,LA,medium
34.14,-118.21000000000001,0,12,property,0.25,0.887694275799104,property,0.7641,True,0.1371,0.7641,0.0988,9.9,LA,medium
34.14,-118.21000000000001,1,11,property,0.2727272727272727,0.9949236325717751,property,0.7505,True,0.1441,0.7505,0.1053,10.5,LA,medium
34.14,-118.21000000000001,2,27,property,0.14814814814814814,1.0304089991452012,property,0.7534,True,0.1406,0.7534,0.106,10.6,LA,medium
34.14,-118.21000000000001,3,17,property,0.35294117647058826,0.9586918593253719,property,0.7643,True,0.1371,0.7643,0.0986,9.9,LA,medium
34.14,-118.2,0,17,property,0.5882352941176471,0.6779087256441981,property,0.7631,True,0.1374,0.7631,0.0995,10.0,LA,medium
34.14,-118.2,1,11,property,0.09090909090909091,0.6890092595109152,property,0.7643,True,0.1371,0.7643,0.0986,9.9,LA,medium
34.14,-118.2,2,25,property,0.0,0.9768945101654615,property,0.7644,True,0.1371,0.7644,0.0985,9.8,LA,medium
34.14,-118.2,3,26,property,0.0,1.0158321747121084,property,0.7642,True,0.1371,0.7642,0.0987,9.9,LA,medium
34.14,-118.19,0,11,property,0.2727272727272727,0.9949236325717751,property,0.764,True,0.1371,0.764,0.0988,9.9,LA,medium
34.14,-118.19,1,15,property,0.3333333333333333,0.9276173343271816,property,0.7645,True,0.1372,0.7645,0.0984,9.8,LA,medium
34.14,-118.19,2,53,property,0.32075471698113206,0.9085021263541457,property,0.7644,True,0.1371,0.7644,0.0985,9.8,LA,medium
34.14,-118.19,3,25,property,0.04,1.020960769860117,property,0.7643,True,0.1371,0.7643,0.0986,9.9,LA,medium
34.14,-118.18,0,3,property,1.0,4.3446531758480495e-08,property,0.7642,True,0.1371,0.7642,0.0987,9.9,LA,medium
34.15,-118.63,0,10,violent,0.0,1.0549201679861442,property,0.764,False,0.1371,0.764,0.0988,9.9,LA,medium
34.15,-118.63,1,4,property,0.0,0.6931472015900639,property,0.7639,True,0.1371,0.7639,0.0989,9.9,LA,medium
34.15,-118.63,2,20,property,0.15,1.0670938948757507,property,0.7488,True,0.1426,0.7488,0.1086,10.9,LA,medium
34.15,-118.63,3,6,other,0.16666666666666666,1.0114042647073518,property,0.7631,False,0.1375,0.7631,0.0994,9.9,LA,medium
34.15,-118.62,0,3,property,0.3333333333333333,0.6365141893815645,property,0.7644,True,0.1371,0.7644,0.0985,9.8,LA,medium
34.15,-118.62,1,4,property,0.5,0.5623351657797391,property,0.7644,True,0.1371,0.7644,0.0984,9.8,LA,medium
34.15,-118.62,2,12,property,0.0,0.6931472015900639,property,0.7646,True,0.1372,0.7646,0.0982,9.8,LA,medium
34.15,-118.62,3,7,other,0.14285714285714285,0.6829081257408294,property,0.7643,False,0.1371,0.7643,0.0985,9.9,LA,medium
34.15,-118.61,0,7,violent,0.14285714285714285,1.0789922078775833,property,0.7496,False,0.1353,0.7496,0.1151,11.5,LA,medium
34.15,-118.61,1,7,property,0.14285714285714285,0.6829081257408294,property,0.7494,True,0.1461,0.7494,0.1045,10.5,LA,medium
34.15,-118.61,2,12,property,0.08333333333333333,1.0775563270668007,property,0.7642,True,0.1371,0.7642,0.0986,9.9,LA,medium
34.15,-118.61,3,7,property,0.14285714285714285,1.0789922078775833,property,0.7642,True,0.1371,0.7642,0.0987,9.9,LA,medium
34.15,-118.60000000000001,0,4,property,0.5,0.562335165779739,property,0.7487,True,0.1464,0.7487,0.1049,10.5,LA,medium
34.15,-118.60000000000001,1,7,property,0.14285714285714285,0.6829081257408294,property,0.7646,True,0.1372,0.7646,0.0982,9.8,LA,medium
34.15,-118.60000000000001,2,4,property,1.0,4.3446531758480495e-08,property,0.7583,True,0.139,0.7583,0.1027,10.3,LA,medium
34.15,-118.60000000000001,3,12,property,0.75,0.5660857389596289,property,0.7644,True,0.1371,0.7644,0.0984,9.8,LA,medium
34.15,-118.59,1,5,other,0.6,0.5004024447610513,property,0.7545,False,0.1409,0.7545,0.1046,10.5,LA,medium
34.15,-118.59,2,15,other,0.6,0.5004024447610513,property,0.7646,False,0.1372,0.7646,0.0982,9.8,LA,medium
34.15,-118.59,3,10,other,0.6,0.5004024447610513,property,0.7107,False,0.1304,0.7107,0.1589,15.9,LA,medium
34.15,-118.58,2,4,property,0.5,0.5623351657797391,property,0.7487,True,0.1462,0.7487,0.1051,10.5,LA,medium
34.15,-118.58,3,3,other,1.0,4.34465315364359e-08,property,0.6966,False,0.1261,0.6966,0.1773,17.7,LA,medium
34.15,-118.57000000000001,2,3,property,1.0,4.3446531758480495e-08,property,0.7642,True,0.1371,0.7642,0.0987,9.9,LA,medium
34.15,-118.56,1,7,property,0.14285714285714285,0.6829081257408294,property,0.7636,True,0.1374,0.7636,0.099,9.9,LA,medium
34.15,-118.56,2,11,property,0.7272727272727273,0.6001660731596457,property,0.7539,True,0.1413,0.7539,0.1048,10.5,LA,medium
34.15,-118.56,3,6,property,1.0,4.3446531758480495e-08,property,0.7641,True,0.1371,0.7641,0.0988,9.9,LA,medium
34.15,-118.55,1,5,other,0.4,0.9502705392332347,property,0.7643,False,0.1371,0.7643,0.0985,9.9,LA,medium
34.15,-118.55,2,12,property,0.5,0.8675632284814613,property,0.7335,True,0.1327,0.7335,0.1338,13.4,LA,medium
34.15,-118.55,3,7,property,0.7142857142857143,0.4101163396015584,property,0.7635,True,0.1371,0.7635,0.0994,9.9,LA,medium
34.15,-118.54,0,5,property,0.4,0.9502705392332347,property,0.7643,True,0.1371,0.7643,0.0985,9.9,LA,medium
34.15,-118.54,1,3,other,0.3333333333333333,0.6365141893815645,property,0.6842,False,0.1235,0.6842,0.1922,19.2,LA,medium
34.15,-118.54,2,7,property,0.7142857142857143,0.4101163396015584,property,0.7643,True,0.1371,0.7643,0.0985,9.9,LA,medium
34.15,-118.54,3,5,property,0.2,0.6730116880595106,property,0.7638,True,0.1371,0.7638,0.0991,9.9,LA,medium
34.15,-118.53,0,5,other,0.2,0.6730116880595106,property,0.7487,False,0.1467,0.7487,0.1046,10.5,LA,medium
34.15,-118.53,1,9,property,0.3333333333333333,0.9950269901795212,property,0.7644,True,0.1371,0.7644,0.0984,9.8,LA,medium
34.15,-118.53,2,7,property,0.7142857142857143,0.4101163396015584,property,0.7545,True,0.1406,0.7545,0.1049,10.5,LA,medium
34.15,-118.53,3,11,property,0.5454545454545454,0.7595473914748635,property,0.7599,True,0.1366,0.7599,0.1035,10.3,LA,medium
34.15,-118.52,0,4,property,0.5,0.5623351657797391,property,0.7435,True,0.1435,0.7435,0.113,11.3,LA,medium
34.15,-118.52,1,5,property,0.6,0.5004024447610513,property,0.7472,True,0.1349,0.7472,0.1179,11.8,LA,medium
34.15,-118.52,2,5,property,1.0,4.3446531758480495e-08,property,0.764,True,0.1371,0.764,0.0989,9.9,LA,medium
34.15,-118.52,3,6,property,0.6666666666666666,0.4505612301390093,property,0.7636,True,0.1374,0.7636,0.099,9.9,LA,medium
34.15,-118.51,1,5,property,0.6,0.5004024447610512,property,0.7634,True,0.1374,0.7634,0.0992,9.9,LA,medium
34.15,-118.51,2,4,property,0.25,1.0397207708399179,property,0.7643,True,0.1371,0.7643,0.0985,9.9,LA,medium
34.15,-118.51,3,6,property,0.3333333333333333,0.6365141893815645,property,0.7642,True,0.1371,0.7642,0.0987,9.9,LA,medium
34.15,-118.5,1,6,property,0.6666666666666666,0.4505612301390093,property,0.7643,True,0.1371,0.7643,0.0985,9.9,LA,medium
34.15,-118.5,2,10,property,0.4,0.9502705392332347,property,0.7643,True,0.1371,0.7643,0.0985,9.9,LA,medium
34.15,-118.5,3,13,property,0.6153846153846154,0.6870920273799715,property,0.764,True,0.1371,0.764,0.0989,9.9,LA,medium
34.15,-118.49000000000001,1,6,property,0.16666666666666666,1.0114042647073518,property,0.7544,True,0.1395,0.7544,0.1061,10.6,LA,medium
34.15,-118.49000000000001,2,3,property,0.3333333333333333,0.6365141893815645,property,0.7642,True,0.1371,0.7642,0.0987,9.9,LA,medium
34.15,-118.49000000000001,3,11,property,0.45454545454545453,0.9075352941050092,property,0.7496,True,0.1429,0.7496,0.1075,10.8,LA,medium
34.15,-118.48,1,3,other,0.3333333333333333,0.6365141893815645,property,0.7644,False,0.1371,0.7644,0.0985,9.8,LA,medium
34.15,-118.48,2,8,property,0.25,1.0397207708399179,property,0.7553,True,0.1399,0.7553,0.1048,10.5,LA,medium
34.15,-118.48,3,5,property,0.0,1.0549201679861442,property,0.7642,True,0.1371,0.7642,0.0986,9.9,LA,medium
34.15,-118.47,0,20,property,0.35,0.9376369622724492,property,0.7513,True,0.1422,0.7513,0.1065,10.7,LA,medium
34.15,-118.47,1,15,property,0.2,0.6730116880595106,property,0.7646,True,0.1372,0.7646,0.0983,9.8,LA,medium
34.15,-118.47,2,30,property,0.23333333333333334,1.0386088352168543,property,0.761,True,0.1372,0.761,0.1018,10.2,LA,medium
34.15,-118.47,3,37,property,0.32432432432432434,0.8598624576940395,property,0.764,True,0.1371,0.764,0.0989,9.9,LA,medium
34.15,-118.46000000000001,0,25,property,0.04,1.020960769860117,property,0.7644,True,0.1371,0.7644,0.0985,9.8,LA,medium
34.15,-118.46000000000001,1,30,property,0.23333333333333334,0.9183202268321401,property,0.7611,True,0.138,0.7611,0.1008,10.1,LA,medium
34.15,-118.46000000000001,2,54,property,0.18518518518518517,0.9455307782468958,property,0.7644,True,0.1371,0.7644,0.0985,9.9,LA,medium
34.15,-118.46000000000001,3,51,property,0.17647058823529413,1.0326262972835027,property,0.7644,True,0.1371,0.7644,0.0985,9.8,LA,medium
34.15,-118.45,0,48,property,0.25,0.9901000747284985,property,0.7644,True,0.1371,0.7644,0.0984,9.8,LA,medium
34.15,-118.45,1,47,property,0.1276595744680851,0.9491439180366084,property,0.7646,True,0.1372,0.7646,0.0983,9.8,LA,medium
34.15,-118.45,2,72,property,0.16666666666666666,0.9835868229121418,property,0.7644,True,0.1371,0.7644,0.0984,9.8,LA,medium
34.15,-118.45,3,69,property,0.11594202898550725,1.057429355003881,property,0.7645,True,0.1371,0.7645,0.0984,9.8,LA,medium
34.15,-118.44,0,31,property,0.16129032258064516,0.8736710429518698,property,0.7647,True,0.1372,0.7647,0.0982,9.8,LA,medium
34.15,-118.44,1,48,property,0.22916666666666666,0.9254467504886432,property,0.7647,True,0.1372,0.7647,0.0982,9.8,LA,medium
34.15,-118.44,2,88,property,0.26136363636363635,0.9137021014114758,property,0.7645,True,0.1371,0.7645,0.0983,9.8,LA,medium
34.15,-118.44,3,112,property,0.16964285714285715,1.013427460106103,property,0.7646,True,0.1372,0.7646,0.0983,9.8,LA,medium
34.15,-118.43,0,41,property,0.21951219512195122,1.0472953739774211,property,0.7643,True,0.1371,0.7643,0.0986,9.9,LA,medium
34.15,-118.43,1,33,property,0.24242424242424243,0.7773098260563038,property,0.7645,True,0.1372,0.7645,0.0983,9.8,LA,medium
34.15,-118.43,2,67,property,0.19402985074626866,1.0158850249641396,property,0.7638,True,0.1374,0.7638,0.0989,9.9,LA,medium
34.15,-118.43,3,56,property,0.14285714285714285,1.0511359509468368,property,0.7642,True,0.1371,0.7642,0.0987,9.9,LA,medium
34.15,-118.42,0,30,property,0.3333333333333333,0.8310088429518809,property,0.7643,True,0.1371,0.7643,0.0985,9.9,LA,medium
34.15,-118.42,1,24,property,0.08333333333333333,1.0775563270668007,property,0.7531,True,0.1414,0.7531,0.1055,10.6,LA,medium
34.15,-118.42,2,57,property,0.14035087719298245,1.008114549378208,property,0.7635,True,0.1372,0.7635,0.0993,9.9,LA,medium
34.15,-118.42,3,49,property,0.061224489795918366,0.9172602865795625,property,0.7645,True,0.1371,0.7645,0.0984,9.8,LA,medium
34.15,-118.41,0,28,other,0.17857142857142858,0.8058378117245406,property,0.7645,False,0.1372,0.7645,0.0983,9.8,LA,medium
34.15,-118.41,1,31,property,0.25806451612903225,0.9827988945770124,property,0.7646,True,0.1372,0.7646,0.0982,9.8,LA,medium
34.15,-118.41,2,49,property,0.12244897959183673,1.0775332398305244,property,0.7644,True,0.1371,0.7644,0.0984,9.8,LA,medium
34.15,-118.41,3,41,property,0.0975609756097561,0.8990492640908472,property,0.7644,True,0.1371,0.7644,0.0985,9.8,LA,medium
34.15,-118.4,0,9,other,0.1111111111111111,1.0608569471580214,property,0.763,False,0.1374,0.763,0.0997,10.0,LA,medium
34.15,-118.4,1,16,property,0.6875,0.6019239717322895,property,0.7645,True,0.1372,0.7645,0.0983,9.8,LA,medium
34.15,-118.4,2,24,property,0.3333333333333333,0.8602030628046027,property,0.7617,True,0.138,0.7617,0.1003,10.0,LA,medium
34.15,-118.4,3,36,property,0.19444444444444445,0.7812474438226238,property,0.7645,True,0.1372,0.7645,0.0983,9.8,LA,medium
34.15,-118.39,0,42,property,0.2619047619047619,0.863514020609012,property,0.7565,True,0.1396,0.7565,0.104,10.4,LA,medium
34.15,-118.39,1,35,property,0.08571428571428572,1.0674862001343326,property,0.7643,True,0.1371,0.7643,0.0985,9.9,LA,medium
34.15,-118.39,2,44,property,0.20454545454545456,0.9959046197280053,property,0.7645,True,0.1371,0.7645,0.0984,9.8,LA,medium
34.15,-118.39,3,61,property,0.19672131147540983,0.9863949206209007,property,0.7633,True,0.1375,0.7633,0.0992,9.9,LA,medium
34.15,-118.38,0,27,property,0.2962962962962963,0.9146224676606434,property,0.7605,True,0.138,0.7605,0.1015,10.1,LA,medium
34.15,-118.38,1,18,property,0.0,1.0688206728265008,property,0.7648,True,0.1372,0.7648,0.0981,9.8,LA,medium
34.15,-118.38,2,42,property,0.38095238095238093,0.7732196077242826,property,0.7646,True,0.1372,0.7646,0.0982,9.8,LA,medium
34.15,-118.38,3,51,property,0.1568627450980392,0.9322349356958992,property,0.7575,True,0.1393,0.7575,0.1033,10.3,LA,medium
34.15,-118.37,0,37,property,0.35135135135135137,0.9837277542910012,property,0.7644,True,0.1372,0.7644,0.0984,9.8,LA,medium
34.15,-118.37,1,45,other,0.24444444444444444,1.0297492076866108,property,0.7643,False,0.1371,0.7643,0.0985,9.9,LA,medium
34.15,-118.37,2,69,property,0.2608695652173913,0.9502094526077802,property,0.7637,True,0.1371,0.7637,0.0992,9.9,LA,medium
34.15,-118.37,3,78,property,0.14102564102564102,0.9905873076544123,property,0.7643,True,0.1371,0.7643,0.0985,9.9,LA,medium
34.15,-118.36,0,24,property,0.08333333333333333,0.9184277849930975,property,0.7641,True,0.1371,0.7641,0.0987,9.9,LA,medium
34.15,-118.36,1,27,other,0.37037037037037035,0.7527915335758235,property,0.7639,False,0.1374,0.7639,0.0987,9.9,LA,medium
34.15,-118.36,2,31,property,0.2903225806451613,0.9389262276259042,property,0.7646,True,0.1372,0.7646,0.0982,9.8,LA,medium
34.15,-118.36,3,40,property,0.125,1.0260665975598569,property,0.7644,True,0.1371,0.7644,0.0984,9.8,LA,medium
34.15,-118.35000000000001,0,8,property,0.125,0.9743147528693494,property,0.7644,True,0.1371,0.7644,0.0984,9.8,LA,medium
34.15,-118.35000000000001,1,12,other,0.16666666666666666,1.0114042647073518,property,0.7643,False,0.1371,0.7643,0.0986,9.9,LA,medium
34.15,-118.35000000000001,2,11,property,0.36363636363636365,0.8599672810355049,property,0.7642,True,0.1371,0.7642,0.0986,9.9,LA,medium
34.15,-118.35000000000001,3,12,property,0.08333333333333333,0.9184277849930975,property,0.7547,True,0.1403,0.7547,0.1049,10.5,LA,medium
34.15,-118.33,1,8,violent,0.0,1.0821955300387673,property,0.7644,False,0.1371,0.7644,0.0984,9.8,LA,medium
34.15,-118.33,2,10,property,0.5,0.8018185525433373,property,0.7645,True,0.1372,0.7645,0.0984,9.8,LA,medium
34.15,-118.33,3,4,property,0.25,1.0397207708399179,property,0.7644,True,0.1371,0.7644,0.0984,9.8,LA,medium
34.15,-118.31,1,6,violent,0.16666666666666666,1.0114042647073518,property,0.7644,False,0.1371,0.7644,0.0985,9.8,LA,medium
34.15,-118.31,2,6,property,0.0,0.6931472015900639,property,0.7438,True,0.1408,0.7438,0.1154,11.5,LA,medium
34.15,-118.31,3,7,violent,0.2857142857142857,0.9556998911125343,property,0.7504,False,0.1415,0.7504,0.1081,10.8,LA,medium
34.15,-118.3,2,4,property,0.5,0.5623351657797391,property,0.7641,True,0.1371,0.7641,0.0988,9.9,LA,medium
34.15,-118.29,0,6,violent,0.5,0.8675632284814613,property,0.7643,False,0.1371,0.7643,0.0985,9.9,LA,medium
34.15,-118.29,1,11,other,0.36363636363636365,0.8599672810355049,property,0.7644,False,0.1371,0.7644,0.0984,9.8,LA,medium
34.15,-118.29,2,15,violent,0.2,1.0606018056124555,property,0.7644,False,0.1371,0.7644,0.0985,9.8,LA,medium
34.15,-118.29,3,3,violent,0.0,1.0986122886681096,property,0.764,False,0.1371,0.764,0.0989,9.9,LA,medium
34.15,-118.28,1,3,property,1.0,4.3446531758480495e-08,property,0.7644,True,0.1371,0.7644,0.0985,9.8,LA,medium
34.15,-118.28,3,3,property,0.3333333333333333,0.6365141893815645,property,0.6973,True,0.1266,0.6973,0.1761,17.6,LA,medium
34.15,-118.27,2,3,property,0.3333333333333333,0.6365141893815645,property,0.7643,True,0.1371,0.7643,0.0986,9.9,LA,medium
34.160000000000004,-118.64,2,3,other,0.3333333333333333,0.6365141893815645,property,0.7458,False,0.1418,0.7458,0.1124,11.2,LA,medium
34.160000000000004,-118.63,0,12,property,0.3333333333333333,0.9596147939120492,property,0.7642,True,0.1371,0.7642,0.0986,9.9,LA,medium
34.160000000000004,-118.63,1,7,property,0.14285714285714285,0.6829081257408294,property,0.7645,True,0.1372,0.7645,0.0983,9.8,LA,medium
34.160000000000004,-118.63,2,15,property,0.4,0.9502705392332347,property,0.7644,True,0.1371,0.7644,0.0984,9.8,LA,medium
34.160000000000004,-118.63,3,19,property,0.3157894736842105,0.9591824302739718,property,0.7645,True,0.1372,0.7645,0.0983,9.8,LA,medium
34.160000000000004,-118.62,0,3,violent,0.0,1.0986122886681096,property,0.7557,False,0.1399,0.7557,0.1044,10.4,LA,medium
34.160000000000004,-118.62,1,4,property,0.5,0.5623351657797391,property,0.7642,True,0.1371,0.7642,0.0987,9.9,LA,medium
34.160000000000004,-118.62,2,17,other,0.058823529411764705,0.9718487712358765,property,0.7644,False,0.1371,0.7644,0.0984,9.8,LA,medium
34.160000000000004,-118.62,3,8,other,0.375,0.9002560512685369,property,0.6779,False,0.1222,0.6779,0.1999,20.0,LA,medium
34.160000000000004,-118.61,0,11,other,0.2727272727272727,0.6554817949691769,property,0.7644,False,0.1371,0.7644,0.0985,9.8,LA,medium
34.160000000000004,-118.61,1,6,property,0.0,0.6931472015900639,property,0.7645,True,0.1372,0.7645,0.0983,9.8,LA,medium
34.160000000000004,-118.61,2,14,property,0.2857142857142857,0.6517565822441624,property,0.7642,True,0.1371,0.7642,0.0986,9.9,LA,medium
34.160000000000004,-118.61,3,11,property,0.0,1.0900596587107838,property,0.7644,True,0.1372,0.7644,0.0984,9.8,LA,medium
34.160000000000004,-118.60000000000001,0,5,property,0.6,0.5004024447610512,property,0.7641,True,0.1371,0.7641,0.0988,9.9,LA,medium
34.160000000000004,-118.60000000000001,1,11,property,0.2727272727272727,0.9949236325717752,property,0.7645,True,0.1372,0.7645,0.0983,9.8,LA,medium
34.160000000000004,-118.60000000000001,2,11,property,0.5454545454545454,0.7595473914748635,property,0.7643,True,0.1371,0.7643,0.0986,9.9,LA,medium
34.160000000000004,-118.60000000000001,3,14,property,0.35714285714285715,0.9799711820833054,property,0.764,True,0.1371,0.764,0.0989,9.9,LA,medium
34.160000000000004,-118.59,0,7,property,0.0,1.0042424730540764,property,0.6807,True,0.1229,0.6807,0.1964,19.6,LA,medium
34.160000000000004,-118.59,1,6,property,0.3333333333333333,0.6365141893815645,property,0.7645,True,0.1372,0.7645,0.0984,9.8,LA,medium
34.160000000000004,-118.59,2,14,property,0.0,1.0933747175566468,property,0.7643,True,0.1371,0.7643,0.0986,9.9,LA,medium
34.160000000000004,-118.59,3,17,violent,0.0,1.0950778621205006,property,0.6914,False,0.1251,0.6914,0.1835,18.4,LA,medium
34.160000000000004,-118.58,0,8,violent,0.0,1.0821955300387673,property,0.754,False,0.1397,0.754,0.1063,10.6,LA,medium
34.160000000000004,-118.58,1,10,property,0.2,0.6730116880595106,property,0.7615,True,0.138,0.7615,0.1005,10.1,LA,medium
34.160000000000004,-118.58,2,13,property,0.6923076923076923,0.42932304322455905,property,0.7644,True,0.1371,0.7644,0.0985,9.8,LA,medium
34.160000000000004,-118.58,3,10,property,0.2,1.0296530140645737,property,0.7643,True,0.1371,0.7643,0.0985,9.9,LA,medium
34.160000000000004,-118.57000000000001,0,4,property,0.0,0.6931472015900639,property,0.7643,True,0.1371,0.7643,0.0985,9.9,LA,medium
34.160000000000004,-118.57000000000001,1,4,property,0.5,0.562335165779739,property,0.7638,True,0.1371,0.7638,0.099,9.9,LA,medium
34.160000000000004,-118.57000000000001,2,6,property,0.6666666666666666,0.4505612301390093,property,0.76,True,0.1383,0.76,0.1017,10.2,LA,medium
34.160000000000004,-118.57000000000001,3,7,property,0.42857142857142855,0.5982696097102536,property,0.7644,True,0.1371,0.7644,0.0985,9.8,LA,medium
34.160000000000004,-118.56,0,3,other,1.0,4.34465315364359e-08,property,0.6842,False,0.1235,0.6842,0.1923,19.2,LA,medium
34.160000000000004,-118.56,1,4,other,0.25,1.0397207708399179,property,0.7642,False,0.1371,0.7642,0.0986,9.9,LA,medium
34.160000000000004,-118.56,2,15,property,0.5333333333333333,0.7298712099831164,property,0.7644,True,0.1371,0.7644,0.0985,9.8,LA,medium
34.160000000000004,-118.56,3,12,property,0.25,0.887694275799104,property,0.7643,True,0.1371,0.7643,0.0986,9.9,LA,medium
34.160000000000004,-118.55,1,4,property,0.0,0.6931472015900639,property,0.7642,True,0.1371,0.7642,0.0987,9.9,LA,medium
34.160000000000004,-118.55,2,5,property,1.0,4.3446531758480495e-08,property,0.7554,True,0.1405,0.7554,0.1041,10.4,LA,medium
34.160000000000004,-118.54,1,6,property,0.0,0.6931472015900639,property,0.7644,True,0.1371,0.7644,0.0985,9.8,LA,medium
34.160000000000004,-118.54,2,5,property,1.0,4.3446531758480495e-08,property,0.7643,True,0.1371,0.7643,0.0985,9.9,LA,medium
34.160000000000004,-118.54,3,6,property,0.5,0.8675632284814613,property,0.7626,True,0.1378,0.7626,0.0997,10.0,LA,medium
34.160000000000004,-118.53,0,6,property,0.3333333333333333,0.6365141893815645,property,0.7639,True,0.1371,0.7639,0.099,9.9,LA,medium
34.160000000000004,-118.53,1,14,property,0.0,1.0042424730540764,property,0.7611,True,0.138,0.7611,0.1009,10.1,LA,medium
34.160000000000004,-118.53,2,31,property,0.45161290322580644,0.8948777900135769,property,0.7641,True,0.1371,0.7641,0.0987,9.9,LA,medium
34.160000000000004,-118.53,3,30,property,0.43333333333333335,0.9097944822721153,property,0.7642,True,0.1371,0.7642,0.0987,9.9,LA,medium
34.160000000000004,-118.52,0,16,property,0.1875,1.0239287996389363,property,0.7642,True,0.1371,0.7642,0.0987,9.9,LA,medium
34.160000000000004,-118.52,1,31,other,0.03225806451612903,1.0496717767488781,property,0.7641,False,0.1371,0.7641,0.0987,9.9,LA,medium
34.160000000000004,-118.52,2,52,property,0.038461538461538464,1.088010262277112,property,0.7643,True,0.1371,0.7643,0.0985,9.9,LA,medium
34.160000000000004,-118.52,3,48,property,0.25,1.0203241734361108,property,0.7643,True,0.1371,0.7643,0.0985,9.9,LA,medium
34.160000000000004,-118.51,0,7,property,0.14285714285714285,1.0789922078775833,property,0.7645,True,0.1372,0.7645,0.0983,9.8,LA,medium
34.160000000000004,-118.51,1,10,property,0.4,0.610864323167295,property,0.7488,True,0.1467,0.7488,0.1045,10.4,LA,medium
34.160000000000004,-118.51,2,17,property,0.47058823529411764,0.8938885362449964,property,0.7509,True,0.1421,0.7509,0.107,10.7,LA,medium
34.160000000000004,-118.51,3,19,property,0.3684210526315789,0.9724809323379562,property,0.7643,True,0.1371,0.7643,0.0985,9.9,LA,medium
34.160000000000004,-118.5,0,18,property,0.7777777777777778,0.3488321172174657,property,0.7646,True,0.1372,0.7646,0.0983,9.8,LA,medium
34.160000000000004,-118.5,1,10,property,0.2,1.0296530140645737,property,0.7646,True,0.1372,0.7646,0.0983,9.8,LA,medium
34.160000000000004,-118.5,2,23,property,0.17391304347826086,0.9724399117161489,property,0.7558,True,0.14,0.7558,0.1042,10.4,LA,medium
34.160000000000004,-118.5,3,28,property,0.32142857142857145,0.9002046513038222,property,0.7642,True,0.1371,0.7642,0.0987,9.9,LA,medium
34.160000000000004,-118.49000000000001,0,11,other,0.09090909090909091,1.0361987848192837,property,0.7639,False,0.1371,0.7639,0.099,9.9,LA,medium
34.160000000000004,-118.49000000000001,1,35,other,0.37142857142857144,0.888972843935457,property,0.7644,False,0.1371,0.7644,0.0985,9.8,LA,medium
34.160000000000004,-118.49000000000001,2,59,property,0.1016949152542373,1.0769105075938459,property,0.7557,True,0.1392,0.7557,0.105,10.5,LA,medium
34.160000000000004,-118.49000000000001,3,47,property,0.10638297872340426,0.9190239851783005,property,0.7642,True,0.1371,0.7642,0.0986,9.9,LA,medium
34.160000000000004,-118.48,0,33,property,0.36363636363636365,0.8599672810355049,property,0.764,True,0.1371,0.764,0.0989,9.9,LA,medium
34.160000000000004,-118.48,1,26,property,0.07692307692307693,1.0695416913993137,property,0.7643,True,0.1371,0.7643,0.0986,9.9,LA,medium
34.160000000000004,-118.48,2,35,property,0.2857142857142857,0.9556998911125343,property,0.7643,True,0.1371,0.7643,0.0985,9.9,LA,medium
34.160000000000004,-118.48,3,33,property,0.30303030303030304,0.8832853412536135,property,0.7643,True,0.1371,0.7643,0.0985,9.9,LA,medium
34.160000000000004,-118.47,0,21,property,0.0,1.0769865220544765,property,0.7645,True,0.1372,0.7645,0.0984,9.8,LA,medium
34.160000000000004,-118.47,1,29,property,0.10344827586206896,0.9925086555080169,property,0.7646,True,0.1372,0.7646,0.0982,9.8,LA,medium
34.160000000000004,-118.47,2,44,property,0.45454545454545453,0.8710724275318509,property,0.7645,True,0.1372,0.7645,0.0983,9.8,LA,medium
34.160000000000004,-118.47,3,48,property,0.1875,0.9867283813052093,property,0.7646,True,0.1372,0.7646,0.0982,9.8,LA,medium
34.160000000000004,-118.46000000000001,0,31,property,0.25806451612903225,1.0269445292379726,property,0.7646,True,0.1372,0.7646,0.0982,9.8,LA,medium
34.160000000000004,-118.46000000000001,1,54,property,0.2037037037037037,1.0030326700848788,property,0.7646,True,0.1372,0.7646,0.0982,9.8,LA,medium
34.160000000000004,-118.46000000000001,2,78,property,0.21794871794871795,0.9065381815882126,property,0.7645,True,0.1371,0.7645,0.0983,9.8,LA,medium
34.160000000000004,-118.46000000000001,3,85,property,0.4,0.9166023897912011,property,0.7645,True,0.1371,0.7645,0.0983,9.8,LA,medium
34.160000000000004,-118.45,0,21,property,0.19047619047619047,0.9829007277151564,property,0.7447,True,0.1343,0.7447,0.1209,12.1,LA,medium
34.160000000000004,-118.45,1,29,property,0.1724137931034483,1.0406620152965456,property,0.7583,True,0.1373,0.7583,0.1044,10.4,LA,medium
34.160000000000004,-118.45,2,43,property,0.16279069767441862,0.9850549109078779,property,0.7645,True,0.1372,0.7645,0.0983,9.8,LA,medium
34.160000000000004,-118.45,3,29,property,0.4827586206896552,0.8169151695570781,property,0.7639,True,0.1371,0.7639,0.099,9.9,LA,medium
34.160000000000004,-118.44,0,29,property,0.5172413793103449,0.8325712617888918,property,0.7645,True,0.1372,0.7645,0.0983,9.8,LA,medium
34.160000000000004,-118.44,1,62,property,0.24193548387096775,0.9720437457364168,property,0.7646,True,0.1372,0.7646,0.0982,9.8,LA,medium
34.160000000000004,-118.44,2,197,property,0.6294416243654822,0.7239333623727657,property,0.7645,True,0.1371,0.7645,0.0983,9.8,LA,medium
34.160000000000004,-118.44,3,142,property,0.5704225352112676,0.7425631819541436,property,0.7646,True,0.1372,0.7646,0.0983,9.8,LA,medium
34.160000000000004,-118.43,0,15,other,0.13333333333333333,0.8823109245150755,property,0.7647,False,0.1372,0.7647,0.0982,9.8,LA,medium
34.160000000000004,-118.43,1,26,other,0.11538461538461539,0.8225715143524168,property,0.7647,False,0.1372,0.7647,0.0981,9.8,LA,medium
34.160000000000004,-118.43,2,52,property,0.17307692307692307,0.9774810634345996,property,0.7646,True,0.1372,0.7646,0.0983,9.8,LA,medium
34.160000000000004,-118.43,3,38,property,0.42105263157894735,0.9097077103274986,property,0.7575,True,0.1393,0.7575,0.1033,10.3,LA,medium
34.160000000000004,-118.42,0,12,other,0.08333333333333333,0.9184277849930977,property,0.7639,False,0.1371,0.7639,0.0989,9.9,LA,medium
34.160000000000004,-118.42,1,18,property,0.2777777777777778,0.8277381569989198,property,0.7644,True,0.1371,0.7644,0.0985,9.8,LA,medium
34.160000000000004,-118.42,2,20,property,0.1,0.9433483923290392,property,0.7602,True,0.1382,0.7602,0.1015,10.2,LA,medium
34.160000000000004,-118.42,3,20,property,0.35,0.7909873504355757,property,0.7645,True,0.1372,0.7645,0.0983,9.8,LA,medium
34.160000000000004,-118.41,0,30,property,0.1,1.0681452609845676,property,0.7647,True,0.1372,0.7647,0.0982,9.8,LA,medium
34.160000000000004,-118.41,1,27,other,0.07407407407407407,0.9618729210492778,property,0.7646,False,0.1372,0.7646,0.0983,9.8,LA,medium
34.160000000000004,-118.41,2,58,property,0.3620689655172414,0.9635904677062204,property,0.7645,True,0.1371,0.7645,0.0984,9.8,LA,medium
34.160000000000004,-118.41,3,57,property,0.2807017543859649,0.9347925411549587,property,0.7646,True,0.1371,0.7646,0.0983,9.8,LA,medium
34.160000000000004,-118.4,0,28,other,0.03571428571428571,0.8218065008318611,property,0.7645,False,0.1372,0.7645,0.0983,9.8,LA,medium
34.160000000000004,-118.4,1,30,other,0.03333333333333333,1.027517014774606,property,0.752,False,0.1428,0.752,0.1051,10.5,LA,medium
34.160000000000004,-118.4,2,51,property,0.3137254901960784,0.9755326540452338,property,0.7646,True,0.1372,0.7646,0.0982,9.8,LA,medium
34.160000000000004,-118.4,3,55,property,0.3090909090909091,0.850859328316385,property,0.7646,True,0.1371,0.7646,0.0983,9.8,LA,medium
34.160000000000004,-118.39,0,21,property,0.38095238095238093,0.9165525293817653,property,0.7645,True,0.1372,0.7645,0.0983,9.8,LA,medium
34.160000000000004,-118.39,1,38,property,0.2631578947368421,0.9174021803627407,property,0.7647,True,0.1372,0.7647,0.0982,9.8,LA,medium
34.160000000000004,-118.39,2,66,property,0.25757575757575757,0.920190858614581,property,0.7645,True,0.1371,0.7645,0.0983,9.8,LA,medium
34.160000000000004,-118.39,3,69,property,0.391304347826087,0.881867329600189,property,0.7645,True,0.1371,0.7645,0.0984,9.8,LA,medium
34.160000000000004,-118.38,0,30,property,0.03333333333333333,1.027517014774606,property,0.7643,True,0.1371,0.7643,0.0985,9.9,LA,medium
34.160000000000004,-118.38,1,40,property,0.0,1.0821955300387671,property,0.7647,True,0.1372,0.7647,0.0981,9.8,LA,medium
34.160000000000004,-118.38,2,70,property,0.12857142857142856,1.0092809354859793,property,0.7645,True,0.1371,0.7645,0.0983,9.8,LA,medium
34.160000000000004,-118.38,3,50,property,0.28,0.9315652273979615,property,0.7646,True,0.1372,0.7646,0.0982,9.8,LA,medium
34.160000000000004,-118.37,0,104,property,0.028846153846153848,1.0974200324761838,property,0.7605,True,0.1366,0.7605,0.1029,10.3,LA,medium
34.160000000000004,-118.37,1,113,property,0.1592920353982301,1.0605866984884416,property,0.7644,True,0.1371,0.7644,0.0985,9.8,LA,medium
34.160000000000004,-118.37,2,178,property,0.11235955056179775,1.0620292373713571,property,0.7646,True,0.1372,0.7646,0.0983,9.8,LA,medium
34.160000000000004,-118.37,3,207,property,0.2995169082125604,1.0020447074766818,property,0.764,True,0.1371,0.764,0.0988,9.9,LA,medium
34.160000000000004,-118.36,0,14,other,0.07142857142857142,1.060944240790747,property,0.7646,False,0.1372,0.7646,0.0982,9.8,LA,medium
34.160000000000004,-118.36,1,22,other,0.13636363636363635,0.8367742263818623,property,0.7556,False,0.1406,0.7556,0.1038,10.4,LA,medium
34.160000000000004,-118.36,2,23,property,0.17391304347826086,1.0465634069578553,property,0.7636,True,0.1374,0.7636,0.099,9.9,LA,medium
34.160000000000004,-118.36,3,29,property,0.2413793103448276,1.0222323070437096,property,0.7646,True,0.1372,0.7646,0.0983,9.8,LA,medium
34.160000000000004,-118.35000000000001,0,3,violent,0.3333333333333333,0.6365141893815645,property,0.7645,False,0.1372,0.7645,0.0984,9.8,LA,medium
34.160000000000004,-118.35000000000001,2,5,property,0.2,0.6730116880595106,property,0.7644,True,0.1371,0.7644,0.0985,9.8,LA,medium
34.160000000000004,-118.35000000000001,3,4,other,0.5,0.5623351657797391,property,0.7641,False,0.1371,0.7641,0.0987,9.9,LA,medium
34.17,-118.65,0,3,property,0.3333333333333333,0.6365141893815645,property,0.7463,True,0.1422,0.7463,0.1115,11.2,LA,medium
34.17,-118.65,1,9,property,0.1111111111111111,0.6869615976336276,property,0.7557,True,0.1404,0.7557,0.1039,10.4,LA,medium
34.17,-118.65,2,8,property,0.5,0.5623351657797391,property,0.7638,True,0.1371,0.7638,0.099,9.9,LA,medium
34.17,-118.65,3,10,property,0.2,0.6730116880595106,property,0.759,True,0.1372,0.759,0.1038,10.4,LA,medium
34.17,-118.64,1,10,property,0.1,0.9433483923290392,property,0.7542,True,0.1406,0.7542,0.1052,10.5,LA,medium
34.17,-118.64,2,13,property,0.38461538461538464,0.9251290835720822,property,0.7642,True,0.1371,0.7642,0.0987,9.9,LA,medium
34.17,-118.64,3,7,violent,0.14285714285714285,1.0789922078775833,property,0.7634,False,0.1371,0.7634,0.0995,9.9,LA,medium
34.17,-118.63,0,3,violent,0.0,1.0986122886681096,property,0.7643,False,0.1371,0.7643,0.0986,9.9,LA,medium
34.17,-118.63,1,11,property,0.09090909090909091,0.6890092595109152,property,0.7639,True,0.1371,0.7639,0.0989,9.9,LA,medium
34.17,-118.63,2,13,property,0.23076923076923078,0.9839614460010255,property,0.7583,True,0.1393,0.7583,0.1024,10.2,LA,medium
34.17,-118.63,3,16,property,0.3125,0.9840865030829147,property,0.7647,True,0.1372,0.7647,0.0981,9.8,LA,medium
34.17,-118.62,0,15,property,0.2,0.9701157839869381,property,0.7646,True,0.1372,0.7646,0.0983,9.8,LA,medium
34.17,-118.62,1,22,property,0.22727272727272727,0.9666748303197921,property,0.7642,True,0.1371,0.7642,0.0986,9.9,LA,medium
34.17,-118.62,2,41,property,0.12195121951219512,1.0421897361624863,property,0.7646,True,0.1372,0.7646,0.0983,9.8,LA,medium
34.17,-118.62,3,40,property,0.2,1.0552034657418137,property,0.7619,True,0.1369,0.7619,0.1012,10.1,LA,medium
34.17,-118.61,0,26,property,0.19230769230769232,0.9497249735351774,property,0.7443,True,0.1342,0.7443,0.1215,12.1,LA,medium
34.17,-118.61,1,32,other,0.09375,1.0612039759627612,property,0.7646,False,0.1372,0.7646,0.0982,9.8,LA,medium
34.17,-118.61,2,75,property,0.21333333333333335,1.0414406360831923,property,0.7645,True,0.1371,0.7645,0.0984,9.8,LA,medium
34.17,-118.61,3,52,other,0.038461538461538464,1.072432341777384,property,0.7645,False,0.1371,0.7645,0.0983,9.8,LA,medium
34.17,-118.60000000000001,0,21,property,0.42857142857142855,0.9285845074396563,property,0.7645,True,0.1372,0.7645,0.0983,9.8,LA,medium
34.17,-118.60000000000001,1,34,other,0.14705882352941177,1.0451946834395212,property,0.7647,False,0.1372,0.7647,0.0982,9.8,LA,medium
34.17,-118.60000000000001,2,77,property,0.22077922077922077,1.0110996069765212,property,0.7645,True,0.1371,0.7645,0.0983,9.8,LA,medium
34.17,-118.60000000000001,3,63,property,0.23809523809523808,1.0317858636429527,property,0.7644,True,0.1371,0.7644,0.0984,9.8,LA,medium
34.17,-118.59,0,16,property,0.125,1.0717300941124526,property,0.6775,True,0.1221,0.6775,0.2005,20.0,LA,medium
34.17,-118.59,1,36,property,0.4444444444444444,0.9032885266470554,property,0.7646,True,0.1372,0.7646,0.0982,9.8,LA,medium
34.17,-118.59,2,89,property,0.5056179775280899,0.8568585117043555,property,0.7645,True,0.1371,0.7645,0.0984,9.8,LA,medium
34.17,-118.59,3,76,property,0.5657894736842105,0.8023276229700815,property,0.7644,True,0.1371,0.7644,0.0985,9.8,LA,medium
34.17,-118.58,0,30,property,0.23333333333333334,1.0386088352168543,property,0.7638,True,0.1371,0.7638,0.0991,9.9,LA,medium
34.17,-118.58,1,25,other,0.12,1.0133126873497391,property,0.7644,False,0.1372,0.7644,0.0984,9.8,LA,medium
34.17,-118.58,2,49,property,0.24489795918367346,1.0054461389433178,property,0.7644,True,0.1372,0.7644,0.0984,9.8,LA,medium
34.17,-118.58,3,33,property,0.48484848484848486,0.8661839144536991,property,0.764,True,0.1371,0.764,0.0989,9.9,LA,medium
34.17,-118.57000000000001,0,17,property,0.5294117647058824,0.8037421073162029,property,0.7642,True,0.1371,0.7642,0.0987,9.9,LA,medium
34.17,-118.57000000000001,1,22,property,0.13636363636363635,0.9861234897117208,property,0.7644,True,0.1372,0.7644,0.0984,9.8,LA,medium
34.17,-118.57000000000001,2,45,property,0.24444444444444444,1.0010365806861117,property,0.7497,True,0.1381,0.7497,0.1122,11.2,LA,medium
34.17,-118.57000000000001,3,26,property,0.4230769230769231,0.9328735118608089,property,0.7643,True,0.1371,0.7643,0.0986,9.9,LA,medium
34.17,-118.56,0,22,property,0.5909090909090909,0.7749927584562633,property,0.764,True,0.1371,0.764,0.0988,9.9,LA,medium
34.17,-118.56,1,17,property,0.35294117647058826,0.9586918593253719,property,0.7505,True,0.1427,0.7505,0.1069,10.7,LA,medium
34.17,-118.56,2,26,property,0.11538461538461539,1.0798753311904068,property,0.7597,True,0.1367,0.7597,0.1036,10.4,LA,medium
34.17,-118.56,3,28,property,0.2857142857142857,0.9556998911125343,property,0.7641,True,0.1371,0.7641,0.0988,9.9,LA,medium
34.17,-118.55,0,15,property,0.26666666666666666,0.8532361505557784,property,0.7645,True,0.1372,0.7645,0.0984,9.8,LA,medium
34.17,-118.55,1,17,property,0.35294117647058826,0.9586918593253719,property,0.7493,True,0.1455,0.7493,0.1052,10.5,LA,medium
34.17,-118.55,2,29,property,0.27586206896551724,0.9864633661435191,property,0.7576,True,0.1382,0.7576,0.1043,10.4,LA,medium
34.17,-118.55,3,26,property,0.34615384615384615,0.9727696382494826,property,0.7609,True,0.138,0.7609,0.1011,10.1,LA,medium
34.17,-118.54,0,49,property,0.2653061224489796,0.8804289497448345,property,0.7646,True,0.1372,0.7646,0.0983,9.8,LA,medium
34.17,-118.54,1,70,other,0.05714285714285714,1.0701396099472267,property,0.7534,False,0.1406,0.7534,0.106,10.6,LA,medium
34.17,-118.54,2,98,property,0.12244897959183673,1.082827069595163,property,0.7645,True,0.1371,0.7645,0.0983,9.8,LA,medium
34.17,-118.54,3,96,property,0.19791666666666666,1.013309202861159,property,0.7641,True,0.1371,0.7641,0.0988,9.9,LA,medium
34.17,-118.53,0,31,other,0.1935483870967742,1.046337357519136,property,0.7618,False,0.1369,0.7618,0.1013,10.1,LA,medium
34.17,-118.53,1,45,property,0.15555555555555556,1.0715987805361908,property,0.7645,True,0.1372,0.7645,0.0984,9.8,LA,medium
34.17,-118.53,2,61,property,0.06557377049180328,1.077634194821999,property,0.7645,True,0.1371,0.7645,0.0983,9.8,LA,medium
34.17,-118.53,3,58,property,0.10344827586206896,1.0835222669892097,property,0.7644,True,0.1371,0.7644,0.0985,9.8,LA,medium
34.17,-118.52,0,44,property,0.045454545454545456,1.0399964569510627,property,0.7646,True,0.1372,0.7646,0.0983,9.8,LA,medium
34.17,-118.52,1,69,other,0.057971014492753624,1.0443851555331554,property,0.7635,False,0.1373,0.7635,0.0991,9.9,LA,medium
34.17,-118.52,2,127,property,0.1732283464566929,1.0525293945488554,property,0.7637,True,0.1375,0.7637,0.0988,9.9,LA,medium
34.17,-118.52,3,101,property,0.21782178217821782,0.9821557602017028,property,0.7645,True,0.1371,0.7645,0.0984,9.8,LA,medium
34.17,-118.51,0,30,violent,0.16666666666666666,1.0114042647073518,property,0.7644,False,0.1371,0.7644,0.0985,9.8,LA,medium
34.17,-118.51,1,44,other,0.11363636363636363,1.013331411386089,property,0.753,False,0.1415,0.753,0.1055,10.6,LA,medium
34.17,-118.51,2,66,property,0.45454545454545453,0.8158498651845185,property,0.7645,True,0.1371,0.7645,0.0984,9.8,LA,medium
34.17,-118.51,3,62,property,0.41935483870967744,0.8829809477449342,property,0.7645,True,0.1371,0.7645,0.0984,9.8,LA,medium
34.17,-118.5,0,6,property,0.16666666666666666,1.0114042647073518,property,0.7546,True,0.141,0.7546,0.1045,10.4,LA,medium
34.17,-118.5,1,30,property,0.5333333333333333,0.7298712099831164,property,0.755,True,0.1407,0.755,0.1043,10.4,LA,medium
34.17,-118.5,2,28,property,0.32142857142857145,0.9002046513038222,property,0.7644,True,0.1372,0.7644,0.0984,9.8,LA,medium
34.17,-118.5,3,25,property,0.36,0.8441124264544574,property,0.7644,True,0.1371,0.7644,0.0985,9.8,LA,medium
34.17,-118.48,1,5,property,0.4,0.9502705392332347,property,0.7503,True,0.1431,0.7503,0.1066,10.7,LA,medium
34.17,-118.48,2,3,violent,0.3333333333333333,0.6365141893815645,property,0.7485,False,0.1461,0.7485,0.1055,10.5,LA,medium
34.17,-118.47,0,22,violent,0.045454545454545456,1.0702359491930813,property,0.7643,False,0.1371,0.7643,0.0986,9.9,LA,medium
34.17,-118.47,1,65,property,0.5538461538461539,0.7750771725949905,property,0.7604,True,0.1368,0.7604,0.1028,10.3,LA,medium
34.17,-118.47,2,130,property,0.7076923076923077,0.6226955411402291,property,0.7645,True,0.1371,0.7645,0.0983,9.8,LA,medium
34.17,-118.47,3,96,property,0.625,0.7146218187514509,property,0.7645,True,0.1371,0.7645,0.0983,9.8,LA,medium
34.17,-118.46000000000001,0,21,property,0.3333333333333333,0.9773202089564674,property,0.7646,True,0.1372,0.7646,0.0982,9.8,LA,medium
34.17,-118.46000000000001,1,34,property,0.0,0.9738110105706947,property,0.7647,True,0.1372,0.7647,0.0981,9.8,LA,medium
34.17,-118.46000000000001,2,47,property,0.0425531914893617,1.009707541290028,property,0.7645,True,0.1371,0.7645,0.0983,9.8,LA,medium
34.17,-118.46000000000001,3,59,property,0.1016949152542373,1.0385643155143491,property,0.7645,True,0.1371,0.7645,0.0983,9.8,LA,medium
34.17,-118.45,0,13,property,0.3076923076923077,0.8587409130062869,property,0.7645,True,0.1372,0.7645,0.0984,9.8,LA,medium
34.17,-118.45,1,33,property,0.15151515151515152,1.0637155529842894,property,0.7582,True,0.1394,0.7582,0.1024,10.2,LA,medium
34.17,-118.45,2,53,property,0.2641509433962264,0.9882663799263318,property,0.7645,True,0.1372,0.7645,0.0983,9.8,LA,medium
34.17,-118.45,3,48,other,0.08333333333333333,0.9792996695349505,property,0.7647,False,0.1372,0.7647,0.0982,9.8,LA,medium
34.17,-118.44,0,22,property,0.09090909090909091,1.0361987848192837,property,0.7641,True,0.1371,0.7641,0.0987,9.9,LA,medium
34.17,-118.44,1,37,property,0.1891891891891892,0.9405350866291066,property,0.7648,True,0.1372,0.7648,0.0981,9.8,LA,medium
34.17,-118.44,2,71,property,0.3380281690140845,0.8361732179705158,property,0.7646,True,0.1372,0.7646,0.0983,9.8,LA,medium
34.17,-118.44,3,54,property,0.16666666666666666,1.0114042647073518,property,0.7646,True,0.1372,0.7646,0.0982,9.8,LA,medium
34.17,-118.43,0,9,property,0.3333333333333333,0.6365141893815645,property,0.7578,True,0.1367,0.7578,0.1055,10.5,LA,medium
34.17,-118.43,1,22,property,0.0,0.9347698978582792,property,0.7554,True,0.1406,0.7554,0.104,10.4,LA,medium
34.17,-118.43,2,27,property,0.4074074074074074,0.9084160841967897,property,0.7645,True,0.1372,0.7645,0.0984,9.8,LA,medium
34.17,-118.43,3,42,property,0.23809523809523808,0.9099250471537522,property,0.7646,True,0.1372,0.7646,0.0983,9.8,LA,medium
34.17,-118.42,0,11,property,0.09090909090909091,1.0361987848192837,property,0.7645,True,0.1372,0.7645,0.0984,9.8,LA,medium
34.17,-118.42,1,13,property,0.23076923076923078,0.9839614460010255,property,0.7646,True,0.1372,0.7646,0.0982,9.8,LA,medium
34.17,-118.42,2,18,property,0.0,0.9649629230074277,property,0.764,True,0.1371,0.764,0.0989,9.9,LA,medium
34.17,-118.42,3,22,property,0.5,0.8427803021302684,property,0.7639,True,0.1374,0.7639,0.0987,9.9,LA,medium
34.17,-118.41,0,13,property,0.15384615384615385,0.8981370031878679,property,0.7647,True,0.1372,0.7647,0.0982,9.8,LA,medium
34.17,-118.41,1,23,property,0.391304347826087,0.8416853379716988,property,0.7644,True,0.1371,0.7644,0.0985,9.8,LA,medium
34.17,-118.41,2,33,property,0.3333333333333333,0.9713430234977111,property,0.7646,True,0.1372,0.7646,0.0983,9.8,LA,medium
34.17,-118.41,3,34,property,0.3235294117647059,0.8717529073180241,property,0.7646,True,0.1372,0.7646,0.0983,9.8,LA,medium
34.17,-118.4,0,35,other,0.14285714285714285,1.0200891054385564,property,0.7642,False,0.1371,0.7642,0.0987,9.9,LA,medium
34.17,-118.4,1,50,property,0.06,1.03757708994672,property,0.7647,True,0.1372,0.7647,0.0981,9.8,LA,medium
34.17,-118.4,2,65,property,0.015384615384615385,1.0969419404905107,property,0.7641,True,0.1374,0.7641,0.0986,9.9,LA,medium
34.17,-118.4,3,79,property,0.189873417721519,1.0482917426176028,property,0.7644,True,0.1371,0.7644,0.0985,9.8,LA,medium
34.17,-118.39,0,13,property,0.3076923076923077,1.0100997593541636,property,0.7614,True,0.138,0.7614,0.1007,10.1,LA,medium
34.17,-118.39,1,28,property,0.0,1.0933747175566468,property,0.7644,True,0.1372,0.7644,0.0984,9.8,LA,medium
34.17,-118.39,2,30,property,0.16666666666666666,0.8017471601150994,property,0.7623,True,0.1378,0.7623,0.0999,10.0,LA,medium
34.17,-118.39,3,40,other,0.1,1.00598819321234,property,0.7643,False,0.1371,0.7643,0.0985,9.9,LA,medium
34.17,-118.38,0,95,property,0.07368421052631578,1.0913336231520496,property,0.678,True,0.1222,0.678,0.1998,20.0,LA,medium
34.17,-118.38,1,130,other,0.015384615384615385,1.0804394682665261,property,0.7229,False,0.1309,0.7229,0.1462,14.6,LA,medium
34.17,-118.38,2,211,property,0.08530805687203792,1.08128618879386,property,0.7607,True,0.1369,0.7607,0.1025,10.2,LA,medium
34.17,-118.38,3,176,property,0.028409090909090908,1.0936717589842708,property,0.7585,True,0.1366,0.7585,0.1049,10.5,LA,medium
34.17,-118.37,0,53,property,0.09433962264150944,1.081341660015287,property,0.7646,True,0.1372,0.7646,0.0982,9.8,LA,medium
34.17,-118.37,1,67,property,0.014925373134328358,1.09839060574714,property,0.7646,True,0.1372,0.7646,0.0983,9.8,LA,medium
34.17,-118.37,2,105,property,0.18095238095238095,1.0592401021018671,property,0.7644,True,0.1371,0.7644,0.0984,9.8,LA,medium
34.17,-118.37,3,94,property,0.0851063829787234,1.0794032985844035,property,0.7646,True,0.1372,0.7646,0.0983,9.8,LA,medium
34.17,-118.36,0,17,property,0.23529411764705882,1.0027399543973452,property,0.7642,True,0.1371,0.7642,0.0986,9.9,LA,medium
34.17,-118.36,1,29,violent,0.0,1.0785004146433244,property,0.7645,False,0.1372,0.7645,0.0983,9.8,LA,medium
34.17,-118.36,2,39,property,0.02564102564102564,1.0842435291786918,property,0.7592,True,0.1374,0.7592,0.1034,10.3,LA,medium
34.17,-118.36,3,24,property,0.08333333333333333,1.0775563270668007,property,0.7589,True,0.1379,0.7589,0.1032,10.3,LA,medium
34.17,-118.35000000000001,2,3,property,0.3333333333333333,0.6365141893815645,property,0.7643,True,0.1371,0.7643,0.0985,9.9,LA,medium
34.18,-118.67,2,3,property,0.3333333333333333,0.6365141893815645,property,0.7643,True,0.1371,0.7643,0.0985,9.9,LA,medium
34.18,-118.66,0,6,other,0.16666666666666666,1.0114042647073518,property,0.7487,False,0.1467,0.7487,0.1047,10.5,LA,medium
34.18,-118.66,1,4,property,1.0,4.3446531758480495e-08,property,0.7528,True,0.1411,0.7528,0.1061,10.6,LA,medium
34.18,-118.66,2,10,property,0.8,0.3250829947896311,property,0.749,True,0.1461,0.749,0.1049,10.5,LA,medium
34.18,-118.66,3,9,property,0.4444444444444444,0.848685557726417,property,0.7598,True,0.1367,0.7598,0.1035,10.4,LA,medium
34.18,-118.65,0,7,property,0.42857142857142855,0.5982696097102536,property,0.7112,True,0.1308,0.7112,0.158,15.8,LA,medium
34.18,-118.65,1,12,property,0.3333333333333333,0.6365141893815645,property,0.7641,True,0.1371,0.7641,0.0987,9.9,LA,medium
34.18,-118.65,2,14,property,0.21428571428571427,0.8760057656431737,property,0.7645,True,0.1372,0.7645,0.0984,9.8,LA,medium
34.18,-118.65,3,8,other,0.25,0.6615632592196847,property,0.7646,False,0.1372,0.7646,0.0982,9.8,LA,medium
34.18,-118.64,1,12,property,0.25,1.0397207708399179,property,0.7647,True,0.1372,0.7647,0.0982,9.8,LA,medium
34.18,-118.64,2,18,violent,0.2222222222222222,1.0366279688586069,property,0.7538,False,0.1414,0.7538,0.1049,10.5,LA,medium
34.18,-118.64,3,14,property,0.14285714285714285,1.0789922078775833,property,0.7645,True,0.1372,0.7645,0.0983,9.8,LA,medium
34.18,-118.63,1,9,other,0.2222222222222222,0.9368883075390159,property,0.7578,False,0.1394,0.7578,0.1028,10.3,LA,medium
34.18,-118.63,2,12,property,0.4166666666666667,0.8239592165010823,property,0.7538,True,0.1404,0.7538,0.1057,10.6,LA,medium
34.18,-118.63,3,10,property,0.6,0.5004024447610512,property,0.7644,True,0.1371,0.7644,0.0985,9.8,LA,medium
34.18,-118.62,0,4,property,0.5,0.5623351657797391,property,0.7645,True,0.1372,0.7645,0.0983,9.8,LA,medium
34.18,-118.62,1,11,other,0.45454545454545453,0.9075352941050093,property,0.7536,False,0.1411,0.7536,0.1053,10.5,LA,medium
34.18,-118.62,2,5,property,0.2,0.6730116880595106,property,0.7644,True,0.1371,0.7644,0.0984,9.8,LA,medium
34.18,-118.62,3,12,other,0.4166666666666667,0.8239592165010823,property,0.7644,False,0.1372,0.7644,0.0984,9.8,LA,medium
34.18,-118.61,0,39,property,0.1282051282051282,1.006082158074664,property,0.7642,True,0.1371,0.7642,0.0987,9.9,LA,medium
34.18,-118.61,1,31,property,0.16129032258064516,0.8736710429518698,property,0.7646,True,0.1372,0.7646,0.0983,9.8,LA,medium
34.18,-118.61,2,63,property,0.0,0.915351429544136,property,0.7644,True,0.1371,0.7644,0.0984,9.8,LA,medium
34.18,-118.61,3,78,property,0.2948717948717949,1.0093871418047262,property,0.7645,True,0.1371,0.7645,0.0984,9.8,LA,medium
34.18,-118.60000000000001,0,16,property,0.0625,1.0433534269422904,property,0.7645,True,0.1372,0.7645,0.0983,9.8,LA,medium
34.18,-118.60000000000001,1,35,other,0.17142857142857143,0.9869834614392002,property,0.7595,False,0.1382,0.7595,0.1023,10.2,LA,medium
34.18,-118.60000000000001,2,59,property,0.2033898305084746,1.0192414931806737,property,0.7643,True,0.1371,0.7643,0.0985,9.9,LA,medium
34.18,-118.60000000000001,3,54,property,0.3148148148148148,0.9934819892004463,property,0.7645,True,0.1371,0.7645,0.0984,9.8,LA,medium
34.18,-118.59,0,25,property,0.4,0.8825632953798344,property,0.7645,True,0.1372,0.7645,0.0983,9.8,LA,medium
34.18,-118.59,1,54,property,0.3148148148148148,0.9672168771257719,property,0.7642,True,0.1371,0.7642,0.0986,9.9,LA,medium
34.18,-118.59,2,60,property,0.0,0.9489154358953991,property,0.7644,True,0.1371,0.7644,0.0984,9.8,LA,medium
34.18,-118.59,3,42,property,0.21428571428571427,1.0346012329101812,property,0.7644,True,0.1371,0.7644,0.0984,9.8,LA,medium
34.18,-118.58,0,10,other,0.1,1.0888999753452238,property,0.7634,False,0.137,0.7634,0.0996,10.0,LA,medium
34.18,-118.58,1,15,property,0.2,0.9701157839869381,property,0.7642,True,0.1371,0.7642,0.0987,9.9,LA,medium
34.18,-118.58,2,28,other,0.10714285714285714,1.074516223144162,property,0.7644,False,0.1371,0.7644,0.0985,9.8,LA,medium
34.18,-118.58,3,24,violent,0.125,1.0835291213181606,property,0.7646,False,0.1372,0.7646,0.0983,9.8,LA,medium
34.18,-118.57000000000001,0,3,violent,0.0,1.0986122886681096,property,0.7542,False,0.1407,0.7542,0.1051,10.5,LA,medium
34.18,-118.57000000000001,1,8,property,0.125,0.9743147528693494,property,0.7644,True,0.1371,0.7644,0.0985,9.8,LA,medium
34.18,-118.57000000000001,2,16,other,0.125,0.9743147528693494,property,0.7633,False,0.1374,0.7633,0.0993,9.9,LA,medium
34.18,-118.57000000000001,3,12,property,0.3333333333333333,0.9596147939120492,property,0.7643,True,0.1371,0.7643,0.0985,9.9,LA,medium
34.18,-118.56,0,7,property,0.14285714285714285,0.6829081257408294,property,0.7511,True,0.1399,0.7511,0.1091,10.9,LA,medium
34.18,-118.56,1,11,violent,0.09090909090909091,1.0361987848192837,property,0.7646,False,0.1372,0.7646,0.0982,9.8,LA,medium
34.18,-118.56,2,16,property,0.0,1.0821955300387671,property,0.7644,True,0.1371,0.7644,0.0985,9.8,LA,medium
34.18,-118.56,3,20,other,0.05,1.0104127537805414,property,0.7606,False,0.1367,0.7606,0.1027,10.3,LA,medium
34.18,-118.55,0,10,other,0.1,0.9433483923290393,property,0.7644,False,0.1372,0.7644,0.0984,9.8,LA,medium
34.18,-118.55,1,13,property,0.38461538461538464,0.9251290835720823,property,0.7643,True,0.1371,0.7643,0.0986,9.9,LA,medium
34.18,-118.55,2,20,property,0.4,0.610864323167295,property,0.6929,True,0.1254,0.6929,0.1817,18.2,LA,medium
34.18,-118.55,3,22,property,0.2727272727272727,0.8932239510170858,property,0.7522,True,0.142,0.7522,0.1058,10.6,LA,medium
34.18,-118.54,0,47,violent,0.0851063829787234,1.0702983883547736,property,0.7548,False,0.1369,0.7548,0.1083,10.8,LA,medium
34.18,-118.54,1,57,property,0.03508771929824561,1.0949119933554288,property,0.7555,True,0.1402,0.7555,0.1043,10.4,LA,medium
34.18,-118.54,2,119,property,0.19327731092436976,1.0577758825281105,property,0.7599,True,0.1369,0.7599,0.1033,10.3,LA,medium
34.18,-118.54,3,100,violent,0.08,1.0875656525975472,property,0.7493,False,0.1352,0.7493,0.1155,11.6,LA,medium
34.18,-118.53,0,15,property,0.3333333333333333,0.9276173343271816,property,0.7642,True,0.1371,0.7642,0.0987,9.9,LA,medium
34.18,-118.53,1,21,property,0.19047619047619047,1.052922565938695,property,0.7643,True,0.1371,0.7643,0.0986,9.9,LA,medium
34.18,-118.53,2,60,property,0.1,1.0681452609845676,property,0.7645,True,0.1372,0.7645,0.0984,9.8,LA,medium
34.18,-118.53,3,28,property,0.25,0.9999375490272633,property,0.7645,True,0.1372,0.7645,0.0983,9.8,LA,medium
34.18,-118.52,0,12,property,0.25,1.0397207708399179,property,0.7508,True,0.1442,0.7508,0.105,10.5,LA,medium
34.18,-118.52,1,12,property,0.25,1.0397207708399179,property,0.7642,True,0.1371,0.7642,0.0986,9.9,LA,medium
34.18,-118.52,2,9,property,0.3333333333333333,0.6365141893815645,property,0.7645,True,0.1372,0.7645,0.0983,9.8,LA,medium
34.18,-118.52,3,22,other,0.18181818181818182,1.0208880675106418,property,0.7644,False,0.1371,0.7644,0.0985,9.8,LA,medium
34.18,-118.51,1,4,violent,0.25,1.0397207708399179,property,0.7527,False,0.1402,0.7527,0.1071,10.7,LA,medium
34.18,-118.51,2,11,property,0.45454545454545453,0.5859526394408641,property,0.7644,True,0.1371,0.7644,0.0985,9.8,LA,medium
34.18,-118.51,3,6,violent,0.16666666666666666,1.0114042647073518,property,0.7639,False,0.1371,0.7639,0.0989,9.9,LA,medium
34.18,-118.5,0,5,violent,0.2,0.6730116880595105,property,0.7487,False,0.1467,0.7487,0.1046,10.5,LA,medium
34.18,-118.5,1,17,property,0.058823529411764705,0.9718487712358767,property,0.7644,True,0.1372,0.7644,0.0984,9.8,LA,medium
34.18,-118.5,2,16,property,0.3125,0.9840865030829147,property,0.6931,True,0.1255,0.6931,0.1814,18.1,LA,medium
34.18,-118.5,3,9,property,0.3333333333333333,0.9950269901795212,property,0.7488,True,0.1466,0.7488,0.1047,10.5,LA,medium
34.18,-118.48,0,4,property,0.25,1.0397207708399179,property,0.6775,True,0.1221,0.6775,0.2004,20.0,LA,medium
34.18,-118.48,1,12,other,0.08333333333333333,0.9184277849930977,property,0.7483,False,0.1455,0.7483,0.1062,10.6,LA,medium
34.18,-118.48,2,27,other,0.07407407407407407,1.0405805589833304,property,0.7506,False,0.1396,0.7506,0.1098,11.0,LA,medium
34.18,-118.48,3,22,violent,0.0,1.0412597335159743,property,0.7488,False,0.1464,0.7488,0.1048,10.5,LA,medium
34.18,-118.47,0,14,property,0.5714285714285714,0.7963116401738131,property,0.7643,True,0.1371,0.7643,0.0986,9.9,LA,medium
34.18,-118.47,1,36,other,0.027777777777777776,0.9993699902744391,property,0.7645,False,0.1372,0.7645,0.0984,9.8,LA,medium
34.18,-118.47,2,73,property,0.2465753424657534,1.000620851583349,property,0.7643,True,0.1371,0.7643,0.0985,9.9,LA,medium
34.18,-118.47,3,36,property,0.08333333333333333,1.0775563270668007,property,0.764,True,0.1371,0.764,0.0989,9.9,LA,medium
34.18,-118.46000000000001,0,17,property,0.47058823529411764,0.8938885362449964,property,0.7639,True,0.1371,0.7639,0.099,9.9,LA,medium
34.18,-118.46000000000001,1,34,property,0.17647058823529413,1.0551016181686423,property,0.7643,True,0.1371,0.7643,0.0986,9.9,LA,medium
34.18,-118.46000000000001,2,59,property,0.1016949152542373,1.0385643155143491,property,0.7607,True,0.1369,0.7607,0.1024,10.2,LA,medium
34.18,-118.46000000000001,3,50,property,0.06,0.998975335811397,property,0.7566,True,0.1371,0.7566,0.1064,10.6,LA,medium
34.18,-118.45,0,42,violent,0.11904761904761904,1.0551418941214168,property,0.7019,False,0.1278,0.7019,0.1703,17.0,LA,medium
34.18,-118.45,1,81,other,0.024691358024691357,1.074895933146287,property,0.7469,False,0.1411,0.7469,0.112,11.2,LA,medium
34.18,-118.45,2,69,other,0.17391304347826086,1.0697255691282122,property,0.7579,False,0.1378,0.7579,0.1043,10.4,LA,medium
34.18,-118.45,3,84,violent,0.08333333333333333,1.0907316186212017,property,0.6858,False,0.1236,0.6858,0.1906,19.1,LA,medium
34.18,-118.44,0,22,property,0.18181818181818182,1.0670895187820832,property,0.7646,True,0.1372,0.7646,0.0982,9.8,LA,medium
34.18,-118.44,1,63,property,0.0,1.0963060192180683,property,0.7603,True,0.1368,0.7603,0.1029,10.3,LA,medium
34.18,-118.44,2,79,property,0.12658227848101267,1.0769855618658561,property,0.7592,True,0.1373,0.7592,0.1035,10.4,LA,medium
34.18,-118.44,3,70,violent,0.05714285714285714,1.0954041286732956,property,0.7643,False,0.1371,0.7643,0.0986,9.9,LA,medium
34.18,-118.43,0,13,other,0.23076923076923078,0.9839614460010255,property,0.7646,False,0.1372,0.7646,0.0983,9.8,LA,medium
34.18,-118.43,1,15,property,0.26666666666666666,0.8532361505557784,property,0.7641,True,0.1371,0.7641,0.0988,9.9,LA,medium
34.18,-118.43,2,36,property,0.1111111111111111,1.0608569471580214,property,0.7623,True,0.1369,0.7623,0.1008,10.1,LA,medium
34.18,-118.43,3,48,property,0.08333333333333333,1.0560874906768907,property,0.7646,True,0.1372,0.7646,0.0983,9.8,LA,medium
34.18,-118.42,0,13,property,0.23076923076923078,0.9839614460010255,property,0.7647,True,0.1372,0.7647,0.0982,9.8,LA,medium
34.18,-118.42,1,35,other,0.02857142857142857,1.0319734201604107,property,0.7607,False,0.1368,0.7607,0.1025,10.3,LA,medium
34.18,-118.42,2,53,property,0.018867924528301886,1.0708863199534857,property,0.7518,True,0.1425,0.7518,0.1057,10.6,LA,medium
34.18,-118.42,3,39,property,0.20512820512820512,1.013436099670082,property,0.7646,True,0.1372,0.7646,0.0982,9.8,LA,medium
34.18,-118.41,0,21,other,0.047619047619047616,0.9403716526240743,property,0.7635,False,0.1374,0.7635,0.0992,9.9,LA,medium
34.18,-118.41,1,23,other,0.043478260869565216,0.9272771162838269,property,0.7647,False,0.1372,0.7647,0.0982,9.8,LA,medium
34.18,-118.41,2,36,property,0.027777777777777776,1.050493197496833,property,0.7645,True,0.1371,0.7645,0.0983,9.8,LA,medium
34.18,-118.41,3,36,property,0.25,0.9629999652885434,property,0.7606,True,0.1367,0.7606,0.1028,10.3,LA,medium
34.18,-118.4,0,34,property,0.23529411764705882,1.0027399543973452,property,0.7642,True,0.1371,0.7642,0.0986,9.9,LA,medium
34.18,-118.4,1,56,property,0.10714285714285714,1.085308594821531,property,0.7645,True,0.1372,0.7645,0.0983,9.8,LA,medium
34.18,-118.4,2,127,property,0.4409448818897638,0.8913852843452867,property,0.7646,True,0.1372,0.7646,0.0983,9.8,LA,medium
34.18,-118.4,3,101,property,0.21782178217821782,1.0298763828735342,property,0.7645,True,0.1371,0.7645,0.0984,9.8,LA,medium
34.18,-118.39,0,25,other,0.12,1.0683583388846372,property,0.7602,False,0.1368,0.7602,0.103,10.3,LA,medium
34.18,-118.39,1,29,property,0.06896551724137931,1.075361286166348,property,0.7571,True,0.1393,0.7571,0.1036,10.4,LA,medium
34.18,-118.39,2,50,property,0.0,1.0920192874506351,property,0.7514,True,0.1401,0.7514,0.1085,10.8,LA,medium
34.18,-118.39,3,54,property,0.2777777777777778,1.0079612746197661,property,0.7644,True,0.1372,0.7644,0.0984,9.8,LA,medium
34.18,-118.38,0,35,property,0.08571428571428572,1.0674862001343324,property,0.75,True,0.1376,0.75,0.1124,11.2,LA,medium
34.18,-118.38,1,54,property,0.12962962962962962,1.0797518328839022,property,0.7488,True,0.1463,0.7488,0.1048,10.5,LA,medium
34.18,-118.38,2,88,property,0.2159090909090909,1.0544407019709068,property,0.7595,True,0.1369,0.7595,0.1036,10.4,LA,medium
34.18,-118.38,3,88,property,0.11363636363636363,1.0333427505037445,property,0.7607,True,0.1366,0.7607,0.1027,10.3,LA,medium
34.18,-118.37,0,42,violent,0.16666666666666666,1.0676679896547863,property,0.7644,False,0.1371,0.7644,0.0985,9.8,LA,medium
34.18,-118.37,1,40,other,0.075,1.0667181876240546,property,0.7644,False,0.1371,0.7644,0.0984,9.8,LA,medium
34.18,-118.37,2,42,property,0.023809523809523808,1.0969101592798742,property,0.7458,True,0.1426,0.7458,0.1116,11.2,LA,medium
34.18,-118.37,3,56,property,0.03571428571428571,1.0813448682427138,property,0.7465,True,0.1344,0.7465,0.1191,11.9,LA,medium
34.18,-118.36,0,19,violent,0.10526315789473684,1.0132690262497301,property,0.6763,False,0.1218,0.6763,0.2019,20.2,LA,medium
34.18,-118.36,1,22,violent,0.18181818181818182,1.0670895187820832,property,0.7645,False,0.1372,0.7645,0.0983,9.8,LA,medium
34.18,-118.36,2,27,violent,0.0,1.0439522154956382,property,0.7521,False,0.1417,0.7521,0.1062,10.6,LA,medium
34.18,-118.36,3,18,property,0.2222222222222222,0.9368883075390159,property,0.6925,True,0.1251,0.6925,0.1824,18.2,LA,medium
34.19,-118.66,1,4,property,0.5,0.5623351657797391,property,0.7641,True,0.1371,0.7641,0.0987,9.9,LA,medium
34.19,-118.65,0,7,property,0.14285714285714285,0.6829081257408294,property,0.7642,True,0.1371,0.7642,0.0987,9.9,LA,medium
34.19,-118.65,1,18,property,0.1111111111111111,1.0608569471580214,property,0.7563,True,0.1396,0.7563,0.104,10.4,LA,medium
34.19,-118.65,2,28,property,0.03571428571428571,1.0813448682427138,property,0.7639,True,0.1371,0.7639,0.099,9.9,LA,medium
34.19,-118.65,3,24,other,0.08333333333333333,1.0240102202942951,property,0.7632,False,0.1375,0.7632,0.0992,9.9,LA,medium
34.19,-118.64,0,9,violent,0.0,1.0986122886681096,property,0.7645,False,0.1372,0.7645,0.0984,9.8,LA,medium
34.19,-118.64,1,9,property,0.4444444444444444,0.848685557726417,property,0.7638,True,0.1371,0.7638,0.099,9.9,LA,medium
34.19,-118.64,2,21,property,0.047619047619047616,1.091786238095127,property,0.7639,True,0.1375,0.7639,0.0986,9.9,LA,medium
34.19,-118.64,3,16,other,0.125,1.0717300941124526,property,0.7642,False,0.1371,0.7642,0.0987,9.9,LA,medium
34.19,-118.63,0,15,violent,0.0,1.0986122886681096,property,0.7642,False,0.1371,0.7642,0.0987,9.9,LA,medium
34.19,-118.63,1,56,property,0.375,0.9357870357355877,property,0.7645,True,0.1372,0.7645,0.0983,9.8,LA,medium
34.19,-118.63,2,163,property,0.6012269938650306,0.719570296824888,property,0.7644,True,0.1371,0.7644,0.0985,9.8,LA,medium
34.19,-118.63,3,134,property,0.5223880597014925,0.8104933744466758,property,0.7644,True,0.1371,0.7644,0.0985,9.8,LA,medium
34.19,-118.62,0,9,property,0.1111111111111111,1.0608569471580214,property,0.7537,True,0.1382,0.7537,0.1081,10.8,LA,medium
34.19,-118.62,1,28,violent,0.10714285714285714,1.074516223144162,property,0.7601,False,0.1368,0.7601,0.1031,10.3,LA,medium
34.19,-118.62,2,37,property,0.21621621621621623,1.0480107837767272,property,0.7642,True,0.1371,0.7642,0.0986,9.9,LA,medium
34.19,-118.62,3,23,property,0.34782608695652173,0.985984617175194,property,0.764,True,0.1371,0.764,0.0989,9.9,LA,medium
34.19,-118.61,0,22,property,0.18181818181818182,1.0208880675106418,property,0.7603,True,0.1366,0.7603,0.1031,10.3,LA,medium
34.19,-118.61,1,90,property,0.45555555555555555,0.8965755094726968,property,0.7644,True,0.1371,0.7644,0.0984,9.8,LA,medium
34.19,-118.61,2,289,property,0.3944636678200692,0.8599476928693596,property,0.7644,True,0.1371,0.7644,0.0985,9.8,LA,medium
34.19,-118.61,3,200,property,0.29,1.0070501327044141,property,0.7644,True,0.1371,0.7644,0.0985,9.8,LA,medium
34.19,-118.60000000000001,0,21,property,0.2857142857142857,1.0220830508128003,property,0.7638,True,0.1371,0.7638,0.0991,9.9,LA,medium
34.19,-118.60000000000001,1,90,property,0.5111111111111111,0.8086100532017908,property,0.7645,True,0.1372,0.7645,0.0984,9.8,LA,medium
34.19,-118.60000000000001,2,314,property,0.6878980891719745,0.6465349962510057,property,0.7645,True,0.1371,0.7645,0.0984,9.8,LA,medium
34.19,-118.60000000000001,3,215,property,0.6372093023255814,0.7118520677851692,property,0.7645,True,0.1371,0.7645,0.0984,9.8,LA,medium
34.19,-118.59,0,43,violent,0.06976744186046512,0.9977157171957991,property,0.7644,False,0.1371,0.7644,0.0985,9.9,LA,medium
34.19,-118.59,1,56,property,0.16071428571428573,1.0571467177973959,property,0.7645,True,0.1371,0.7645,0.0984,9.8,LA,medium
34.19,-118.59,2,93,property,0.22580645161290322,1.0317167755187278,property,0.7645,True,0.1371,0.7645,0.0984,9.8,LA,medium
34.19,-118.59,3,91,property,0.0989010989010989,1.0722028073651597,property,0.7641,True,0.1371,0.7641,0.0988,9.9,LA,medium
34.19,-118.58,0,20,property,0.0,1.0549201679861442,property,0.7366,True,0.1332,0.7366,0.1302,13.0,LA,medium
34.19,-118.58,1,20,other,0.15,0.9985793315873921,property,0.7426,False,0.1388,0.7426,0.1186,11.9,LA,medium
34.19,-118.58,2,38,other,0.05263157894736842,1.0958871542125534,property,0.7636,False,0.1375,0.7636,0.0989,9.9,LA,medium
34.19,-118.58,3,24,other,0.2916666666666667,1.0054668293254954,property,0.7643,False,0.1371,0.7643,0.0985,9.9,LA,medium
34.19,-118.57000000000001,0,9,other,0.2222222222222222,0.9368883075390159,property,0.7645,False,0.1372,0.7645,0.0983,9.8,LA,medium
34.19,-118.57000000000001,1,12,property,0.0,1.0281838593329258,property,0.7615,True,0.138,0.7615,0.1004,10.0,LA,medium
34.19,-118.57000000000001,2,32,property,0.09375,0.9344359631484513,property,0.7639,True,0.1373,0.7639,0.0987,9.9,LA,medium
34.19,-118.57000000000001,3,27,other,0.1111111111111111,1.0866549153502754,property,0.7646,False,0.1372,0.7646,0.0983,9.8,LA,medium
34.19,-118.56,0,22,property,0.22727272727272727,1.0376517997982746,property,0.7643,True,0.1371,0.7643,0.0985,9.9,LA,medium
34.19,-118.56,1,22,property,0.4090909090909091,0.896050224140659,property,0.7643,True,0.1371,0.7643,0.0986,9.9,LA,medium
34.19,-118.56,2,63,property,0.15873015873015872,1.071816555344035,property,0.7646,True,0.1372,0.7646,0.0983,9.8,LA,medium
34.19,-118.56,3,56,property,0.0,1.0821955300387671,property,0.7645,True,0.1371,0.7645,0.0984,9.8,LA,medium
34.19,-118.55,0,28,property,0.10714285714285714,1.074516223144162,property,0.764,True,0.1371,0.764,0.0988,9.9,LA,medium
34.19,-118.55,1,53,other,0.24528301886792453,1.0315508230957726,property,0.7407,False,0.1369,0.7407,0.1224,12.2,LA,medium
34.19,-118.55,2,69,other,0.15942028985507245,1.0689624400718925,property,0.7509,False,0.1369,0.7509,0.1122,11.2,LA,medium
34.19,-118.55,3,91,other,0.01098901098901099,1.0932901833680189,property,0.7593,False,0.1365,0.7593,0.1042,10.4,LA,medium
34.19,-118.54,0,24,violent,0.0,0.9222208985694438,property,0.756,False,0.1374,0.756,0.1066,10.7,LA,medium
34.19,-118.54,1,33,other,0.030303030303030304,1.0958536606125853,property,0.7484,False,0.1455,0.7484,0.106,10.6,LA,medium
34.19,-118.54,2,41,property,0.2682926829268293,0.9651378330654108,property,0.7439,True,0.1371,0.7439,0.119,11.9,LA,medium
34.19,-118.54,3,57,violent,0.12280701754385964,1.0522840680068852,property,0.7517,False,0.1365,0.7517,0.1118,11.2,LA,medium
34.19,-118.53,0,29,property,0.034482758620689655,1.0901154415671217,property,0.6785,True,0.1223,0.6785,0.1992,19.9,LA,medium
34.19,-118.53,1,36,property,0.027777777777777776,1.050493197496833,property,0.76,True,0.1368,0.76,0.1032,10.3,LA,medium
34.19,-118.53,2,55,property,0.01818181818181818,1.066300731350092,property,0.7478,True,0.1448,0.7478,0.1074,10.7,LA,medium
34.19,-118.53,3,63,violent,0.06349206349206349,1.0864443507906982,property,0.6786,False,0.1223,0.6786,0.199,19.9,LA,medium
34.19,-118.52,0,4,violent,0.25,1.0397207708399179,property,0.7552,False,0.1405,0.7552,0.1044,10.4,LA,medium
34.19,-118.52,1,17,property,0.058823529411764705,0.6914160986489681,property,0.7646,True,0.1372,0.7646,0.0982,9.8,LA,medium
34.19,-118.52,2,20,property,0.0,1.0549201679861442,property,0.7644,True,0.1372,0.7644,0.0984,9.8,LA,medium
34.19,-118.52,3,18,property,0.05555555555555555,1.0893096789558299,property,0.7643,True,0.1371,0.7643,0.0986,9.9,LA,medium
34.19,-118.51,0,9,property,0.1111111111111111,1.0608569471580214,property,0.7488,True,0.1467,0.7488,0.1046,10.5,LA,medium
34.19,-118.51,1,35,violent,0.08571428571428572,1.028024689540705,property,0.7485,False,0.146,0.7485,0.1055,10.5,LA,medium
34.19,-118.51,2,26,violent,0.038461538461538464,1.0880102622771117,property,0.7576,False,0.1386,0.7576,0.1037,10.4,LA,medium
34.19,-118.51,3,22,other,0.22727272727272727,0.9666748303197921,property,0.7645,False,0.1372,0.7645,0.0983,9.8,LA,medium
34.19,-118.5,0,32,property,0.03125,1.091649996728975,property,0.7642,True,0.1371,0.7642,0.0986,9.9,LA,medium
34.19,-118.5,1,32,violent,0.0,1.0821955300387673,property,0.7646,False,0.1372,0.7646,0.0982,9.8,LA,medium
34.19,-118.5,2,57,property,0.12280701754385964,1.0522840680068852,property,0.7491,True,0.1389,0.7491,0.112,11.2,LA,medium
34.19,-118.5,3,46,property,0.08695652173913043,1.061208440905252,property,0.7624,True,0.1369,0.7624,0.1007,10.1,LA,medium
34.19,-118.49000000000001,0,23,violent,0.17391304347826086,1.0465634069578553,property,0.7041,False,0.1274,0.7041,0.1685,16.8,LA,medium
34.19,-118.49000000000001,1,15,property,0.13333333333333333,0.8823109245150756,property,0.7645,True,0.1372,0.7645,0.0984,9.8,LA,medium
34.19,-118.49000000000001,2,26,property,0.11538461538461539,0.9632492517543758,property,0.7645,True,0.1372,0.7645,0.0984,9.8,LA,medium
34.19,-118.49000000000001,3,46,violent,0.0,1.096692663308951,property,0.7575,False,0.1369,0.7575,0.1056,10.6,LA,medium
34.19,-118.48,0,19,violent,0.2631578947368421,1.017164350924834,property,0.6812,False,0.1228,0.6812,0.196,19.6,LA,medium
34.19,-118.48,1,33,property,0.30303030303030304,1.0030652881647577,property,0.7644,True,0.1371,0.7644,0.0985,9.9,LA,medium
34.19,-118.48,2,65,property,0.09230769230769231,1.0807381403069534,property,0.7621,True,0.1369,0.7621,0.101,10.1,LA,medium
34.19,-118.48,3,81,property,0.12345679012345678,1.075386821758533,property,0.6789,True,0.1223,0.6789,0.1988,19.9,LA,medium
34.19,-118.47,0,42,property,0.047619047619047616,1.0466304865832217,property,0.7602,True,0.1366,0.7602,0.1031,10.3,LA,medium
34.19,-118.47,1,55,violent,0.0,1.0972730387364633,property,0.742,False,0.1367,0.742,0.1213,12.1,LA,medium
34.19,-118.47,2,56,other,0.03571428571428571,1.0973511772469036,property,0.7577,False,0.1367,0.7577,0.1055,10.6,LA,medium
34.19,-118.47,3,65,property,0.046153846153846156,1.0791827081915528,property,0.6802,True,0.1226,0.6802,0.1972,19.7,LA,medium
34.19,-118.46000000000001,0,38,property,0.13157894736842105,1.081925224005316,property,0.742,True,0.1341,0.742,0.124,12.4,LA,medium
34.19,-118.46000000000001,1,40,property,0.2,1.0296530140645737,property,0.7565,True,0.1377,0.7565,0.1057,10.6,LA,medium
34.19,-118.46000000000001,2,62,property,0.14516129032258066,1.0647663220515233,property,0.7642,True,0.1371,0.7642,0.0987,9.9,LA,medium
34.19,-118.46000000000001,3,94,property,0.1702127659574468,1.0447199250322172,property,0.6938,True,0.1252,0.6938,0.181,18.1,LA,medium
34.19,-118.45,0,40,property,0.1,1.0486537893593546,property,0.7587,True,0.1368,0.7587,0.1045,10.5,LA,medium
34.19,-118.45,1,78,property,0.0641025641025641,1.0922962108185645,property,0.6818,True,0.123,0.6818,0.1952,19.5,LA,medium
34.19,-118.45,2,107,property,0.037383177570093455,1.0821933819420835,property,0.7175,True,0.1296,0.7175,0.1529,15.3,LA,medium
34.19,-118.45,3,98,property,0.08163265306122448,1.0386642407220577,property,0.7561,True,0.1368,0.7561,0.1071,10.7,LA,medium
34.19,-118.44,0,26,property,0.0,1.0158321747121084,property,0.7265,True,0.1313,0.7265,0.1422,14.2,LA,medium
34.19,-118.44,1,65,violent,0.0,1.0983743600501328,property,0.7624,False,0.1369,0.7624,0.1007,10.1,LA,medium
34.19,-118.44,2,91,other,0.14285714285714285,1.073320325472619,property,0.7643,False,0.1371,0.7643,0.0986,9.9,LA,medium
34.19,-118.44,3,77,property,0.15584415584415584,1.0646120488320956,property,0.7641,True,0.1371,0.7641,0.0988,9.9,LA,medium
34.19,-118.43,0,18,property,0.3333333333333333,0.900908873225472,property,0.7197,True,0.1313,0.7197,0.149,14.9,LA,medium
34.19,-118.43,1,34,property,0.0,1.0756483002797306,property,0.7646,True,0.1372,0.7646,0.0983,9.8,LA,medium
34.19,-118.43,2,36,other,0.1111111111111111,1.0608569471580214,property,0.7646,False,0.1372,0.7646,0.0982,9.8,LA,medium
34.19,-118.43,3,52,property,0.23076923076923078,0.940344435236586,property,0.7645,True,0.1372,0.7645,0.0984,9.8,LA,medium
34.19,-118.42,0,32,property,0.15625,1.0752094963414274,property,0.7643,True,0.1371,0.7643,0.0985,9.9,LA,medium
34.19,-118.42,1,52,property,0.46153846153846156,0.844232430729891,property,0.7648,True,0.1372,0.7648,0.0981,9.8,LA,medium
34.19,-118.42,2,70,property,0.02857142857142857,1.054409855387384,property,0.7642,True,0.1371,0.7642,0.0987,9.9,LA,medium
34.19,-118.42,3,67,property,0.11940298507462686,1.0740780356483497,property,0.7646,True,0.1372,0.7646,0.0982,9.8,LA,medium
34.19,-118.41,0,37,property,0.13513513513513514,1.076752548142629,property,0.7647,True,0.1372,0.7647,0.0982,9.8,LA,medium
34.19,-118.41,1,35,property,0.2571428571428571,0.931443178165372,property,0.7646,True,0.1372,0.7646,0.0983,9.8,LA,medium
34.19,-118.41,2,69,property,0.13043478260869565,1.074721225116281,property,0.7645,True,0.1371,0.7645,0.0983,9.8,LA,medium
34.19,-118.41,3,77,property,0.16883116883116883,1.0561464557118478,property,0.7646,True,0.1372,0.7646,0.0982,9.8,LA,medium
34.19,-118.4,0,31,property,0.16129032258064516,0.9732309141271416,property,0.7462,True,0.1346,0.7462,0.1193,11.9,LA,medium
34.19,-118.4,1,43,property,0.20930232558139536,1.045393094307787,property,0.7577,True,0.1374,0.7577,0.1048,10.5,LA,medium
34.19,-118.4,2,95,property,0.15789473684210525,1.0730323722470998,property,0.7644,True,0.1371,0.7644,0.0985,9.9,LA,medium
34.19,-118.4,3,72,property,0.013888888888888888,1.0980334173990252,property,0.7624,True,0.1369,0.7624,0.1007,10.1,LA,medium
34.19,-118.39,0,38,property,0.0,1.097913446793334,property,0.7342,True,0.1326,0.7342,0.1333,13.3,LA,medium
34.19,-118.39,1,51,other,0.13725490196078433,1.0632635480250523,property,0.7609,False,0.1369,0.7609,0.1022,10.2,LA,medium
34.19,-118.39,2,73,property,0.0958904109589041,1.0433079050995417,property,0.7591,True,0.1367,0.7591,0.1042,10.4,LA,medium
34.19,-118.39,3,78,other,0.10256410256410256,1.0775897161616599,property,0.7637,False,0.1371,0.7637,0.0992,9.9,LA,medium
34.19,-118.38,0,22,property,0.045454545454545456,1.0965754342577216,property,0.7646,True,0.1372,0.7646,0.0982,9.8,LA,medium
34.19,-118.38,1,23,other,0.08695652173913043,1.0912436384160906,property,0.7644,False,0.1372,0.7644,0.0984,9.8,LA,medium
34.19,-118.38,2,49,property,0.20408163265306123,1.042903103340292,property,0.7566,True,0.1373,0.7566,0.1062,10.6,LA,medium
34.19,-118.38,3,64,property,0.3125,1.0025590554959805,property,0.7584,True,0.1363,0.7584,0.1053,10.5,LA,medium
34.19,-118.37,0,31,property,0.1935483870967742,1.046337357519136,property,0.6769,True,0.122,0.6769,0.2011,20.1,LA,medium
34.19,-118.37,1,61,property,0.4098360655737705,0.8901978125813683,property,0.7646,True,0.1372,0.7646,0.0983,9.8,LA,medium
34.19,-118.37,2,140,property,0.4928571428571429,0.8707751957666333,property,0.7643,True,0.1371,0.7643,0.0985,9.9,LA,medium
34.19,-118.37,3,116,property,0.4396551724137931,0.8723110316236118,property,0.764,True,0.1371,0.764,0.0988,9.9,LA,medium
34.19,-118.36,0,4,violent,0.0,0.6931472015900639,property,0.7518,False,0.142,0.7518,0.1062,10.6,LA,medium
34.19,-118.36,1,9,other,0.4444444444444444,0.8486855577264172,property,0.7488,False,0.1465,0.7488,0.1047,10.5,LA,medium
34.19,-118.36,2,16,other,0.1875,1.0239287996389363,property,0.7645,False,0.1372,0.7645,0.0984,9.8,LA,medium
34.19,-118.36,3,10,property,0.2,1.0296530140645737,property,0.7362,True,0.1337,0.7362,0.1302,13.0,LA,medium
34.2,-118.66,2,8,property,0.375,0.9002560512685369,property,0.7638,True,0.1371,0.7638,0.0991,9.9,LA,medium
34.2,-118.65,0,8,property,0.375,0.9002560512685369,property,0.752,True,0.1417,0.752,0.1064,10.6,LA,medium
34.2,-118.65,1,5,property,0.6,0.5004024447610513,property,0.7645,True,0.1372,0.7645,0.0984,9.8,LA,medium
34.2,-118.65,2,12,other,0.08333333333333333,0.9184277849930977,property,0.754,False,0.1403,0.754,0.1057,10.6,LA,medium
34.2,-118.65,3,8,other,0.125,0.9743147528693494,property,0.6779,False,0.1222,0.6779,0.1999,20.0,LA,medium
34.2,-118.64,1,7,property,0.2857142857142857,0.9556998911125343,property,0.7644,True,0.1371,0.7644,0.0984,9.8,LA,medium
34.2,-118.64,2,6,violent,0.16666666666666666,1.0114042647073518,property,0.7519,False,0.1416,0.7519,0.1064,10.6,LA,medium
34.2,-118.64,3,3,property,0.3333333333333333,0.6365141893815645,property,0.7644,True,0.1371,0.7644,0.0985,9.8,LA,medium
34.2,-118.63,0,8,property,0.125,0.9743147528693494,property,0.7488,True,0.1467,0.7488,0.1045,10.5,LA,medium
34.2,-118.63,1,12,other,0.16666666666666666,1.0114042647073518,property,0.747,False,0.1413,0.747,0.1117,11.2,LA,medium
34.2,-118.63,2,16,property,0.125,0.9743147528693494,property,0.7517,True,0.1415,0.7517,0.1068,10.7,LA,medium
34.2,-118.63,3,7,violent,0.7142857142857143,0.4101163396015584,property,0.7556,False,0.1371,0.7556,0.1074,10.7,LA,medium
34.2,-118.62,0,7,property,0.0,1.0042424730540764,property,0.7644,True,0.1372,0.7644,0.0984,9.8,LA,medium
34.2,-118.62,1,6,violent,0.0,0.6931472015900639,property,0.7468,False,0.1419,0.7468,0.1112,11.1,LA,medium
34.2,-118.62,2,13,property,0.15384615384615385,1.0579054247036734,property,0.7644,True,0.1372,0.7644,0.0984,9.8,LA,medium
34.2,-118.62,3,13,property,0.07692307692307693,1.0928305535284886,property,0.7518,True,0.1423,0.7518,0.1059,10.6,LA,medium
34.2,-118.61,0,23,violent,0.2608695652173913,0.9502094526077802,property,0.6772,False,0.122,0.6772,0.2008,20.1,LA,medium
34.2,-118.61,1,22,property,0.045454545454545456,1.0965754342577216,property,0.7645,True,0.1372,0.7645,0.0984,9.8,LA,medium
34.2,-118.61,2,50,property,0.08,1.0875656525975472,property,0.762,True,0.1369,0.762,0.1012,10.1,LA,medium
34.2,-118.61,3,52,violent,0.0,1.0971128947333808,property,0.7645,False,0.1371,0.7645,0.0983,9.8,LA,medium
34.2,-118.60000000000001,0,51,property,0.09803921568627451,1.083919880515659,property,0.7645,True,0.1371,0.7645,0.0983,9.8,LA,medium
34.2,-118.60000000000001,1,60,property,0.15,1.0770151674476027,property,0.762,True,0.1369,0.762,0.1012,10.1,LA,medium
34.2,-118.60000000000001,2,115,property,0.2,1.0588915778991195,property,0.7617,True,0.1369,0.7617,0.1014,10.1,LA,medium
34.2,-118.60000000000001,3,100,violent,0.04,1.0949238485271433,property,0.7643,False,0.1371,0.7643,0.0985,9.9,LA,medium
34.2,-118.59,0,35,violent,0.14285714285714285,1.058953778916349,property,0.6876,False,0.124,0.6876,0.1884,18.8,LA,medium
34.2,-118.59,1,45,property,0.2222222222222222,1.0466922281676303,property,0.7645,True,0.1371,0.7645,0.0983,9.8,LA,medium
34.2,-118.59,2,73,violent,0.1917808219178082,1.0609355519402859,property,0.7599,False,0.1367,0.7599,0.1033,10.3,LA,medium
34.2,-118.59,3,77,violent,0.11688311688311688,1.0837684110764807,property,0.6782,False,0.1222,0.6782,0.1996,20.0,LA,medium
34.2,-118.58,0,15,violent,0.2,0.9701157839869381,property,0.7644,False,0.1371,0.7644,0.0984,9.8,LA,medium
34.2,-118.58,1,22,other,0.13636363636363635,1.0594782926538544,property,0.7645,False,0.1372,0.7645,0.0984,9.8,LA,medium
34.2,-118.58,2,41,property,0.1951219512195122,1.0086773378609162,property,0.7645,True,0.1372,0.7645,0.0984,9.8,LA,medium
34.2,-118.58,3,50,violent,0.0,1.0778717853125312,property,0.7645,False,0.1372,0.7645,0.0984,9.8,LA,medium
34.2,-118.57000000000001,0,18,property,0.16666666666666666,1.0114042647073518,property,0.7642,True,0.1371,0.7642,0.0987,9.9,LA,medium
34.2,-118.57000000000001,1,26,property,0.19230769230769232,0.9497249735351774,property,0.7646,True,0.1372,0.7646,0.0983,9.8,LA,medium
34.2,-118.57000000000001,2,40,property,0.3,0.957785159550915,property,0.7644,True,0.1371,0.7644,0.0984,9.8,LA,medium
34.2,-118.57000000000001,3,56,property,0.017857142857142856,1.0963586028030445,property,0.7645,True,0.1371,0.7645,0.0983,9.8,LA,medium
34.2,-118.56,0,11,violent,0.0,1.0900596587107838,property,0.7645,False,0.1372,0.7645,0.0983,9.8,LA,medium
34.2,-118.56,1,26,property,0.11538461538461539,1.0411315166502328,property,0.7646,True,0.1372,0.7646,0.0982,9.8,LA,medium
34.2,-118.56,2,40,other,0.075,0.9800557110597019,property,0.7644,False,0.1371,0.7644,0.0985,9.8,LA,medium
34.2,-118.56,3,54,property,0.037037037037037035,1.0679385050380008,property,0.7612,True,0.1371,0.7612,0.1017,10.2,LA,medium
34.2,-118.55,0,23,property,0.0,1.096692663308951,property,0.6969,True,0.1266,0.6969,0.1765,17.7,LA,medium
34.2,-118.55,1,30,violent,0.0,1.0882231038287273,property,0.7644,False,0.1371,0.7644,0.0985,9.8,LA,medium
34.2,-118.55,2,39,property,0.05128205128205128,1.0906913214036156,property,0.7543,True,0.1396,0.7543,0.1061,10.6,LA,medium
34.2,-118.55,3,47,property,0.06382978723404255,1.0606768942637619,property,0.7589,True,0.1366,0.7589,0.1045,10.4,LA,medium
34.2,-118.54,0,50,property,0.08,1.073653448656075,property,0.7502,True,0.1382,0.7502,0.1116,11.2,LA,medium
34.2,-118.54,1,65,property,0.015384615384615385,1.0804394682665261,property,0.7561,True,0.1373,0.7561,0.1066,10.7,LA,medium
34.2,-118.54,2,76,other,0.06578947368421052,1.0793063148684305,property,0.7506,False,0.1374,0.7506,0.112,11.2,LA,medium
34.2,-118.54,3,76,property,0.14473684210526316,1.0764878837801644,property,0.7602,True,0.1366,0.7602,0.1031,10.3,LA,medium
34.2,-118.53,0,68,property,0.10294117647058823,1.075108589110719,property,0.7596,True,0.1367,0.7596,0.1036,10.4,LA,medium
34.2,-118.53,1,69,property,0.2028985507246377,1.0530381425463624,property,0.7584,True,0.1368,0.7584,0.1048,10.5,LA,medium
34.2,-118.53,2,121,property,0.2396694214876033,0.9920178199875163,property,0.7622,True,0.1369,0.7622,0.1009,10.1,LA,medium
34.2,-118.53,3,97,property,0.27835051546391754,1.0200786777696276,property,0.7588,True,0.1366,0.7588,0.1046,10.5,LA,medium
34.2,-118.52,0,30,other,0.13333333333333333,1.0437570363314084,property,0.7644,False,0.1371,0.7644,0.0985,9.8,LA,medium
34.2,-118.52,1,31,property,0.1935483870967742,1.000617525519099,property,0.759,True,0.1368,0.759,0.1041,10.4,LA,medium
34.2,-118.52,2,49,property,0.12244897959183673,1.033534277470788,property,0.7624,True,0.1378,0.7624,0.0998,10.0,LA,medium
34.2,-118.52,3,51,property,0.09803921568627451,1.0693464048754113,property,0.7644,True,0.1371,0.7644,0.0985,9.8,LA,medium
34.2,-118.51,0,18,property,0.5,0.8675632284814613,property,0.7544,True,0.1409,0.7544,0.1047,10.5,LA,medium
34.2,-118.51,1,28,property,0.17857142857142858,0.9414030525867061,property,0.757,True,0.1395,0.757,0.1035,10.3,LA,medium
34.2,-118.51,2,37,property,0.16216216216216217,1.030730277969247,property,0.7645,True,0.1372,0.7645,0.0984,9.8,LA,medium
34.2,-118.51,3,32,property,0.25,1.0066670009137897,property,0.7584,True,0.1366,0.7584,0.105,10.5,LA,medium
34.2,-118.5,0,20,property,0.35,0.9376369622724492,property,0.7641,True,0.1371,0.7641,0.0988,9.9,LA,medium
34.2,-118.5,1,19,property,0.42105263157894735,0.9097077103274986,property,0.7642,True,0.1371,0.7642,0.0986,9.9,LA,medium
34.2,-118.5,2,39,other,0.05128205128205128,1.0377475202610307,property,0.7645,False,0.1372,0.7645,0.0983,9.8,LA,medium
34.2,-118.5,3,34,property,0.2647058823529412,1.013916881041334,property,0.7591,True,0.1366,0.7591,0.1043,10.4,LA,medium
34.2,-118.49000000000001,0,10,property,0.4,0.610864323167295,property,0.7644,True,0.1371,0.7644,0.0984,9.8,LA,medium
34.2,-118.49000000000001,1,13,other,0.38461538461538464,0.9251290835720822,property,0.7493,False,0.1455,0.7493,0.1052,10.5,LA,medium
34.2,-118.49000000000001,2,19,property,0.2631578947368421,0.9174021803627407,property,0.7425,True,0.1399,0.7425,0.1176,11.8,LA,medium
34.2,-118.49000000000001,3,6,property,0.5,0.8675632284814613,property,0.7561,True,0.1367,0.7561,0.1072,10.7,LA,medium
34.2,-118.48,0,32,property,0.0625,1.0433534269422906,property,0.764,True,0.1371,0.764,0.0989,9.9,LA,medium
34.2,-118.48,1,55,property,0.01818181818181818,1.066300731350092,property,0.7495,True,0.1434,0.7495,0.107,10.7,LA,medium
34.2,-118.48,2,70,property,0.24285714285714285,0.983636766869693,property,0.7618,True,0.1369,0.7618,0.1014,10.1,LA,medium
34.2,-118.48,3,89,violent,0.011235955056179775,1.0701185555730524,property,0.7639,False,0.1371,0.7639,0.099,9.9,LA,medium
34.2,-118.47,0,54,other,0.018518518518518517,1.0975829522078113,property,0.7512,False,0.1382,0.7512,0.1106,11.1,LA,medium
34.2,-118.47,1,61,property,0.29508196721311475,1.0067780577482788,property,0.7565,True,0.1373,0.7565,0.1063,10.6,LA,medium
34.2,-118.47,2,94,property,0.14893617021276595,1.0756930790194503,property,0.7643,True,0.1371,0.7643,0.0985,9.9,LA,medium
34.2,-118.47,3,89,property,0.0898876404494382,1.0585594243135095,property,0.7567,True,0.1368,0.7567,0.1065,10.7,LA,medium
34.2,-118.46000000000001,0,43,property,0.23255813953488372,1.04751018095505,property,0.7623,True,0.1369,0.7623,0.1008,10.1,LA,medium
34.2,-118.46000000000001,1,50,property,0.06,1.0652527887260477,property,0.7514,True,0.1414,0.7514,0.1071,10.7,LA,medium
34.2,-118.46000000000001,2,84,property,0.05952380952380952,1.0931615620169666,property,0.7643,True,0.1371,0.7643,0.0986,9.9,LA,medium
34.2,-118.46000000000001,3,79,property,0.11392405063291139,1.0061727520028898,property,0.6976,True,0.1266,0.6976,0.1759,17.6,LA,medium
34.2,-118.45,0,74,property,0.08108108108108109,1.0848237574028836,property,0.7646,True,0.1372,0.7646,0.0983,9.8,LA,medium
34.2,-118.45,1,59,property,0.2033898305084746,1.040917993641933,property,0.7503,True,0.1362,0.7503,0.1135,11.4,LA,medium
34.2,-118.45,2,115,property,0.034782608695652174,1.097415778184561,property,0.7623,True,0.1369,0.7623,0.1008,10.1,LA,medium
34.2,-118.45,3,118,property,0.211864406779661,1.0429046285147914,property,0.76,True,0.1366,0.76,0.1034,10.3,LA,medium
34.2,-118.44,0,56,property,0.375,0.8525905413936561,property,0.7645,True,0.1372,0.7645,0.0983,9.8,LA,medium
34.2,-118.44,1,54,property,0.24074074074074073,1.0393777568655618,property,0.7646,True,0.1372,0.7646,0.0982,9.8,LA,medium
34.2,-118.44,2,74,property,0.20270270270270271,1.0109707326234525,property,0.7646,True,0.1372,0.7646,0.0983,9.8,LA,medium
34.2,-118.44,3,79,property,0.16455696202531644,1.0542080253997055,property,0.7642,True,0.1371,0.7642,0.0986,9.9,LA,medium
34.2,-118.43,0,35,property,0.22857142857142856,1.0492146546034815,property,0.7643,True,0.1371,0.7643,0.0985,9.9,LA,medium
34.2,-118.43,1,58,violent,0.06896551724137931,1.08764771526419,property,0.7646,False,0.1372,0.7646,0.0982,9.8,LA,medium
34.2,-118.43,2,86,property,0.06976744186046512,1.0811880497928081,property,0.7646,True,0.1372,0.7646,0.0982,9.8,LA,medium
34.2,-118.43,3,68,property,0.27941176470588236,0.9992871749265884,property,0.7646,True,0.1372,0.7646,0.0982,9.8,LA,medium
34.2,-118.42,0,37,other,0.02702702702702703,1.088836961521142,property,0.7047,False,0.1273,0.7047,0.168,16.8,LA,medium
34.2,-118.42,1,30,other,0.03333333333333333,1.0952733774372052,property,0.7553,False,0.1376,0.7553,0.1071,10.7,LA,medium
34.2,-118.42,2,33,other,0.06060606060606061,1.0875314752904792,property,0.7598,False,0.1369,0.7598,0.1032,10.3,LA,medium
34.2,-118.42,3,54,property,0.1111111111111111,1.0866549153502754,property,0.7643,True,0.1371,0.7643,0.0986,9.9,LA,medium
34.2,-118.41,0,33,property,0.09090909090909091,1.073502017562408,property,0.7645,True,0.1372,0.7645,0.0983,9.8,LA,medium
34.2,-118.41,1,37,property,0.10810810810810811,1.0398276548241476,property,0.7647,True,0.1372,0.7647,0.0981,9.8,LA,medium
34.2,-118.41,2,47,property,0.2127659574468085,1.0450932056642608,property,0.7646,True,0.1372,0.7646,0.0983,9.8,LA,medium
34.2,-118.41,3,48,property,0.1875,1.0495339779544297,property,0.7645,True,0.1371,0.7645,0.0983,9.8,LA,medium
34.2,-118.4,0,15,other,0.2,0.9701157839869381,property,0.7644,False,0.1371,0.7644,0.0984,9.8,LA,medium
34.2,-118.4,1,27,property,0.3333333333333333,0.9429491606819862,property,0.7646,True,0.1372,0.7646,0.0983,9.8,LA,medium
34.2,-118.4,2,55,other,0.03636363636363636,1.089150188634518,property,0.7567,False,0.1364,0.7567,0.107,10.7,LA,medium
34.2,-118.4,3,33,violent,0.030303030303030304,1.0783635075908844,property,0.7388,False,0.1333,0.7388,0.1279,12.8,LA,medium
34.2,-118.39,0,32,property,0.03125,1.0916499967289748,property,0.7451,True,0.1405,0.7451,0.1144,11.4,LA,medium
34.2,-118.39,1,43,property,0.09302325581395349,1.0556160501884113,property,0.7645,True,0.1371,0.7645,0.0984,9.8,LA,medium
34.2,-118.39,2,52,property,0.1346153846153846,1.0509597420797265,property,0.7646,True,0.1372,0.7646,0.0982,9.8,LA,medium
34.2,-118.39,3,65,property,0.1076923076923077,1.0728777770812665,property,0.7463,True,0.1345,0.7463,0.1193,11.9,LA,medium
34.2,-118.38,0,18,property,0.0,1.0688206728265008,property,0.7643,True,0.1371,0.7643,0.0986,9.9,LA,medium
34.2,-118.38,1,54,property,0.2222222222222222,0.9368883075390159,property,0.7604,True,0.137,0.7604,0.1026,10.3,LA,medium
34.2,-118.38,2,80,property,0.225,0.981746879749079,property,0.7647,True,0.1372,0.7647,0.0982,9.8,LA,medium
34.2,-118.38,3,28,property,0.03571428571428571,1.037814604446326,property,0.7642,True,0.1371,0.7642,0.0986,9.9,LA,medium
34.2,-118.37,0,22,property,0.13636363636363635,0.9861234897117208,property,0.7644,True,0.1371,0.7644,0.0985,9.8,LA,medium
34.2,-118.37,1,54,property,0.5370370370370371,0.8107494852862034,property,0.7644,True,0.1371,0.7644,0.0985,9.8,LA,medium
34.2,-118.37,2,109,property,0.5688073394495413,0.7940500743928335,property,0.7598,True,0.1369,0.7598,0.1034,10.3,LA,medium
34.2,-118.37,3,80,property,0.4875,0.8730689386754309,property,0.7642,True,0.1371,0.7642,0.0987,9.9,LA,medium
34.2,-118.36,1,4,violent,0.0,0.6931472015900639,property,0.7639,False,0.1371,0.7639,0.099,9.9,LA,medium
34.2,-118.36,2,4,other,0.5,0.5623351657797391,property,0.6895,False,0.1244,0.6895,0.1861,18.6,LA,medium
34.21,-118.65,0,7,property,0.2857142857142857,0.9556998911125343,property,0.7487,True,0.1467,0.7487,0.1046,10.5,LA,medium
34.21,-118.65,1,9,violent,0.1111111111111111,1.0608569471580214,property,0.7585,False,0.1368,0.7585,0.1047,10.5,LA,medium
34.21,-118.65,2,13,other,0.23076923076923078,0.9839614460010255,property,0.7539,False,0.1371,0.7539,0.109,10.9,LA,medium
34.21,-118.65,3,7,property,0.42857142857142855,0.5982696097102536,property,0.7643,True,0.1371,0.7643,0.0986,9.9,LA,medium
34.21,-118.64,1,3,other,0.3333333333333333,0.6365141893815645,property,0.7543,False,0.1413,0.7543,0.1045,10.4,LA,medium
34.21,-118.64,2,10,violent,0.2,1.0296530140645737,property,0.7645,False,0.1372,0.7645,0.0984,9.8,LA,medium
34.21,-118.64,3,5,property,0.0,1.0549201679861442,property,0.7519,True,0.1411,0.7519,0.1071,10.7,LA,medium
34.21,-118.63,0,4,property,0.5,0.562335165779739,property,0.7582,True,0.1369,0.7582,0.1049,10.5,LA,medium
34.21,-118.63,1,5,property,0.6,0.5004024447610513,property,0.7492,True,0.1462,0.7492,0.1045,10.5,LA,medium
34.21,-118.63,2,13,violent,0.07692307692307693,1.0928305535284886,property,0.7645,False,0.1372,0.7645,0.0983,9.8,LA,medium
34.21,-118.63,3,7,property,0.2857142857142857,0.9556998911125343,property,0.7521,True,0.1401,0.7521,0.1078,10.8,LA,medium
34.21,-118.62,0,10,property,0.4,0.610864323167295,property,0.7488,True,0.1445,0.7488,0.1068,10.7,LA,medium
34.21,-118.62,1,18,property,0.3888888888888889,0.9338238517147219,property,0.7645,True,0.1372,0.7645,0.0983,9.8,LA,medium
34.21,-118.62,2,21,property,0.09523809523809523,0.8468143807325634,property,0.7593,True,0.1368,0.7593,0.1039,10.4,LA,medium
34.21,-118.62,3,10,property,0.0,1.0549201679861442,property,0.6817,True,0.123,0.6817,0.1954,19.5,LA,medium
34.21,-118.61,0,13,other,0.38461538461538464,0.9251290835720822,property,0.6793,False,0.1225,0.6793,0.1982,19.8,LA,medium
34.21,-118.61,1,26,property,0.3076923076923077,1.0100997593541636,property,0.7645,True,0.1372,0.7645,0.0983,9.8,LA,medium
34.21,-118.61,2,43,property,0.2558139534883721,1.0037401366873966,property,0.7581,True,0.1392,0.7581,0.1027,10.3,LA,medium
34.21,-118.61,3,31,property,0.12903225806451613,1.0131875083727033,property,0.7641,True,0.1371,0.7641,0.0987,9.9,LA,medium
34.21,-118.60000000000001,0,24,property,0.041666666666666664,1.0593845933422399,property,0.7645,True,0.1372,0.7645,0.0983,9.8,LA,medium
34.21,-118.60000000000001,1,31,other,0.06451612903225806,1.0914145617941,property,0.7472,False,0.1428,0.7472,0.11,11.0,LA,medium
34.21,-118.60000000000001,2,65,property,0.1076923076923077,1.0574439520786476,property,0.753,True,0.1398,0.753,0.1072,10.7,LA,medium
34.21,-118.60000000000001,3,38,violent,0.10526315789473684,1.054836137900219,property,0.7603,False,0.1367,0.7603,0.1031,10.3,LA,medium
34.21,-118.59,0,16,violent,0.125,1.0717300941124526,property,0.6808,False,0.1227,0.6808,0.1965,19.6,LA,medium
34.21,-118.59,1,17,property,0.17647058823529413,1.0551016181686423,property,0.7646,True,0.1372,0.7646,0.0982,9.8,LA,medium
34.21,-118.59,2,24,property,0.0,1.0281838593329258,property,0.7643,True,0.1371,0.7643,0.0986,9.9,LA,medium
34.21,-118.59,3,23,other,0.043478260869565216,1.0334920606923674,property,0.7603,False,0.1367,0.7603,0.1031,10.3,LA,medium
34.21,-118.58,0,10,property,0.1,1.0888999753452238,property,0.7411,True,0.1353,0.7411,0.1236,12.4,LA,medium
34.21,-118.58,1,31,property,0.12903225806451613,1.0131875083727033,property,0.7057,True,0.1276,0.7057,0.1668,16.7,LA,medium
34.21,-118.58,2,50,property,0.04,1.0768186672148103,property,0.762,True,0.1369,0.762,0.1011,10.1,LA,medium
34.21,-118.58,3,60,property,0.05,1.080527626604172,property,0.6946,True,0.1254,0.6946,0.18,18.0,LA,medium
34.21,-118.57000000000001,0,22,other,0.22727272727272727,1.0376517997982746,property,0.7602,False,0.1368,0.7602,0.1031,10.3,LA,medium
34.21,-118.57000000000001,1,32,other,0.0625,0.9810398994243299,property,0.76,False,0.1368,0.76,0.1033,10.3,LA,medium
34.21,-118.57000000000001,2,38,property,0.23684210526315788,1.0390279299861542,property,0.7646,True,0.1372,0.7646,0.0983,9.8,LA,medium
34.21,-118.57000000000001,3,45,violent,0.0,1.0798602297993547,property,0.7172,False,0.1298,0.7172,0.153,15.3,LA,medium
34.21,-118.56,0,28,property,0.07142857142857142,1.060944240790747,property,0.7633,True,0.1374,0.7633,0.0993,9.9,LA,medium
34.21,-118.56,1,6,other,0.16666666666666666,1.0114042647073518,property,0.7643,False,0.1371,0.7643,0.0985,9.9,LA,medium
34.21,-118.56,2,32,other,0.1875,1.0585075732372948,property,0.7576,False,0.1368,0.7576,0.1055,10.6,LA,medium
34.21,-118.56,3,29,property,0.10344827586206896,1.0835222669892097,property,0.7495,True,0.1455,0.7495,0.105,10.5,LA,medium
34.21,-118.55,0,20,property,0.15,0.9985793315873921,property,0.7646,True,0.1372,0.7646,0.0983,9.8,LA,medium
34.21,-118.55,1,19,property,0.05263157894736842,1.0958871542125534,property,0.7566,True,0.1367,0.7566,0.1067,10.7,LA,medium
34.21,-118.55,2,21,other,0.19047619047619047,0.9829007277151565,property,0.759,False,0.1368,0.759,0.1042,10.4,LA,medium
34.21,-118.55,3,42,violent,0.09523809523809523,1.0870065636783288,property,0.679,False,0.1224,0.679,0.1986,19.9,LA,medium
34.21,-118.54,0,30,other,0.03333333333333333,1.027517014774606,property,0.7562,False,0.137,0.7562,0.1068,10.7,LA,medium
34.21,-118.54,1,28,violent,0.03571428571428571,1.0973511772469036,property,0.7496,False,0.1451,0.7496,0.1053,10.5,LA,medium
34.21,-118.54,2,65,property,0.1076923076923077,1.083172923813673,property,0.7641,True,0.1371,0.7641,0.0987,9.9,LA,medium
34.21,-118.54,3,85,violent,0.21176470588235294,1.0265556394846238,property,0.7468,False,0.1347,0.7468,0.1184,11.8,LA,medium
34.21,-118.53,0,23,violent,0.21739130434782608,1.0538437102109437,property,0.7551,False,0.136,0.7551,0.109,10.9,LA,medium
34.21,-118.53,1,15,property,0.0,1.0549201679861442,property,0.7645,True,0.1372,0.7645,0.0984,9.8,LA,medium
34.21,-118.53,2,33,property,0.24242424242424243,1.0249615284856062,property,0.7645,True,0.1372,0.7645,0.0984,9.8,LA,medium
34.21,-118.53,3,43,property,0.27906976744186046,1.010776018875458,property,0.7584,True,0.1366,0.7584,0.105,10.5,LA,medium
34.21,-118.52,0,17,property,0.47058823529411764,0.8938885362449964,property,0.7643,True,0.1371,0.7643,0.0985,9.9,LA,medium
34.21,-118.52,1,22,property,0.4090909090909091,0.896050224140659,property,0.7646,True,0.1372,0.7646,0.0983,9.8,LA,medium
34.21,-118.52,2,24,property,0.125,0.9743147528693494,property,0.7644,True,0.1371,0.7644,0.0984,9.8,LA,medium
34.21,-118.52,3,35,property,0.2,1.0080881626813745,property,0.7592,True,0.1366,0.7592,0.1042,10.4,LA,medium
34.21,-118.51,0,19,property,0.21052631578947367,1.0565758044102838,property,0.759,True,0.1368,0.759,0.1042,10.4,LA,medium
34.21,-118.51,1,15,property,0.3333333333333333,0.9276173343271816,property,0.7643,True,0.1371,0.7643,0.0986,9.9,LA,medium
34.21,-118.51,2,28,property,0.2857142857142857,1.0110373360577514,property,0.7645,True,0.1372,0.7645,0.0983,9.8,LA,medium
34.21,-118.51,3,39,other,0.1794871794871795,1.037952601641004,property,0.7636,False,0.1375,0.7636,0.0989,9.9,LA,medium
34.21,-118.5,0,11,property,0.2727272727272727,0.6554817949691769,property,0.7642,True,0.1371,0.7642,0.0987,9.9,LA,medium
34.21,-118.5,1,12,violent,0.0,1.0281838593329258,property,0.7574,False,0.1387,0.7574,0.1039,10.4,LA,medium
34.21,-118.5,2,19,property,0.05263157894736842,1.0601189359398382,property,0.7645,True,0.1372,0.7645,0.0984,9.8,LA,medium
34.21,-118.5,3,17,property,0.23529411764705882,1.0027399543973452,property,0.6838,True,0.1233,0.6838,0.1929,19.3,LA,medium
34.21,-118.49000000000001,0,13,other,0.07692307692307693,1.0123308391031733,property,0.7642,False,0.1371,0.7642,0.0986,9.9,LA,medium
34.21,-118.49000000000001,1,19,other,0.42105263157894735,0.9097077103274986,property,0.6799,False,0.1226,0.6799,0.1974,19.7,LA,medium
34.21,-118.49000000000001,2,18,other,0.1111111111111111,0.9580002800887726,property,0.7509,False,0.1395,0.7509,0.1096,11.0,LA,medium
34.21,-118.49000000000001,3,18,property,0.3333333333333333,0.9950269901795212,property,0.6842,True,0.1239,0.6842,0.1919,19.2,LA,medium
34.21,-118.48,0,33,other,0.12121212121212122,1.0535084081118615,property,0.7646,False,0.1372,0.7646,0.0983,9.8,LA,medium
34.21,-118.48,1,27,other,0.07407407407407407,0.9618729210492778,property,0.7603,False,0.1368,0.7603,0.1029,10.3,LA,medium
34.21,-118.48,2,42,other,0.11904761904761904,1.077005778047344,property,0.7641,False,0.1371,0.7641,0.0987,9.9,LA,medium
34.21,-118.48,3,35,property,0.34285714285714286,0.9790180944063938,property,0.7644,True,0.1371,0.7644,0.0985,9.8,LA,medium
34.21,-118.47,0,28,property,0.07142857142857142,1.0897973126663918,property,0.7646,True,0.1372,0.7646,0.0982,9.8,LA,medium
34.21,-118.47,1,36,property,0.25,1.0115310890813873,property,0.7491,True,0.146,0.7491,0.1049,10.5,LA,medium
34.21,-118.47,2,62,property,0.4838709677419355,0.8745673904386535,property,0.7643,True,0.1371,0.7643,0.0985,9.9,LA,medium
34.21,-118.47,3,51,property,0.13725490196078433,1.040379167876349,property,0.7646,True,0.1372,0.7646,0.0983,9.8,LA,medium
34.21,-118.46000000000001,0,35,property,0.05714285714285714,1.002336297700253,property,0.7646,True,0.1372,0.7646,0.0982,9.8,LA,medium
34.21,-118.46000000000001,1,70,property,0.4714285714285714,0.8530843693206112,property,0.7646,True,0.1372,0.7646,0.0982,9.8,LA,medium
34.21,-118.46000000000001,2,128,property,0.65625,0.6747074674188231,property,0.7646,True,0.1372,0.7646,0.0983,9.8,LA,medium
34.21,-118.46000000000001,3,88,property,0.5,0.8620838051420221,property,0.7619,True,0.1369,0.7619,0.1012,10.1,LA,medium
34.21,-118.45,0,20,property,0.45,0.8864644756797975,property,0.7645,True,0.1372,0.7645,0.0984,9.8,LA,medium
34.21,-118.45,1,27,property,0.37037037037037035,0.956608498101539,property,0.7644,True,0.1371,0.7644,0.0985,9.8,LA,medium
34.21,-118.45,2,34,property,0.2647058823529412,1.013916881041334,property,0.7646,True,0.1372,0.7646,0.0982,9.8,LA,medium
34.21,-118.45,3,32,property,0.15625,1.0511116843665766,property,0.7646,True,0.1372,0.7646,0.0982,9.8,LA,medium
34.21,-118.44,0,25,property,0.52,0.7604688022513466,property,0.7645,True,0.1372,0.7645,0.0983,9.8,LA,medium
34.21,-118.44,1,18,property,0.3888888888888889,0.7867012379169144,property,0.7645,True,0.1372,0.7645,0.0984,9.8,LA,medium
34.21,-118.44,2,41,property,0.0975609756097561,1.0611692507830748,property,0.7645,True,0.1372,0.7645,0.0984,9.8,LA,medium
34.21,-118.44,3,34,violent,0.058823529411764705,1.073383620336505,property,0.7623,False,0.1369,0.7623,0.1008,10.1,LA,medium
34.21,-118.43,0,34,violent,0.058823529411764705,1.0926240370360876,property,0.7647,False,0.1372,0.7647,0.0982,9.8,LA,medium
34.21,-118.43,1,34,property,0.029411764705882353,1.0082797836362416,property,0.7646,True,0.1372,0.7646,0.0982,9.8,LA,medium
34.21,-118.43,2,35,property,0.11428571428571428,0.9966006884000951,property,0.764,True,0.1371,0.764,0.0989,9.9,LA,medium
34.21,-118.43,3,57,property,0.3333333333333333,0.989248279517932,property,0.7647,True,0.1372,0.7647,0.0982,9.8,LA,medium
34.21,-118.42,0,17,property,0.17647058823529413,0.9560443809671457,property,0.7645,True,0.1372,0.7645,0.0983,9.8,LA,medium
34.21,-118.42,1,17,other,0.058823529411764705,1.073383620336505,property,0.7645,False,0.1372,0.7645,0.0983,9.8,LA,medium
34.21,-118.42,2,43,property,0.09302325581395349,0.9670887760815146,property,0.7647,True,0.1372,0.7647,0.0982,9.8,LA,medium
34.21,-118.42,3,33,property,0.42424242424242425,0.9024611433528568,property,0.764,True,0.1371,0.764,0.0988,9.9,LA,medium
34.21,-118.41,0,15,other,0.5333333333333333,0.7298712099831165,property,0.7643,False,0.1371,0.7643,0.0986,9.9,LA,medium
34.21,-118.41,1,18,property,0.3333333333333333,0.9950269901795212,property,0.7645,True,0.1372,0.7645,0.0983,9.8,LA,medium
34.21,-118.41,2,29,property,0.3448275862068966,0.9592548832791166,property,0.7646,True,0.1372,0.7646,0.0983,9.8,LA,medium
34.21,-118.41,3,17,property,0.23529411764705882,0.8463658296262874,property,0.7642,True,0.1371,0.7642,0.0986,9.9,LA,medium
34.21,-118.4,0,25,property,0.08,1.0875656525975472,property,0.7647,True,0.1372,0.7647,0.0982,9.8,LA,medium
34.21,-118.4,1,17,property,0.058823529411764705,0.9718487712358765,property,0.7643,True,0.1371,0.7643,0.0986,9.9,LA,medium
34.21,-118.4,2,36,property,0.05555555555555555,1.066834855206893,property,0.764,True,0.1371,0.764,0.0989,9.9,LA,medium
34.21,-118.4,3,44,property,0.045454545454545456,1.0965754342577216,property,0.7646,True,0.1372,0.7646,0.0982,9.8,LA,medium
34.21,-118.39,0,17,property,0.11764705882352941,0.868719682914265,property,0.7461,True,0.1344,0.7461,0.1195,12.0,LA,medium
34.21,-118.39,1,37,other,0.05405405405405406,1.0935522258103947,property,0.7605,False,0.1368,0.7605,0.1027,10.3,LA,medium
34.21,-118.39,2,54,property,0.14814814814814814,1.054624745302854,property,0.7405,True,0.1372,0.7405,0.1223,12.2,LA,medium
34.21,-118.39,3,63,violent,0.12698412698412698,1.0663549680975855,property,0.6809,False,0.1227,0.6809,0.1964,19.6,LA,medium
34.21,-118.38,0,15,property,0.06666666666666667,0.9908353864438492,property,0.7485,True,0.1461,0.7485,0.1054,10.5,LA,medium
34.21,-118.38,1,16,property,0.3125,0.9840865030829147,property,0.7643,True,0.1371,0.7643,0.0985,9.9,LA,medium
34.21,-118.38,2,21,other,0.047619047619047616,1.0466304865832219,property,0.7492,False,0.1458,0.7492,0.1049,10.5,LA,medium
34.21,-118.38,3,24,other,0.16666666666666666,1.0114042647073518,property,0.7646,False,0.1372,0.7646,0.0982,9.8,LA,medium
34.21,-118.37,0,28,other,0.10714285714285714,1.074516223144162,property,0.7576,False,0.1368,0.7576,0.1056,10.6,LA,medium
34.21,-118.37,1,28,property,0.07142857142857142,1.060944240790747,property,0.7537,True,0.1387,0.7537,0.1076,10.8,LA,medium
34.21,-118.37,2,52,property,0.019230769230769232,1.0937093866039949,property,0.7508,True,0.1377,0.7508,0.1115,11.1,LA,medium
34.21,-118.37,3,43,violent,0.046511627906976744,1.0830087699663322,property,0.7043,False,0.1273,0.7043,0.1684,16.8,LA,medium
34.21,-118.36,0,8,violent,0.0,1.0821955300387673,property,0.7645,False,0.1372,0.7645,0.0984,9.8,LA,medium
34.21,-118.36,1,17,property,0.0,1.0950778621205006,property,0.7647,True,0.1372,0.7647,0.0982,9.8,LA,medium
34.21,-118.36,2,11,other,0.09090909090909091,1.0361987848192837,property,0.7645,False,0.1372,0.7645,0.0983,9.8,LA,medium
34.21,-118.36,3,16,property,0.0,1.0821955300387671,property,0.749,True,0.1465,0.749,0.1045,10.4,LA,medium
34.21,-118.35000000000001,0,10,property,0.8,0.3250829947896311,property,0.7514,True,0.1425,0.7514,0.106,10.6,LA,medium
34.21,-118.35000000000001,1,14,property,0.5,0.7589367727620596,property,0.7645,True,0.1372,0.7645,0.0984,9.8,LA,medium
34.21,-118.35000000000001,2,17,property,0.29411764705882354,1.017602986115916,property,0.7645,True,0.1372,0.7645,0.0983,9.8,LA,medium
34.21,-118.35000000000001,3,28,property,0.25,0.9999375490272633,property,0.7646,True,0.1372,0.7646,0.0983,9.8,LA,medium
34.21,-118.34,1,4,property,0.25,1.0397207708399179,property,0.7485,True,0.1464,0.7485,0.1051,10.5,LA,medium
34.21,-118.34,2,7,other,0.5714285714285714,0.796311640173813,property,0.7644,False,0.1371,0.7644,0.0985,9.8,LA,medium
34.21,-118.34,3,4,property,0.0,0.6931472015900639,property,0.76,True,0.1366,0.76,0.1034,10.3,LA,medium
34.22,-118.65,1,3,violent,0.3333333333333333,0.6365141893815645,property,0.7643,False,0.1371,0.7643,0.0985,9.9,LA,medium
34.22,-118.65,2,3,other,0.3333333333333333,0.6365141893815645,property,0.7544,False,0.1403,0.7544,0.1053,10.5,LA,medium
34.22,-118.65,3,7,other,0.14285714285714285,1.0789922078775833,property,0.7189,False,0.133,0.7189,0.1482,14.8,LA,medium
34.22,-118.64,1,7,property,0.42857142857142855,0.5982696097102536,property,0.7519,True,0.1417,0.7519,0.1064,10.6,LA,medium
34.22,-118.64,2,8,property,0.5,0.5623351657797391,property,0.7491,True,0.1462,0.7491,0.1047,10.5,LA,medium
34.22,-118.64,3,7,property,1.0,4.3446531758480495e-08,property,0.7644,True,0.1371,0.7644,0.0985,9.8,LA,medium
34.22,-118.63,0,4,property,0.25,1.0397207708399179,property,0.7643,True,0.1371,0.7643,0.0985,9.9,LA,medium
34.22,-118.63,1,5,property,0.6,0.5004024447610512,property,0.7584,True,0.1394,0.7584,0.1023,10.2,LA,medium
34.22,-118.63,2,9,other,0.3333333333333333,0.9950269901795212,property,0.7561,False,0.1401,0.7561,0.1039,10.4,LA,medium
34.22,-118.63,3,11,violent,0.0,0.9347698978582794,property,0.7644,False,0.1372,0.7644,0.0984,9.8,LA,medium
34.22,-118.62,0,13,violent,0.0,1.0733942812811266,property,0.7515,False,0.1422,0.7515,0.1064,10.6,LA,medium
34.22,-118.62,1,9,property,0.3333333333333333,0.9950269901795212,property,0.7494,True,0.1459,0.7494,0.1047,10.5,LA,medium
34.22,-118.62,2,9,other,0.4444444444444444,0.8486855577264172,property,0.7645,False,0.1372,0.7645,0.0984,9.8,LA,medium
34.22,-118.62,3,11,violent,0.0,1.0900596587107838,property,0.7484,False,0.1455,0.7484,0.1061,10.6,LA,medium
34.22,-118.61,0,13,violent,0.23076923076923078,0.9839614460010255,property,0.7491,False,0.1464,0.7491,0.1045,10.4,LA,medium
34.22,-118.61,1,14,property,0.5,0.7589367727620595,property,0.7516,True,0.1413,0.7516,0.107,10.7,LA,medium
34.22,-118.61,2,19,violent,0.10526315789473684,1.0795295733255186,property,0.7643,False,0.1371,0.7643,0.0985,9.9,LA,medium
34.22,-118.61,3,18,property,0.1111111111111111,1.0608569471580214,property,0.6928,True,0.1252,0.6928,0.182,18.2,LA,medium
34.22,-118.60000000000001,0,38,property,0.02631578947368421,1.093691626505447,property,0.6791,True,0.1224,0.6791,0.1986,19.9,LA,medium
34.22,-118.60000000000001,1,49,other,0.02040816326530612,1.0797812768096198,property,0.709,False,0.1292,0.709,0.1618,16.2,LA,medium
34.22,-118.60000000000001,2,83,other,0.04819277108433735,1.0709307295920616,property,0.7623,False,0.1369,0.7623,0.1008,10.1,LA,medium
34.22,-118.60000000000001,3,78,property,0.07692307692307693,1.0806997965712635,property,0.6838,True,0.1233,0.6838,0.1929,19.3,LA,medium
34.22,-118.59,0,17,violent,0.058823529411764705,1.073383620336505,property,0.6989,False,0.1262,0.6989,0.1749,17.5,LA,medium
34.22,-118.59,1,33,property,0.15151515151515152,0.9653353162879579,property,0.7643,True,0.1371,0.7643,0.0985,9.9,LA,medium
34.22,-118.59,2,62,property,0.06451612903225806,1.0914145617941,property,0.7642,True,0.1371,0.7642,0.0987,9.9,LA,medium
34.22,-118.59,3,56,violent,0.23214285714285715,1.0183901438382505,property,0.6909,False,0.1248,0.6909,0.1843,18.4,LA,medium
34.22,-118.58,0,14,violent,0.0,1.0933747175566466,property,0.7527,False,0.1411,0.7527,0.1062,10.6,LA,medium
34.22,-118.58,1,18,property,0.16666666666666666,1.0114042647073518,property,0.7573,True,0.1395,0.7573,0.1032,10.3,LA,medium
34.22,-118.58,2,55,property,0.12727272727272726,1.0730655235611983,property,0.7645,True,0.1372,0.7645,0.0983,9.8,LA,medium
34.22,-118.58,3,27,property,0.1111111111111111,1.0608569471580214,property,0.7552,True,0.1371,0.7552,0.1078,10.8,LA,medium
34.22,-118.57000000000001,0,24,property,0.125,0.9743147528693494,property,0.7644,True,0.1371,0.7644,0.0984,9.8,LA,medium
34.22,-118.57000000000001,1,26,other,0.11538461538461539,1.0411315166502328,property,0.7644,False,0.1371,0.7644,0.0985,9.8,LA,medium
34.22,-118.57000000000001,2,42,other,0.11904761904761904,1.077005778047344,property,0.7645,False,0.1372,0.7645,0.0984,9.8,LA,medium
34.22,-118.57000000000001,3,42,violent,0.14285714285714285,1.0353605606849843,property,0.7193,False,0.1302,0.7193,0.1505,15.0,LA,medium
34.22,-118.56,0,12,violent,0.3333333333333333,0.9596147939120492,property,0.7643,False,0.1371,0.7643,0.0985,9.9,LA,medium
34.22,-118.56,1,15,property,0.6,0.7647544195674196,property,0.7645,True,0.1372,0.7645,0.0983,9.8,LA,medium
34.22,-118.56,2,26,property,0.23076923076923078,1.0382400185693472,property,0.7644,True,0.1371,0.7644,0.0985,9.8,LA,medium
34.22,-118.56,3,29,property,0.06896551724137931,1.075361286166348,property,0.762,True,0.1369,0.762,0.1011,10.1,LA,medium
34.22,-118.55,0,12,other,0.25,0.887694275799104,property,0.7489,False,0.1464,0.7489,0.1047,10.5,LA,medium
34.22,-118.55,1,13,other,0.07692307692307693,1.0123308391031733,property,0.7524,False,0.1416,0.7524,0.106,10.6,LA,medium
34.22,-118.55,2,29,violent,0.2413793103448276,1.0222323070437096,property,0.7484,False,0.1461,0.7484,0.1055,10.5,LA,medium
34.22,-118.55,3,30,property,0.2,1.0296530140645737,property,0.7642,True,0.1371,0.7642,0.0987,9.9,LA,medium
34.22,-118.54,0,18,property,0.2777777777777778,0.9809896824453153,property,0.7641,True,0.1371,0.7641,0.0988,9.9,LA,medium
34.22,-118.54,1,31,other,0.0967741935483871,1.078963820279368,property,0.7646,False,0.1372,0.7646,0.0983,9.8,LA,medium
34.22,-118.54,2,45,violent,0.08888888888888889,1.074619342626373,property,0.7646,False,0.1372,0.7646,0.0982,9.8,LA,medium
34.22,-118.54,3,47,violent,0.0,1.0487922314047244,property,0.7646,False,0.1372,0.7646,0.0983,9.8,LA,medium
34.22,-118.53,0,18,violent,0.2777777777777778,0.8277381569989198,property,0.7644,False,0.1371,0.7644,0.0984,9.8,LA,medium
34.22,-118.53,1,28,property,0.03571428571428571,1.0973511772469036,property,0.7646,True,0.1372,0.7646,0.0983,9.8,LA,medium
34.22,-118.53,2,47,property,0.2127659574468085,1.0204642881145205,property,0.7584,True,0.1369,0.7584,0.1047,10.5,LA,medium
34.22,-118.53,3,25,violent,0.0,1.0920192874506351,property,0.7603,False,0.1367,0.7603,0.1031,10.3,LA,medium
34.22,-118.52,0,25,property,0.56,0.7841675867636065,property,0.7643,True,0.1371,0.7643,0.0985,9.9,LA,medium
34.22,-118.52,1,24,property,0.2916666666666667,1.0054668293254954,property,0.7641,True,0.1371,0.7641,0.0987,9.9,LA,medium
34.22,-118.52,2,39,property,0.07692307692307693,1.0806997965712637,property,0.7616,True,0.1369,0.7616,0.1015,10.1,LA,medium
34.22,-118.52,3,49,property,0.12244897959183673,1.0603672056514117,property,0.7643,True,0.1371,0.7643,0.0986,9.9,LA,medium
34.22,-118.51,0,7,other,0.2857142857142857,0.9556998911125343,property,0.7614,False,0.1379,0.7614,0.1007,10.1,LA,medium
34.22,-118.51,1,19,property,0.10526315789473684,1.0795295733255186,property,0.7514,True,0.1428,0.7514,0.1058,10.6,LA,medium
34.22,-118.51,2,21,property,0.2857142857142857,0.9556998911125343,property,0.749,True,0.1463,0.749,0.1048,10.5,LA,medium
34.22,-118.51,3,23,other,0.08695652173913043,1.0912436384160906,property,0.7637,False,0.1373,0.7637,0.099,9.9,LA,medium
34.22,-118.5,0,6,property,0.5,0.8675632284814613,property,0.7487,True,0.1466,0.7487,0.1047,10.5,LA,medium
34.22,-118.5,1,31,property,0.3548387096774194,0.8186336229294789,property,0.758,True,0.1394,0.758,0.1026,10.3,LA,medium
34.22,-118.5,2,51,property,0.21568627450980393,0.9909521568146773,property,0.7646,True,0.1372,0.7646,0.0983,9.8,LA,medium
34.22,-118.5,3,21,property,0.047619047619047616,1.0466304865832217,property,0.758,True,0.1391,0.758,0.1029,10.3,LA,medium
34.22,-118.49000000000001,0,14,other,0.14285714285714285,0.992281974852574,property,0.7487,False,0.1467,0.7487,0.1046,10.5,LA,medium
34.22,-118.49000000000001,1,11,property,0.09090909090909091,0.6890092595109152,property,0.7533,True,0.141,0.7533,0.1056,10.6,LA,medium
34.22,-118.49000000000001,2,11,other,0.2727272727272727,0.9949236325717752,property,0.7545,False,0.137,0.7545,0.1085,10.8,LA,medium
34.22,-118.49000000000001,3,9,property,0.3333333333333333,0.6365141893815645,property,0.7644,True,0.1371,0.7644,0.0984,9.8,LA,medium
34.22,-118.48,0,6,property,0.5,0.8675632284814613,property,0.68,True,0.1227,0.68,0.1973,19.7,LA,medium
34.22,-118.48,1,44,property,0.4090909090909091,0.8393349858530479,property,0.7646,True,0.1372,0.7646,0.0982,9.8,LA,medium
34.22,-118.48,2,38,property,0.3684210526315789,0.9364823445220504,property,0.7645,True,0.1372,0.7645,0.0983,9.8,LA,medium
34.22,-118.48,3,20,other,0.15,1.0670938948757507,property,0.7603,False,0.1366,0.7603,0.103,10.3,LA,medium
34.22,-118.47,0,60,violent,0.0,1.0882231038287273,property,0.6765,False,0.1218,0.6765,0.2017,20.2,LA,medium
34.22,-118.47,1,64,property,0.0,1.0923295587522994,property,0.7644,True,0.1371,0.7644,0.0984,9.8,LA,medium
34.22,-118.47,2,88,property,0.03409090909090909,1.0921940122058937,property,0.7596,True,0.1368,0.7596,0.1036,10.4,LA,medium
34.22,-118.47,3,127,violent,0.1732283464566929,1.059680981755337,property,0.7568,False,0.1362,0.7568,0.107,10.7,LA,medium
34.22,-118.46000000000001,0,27,property,0.18518518518518517,1.0465616513448106,property,0.7423,True,0.1371,0.7423,0.1206,12.1,LA,medium
34.22,-118.46000000000001,1,48,violent,0.041666666666666664,1.0933903064791184,property,0.7644,False,0.1371,0.7644,0.0984,9.8,LA,medium
34.22,-118.46000000000001,2,80,other,0.05,1.094280092589208,property,0.7607,False,0.1369,0.7607,0.1024,10.2,LA,medium
34.22,-118.46000000000001,3,70,other,0.014285714285714285,1.0895417247004173,property,0.7216,False,0.1307,0.7216,0.1477,14.8,LA,medium
34.22,-118.45,0,44,violent,0.18181818181818182,1.0670895187820832,property,0.7643,False,0.1371,0.7643,0.0986,9.9,LA,medium
34.22,-118.45,1,83,property,0.024096385542168676,1.0830039628369859,property,0.7644,True,0.1371,0.7644,0.0985,9.8,LA,medium
34.22,-118.45,2,184,property,0.016304347826086956,1.0879262119656394,property,0.7624,True,0.1369,0.7624,0.1007,10.1,LA,medium
34.22,-118.45,3,135,property,0.014814814814814815,1.085574896745905,property,0.7468,True,0.1345,0.7468,0.1187,11.9,LA,medium
34.22,-118.44,0,25,property,0.24,0.9437489523059353,property,0.7588,True,0.1372,0.7588,0.1039,10.4,LA,medium
34.22,-118.44,1,50,property,0.24,1.0183597347658937,property,0.7498,True,0.1391,0.7498,0.1111,11.1,LA,medium
34.22,-118.44,2,107,property,0.5981308411214953,0.7555253297102442,property,0.7646,True,0.1372,0.7646,0.0982,9.8,LA,medium
34.22,-118.44,3,88,property,0.5113636363636364,0.8452258099684431,property,0.7646,True,0.1372,0.7646,0.0982,9.8,LA,medium
34.22,-118.43,0,22,property,0.13636363636363635,0.9861234897117208,property,0.7637,True,0.1374,0.7637,0.0988,9.9,LA,medium
34.22,-118.43,1,20,property,0.2,1.0296530140645737,property,0.7641,True,0.1371,0.7641,0.0988,9.9,LA,medium
34.22,-118.43,2,43,property,0.11627906976744186,0.9926664514285226,property,0.7646,True,0.1372,0.7646,0.0982,9.8,LA,medium
34.22,-118.43,3,29,property,0.10344827586206896,1.052787230251689,property,0.7643,True,0.1371,0.7643,0.0986,9.9,LA,medium
34.22,-118.42,0,12,property,0.5,0.8675632284814613,property,0.7645,True,0.1372,0.7645,0.0983,9.8,LA,medium
34.22,-118.42,1,19,other,0.05263157894736842,1.0958871542125534,property,0.7646,False,0.1372,0.7646,0.0982,9.8,LA,medium
34.22,-118.42,2,26,property,0.3076923076923077,0.9585849416984087,property,0.7546,True,0.1399,0.7546,0.1055,10.5,LA,medium
34.22,-118.42,3,23,property,0.30434782608695654,0.9772300460661988,property,0.7639,True,0.1371,0.7639,0.099,9.9,LA,medium
34.22,-118.41,0,13,violent,0.07692307692307693,1.0928305535284886,property,0.7641,False,0.1371,0.7641,0.0988,9.9,LA,medium
34.22,-118.41,1,10,violent,0.1,0.9433483923290392,property,0.6976,False,0.127,0.6976,0.1754,17.5,LA,medium
34.22,-118.41,2,25,property,0.08,1.0509134745090587,property,0.7633,True,0.1374,0.7633,0.0993,9.9,LA,medium
34.22,-118.41,3,10,other,0.5,0.8018185525433373,property,0.7645,False,0.1372,0.7645,0.0984,9.8,LA,medium
34.22,-118.4,0,11,property,0.45454545454545453,0.5859526394408641,property,0.7605,True,0.1368,0.7605,0.1027,10.3,LA,medium
34.22,-118.4,1,16,property,0.125,1.0717300941124526,property,0.7644,True,0.1371,0.7644,0.0985,9.8,LA,medium
34.22,-118.4,2,40,property,0.075,1.0667181876240546,property,0.7646,True,0.1371,0.7646,0.0983,9.8,LA,medium
34.22,-118.4,3,30,property,0.23333333333333334,0.9950763711943895,property,0.7646,True,0.1372,0.7646,0.0982,9.8,LA,medium
34.22,-118.39,0,39,property,0.15384615384615385,1.0759123422701637,property,0.7647,True,0.1372,0.7647,0.0982,9.8,LA,medium
34.22,-118.39,1,40,property,0.05,1.094280092589208,property,0.7646,True,0.1372,0.7646,0.0983,9.8,LA,medium
34.22,-118.39,2,60,property,0.16666666666666666,1.0691171991069497,property,0.7646,True,0.1372,0.7646,0.0982,9.8,LA,medium
34.22,-118.39,3,62,violent,0.03225806451612903,1.070117204356558,property,0.7644,False,0.1371,0.7644,0.0984,9.8,LA,medium
34.22,-118.38,0,13,violent,0.15384615384615385,1.0579054247036734,property,0.7647,False,0.1372,0.7647,0.0982,9.8,LA,medium
34.22,-118.38,1,8,property,0.0,1.0821955300387671,property,0.7643,True,0.1371,0.7643,0.0985,9.9,LA,medium
34.22,-118.38,2,24,other,0.16666666666666666,1.0635215028672123,property,0.7646,False,0.1372,0.7646,0.0983,9.8,LA,medium
34.22,-118.38,3,25,property,0.04,1.097032390352067,property,0.7643,True,0.1371,0.7643,0.0985,9.9,LA,medium
34.22,-118.37,0,31,violent,0.12903225806451613,1.0599864113257504,property,0.7617,False,0.1369,0.7617,0.1015,10.1,LA,medium
34.22,-118.37,1,40,property,0.1,1.0755089684665338,property,0.7566,True,0.136,0.7566,0.1075,10.7,LA,medium
34.22,-118.37,2,66,violent,0.0,1.0986122886681096,property,0.7608,False,0.1369,0.7608,0.1023,10.2,LA,medium
34.22,-118.37,3,72,violent,0.027777777777777776,0.9993699902744391,property,0.7642,False,0.1371,0.7642,0.0987,9.9,LA,medium
34.22,-118.36,0,16,property,0.5625,0.7029189307735104,property,0.7542,True,0.1412,0.7542,0.1046,10.5,LA,medium
34.22,-118.36,1,16,property,0.3125,0.9840865030829147,property,0.7645,True,0.1372,0.7645,0.0983,9.8,LA,medium
34.22,-118.36,2,22,property,0.0,1.0412597335159743,property,0.7644,True,0.1371,0.7644,0.0985,9.8,LA,medium
34.22,-118.36,3,20,property,0.3,0.8979457248567798,property,0.7644,True,0.1371,0.7644,0.0985,9.8,LA,medium
34.22,-118.35000000000001,0,4,property,0.5,0.5623351657797391,property,0.7522,True,0.142,0.7522,0.1058,10.6,LA,medium
34.22,-118.35000000000001,1,7,violent,0.2857142857142857,0.9556998911125343,property,0.7638,False,0.1371,0.7638,0.0991,9.9,LA,medium
34.22,-118.35000000000001,2,13,property,0.6153846153846154,0.6870920273799715,property,0.7645,True,0.1372,0.7645,0.0983,9.8,LA,medium
34.22,-118.35000000000001,3,9,property,0.3333333333333333,0.9950269901795212,property,0.7645,True,0.1372,0.7645,0.0984,9.8,LA,medium
34.230000000000004,-118.63,1,4,violent,0.5,0.562335165779739,property,0.7488,False,0.1466,0.7488,0.1046,10.5,LA,medium
34.230000000000004,-118.63,3,3,property,0.3333333333333333,0.6365141893815645,property,0.7486,True,0.1461,0.7486,0.1053,10.5,LA,medium
34.230000000000004,-118.61,0,9,property,0.2222222222222222,0.936888307539016,property,0.692,True,0.1253,0.692,0.1827,18.3,LA,medium
34.230000000000004,-118.61,1,17,property,0.29411764705882354,0.923840705630872,property,0.7644,True,0.1371,0.7644,0.0984,9.8,LA,medium
34.230000000000004,-118.61,2,23,property,0.5217391304347826,0.8223449173934805,property,0.7644,True,0.1371,0.7644,0.0984,9.8,LA,medium
34.230000000000004,-118.61,3,22,property,0.2727272727272727,0.8932239510170858,property,0.7623,True,0.1368,0.7623,0.1009,10.1,LA,medium
34.230000000000004,-118.60000000000001,0,15,violent,0.26666666666666666,1.0096137581740383,property,0.7184,False,0.1298,0.7184,0.1518,15.2,LA,medium
34.230000000000004,-118.60000000000001,1,21,property,0.09523809523809523,1.0710185424099148,property,0.7644,True,0.1371,0.7644,0.0985,9.8,LA,medium
34.230000000000004,-118.60000000000001,2,35,property,0.17142857142857143,1.0364096074001297,property,0.7643,True,0.1371,0.7643,0.0986,9.9,LA,medium
34.230000000000004,-118.60000000000001,3,37,property,0.13513513513513514,1.076752548142629,property,0.7328,True,0.1377,0.7328,0.1295,12.9,LA,medium
34.230000000000004,-118.59,0,15,violent,0.26666666666666666,1.0096137581740383,property,0.6802,False,0.1226,0.6802,0.1971,19.7,LA,medium
34.230000000000004,-118.59,1,23,property,0.17391304347826086,0.9724399117161489,property,0.7644,True,0.1371,0.7644,0.0985,9.8,LA,medium
34.230000000000004,-118.59,2,36,property,0.1388888888888889,0.9116583805455456,property,0.7644,True,0.1371,0.7644,0.0984,9.8,LA,medium
34.230000000000004,-118.59,3,46,violent,0.08695652173913043,1.081163713485801,property,0.6822,False,0.1231,0.6822,0.1947,19.5,LA,medium
34.230000000000004,-118.58,0,20,property,0.05,1.080527626604172,property,0.7639,True,0.1371,0.7639,0.099,9.9,LA,medium
34.230000000000004,-118.58,1,20,property,0.15,1.0670938948757507,property,0.7646,True,0.1372,0.7646,0.0982,9.8,LA,medium
34.230000000000004,-118.58,2,18,property,0.05555555555555555,1.0893096789558299,property,0.7612,True,0.137,0.7612,0.1018,10.2,LA,medium
34.230000000000004,-118.58,3,26,property,0.038461538461538464,1.088010262277112,property,0.7644,True,0.1371,0.7644,0.0985,9.8,LA,medium
34.230000000000004,-118.57000000000001,0,7,other,0.2857142857142857,0.9556998911125343,property,0.7428,False,0.1343,0.7428,0.1229,12.3,LA,medium
34.230000000000004,-118.57000000000001,1,8,property,0.25,0.6615632592196847,property,0.7492,True,0.1463,0.7492,0.1045,10.4,LA,medium
34.230000000000004,-118.57000000000001,2,24,property,0.25,0.9901000747284985,property,0.76,True,0.137,0.76,0.103,10.3,LA,medium
34.230000000000004,-118.57000000000001,3,6,other,0.16666666666666666,1.0114042647073518,property,0.7647,False,0.1372,0.7647,0.0982,9.8,LA,medium
34.230000000000004,-118.56,0,15,property,0.3333333333333333,0.9276173343271816,property,0.7646,True,0.1372,0.7646,0.0982,9.8,LA,medium
34.230000000000004,-118.56,1,39,property,0.3076923076923077,0.9317564017880304,property,0.7645,True,0.1372,0.7645,0.0984,9.8,LA,medium
34.230000000000004,-118.56,2,82,property,0.4634146341463415,0.8946091612958478,property,0.7645,True,0.1371,0.7645,0.0984,9.8,LA,medium
34.230000000000004,-118.56,3,66,property,0.5303030303030303,0.7896973462504263,property,0.7645,True,0.1371,0.7645,0.0984,9.8,LA,medium
34.230000000000004,-118.55,0,19,property,0.10526315789473684,1.0132690262497301,property,0.7031,True,0.1275,0.7031,0.1694,16.9,LA,medium
34.230000000000004,-118.55,1,33,other,0.21212121212121213,1.0134459070948298,property,0.7492,False,0.1462,0.7492,0.1046,10.5,LA,medium
34.230000000000004,-118.55,2,76,property,0.07894736842105263,1.0828367030254842,property,0.7607,True,0.1369,0.7607,0.1025,10.2,LA,medium
34.230000000000004,-118.55,3,56,violent,0.19642857142857142,1.0281516704736589,property,0.6881,False,0.1243,0.6881,0.1876,18.8,LA,medium
34.230000000000004,-118.54,0,35,violent,0.05714285714285714,1.0954041286732956,property,0.7644,False,0.1372,0.7644,0.0984,9.8,LA,medium
34.230000000000004,-118.54,1,34,property,0.14705882352941177,0.9185114024063005,property,0.7646,True,0.1372,0.7646,0.0982,9.8,LA,medium
34.230000000000004,-118.54,2,71,property,0.07042253521126761,1.049850075038334,property,0.7645,True,0.1371,0.7645,0.0984,9.8,LA,medium
34.230000000000004,-118.54,3,40,other,0.05,1.080527626604172,property,0.7622,False,0.1369,0.7622,0.1009,10.1,LA,medium
34.230000000000004,-118.53,0,19,property,0.05263157894736842,1.0958871542125534,property,0.7644,True,0.1371,0.7644,0.0985,9.8,LA,medium
34.230000000000004,-118.53,1,31,property,0.0967741935483871,1.078963820279368,property,0.7646,True,0.1372,0.7646,0.0983,9.8,LA,medium
34.230000000000004,-118.53,2,49,other,0.02040816326530612,0.9798108699179089,property,0.7645,False,0.1372,0.7645,0.0984,9.8,LA,medium
34.230000000000004,-118.53,3,42,property,0.047619047619047616,1.0917862380951273,property,0.764,True,0.1371,0.764,0.0989,9.9,LA,medium
34.230000000000004,-118.52,0,10,property,0.4,0.610864323167295,property,0.7033,True,0.1291,0.7033,0.1676,16.8,LA,medium
34.230000000000004,-118.52,1,3,violent,0.0,1.0986122886681096,property,0.7646,False,0.1372,0.7646,0.0983,9.8,LA,medium
34.230000000000004,-118.52,2,4,property,0.5,0.5623351657797391,property,0.7642,True,0.1371,0.7642,0.0987,9.9,LA,medium
34.230000000000004,-118.52,3,6,property,0.16666666666666666,1.0114042647073518,property,0.7494,True,0.1455,0.7494,0.1051,10.5,LA,medium
34.230000000000004,-118.51,1,21,property,0.7142857142857143,0.4101163396015584,property,0.7646,True,0.1372,0.7646,0.0982,9.8,LA,medium
34.230000000000004,-118.51,2,58,property,0.8620689655172413,0.3516912407983731,property,0.7645,True,0.1372,0.7645,0.0983,9.8,LA,medium
34.230000000000004,-118.51,3,47,property,0.8085106382978723,0.4704001875210101,property,0.7645,True,0.1372,0.7645,0.0983,9.8,LA,medium
34.230000000000004,-118.5,0,12,property,0.3333333333333333,0.6365141893815645,property,0.7645,True,0.1372,0.7645,0.0983,9.8,LA,medium
34.230000000000004,-118.5,1,28,property,0.2857142857142857,0.9556998911125343,property,0.7513,True,0.1422,0.7513,0.1065,10.7,LA,medium
34.230000000000004,-118.5,2,34,property,0.0,1.0950778621205006,property,0.7644,True,0.1372,0.7644,0.0984,9.8,LA,medium
34.230000000000004,-118.5,3,28,property,0.10714285714285714,0.9529371001252029,property,0.7645,True,0.1372,0.7645,0.0984,9.8,LA,medium
34.230000000000004,-118.49000000000001,0,24,property,0.20833333333333334,0.9582325450794875,property,0.7645,True,0.1372,0.7645,0.0983,9.8,LA,medium
34.230000000000004,-118.49000000000001,1,16,other,0.0625,1.0433534269422904,property,0.7646,False,0.1372,0.7646,0.0982,9.8,LA,medium
34.230000000000004,-118.49000000000001,2,25,other,0.16,1.0740922213659423,property,0.7644,False,0.1372,0.7644,0.0984,9.8,LA,medium
34.230000000000004,-118.49000000000001,3,27,property,0.1111111111111111,1.002675013359144,property,0.7644,True,0.1371,0.7644,0.0985,9.8,LA,medium
34.230000000000004,-118.48,0,9,property,0.0,0.9649629230074277,property,0.7642,True,0.1371,0.7642,0.0987,9.9,LA,medium
34.230000000000004,-118.48,1,12,property,0.4166666666666667,0.8239592165010823,property,0.7641,True,0.1371,0.7641,0.0987,9.9,LA,medium
34.230000000000004,-118.48,2,25,property,0.08,1.0875656525975472,property,0.7644,True,0.1371,0.7644,0.0985,9.8,LA,medium
34.230000000000004,-118.48,3,26,other,0.19230769230769232,0.8101502323878818,property,0.7644,False,0.1371,0.7644,0.0985,9.8,LA,medium
34.230000000000004,-118.47,0,64,property,0.03125,1.0815442998610476,property,0.6764,True,0.1218,0.6764,0.2017,20.2,LA,medium
34.230000000000004,-118.47,1,79,property,0.06329113924050633,1.0937376119617004,property,0.7478,True,0.1421,0.7478,0.1101,11.0,LA,medium
34.230000000000004,-118.47,2,140,property,0.2,1.0524312259293014,property,0.7606,True,0.1369,0.7606,0.1026,10.3,LA,medium
34.230000000000004,-118.47,3,164,violent,0.10365853658536585,1.0637246685267705,property,0.6883,False,0.1241,0.6883,0.1876,18.8,LA,medium
34.230000000000004,-118.46000000000001,0,53,violent,0.018867924528301886,1.0708863199534857,property,0.6775,False,0.1221,0.6775,0.2005,20.0,LA,medium
34.230000000000004,-118.46000000000001,1,79,property,0.08860759493670886,1.090964470242453,property,0.7644,True,0.1371,0.7644,0.0984,9.8,LA,medium
34.230000000000004,-118.46000000000001,2,107,violent,0.028037383177570093,1.0787023096439976,property,0.7467,False,0.1355,0.7467,0.1178,11.8,LA,medium
34.230000000000004,-118.46000000000001,3,109,violent,0.11926605504587157,1.0472373591729367,property,0.6783,False,0.1222,0.6783,0.1995,19.9,LA,medium
34.230000000000004,-118.45,0,64,violent,0.109375,1.0870207209083709,property,0.7467,False,0.1345,0.7467,0.1188,11.9,LA,medium
34.230000000000004,-118.45,1,63,property,0.015873015873015872,1.0835937986049036,property,0.7476,True,0.1391,0.7476,0.1133,11.3,LA,medium
34.230000000000004,-118.45,2,91,property,0.03296703296703297,1.0926136695438,property,0.7606,True,0.1368,0.7606,0.1026,10.3,LA,medium
34.230000000000004,-118.45,3,136,violent,0.08823529411764706,1.076993178800881,property,0.6767,False,0.1219,0.6767,0.2014,20.1,LA,medium
34.230000000000004,-118.44,0,19,property,0.42105263157894735,0.9097077103274986,property,0.7647,True,0.1372,0.7647,0.0982,9.8,LA,medium
34.230000000000004,-118.44,1,39,property,0.1282051282051282,1.048008681448374,property,0.7646,True,0.1372,0.7646,0.0983,9.8,LA,medium
34.230000000000004,-118.44,2,58,property,0.39655172413793105,0.8850613480319862,property,0.7647,True,0.1372,0.7647,0.0982,9.8,LA,medium
34.230000000000004,-118.44,3,65,property,0.2923076923076923,0.9899228324982274,property,0.7644,True,0.1371,0.7644,0.0985,9.8,LA,medium
34.230000000000004,-118.43,0,15,violent,0.13333333333333333,1.0437570363314086,property,0.7541,False,0.1415,0.7541,0.1044,10.4,LA,medium
34.230000000000004,-118.43,1,13,other,0.07692307692307693,1.0123308391031733,property,0.7645,False,0.1372,0.7645,0.0983,9.8,LA,medium
34.230000000000004,-118.43,2,36,property,0.08333333333333333,0.995779521074449,property,0.7623,True,0.1369,0.7623,0.1008,10.1,LA,medium
34.230000000000004,-118.43,3,32,property,0.34375,0.9885660987714344,property,0.7603,True,0.1367,0.7603,0.1031,10.3,LA,medium
34.230000000000004,-118.42,0,12,property,0.3333333333333333,0.9596147939120492,property,0.764,True,0.1371,0.764,0.0988,9.9,LA,medium
34.230000000000004,-118.42,1,15,property,0.26666666666666666,1.0096137581740383,property,0.7641,True,0.1371,0.7641,0.0987,9.9,LA,medium
34.230000000000004,-118.42,2,15,property,0.2,0.9701157839869381,property,0.7587,True,0.1373,0.7587,0.104,10.4,LA,medium
34.230000000000004,-118.42,3,24,property,0.16666666666666666,1.0114042647073518,property,0.682,True,0.1229,0.682,0.195,19.5,LA,medium
34.230000000000004,-118.41,0,6,violent,0.16666666666666666,1.0114042647073518,property,0.6938,False,0.1253,0.6938,0.1809,18.1,LA,medium
34.230000000000004,-118.41,1,8,violent,0.375,0.9002560512685369,property,0.7645,False,0.1372,0.7645,0.0983,9.8,LA,medium
34.230000000000004,-118.41,2,13,property,0.38461538461538464,0.9251290835720822,property,0.7555,True,0.1391,0.7555,0.1054,10.5,LA,medium
34.230000000000004,-118.41,3,4,property,0.5,0.5623351657797391,property,0.746,True,0.1349,0.746,0.119,11.9,LA,medium
34.230000000000004,-118.4,0,23,other,0.13043478260869565,1.074721225116281,property,0.7646,False,0.1372,0.7646,0.0983,9.8,LA,medium
34.230000000000004,-118.4,1,28,violent,0.10714285714285714,1.074516223144162,property,0.7648,False,0.1372,0.7648,0.0981,9.8,LA,medium
34.230000000000004,-118.4,2,43,violent,0.023255813953488372,1.0980755053270417,property,0.7646,False,0.1372,0.7646,0.0982,9.8,LA,medium
34.230000000000004,-118.4,3,44,property,0.045454545454545456,1.0886382779422423,property,0.7643,True,0.1371,0.7643,0.0986,9.9,LA,medium
34.230000000000004,-118.39,0,16,other,0.125,1.0717300941124526,property,0.7646,False,0.1372,0.7646,0.0983,9.8,LA,medium
34.230000000000004,-118.39,1,21,violent,0.14285714285714285,1.0353605606849843,property,0.7645,False,0.1372,0.7645,0.0983,9.8,LA,medium
34.230000000000004,-118.39,2,22,property,0.18181818181818182,0.9164648855394713,property,0.7644,True,0.1371,0.7644,0.0985,9.8,LA,medium
34.230000000000004,-118.39,3,25,other,0.12,1.0133126873497391,property,0.7497,False,0.1449,0.7497,0.1054,10.5,LA,medium
34.230000000000004,-118.38,0,10,property,0.3,0.8979457248567798,property,0.7602,True,0.1368,0.7602,0.1031,10.3,LA,medium
34.230000000000004,-118.38,1,7,violent,0.0,1.0042424730540764,property,0.7641,False,0.1371,0.7641,0.0988,9.9,LA,medium
34.230000000000004,-118.38,2,16,property,0.1875,1.0239287996389363,property,0.7646,True,0.1372,0.7646,0.0983,9.8,LA,medium
34.230000000000004,-118.38,3,8,property,0.25,1.0397207708399179,property,0.7643,True,0.1371,0.7643,0.0986,9.9,LA,medium
34.230000000000004,-118.37,0,14,property,0.42857142857142855,0.8921178708188161,property,0.7642,True,0.1371,0.7642,0.0986,9.9,LA,medium
34.230000000000004,-118.37,1,34,property,0.029411764705882353,1.0082797836362416,property,0.7647,True,0.1372,0.7647,0.0982,9.8,LA,medium
34.230000000000004,-118.37,2,44,property,0.20454545454545456,1.0539464750448528,property,0.7645,True,0.1371,0.7645,0.0983,9.8,LA,medium
34.230000000000004,-118.37,3,28,property,0.32142857142857145,0.9739909329825542,property,0.7646,True,0.1372,0.7646,0.0983,9.8,LA,medium
34.230000000000004,-118.36,0,13,property,0.6923076923076923,0.4293230432245591,property,0.7641,True,0.1371,0.7641,0.0987,9.9,LA,medium
34.230000000000004,-118.36,1,16,property,0.5,0.8314025204956377,property,0.7548,True,0.1412,0.7548,0.1041,10.4,LA,medium
34.230000000000004,-118.36,2,11,property,0.09090909090909091,0.6890092595109152,property,0.764,True,0.1371,0.764,0.0989,9.9,LA,medium
34.230000000000004,-118.36,3,13,violent,0.07692307692307693,1.0123308391031736,property,0.7644,False,0.1371,0.7644,0.0985,9.8,LA,medium
34.230000000000004,-118.35000000000001,2,4,property,0.25,1.0397207708399179,property,0.7488,True,0.1466,0.7488,0.1046,10.5,LA,medium
34.230000000000004,-118.29,2,3,property,1.0,4.3446531758480495e-08,property,0.7642,True,0.1371,0.7642,0.0987,9.9,LA,medium
34.230000000000004,-118.29,3,5,other,0.6,0.5004024447610513,property,0.7645,False,0.1372,0.7645,0.0984,9.8,LA,medium
34.24,-118.62,1,5,property,0.4,0.9502705392332347,property,0.7644,True,0.1371,0.7644,0.0985,9.8,LA,medium
34.24,-118.61,0,4,property,0.5,0.5623351657797391,property,0.7642,True,0.1371,0.7642,0.0987,9.9,LA,medium
34.24,-118.61,1,14,property,0.2857142857142857,0.9556998911125343,property,0.7645,True,0.1372,0.7645,0.0984,9.8,LA,medium
34.24,-118.61,2,16,property,0.125,0.9743147528693494,property,0.7638,True,0.1371,0.7638,0.0991,9.9,LA,medium
34.24,-118.61,3,7,property,0.14285714285714285,1.0789922078775833,property,0.7644,True,0.1371,0.7644,0.0985,9.8,LA,medium
34.24,-118.60000000000001,0,13,property,0.0,0.9110175397125628,property,0.7646,True,0.1372,0.7646,0.0983,9.8,LA,medium
34.24,-118.60000000000001,1,20,property,0.25,1.0397207708399179,property,0.7642,True,0.1371,0.7642,0.0986,9.9,LA,medium
34.24,-118.60000000000001,2,23,property,0.34782608695652173,0.985984617175194,property,0.7646,True,0.1372,0.7646,0.0983,9.8,LA,medium
34.24,-118.60000000000001,3,22,violent,0.045454545454545456,1.0965754342577216,property,0.7599,False,0.1369,0.7599,0.1032,10.3,LA,medium
34.24,-118.59,0,9,other,0.2222222222222222,0.9368883075390159,property,0.7496,False,0.1449,0.7496,0.1056,10.6,LA,medium
34.24,-118.59,1,14,other,0.14285714285714285,0.992281974852574,property,0.6777,False,0.1222,0.6777,0.2001,20.0,LA,medium
34.24,-118.59,2,37,property,0.13513513513513514,1.013037099009109,property,0.7609,True,0.1369,0.7609,0.1022,10.2,LA,medium
34.24,-118.59,3,21,property,0.19047619047619047,1.052922565938695,property,0.749,True,0.1461,0.749,0.1048,10.5,LA,medium
34.24,-118.58,0,9,violent,0.2222222222222222,0.936888307539016,property,0.7441,False,0.1342,0.7441,0.1217,12.2,LA,medium
34.24,-118.58,1,19,property,0.10526315789473684,1.0132690262497301,property,0.7552,True,0.1404,0.7552,0.1044,10.4,LA,medium
34.24,-118.58,2,21,property,0.14285714285714285,0.9302998331833918,property,0.7638,True,0.1374,0.7638,0.0988,9.9,LA,medium
34.24,-118.58,3,19,property,0.42105263157894735,0.9097077103274986,property,0.7641,True,0.1371,0.7641,0.0988,9.9,LA,medium
34.24,-118.57000000000001,0,3,violent,0.3333333333333333,0.6365141893815645,property,0.7637,False,0.1371,0.7637,0.0992,9.9,LA,medium
34.24,-118.57000000000001,1,19,other,0.2631578947368421,1.017164350924834,property,0.7511,False,0.1441,0.7511,0.1049,10.5,LA,medium
34.24,-118.57000000000001,2,26,other,0.11538461538461539,1.0411315166502328,property,0.7645,False,0.1372,0.7645,0.0984,9.8,LA,medium
34.24,-118.57000000000001,3,10,property,0.1,0.9433483923290392,property,0.7642,True,0.1371,0.7642,0.0987,9.9,LA,medium
34.24,-118.56,0,40,property,0.275,0.9393185459640125,property,0.7642,True,0.1371,0.7642,0.0987,9.9,LA,medium
34.24,-118.56,1,66,property,0.3939393939393939,0.9423689757138941,property,0.7645,True,0.1371,0.7645,0.0984,9.8,LA,medium
34.24,-118.56,2,236,property,0.3813559322033898,0.8997257347771099,property,0.7644,True,0.1371,0.7644,0.0985,9.8,LA,medium
34.24,-118.56,3,194,property,0.30412371134020616,0.9823156251122279,property,0.7645,True,0.1371,0.7645,0.0984,9.8,LA,medium
34.24,-118.55,0,8,property,0.375,0.9002560512685369,property,0.7645,True,0.1372,0.7645,0.0984,9.8,LA,medium
34.24,-118.55,1,19,property,0.3157894736842105,0.9591824302739718,property,0.7646,True,0.1372,0.7646,0.0982,9.8,LA,medium
34.24,-118.55,2,48,property,0.2708333333333333,0.9997453269165475,property,0.7645,True,0.1372,0.7645,0.0983,9.8,LA,medium
34.24,-118.55,3,40,property,0.25,1.01519566595362,property,0.7644,True,0.1371,0.7644,0.0985,9.8,LA,medium
34.24,-118.54,0,51,property,0.17647058823529413,1.0002438842742691,property,0.7211,True,0.1303,0.7211,0.1486,14.9,LA,medium
34.24,-118.54,1,47,property,0.1276595744680851,1.0798116499506243,property,0.748,True,0.1447,0.748,0.1072,10.7,LA,medium
34.24,-118.54,2,49,property,0.24489795918367346,1.0307369252639516,property,0.7645,True,0.1371,0.7645,0.0983,9.8,LA,medium
34.24,-118.54,3,77,property,0.12987012987012986,1.0784016856594478,property,0.7645,True,0.1371,0.7645,0.0984,9.8,LA,medium
34.24,-118.53,0,10,other,0.1,1.0888999753452238,property,0.732,False,0.1325,0.732,0.1354,13.5,LA,medium
34.24,-118.53,1,17,property,0.11764705882352941,1.0852280400722045,property,0.7586,True,0.1364,0.7586,0.1051,10.5,LA,medium
34.24,-118.53,2,24,property,0.20833333333333334,0.9582325450794875,property,0.7645,True,0.1372,0.7645,0.0983,9.8,LA,medium
34.24,-118.53,3,21,property,0.047619047619047616,1.0466304865832219,property,0.7463,True,0.1424,0.7463,0.1113,11.1,LA,medium
34.24,-118.52,0,12,property,0.08333333333333333,1.077556327066801,property,0.7644,True,0.1372,0.7644,0.0984,9.8,LA,medium
34.24,-118.52,1,10,other,0.3,0.8979457248567797,property,0.7642,False,0.1371,0.7642,0.0986,9.9,LA,medium
34.24,-118.52,2,26,property,0.0,1.0971128947333808,property,0.7644,True,0.1371,0.7644,0.0984,9.8,LA,medium
34.24,-118.52,3,10,violent,0.0,1.0549201679861442,property,0.7645,False,0.1372,0.7645,0.0983,9.8,LA,medium
34.24,-118.51,0,7,other,0.42857142857142855,0.5982696097102536,property,0.7126,False,0.1293,0.7126,0.1581,15.8,LA,medium
34.24,-118.51,1,16,property,0.3125,0.9840865030829147,property,0.7573,True,0.137,0.7573,0.1056,10.6,LA,medium
34.24,-118.51,2,12,other,0.5,0.8675632284814612,property,0.7491,False,0.1427,0.7491,0.1082,10.8,LA,medium
34.24,-118.51,3,7,property,0.14285714285714285,0.6829081257408294,property,0.6927,True,0.1252,0.6927,0.1821,18.2,LA,medium
34.24,-118.5,0,6,violent,0.0,1.0986122886681096,property,0.7643,False,0.1371,0.7643,0.0985,9.9,LA,medium
34.24,-118.5,1,9,other,0.1111111111111111,1.0608569471580214,property,0.7499,False,0.1425,0.7499,0.1076,10.8,LA,medium
34.24,-118.5,2,18,property,0.2777777777777778,0.8277381569989198,property,0.7644,True,0.1371,0.7644,0.0985,9.8,LA,medium
34.24,-118.5,3,23,property,0.13043478260869565,1.0242960516378312,property,0.7642,True,0.1371,0.7642,0.0987,9.9,LA,medium
34.24,-118.49000000000001,0,18,property,0.2777777777777778,0.9809896824453153,property,0.7577,True,0.1363,0.7577,0.106,10.6,LA,medium
34.24,-118.49000000000001,1,18,violent,0.0,1.0688206728265008,property,0.7645,False,0.1372,0.7645,0.0984,9.8,LA,medium
34.24,-118.49000000000001,2,30,property,0.13333333333333333,0.9831047662689957,property,0.7645,True,0.1372,0.7645,0.0983,9.8,LA,medium
34.24,-118.49000000000001,3,32,violent,0.03125,1.0916499967289748,property,0.7645,False,0.1372,0.7645,0.0983,9.8,LA,medium
34.24,-118.48,0,7,other,0.14285714285714285,0.6829081257408294,property,0.7642,False,0.1371,0.7642,0.0987,9.9,LA,medium
34.24,-118.48,1,12,property,0.3333333333333333,0.9596147939120492,property,0.7642,True,0.1371,0.7642,0.0986,9.9,LA,medium
34.24,-118.48,2,27,property,0.07407407407407407,1.0405805589833306,property,0.7643,True,0.1371,0.7643,0.0985,9.9,LA,medium
34.24,-118.48,3,17,property,0.29411764705882354,1.017602986115916,property,0.7644,True,0.1372,0.7644,0.0984,9.8,LA,medium
34.24,-118.47,0,51,violent,0.09803921568627451,1.083919880515659,property,0.6828,False,0.1231,0.6828,0.194,19.4,LA,medium
34.24,-118.47,1,50,property,0.24,1.039320664104926,property,0.7589,True,0.1368,0.7589,0.1042,10.4,LA,medium
34.24,-118.47,2,88,property,0.1590909090909091,1.07251759005648,property,0.7645,True,0.1371,0.7645,0.0984,9.8,LA,medium
34.24,-118.47,3,69,property,0.18840579710144928,1.0620111258163234,property,0.7642,True,0.1371,0.7642,0.0987,9.9,LA,medium
34.24,-118.46000000000001,0,28,property,0.25,1.0397207708399179,property,0.7646,True,0.1372,0.7646,0.0982,9.8,LA,medium
34.24,-118.46000000000001,1,27,property,0.48148148148148145,0.8655013604939206,property,0.7605,True,0.1383,0.7605,0.1012,10.1,LA,medium
34.24,-118.46000000000001,2,46,property,0.3695652173913043,0.963674711530762,property,0.7646,True,0.1372,0.7646,0.0983,9.8,LA,medium
34.24,-118.46000000000001,3,52,property,0.38461538461538464,0.8843274110667705,property,0.7644,True,0.1371,0.7644,0.0985,9.8,LA,medium
34.24,-118.45,0,48,violent,0.041666666666666664,1.0810375265209315,property,0.6919,False,0.1251,0.6919,0.183,18.3,LA,medium
34.24,-118.45,1,54,property,0.2962962962962963,1.0109321851927238,property,0.7645,True,0.1371,0.7645,0.0983,9.8,LA,medium
34.24,-118.45,2,95,property,0.24210526315789474,1.0350087008724698,property,0.7646,True,0.1372,0.7646,0.0982,9.8,LA,medium
34.24,-118.45,3,108,property,0.12962962962962962,1.046846356478755,property,0.7644,True,0.1371,0.7644,0.0984,9.8,LA,medium
34.24,-118.44,0,16,property,0.375,0.6210863956574246,property,0.7641,True,0.1371,0.7641,0.0988,9.9,LA,medium
34.24,-118.44,1,15,property,0.2,0.9701157839869381,property,0.7647,True,0.1372,0.7647,0.0982,9.8,LA,medium
34.24,-118.44,2,26,violent,0.0,1.0733942812811266,property,0.7638,False,0.1371,0.7638,0.0991,9.9,LA,medium
34.24,-118.44,3,20,property,0.05,1.0104127537805414,property,0.7646,True,0.1372,0.7646,0.0983,9.8,LA,medium
34.24,-118.43,0,14,other,0.21428571428571427,1.0346012329101812,property,0.7562,False,0.1372,0.7562,0.1066,10.7,LA,medium
34.24,-118.43,1,9,violent,0.0,1.0986122886681096,property,0.7647,False,0.1372,0.7647,0.0982,9.8,LA,medium
34.24,-118.43,2,17,property,0.11764705882352941,1.0283941667143721,property,0.7405,True,0.1384,0.7405,0.1211,12.1,LA,medium
34.24,-118.43,3,17,property,0.23529411764705882,1.0027399543973452,property,0.6904,True,0.1248,0.6904,0.1847,18.5,LA,medium
34.24,-118.42,0,16,violent,0.0,1.0821955300387673,property,0.6797,False,0.1226,0.6797,0.1978,19.8,LA,medium
34.24,-118.42,1,23,property,0.043478260869565216,1.08501115745815,property,0.755,True,0.1375,0.755,0.1076,10.8,LA,medium
34.24,-118.42,2,31,other,0.03225806451612903,1.0845917163665408,property,0.7645,False,0.1372,0.7645,0.0984,9.8,LA,medium
34.24,-118.42,3,28,violent,0.10714285714285714,1.074516223144162,property,0.7486,False,0.1427,0.7486,0.1087,10.9,LA,medium
34.24,-118.41,0,10,property,0.8,0.3250829947896311,property,0.7643,True,0.1371,0.7643,0.0986,9.9,LA,medium
34.24,-118.41,1,16,property,0.3125,0.8305236914828463,property,0.7646,True,0.1372,0.7646,0.0983,9.8,LA,medium
34.24,-118.41,2,17,property,0.23529411764705882,1.0027399543973452,property,0.7556,True,0.1402,0.7556,0.1042,10.4,LA,medium
34.24,-118.41,3,32,property,0.0625,1.0433534269422904,property,0.7645,True,0.1372,0.7645,0.0984,9.8,LA,medium
34.24,-118.4,0,7,property,0.0,1.0042424730540764,property,0.6761,True,0.1218,0.6761,0.2021,20.2,LA,medium
34.24,-118.4,1,12,property,0.5,0.8675632284814613,property,0.7538,True,0.1417,0.7538,0.1045,10.5,LA,medium
34.24,-118.4,2,11,property,0.18181818181818182,0.9164648855394713,property,0.7643,True,0.1371,0.7643,0.0985,9.9,LA,medium
34.24,-118.4,3,17,other,0.17647058823529413,1.0551016181686423,property,0.7646,False,0.1372,0.7646,0.0982,9.8,LA,medium
34.24,-118.39,0,18,property,0.05555555555555555,1.0263306332944864,property,0.7641,True,0.1371,0.7641,0.0987,9.9,LA,medium
34.24,-118.39,1,14,other,0.07142857142857142,1.060944240790747,property,0.7641,False,0.1371,0.7641,0.0988,9.9,LA,medium
34.24,-118.39,2,31,violent,0.16129032258064516,1.0676208772568145,property,0.7646,False,0.1372,0.7646,0.0983,9.8,LA,medium
34.24,-118.39,3,24,violent,0.041666666666666664,1.0933903064791184,property,0.7543,False,0.1374,0.7543,0.1082,10.8,LA,medium
34.24,-118.38,0,3,property,1.0,4.3446531758480495e-08,property,0.7645,True,0.1372,0.7645,0.0983,9.8,LA,medium
34.24,-118.38,1,3,property,0.3333333333333333,0.6365141893815645,property,0.7152,True,0.1297,0.7152,0.1551,15.5,LA,medium
34.24,-118.38,2,4,property,0.0,0.6931472015900639,property,0.7568,True,0.1396,0.7568,0.1036,10.4,LA,medium
34.24,-118.37,0,6,property,0.3333333333333333,0.6365141893815645,property,0.7641,True,0.1371,0.7641,0.0987,9.9,LA,medium
34.24,-118.37,1,21,property,0.7142857142857143,0.6189407438569727,property,0.7643,True,0.1371,0.7643,0.0986,9.9,LA,medium
34.24,-118.37,2,15,property,0.4,0.9502705392332347,property,0.7646,True,0.1372,0.7646,0.0983,9.8,LA,medium
34.24,-118.37,3,11,violent,0.0,1.0900596587107838,property,0.7644,False,0.1371,0.7644,0.0985,9.8,LA,medium
34.24,-118.34,2,3,other,0.3333333333333333,0.6365141893815645,property,0.7489,False,0.1444,0.7489,0.1067,10.7,LA,medium
34.24,-118.34,3,3,violent,0.3333333333333333,0.6365141893815645,property,0.7487,False,0.1465,0.7487,0.1048,10.5,LA,medium
34.24,-118.29,1,3,property,0.3333333333333333,0.6365141893815645,property,0.7645,True,0.1372,0.7645,0.0984,9.8,LA,medium
34.24,-118.29,2,6,property,1.0,4.3446531758480495e-08,property,0.7643,True,0.1371,0.7643,0.0985,9.9,LA,medium
34.24,-118.28,2,4,property,0.5,0.5623351657797391,property,0.7644,True,0.1371,0.7644,0.0985,9.8,LA,medium
34.24,-118.27,0,6,property,0.6666666666666666,0.4505612301390093,property,0.7626,True,0.1374,0.7626,0.1001,10.0,LA,medium
34.24,-118.27,1,13,property,0.7692307692307693,0.5359610497090694,property,0.764,True,0.1371,0.764,0.0989,9.9,LA,medium
34.24,-118.27,2,16,property,0.5,0.8314025204956377,property,0.734,True,0.1328,0.734,0.1333,13.3,LA,medium
34.24,-118.27,3,14,property,0.42857142857142855,0.5982696097102536,property,0.7641,True,0.1371,0.7641,0.0988,9.9,LA,medium
34.25,-118.62,2,4,other,0.25,1.0397207708399179,property,0.7638,False,0.1371,0.7638,0.099,9.9,LA,medium
34.25,-118.62,3,5,property,0.4,0.9502705392332347,property,0.7488,True,0.1463,0.7488,0.1049,10.5,LA,medium
34.25,-118.61,0,14,property,0.07142857142857142,1.060944240790747,property,0.7639,True,0.1371,0.7639,0.099,9.9,LA,medium
34.25,-118.61,1,20,other,0.3,0.997271523182384,property,0.7624,False,0.1369,0.7624,0.1007,10.1,LA,medium
34.25,-118.61,2,28,property,0.32142857142857145,0.9002046513038222,property,0.7644,True,0.1371,0.7644,0.0985,9.8,LA,medium
34.25,-118.61,3,20,property,0.15,1.0670938948757507,property,0.7591,True,0.1386,0.7591,0.1023,10.2,LA,medium
34.25,-118.60000000000001,0,14,violent,0.14285714285714285,1.0789922078775833,property,0.7642,False,0.1371,0.7642,0.0986,9.9,LA,medium
34.25,-118.60000000000001,1,29,other,0.27586206896551724,0.9108997985731645,property,0.7643,False,0.1371,0.7643,0.0986,9.9,LA,medium
34.25,-118.60000000000001,2,31,other,0.12903225806451613,1.0131875083727033,property,0.7642,False,0.1371,0.7642,0.0986,9.9,LA,medium
34.25,-118.60000000000001,3,31,violent,0.0967741935483871,1.078963820279368,property,0.7643,False,0.1371,0.7643,0.0985,9.9,LA,medium
34.25,-118.59,0,25,property,0.28,1.0250576137587353,property,0.6786,True,0.1223,0.6786,0.1991,19.9,LA,medium
34.25,-118.59,1,37,other,0.05405405405405406,1.0774012677912759,property,0.7644,False,0.1371,0.7644,0.0985,9.8,LA,medium
34.25,-118.59,2,43,other,0.09302325581395349,1.0786340166813146,property,0.7569,False,0.1392,0.7569,0.1039,10.4,LA,medium
34.25,-118.59,3,44,violent,0.045454545454545456,1.088638277942242,property,0.7641,False,0.1371,0.7641,0.0987,9.9,LA,medium
34.25,-118.58,0,17,other,0.058823529411764705,1.073383620336505,property,0.764,False,0.1371,0.764,0.0988,9.9,LA,medium
34.25,-118.58,1,19,other,0.05263157894736842,0.9551311954514641,property,0.7642,False,0.1371,0.7642,0.0987,9.9,LA,medium
34.25,-118.58,2,30,property,0.1,0.8110053415676062,property,0.7567,True,0.137,0.7567,0.1063,10.6,LA,medium
34.25,-118.58,3,41,property,0.14634146341463414,0.9671595357068556,property,0.7609,True,0.138,0.7609,0.1011,10.1,LA,medium
34.25,-118.57000000000001,0,6,property,0.0,0.6931472015900639,property,0.7625,True,0.1371,0.7625,0.1005,10.0,LA,medium
34.25,-118.57000000000001,1,9,property,0.3333333333333333,0.9950269901795212,property,0.7644,True,0.1371,0.7644,0.0984,9.8,LA,medium
34.25,-118.57000000000001,2,11,property,0.09090909090909091,0.6890092595109152,property,0.7645,True,0.1372,0.7645,0.0984,9.8,LA,medium
34.25,-118.57000000000001,3,11,violent,0.2727272727272727,0.6554817949691768,property,0.7642,False,0.1371,0.7642,0.0987,9.9,LA,medium
34.25,-118.56,0,10,property,0.1,0.9433483923290392,property,0.7645,True,0.1372,0.7645,0.0984,9.8,LA,medium
34.25,-118.56,1,5,other,0.6,0.5004024447610513,property,0.7641,False,0.1371,0.7641,0.0987,9.9,LA,medium
34.25,-118.56,2,10,property,0.3,0.8979457248567798,property,0.7504,True,0.1431,0.7504,0.1066,10.7,LA,medium
34.25,-118.56,3,14,violent,0.0,1.0933747175566466,property,0.7644,False,0.1371,0.7644,0.0985,9.8,LA,medium
34.25,-118.55,1,6,property,0.3333333333333333,0.6365141893815645,property,0.764,True,0.1371,0.764,0.0989,9.9,LA,medium
34.25,-118.55,2,15,property,0.0,1.0549201679861442,property,0.7641,True,0.1371,0.7641,0.0987,9.9,LA,medium
34.25,-118.55,3,7,property,0.2857142857142857,0.9556998911125343,property,0.7487,True,0.1463,0.7487,0.105,10.5,LA,medium
34.25,-118.54,0,11,other,0.18181818181818182,1.0670895187820832,property,0.7641,False,0.1371,0.7641,0.0987,9.9,LA,medium
34.25,-118.54,1,20,property,0.3,0.9972715231823841,property,0.7644,True,0.1371,0.7644,0.0984,9.8,LA,medium
34.25,-118.54,2,37,other,0.2972972972972973,1.007534155872752,property,0.7645,False,0.1372,0.7645,0.0983,9.8,LA,medium
34.25,-118.54,3,30,property,0.1,0.9433483923290392,property,0.7646,True,0.1372,0.7646,0.0983,9.8,LA,medium
34.25,-118.53,0,6,other,0.16666666666666666,1.0114042647073518,property,0.7632,False,0.1372,0.7632,0.0996,10.0,LA,medium
34.25,-118.53,1,10,property,0.2,0.6730116880595106,property,0.7573,True,0.1397,0.7573,0.103,10.3,LA,medium
34.25,-118.53,2,9,other,0.1111111111111111,1.0608569471580214,property,0.7268,False,0.1337,0.7268,0.1395,14.0,LA,medium
34.25,-118.53,3,14,violent,0.0,1.0933747175566468,property,0.7557,False,0.1361,0.7557,0.1082,10.8,LA,medium
34.25,-118.52,0,14,property,0.07142857142857142,1.060944240790747,property,0.7585,True,0.1364,0.7585,0.1051,10.5,LA,medium
34.25,-118.52,1,21,property,0.47619047619047616,0.7270013625470586,property,0.7646,True,0.1372,0.7646,0.0982,9.8,LA,medium
34.25,-118.52,2,40,property,0.125,1.0260665975598569,property,0.7639,True,0.1371,0.7639,0.099,9.9,LA,medium
34.25,-118.52,3,33,property,0.09090909090909091,0.9737518448811457,property,0.7644,True,0.1371,0.7644,0.0985,9.8,LA,medium
34.25,-118.51,0,7,property,0.2857142857142857,0.9556998911125343,property,0.7644,True,0.1371,0.7644,0.0985,9.8,LA,medium
34.25,-118.51,1,15,property,0.5333333333333333,0.7298712099831164,property,0.7618,True,0.1369,0.7618,0.1013,10.1,LA,medium
34.25,-118.51,2,22,property,0.45454545454545453,0.9075352941050092,property,0.764,True,0.1371,0.764,0.0989,9.9,LA,medium
34.25,-118.51,3,15,property,0.06666666666666667,1.0851886129676505,property,0.7644,True,0.1371,0.7644,0.0985,9.8,LA,medium
34.25,-118.5,0,3,violent,0.0,1.0986122886681096,property,0.7641,False,0.1371,0.7641,0.0988,9.9,LA,medium
34.25,-118.5,1,5,violent,0.0,1.0549201679861442,property,0.7636,False,0.1374,0.7636,0.099,9.9,LA,medium
34.25,-118.5,2,16,property,0.4375,0.7774621319109287,property,0.7638,True,0.1374,0.7638,0.0988,9.9,LA,medium
34.25,-118.5,3,14,other,0.07142857142857142,1.060944240790747,property,0.6812,False,0.1229,0.6812,0.1959,19.6,LA,medium
34.25,-118.49000000000001,0,8,violent,0.0,1.0821955300387671,property,0.7645,False,0.1372,0.7645,0.0983,9.8,LA,medium
34.25,-118.49000000000001,1,8,property,0.0,0.6931472015900639,property,0.7646,True,0.1372,0.7646,0.0983,9.8,LA,medium
34.25,-118.49000000000001,2,18,property,0.05555555555555555,1.0263306332944864,property,0.7644,True,0.1371,0.7644,0.0984,9.8,LA,medium
34.25,-118.49000000000001,3,15,property,0.13333333333333333,0.8823109245150756,property,0.7645,True,0.1372,0.7645,0.0983,9.8,LA,medium
34.25,-118.48,0,9,property,0.7777777777777778,0.34883211721746554,property,0.7635,True,0.1374,0.7635,0.0991,9.9,LA,medium
34.25,-118.48,1,6,property,0.3333333333333333,0.6365141893815645,property,0.7546,True,0.141,0.7546,0.1044,10.4,LA,medium
34.25,-118.48,2,26,other,0.07692307692307693,1.0123308391031733,property,0.7637,False,0.1372,0.7637,0.0991,9.9,LA,medium
34.25,-118.48,3,22,property,0.5,0.7088329479943613,property,0.7638,True,0.1371,0.7638,0.099,9.9,LA,medium
34.25,-118.47,0,19,property,0.21052631578947367,0.8392695557891106,property,0.7644,True,0.1372,0.7644,0.0984,9.8,LA,medium
34.25,-118.47,1,18,property,0.0,0.9649629230074277,property,0.7646,True,0.1372,0.7646,0.0983,9.8,LA,medium
34.25,-118.47,2,31,other,0.16129032258064516,1.0676208772568145,property,0.7646,False,0.1372,0.7646,0.0983,9.8,LA,medium
34.25,-118.47,3,31,property,0.12903225806451613,1.0131875083727033,property,0.7646,True,0.1372,0.7646,0.0982,9.8,LA,medium
34.25,-118.46000000000001,0,13,other,0.3076923076923077,1.0100997593541636,property,0.6877,False,0.1241,0.6877,0.1882,18.8,LA,medium
34.25,-118.46000000000001,1,7,property,0.5714285714285714,0.7963116401738131,property,0.7561,True,0.1402,0.7561,0.1037,10.4,LA,medium
34.25,-118.46000000000001,2,18,property,0.16666666666666666,1.072043343575071,property,0.7645,True,0.1372,0.7645,0.0983,9.8,LA,medium
34.25,-118.46000000000001,3,19,property,0.15789473684210525,0.9426749615639383,property,0.7644,True,0.1372,0.7644,0.0984,9.8,LA,medium
34.25,-118.45,0,16,property,0.4375,0.9214934308679616,property,0.7644,True,0.1371,0.7644,0.0984,9.8,LA,medium
34.25,-118.45,1,25,property,0.44,0.9007243623687382,property,0.7616,True,0.138,0.7616,0.1004,10.0,LA,medium
34.25,-118.45,2,29,property,0.06896551724137931,1.075361286166348,property,0.7647,True,0.1372,0.7647,0.0982,9.8,LA,medium
34.25,-118.45,3,50,property,0.4,0.8825632953798344,property,0.7646,True,0.1372,0.7646,0.0983,9.8,LA,medium
34.25,-118.44,0,23,property,0.2608695652173913,1.0217278604945916,property,0.7645,True,0.1372,0.7645,0.0983,9.8,LA,medium
34.25,-118.44,1,28,property,0.07142857142857142,1.060944240790747,property,0.7542,True,0.1416,0.7542,0.1042,10.4,LA,medium
34.25,-118.44,2,38,property,0.15789473684210525,1.0459781656993947,property,0.764,True,0.1371,0.764,0.0989,9.9,LA,medium
34.25,-118.44,3,47,property,0.1276595744680851,1.0798116499506243,property,0.7646,True,0.1372,0.7646,0.0982,9.8,LA,medium
34.25,-118.43,0,15,other,0.26666666666666666,1.0096137581740383,property,0.6775,False,0.1221,0.6775,0.2003,20.0,LA,medium
34.25,-118.43,1,22,other,0.2727272727272727,0.9949236325717752,property,0.7533,False,0.1421,0.7533,0.1046,10.5,LA,medium
34.25,-118.43,2,30,property,0.13333333333333333,1.0760342091133341,property,0.7365,True,0.1331,0.7365,0.1304,13.0,LA,medium
34.25,-118.43,3,26,property,0.15384615384615385,1.0579054247036734,property,0.7575,True,0.1365,0.7575,0.106,10.6,LA,medium
34.25,-118.42,0,27,property,0.07407407407407407,1.0820131534045054,property,0.7583,True,0.137,0.7583,0.1046,10.5,LA,medium
34.25,-118.42,1,40,property,0.15,0.9363569127838213,property,0.7562,True,0.1373,0.7562,0.1066,10.7,LA,medium
34.25,-118.42,2,65,property,0.26153846153846155,1.0008064454076917,property,0.7639,True,0.1371,0.7639,0.099,9.9,LA,medium
34.25,-118.42,3,77,property,0.14285714285714285,1.047182084685353,property,0.7646,True,0.1372,0.7646,0.0983,9.8,LA,medium
34.25,-118.41,0,17,violent,0.0,1.0950778621205006,property,0.7642,False,0.1371,0.7642,0.0986,9.9,LA,medium
34.25,-118.41,1,26,other,0.11538461538461539,1.0411315166502328,property,0.6911,False,0.1249,0.6911,0.184,18.4,LA,medium
34.25,-118.41,2,45,other,0.2,1.0428152330853555,property,0.7547,False,0.1371,0.7547,0.1082,10.8,LA,medium
34.25,-118.41,3,39,violent,0.15384615384615385,1.0579054247036734,property,0.7358,False,0.1361,0.7358,0.128,12.8,LA,medium
34.25,-118.4,0,7,other,0.2857142857142857,0.9556998911125343,property,0.7645,False,0.1372,0.7645,0.0983,9.8,LA,medium
34.25,-118.4,1,9,violent,0.0,1.0986122886681096,property,0.7646,False,0.1372,0.7646,0.0982,9.8,LA,medium
34.25,-118.4,2,21,other,0.047619047619047616,1.0466304865832219,property,0.7646,False,0.1372,0.7646,0.0982,9.8,LA,medium
34.25,-118.4,3,15,violent,0.13333333333333333,1.0437570363314084,property,0.7646,False,0.1372,0.7646,0.0983,9.8,LA,medium
34.25,-118.39,2,6,property,0.3333333333333333,0.6365141893815645,property,0.7543,True,0.1409,0.7543,0.1048,10.5,LA,medium
34.25,-118.38,0,6,property,0.6666666666666666,0.4505612301390093,property,0.7645,True,0.1372,0.7645,0.0983,9.8,LA,medium
34.25,-118.38,1,3,violent,0.3333333333333333,0.6365141893815645,property,0.7545,False,0.1413,0.7545,0.1043,10.4,LA,medium
34.25,-118.38,2,14,other,0.14285714285714285,0.992281974852574,property,0.7636,False,0.1374,0.7636,0.099,9.9,LA,medium
34.25,-118.38,3,6,property,0.16666666666666666,1.0114042647073518,property,0.7521,True,0.1402,0.7521,0.1077,10.8,LA,medium
34.25,-118.37,0,7,property,0.5714285714285714,0.7963116401738131,property,0.7645,True,0.1372,0.7645,0.0984,9.8,LA,medium
34.25,-118.37,1,7,other,0.14285714285714285,0.6829081257408294,property,0.7646,False,0.1372,0.7646,0.0982,9.8,LA,medium
34.25,-118.37,2,8,other,0.25,1.0397207708399179,property,0.7639,False,0.1371,0.7639,0.099,9.9,LA,medium
34.25,-118.37,3,8,violent,0.25,1.0397207708399179,property,0.7644,False,0.1371,0.7644,0.0985,9.8,LA,medium
34.25,-118.36,0,3,violent,0.3333333333333333,0.6365141893815645,property,0.7645,False,0.1372,0.7645,0.0983,9.8,LA,medium
34.25,-118.36,3,3,violent,1.0,4.3446531758480495e-08,property,0.7642,False,0.1371,0.7642,0.0986,9.9,LA,medium
34.25,-118.35000000000001,1,3,property,0.3333333333333333,0.6365141893815645,property,0.7647,True,0.1372,0.7647,0.0981,9.8,LA,medium
34.25,-118.32000000000001,1,4,property,0.0,0.6931472015900639,property,0.7644,True,0.1372,0.7644,0.0984,9.8,LA,medium
34.25,-118.32000000000001,2,3,other,0.3333333333333333,0.6365141893815645,property,0.7638,False,0.1374,0.7638,0.0988,9.9,LA,medium
34.25,-118.32000000000001,3,7,property,0.14285714285714285,0.6829081257408294,property,0.7644,True,0.1371,0.7644,0.0984,9.8,LA,medium
34.25,-118.31,1,4,property,0.0,0.6931472015900639,property,0.7489,True,0.1467,0.7489,0.1045,10.4,LA,medium
34.25,-118.31,2,4,property,0.5,0.5623351657797391,property,0.7639,True,0.1371,0.7639,0.099,9.9,LA,medium
34.25,-118.31,3,3,property,0.3333333333333333,0.6365141893815645,property,0.7488,True,0.1467,0.7488,0.1045,10.4,LA,medium
34.25,-118.3,0,4,other,0.25,1.0397207708399179,property,0.7488,False,0.1465,0.7488,0.1047,10.5,LA,medium
34.25,-118.3,1,7,property,0.42857142857142855,0.5982696097102536,property,0.7627,True,0.1371,0.7627,0.1003,10.0,LA,medium
34.25,-118.3,2,11,other,0.18181818181818182,0.9164648855394713,property,0.7644,False,0.1372,0.7644,0.0984,9.8,LA,medium
34.25,-118.3,3,10,violent,0.2,1.0296530140645737,property,0.7013,False,0.1268,0.7013,0.1719,17.2,LA,medium
34.25,-118.29,0,32,property,0.15625,1.0511116843665764,property,0.7644,True,0.1371,0.7644,0.0985,9.8,LA,medium
34.25,-118.29,1,37,property,0.5405405405405406,0.8133974703172686,property,0.7604,True,0.1368,0.7604,0.1028,10.3,LA,medium
34.25,-118.29,2,43,property,0.18604651162790697,1.0037324963474283,property,0.7643,True,0.1371,0.7643,0.0985,9.9,LA,medium
34.25,-118.29,3,55,property,0.16363636363636364,1.0247852224290472,property,0.7619,True,0.1369,0.7619,0.1012,10.1,LA,medium
34.25,-118.28,0,15,other,0.06666666666666667,0.990835386443849,property,0.7512,False,0.1429,0.7512,0.1059,10.6,LA,medium
34.25,-118.28,1,19,property,0.5263157894736842,0.708018976056273,property,0.7608,True,0.1369,0.7608,0.1023,10.2,LA,medium
34.25,-118.28,2,30,other,0.1,1.0681452609845679,property,0.7624,False,0.1379,0.7624,0.0997,10.0,LA,medium
34.25,-118.28,3,24,violent,0.125,1.0835291213181606,property,0.7603,False,0.1367,0.7603,0.1029,10.3,LA,medium
34.25,-118.27,0,7,property,0.42857142857142855,0.5982696097102536,property,0.7645,True,0.1372,0.7645,0.0984,9.8,LA,medium
34.25,-118.27,1,8,property,0.375,0.9002560512685369,property,0.7641,True,0.1371,0.7641,0.0988,9.9,LA,medium
34.25,-118.27,2,9,property,0.4444444444444444,0.8486855577264172,property,0.7644,True,0.1371,0.7644,0.0985,9.8,LA,medium
34.25,-118.27,3,14,property,0.0,1.0042424730540764,property,0.7638,True,0.1371,0.7638,0.099,9.9,LA,medium
34.26,-118.61,0,5,other,0.2,0.6730116880595106,property,0.7645,False,0.1372,0.7645,0.0983,9.8,LA,medium
34.26,-118.61,1,8,other,0.75,0.3767701826029325,property,0.7516,False,0.1421,0.7516,0.1063,10.6,LA,medium
34.26,-118.61,2,14,property,0.0,1.0042424730540764,property,0.7225,True,0.1312,0.7225,0.1463,14.6,LA,medium
34.26,-118.61,3,5,property,0.2,0.6730116880595105,property,0.6811,True,0.1228,0.6811,0.1961,19.6,LA,medium
34.26,-118.60000000000001,0,25,property,0.2,0.9978737678714718,property,0.7623,True,0.1369,0.7623,0.1008,10.1,LA,medium
34.26,-118.60000000000001,1,31,other,0.12903225806451613,1.0825554612899229,property,0.7593,False,0.1369,0.7593,0.1037,10.4,LA,medium
34.26,-118.60000000000001,2,43,property,0.09302325581395349,1.0786340166813146,property,0.7645,True,0.1371,0.7645,0.0984,9.8,LA,medium
34.26,-118.60000000000001,3,36,other,0.08333333333333333,1.0918384213400607,property,0.764,False,0.1371,0.764,0.0989,9.9,LA,medium
34.26,-118.59,0,11,violent,0.18181818181818182,1.0670895187820832,property,0.7644,False,0.1372,0.7644,0.0984,9.8,LA,medium
34.26,-118.59,1,15,property,0.0,1.0549201679861442,property,0.7515,True,0.1414,0.7515,0.1071,10.7,LA,medium
34.26,-118.59,2,17,other,0.058823529411764705,0.9718487712358765,property,0.7488,False,0.1464,0.7488,0.1047,10.5,LA,medium
34.26,-118.59,3,30,property,0.23333333333333334,0.9950763711943895,property,0.7636,True,0.1374,0.7636,0.099,9.9,LA,medium
34.26,-118.58,0,5,property,0.0,1.0549201679861442,property,0.7541,True,0.1405,0.7541,0.1054,10.5,LA,medium
34.26,-118.58,1,18,property,0.16666666666666666,1.072043343575071,property,0.7645,True,0.1372,0.7645,0.0984,9.8,LA,medium
34.26,-118.58,2,28,property,0.03571428571428571,1.037814604446326,property,0.7646,True,0.1372,0.7646,0.0983,9.8,LA,medium
34.26,-118.58,3,18,property,0.1111111111111111,1.0608569471580214,property,0.7424,True,0.137,0.7424,0.1207,12.1,LA,medium
34.26,-118.57000000000001,2,12,other,0.08333333333333333,1.0775563270668007,property,0.7645,False,0.1372,0.7645,0.0984,9.8,LA,medium
34.26,-118.57000000000001,3,6,other,0.6666666666666666,0.4505612301390093,property,0.7488,False,0.1463,0.7488,0.1049,10.5,LA,medium
34.26,-118.56,0,4,property,0.25,1.0397207708399179,property,0.7641,True,0.1371,0.7641,0.0988,9.9,LA,medium
34.26,-118.56,1,5,other,0.4,0.9502705392332347,property,0.7488,False,0.1467,0.7488,0.1045,10.5,LA,medium
34.26,-118.56,2,11,other,0.2727272727272727,0.9949236325717752,property,0.7488,False,0.1467,0.7488,0.1045,10.5,LA,medium
34.26,-118.56,3,11,property,0.45454545454545453,0.9075352941050092,property,0.7488,True,0.1464,0.7488,0.1048,10.5,LA,medium
34.26,-118.55,1,10,other,0.2,1.0296530140645737,property,0.7035,False,0.1293,0.7035,0.1673,16.7,LA,medium
34.26,-118.55,2,14,other,0.14285714285714285,1.0789922078775833,property,0.7644,False,0.1371,0.7644,0.0985,9.8,LA,medium
34.26,-118.55,3,10,property,0.0,0.6931472015900639,property,0.7645,True,0.1372,0.7645,0.0983,9.8,LA,medium
34.26,-118.54,0,8,violent,0.0,1.0821955300387673,property,0.7642,False,0.1371,0.7642,0.0987,9.9,LA,medium
34.26,-118.54,1,7,property,0.2857142857142857,0.9556998911125343,property,0.7642,True,0.1371,0.7642,0.0986,9.9,LA,medium
34.26,-118.54,2,22,property,0.09090909090909091,1.0361987848192837,property,0.7635,True,0.1374,0.7635,0.0991,9.9,LA,medium
34.26,-118.54,3,13,property,0.38461538461538464,0.9251290835720823,property,0.7637,True,0.1373,0.7637,0.0989,9.9,LA,medium
34.26,-118.53,0,8,property,0.5,0.562335165779739,property,0.7642,True,0.1371,0.7642,0.0987,9.9,LA,medium
34.26,-118.53,1,31,other,0.1935483870967742,0.9231061813966921,property,0.7644,False,0.1372,0.7644,0.0984,9.8,LA,medium
34.26,-118.53,2,53,property,0.20754716981132076,0.9872374707728753,property,0.7645,True,0.1372,0.7645,0.0984,9.8,LA,medium
34.26,-118.53,3,38,property,0.3157894736842105,0.9969144565248977,property,0.7646,True,0.1372,0.7646,0.0983,9.8,LA,medium
34.26,-118.52,0,19,violent,0.10526315789473684,1.0132690262497301,property,0.7645,False,0.1372,0.7645,0.0983,9.8,LA,medium
34.26,-118.52,1,27,property,0.14814814814814814,0.8144442357333948,property,0.7646,True,0.1372,0.7646,0.0983,9.8,LA,medium
34.26,-118.52,2,41,other,0.1951219512195122,1.0086773378609164,property,0.7642,False,0.1371,0.7642,0.0986,9.9,LA,medium
34.26,-118.52,3,33,property,0.12121212121212122,1.0535084081118615,property,0.7642,True,0.1371,0.7642,0.0987,9.9,LA,medium
34.26,-118.51,0,8,violent,0.0,1.0821955300387673,property,0.7644,False,0.1372,0.7644,0.0984,9.8,LA,medium
34.26,-118.51,1,13,property,0.3076923076923077,0.8587409130062869,property,0.7492,True,0.1463,0.7492,0.1045,10.5,LA,medium
34.26,-118.51,2,11,other,0.2727272727272727,0.6554817949691769,property,0.7504,False,0.1388,0.7504,0.1108,11.1,LA,medium
34.26,-118.51,3,18,property,0.2222222222222222,0.936888307539016,property,0.7645,True,0.1372,0.7645,0.0983,9.8,LA,medium
34.26,-118.5,0,38,violent,0.0,1.087074155537762,property,0.7642,False,0.1371,0.7642,0.0987,9.9,LA,medium
34.26,-118.5,1,29,property,0.0,1.0785004146433244,property,0.7644,True,0.1372,0.7644,0.0984,9.8,LA,medium
34.26,-118.5,2,65,property,0.15384615384615385,1.0579054247036734,property,0.762,True,0.1369,0.762,0.1011,10.1,LA,medium
34.26,-118.5,3,64,property,0.0625,1.0896087324842365,property,0.7643,True,0.1371,0.7643,0.0986,9.9,LA,medium
34.26,-118.49000000000001,0,15,property,0.06666666666666667,1.0851886129676505,property,0.7646,True,0.1372,0.7646,0.0983,9.8,LA,medium
34.26,-118.49000000000001,1,9,property,0.5555555555555556,0.5297062202512142,property,0.755,True,0.141,0.755,0.1039,10.4,LA,medium
34.26,-118.49000000000001,2,16,property,0.375,0.9002560512685369,property,0.7522,True,0.1414,0.7522,0.1064,10.6,LA,medium
34.26,-118.49000000000001,3,29,property,0.0,1.0785004146433244,property,0.7645,True,0.1372,0.7645,0.0983,9.8,LA,medium
34.26,-118.48,0,16,property,0.5,0.8314025204956377,property,0.7643,True,0.1371,0.7643,0.0985,9.9,LA,medium
34.26,-118.48,1,12,property,0.08333333333333333,1.0775563270668007,property,0.7555,True,0.1403,0.7555,0.1042,10.4,LA,medium
34.26,-118.48,2,36,property,0.1111111111111111,1.0608569471580214,property,0.7643,True,0.1371,0.7643,0.0986,9.9,LA,medium
34.26,-118.48,3,33,property,0.42424242424242425,0.8318317077293298,property,0.7645,True,0.1372,0.7645,0.0983,9.8,LA,medium
34.26,-118.47,0,19,other,0.05263157894736842,0.9551311954514641,property,0.7495,False,0.1452,0.7495,0.1053,10.5,LA,medium
34.26,-118.47,1,34,property,0.2647058823529412,1.013916881041334,property,0.7645,True,0.1372,0.7645,0.0983,9.8,LA,medium
34.26,-118.47,2,66,property,0.36363636363636365,0.9329509745971164,property,0.7646,True,0.1372,0.7646,0.0983,9.8,LA,medium
34.26,-118.47,3,56,property,0.2857142857142857,0.9878479892081289,property,0.7645,True,0.1371,0.7645,0.0984,9.8,LA,medium
34.26,-118.46000000000001,0,12,property,0.0,1.0281838593329258,property,0.7488,True,0.1467,0.7488,0.1045,10.4,LA,medium
34.26,-118.46000000000001,1,11,property,0.2727272727272727,0.9949236325717751,property,0.7502,True,0.1451,0.7502,0.1048,10.5,LA,medium
34.26,-118.46000000000001,2,26,other,0.11538461538461539,0.9632492517543758,property,0.7491,False,0.1462,0.7491,0.1047,10.5,LA,medium
34.26,-118.46000000000001,3,24,property,0.2916666666666667,1.0054668293254951,property,0.7588,True,0.1373,0.7588,0.1039,10.4,LA,medium
34.26,-118.45,0,11,property,0.18181818181818182,0.9164648855394713,property,0.7644,True,0.1372,0.7644,0.0984,9.8,LA,medium
34.26,-118.45,1,7,property,0.42857142857142855,0.5982696097102536,property,0.7647,True,0.1372,0.7647,0.0981,9.8,LA,medium
34.26,-118.45,2,12,property,0.25,0.887694275799104,property,0.7574,True,0.1396,0.7574,0.1031,10.3,LA,medium
34.26,-118.45,3,18,property,0.2222222222222222,0.936888307539016,property,0.7646,True,0.1372,0.7646,0.0982,9.8,LA,medium
34.26,-118.44,0,25,other,0.24,1.0183597347658937,property,0.7209,False,0.1311,0.7209,0.148,14.8,LA,medium
34.26,-118.44,1,22,other,0.18181818181818182,1.0670895187820832,property,0.7497,False,0.1389,0.7497,0.1114,11.1,LA,medium
34.26,-118.44,2,34,violent,0.11764705882352941,1.066562484888105,property,0.7555,False,0.1375,0.7555,0.107,10.7,LA,medium
34.26,-118.44,3,40,other,0.075,1.0321590615626535,property,0.7537,False,0.1372,0.7537,0.1091,10.9,LA,medium
34.26,-118.43,0,28,violent,0.25,0.9999375490272633,property,0.749,False,0.1463,0.749,0.1048,10.5,LA,medium
34.26,-118.43,1,23,violent,0.0,1.0660493483542606,property,0.749,False,0.1463,0.749,0.1048,10.5,LA,medium
34.26,-118.43,2,40,property,0.0,1.0960673284468552,property,0.6801,True,0.1226,0.6801,0.1973,19.7,LA,medium
34.26,-118.43,3,53,violent,0.18867924528301888,1.037296110812931,property,0.6773,False,0.122,0.6773,0.2006,20.1,LA,medium
34.26,-118.42,0,21,other,0.23809523809523808,1.012494711026758,property,0.6799,False,0.1226,0.6799,0.1976,19.8,LA,medium
34.26,-118.42,1,33,property,0.12121212121212122,1.0535084081118615,property,0.7515,True,0.1388,0.7515,0.1097,11.0,LA,medium
34.26,-118.42,2,38,property,0.0,1.097913446793334,property,0.7481,True,0.1378,0.7481,0.1141,11.4,LA,medium
34.26,-118.42,3,55,violent,0.14545454545454545,1.0416231919329877,property,0.7571,False,0.1365,0.7571,0.1064,10.6,LA,medium
34.26,-118.41,0,7,property,0.2857142857142857,0.9556998911125343,property,0.7471,True,0.1426,0.7471,0.1103,11.0,LA,medium
34.26,-118.41,1,19,property,0.3157894736842105,0.9591824302739718,property,0.7384,True,0.1333,0.7384,0.1283,12.8,LA,medium
34.26,-118.41,2,21,property,0.19047619047619047,0.9829007277151564,property,0.7491,True,0.1458,0.7491,0.105,10.5,LA,medium
34.26,-118.41,3,30,other,0.23333333333333334,1.0386088352168543,property,0.7364,False,0.1363,0.7364,0.1273,12.7,LA,medium
34.26,-118.4,0,26,property,0.34615384615384615,0.9727696382494828,property,0.6812,True,0.1228,0.6812,0.196,19.6,LA,medium
34.26,-118.4,1,24,property,0.5,0.8675632284814613,property,0.7647,True,0.1372,0.7647,0.0981,9.8,LA,medium
34.26,-118.4,2,30,violent,0.26666666666666666,0.951703198680115,property,0.7647,False,0.1372,0.7647,0.0982,9.8,LA,medium
34.26,-118.4,3,26,property,0.2692307692307692,1.003659491091816,property,0.761,True,0.1368,0.761,0.1022,10.2,LA,medium
34.26,-118.39,3,4,property,0.5,0.5623351657797391,property,0.7645,True,0.1372,0.7645,0.0984,9.8,LA,medium
34.26,-118.36,2,4,other,0.25,1.0397207708399179,property,0.6782,False,0.1222,0.6782,0.1996,20.0,LA,medium
34.26,-118.34,1,10,other,0.4,0.6108643231672951,property,0.7645,False,0.1372,0.7645,0.0984,9.8,LA,medium
34.26,-118.34,2,11,property,0.0,1.0900596587107838,property,0.7606,True,0.1382,0.7606,0.1012,10.1,LA,medium
34.26,-118.34,3,4,property,0.0,0.6931472015900639,property,0.7637,True,0.1374,0.7637,0.0989,9.9,LA,medium
34.26,-118.33,0,3,other,0.3333333333333333,0.6365141893815645,property,0.7645,False,0.1372,0.7645,0.0983,9.8,LA,medium
34.26,-118.33,1,6,property,0.6666666666666666,0.4505612301390093,property,0.7643,True,0.1371,0.7643,0.0986,9.9,LA,medium
34.26,-118.33,2,11,property,0.8181818181818182,0.3046361187678678,property,0.7642,True,0.1371,0.7642,0.0987,9.9,LA,medium
34.26,-118.33,3,12,property,0.0,0.6931472015900639,property,0.7642,True,0.1371,0.7642,0.0987,9.9,LA,medium
34.26,-118.32000000000001,0,30,property,0.26666666666666666,0.951703198680115,property,0.7647,True,0.1372,0.7647,0.0981,9.8,LA,medium
34.26,-118.32000000000001,1,30,property,0.2,1.0296530140645737,property,0.7473,True,0.1425,0.7473,0.1102,11.0,LA,medium
34.26,-118.32000000000001,2,31,property,0.3548387096774194,0.9695156076823563,property,0.7646,True,0.1372,0.7646,0.0983,9.8,LA,medium
34.26,-118.32000000000001,3,31,property,0.16129032258064516,1.0676208772568145,property,0.7646,True,0.1372,0.7646,0.0983,9.8,LA,medium
34.26,-118.31,0,26,property,0.07692307692307693,1.0123308391031733,property,0.7646,True,0.1372,0.7646,0.0982,9.8,LA,medium
34.26,-118.31,1,26,other,0.23076923076923078,1.0382400185693474,property,0.7561,False,0.1402,0.7561,0.1037,10.4,LA,medium
34.26,-118.31,2,40,violent,0.0,1.0821955300387671,property,0.759,False,0.1373,0.759,0.1037,10.4,LA,medium
34.26,-118.31,3,36,property,0.1111111111111111,1.0828674954767856,property,0.764,True,0.1373,0.764,0.0987,9.9,LA,medium
34.26,-118.3,0,12,property,0.5,0.5623351657797391,property,0.7644,True,0.1371,0.7644,0.0985,9.8,LA,medium
34.26,-118.3,1,25,property,0.16,0.9622678365069894,property,0.7492,True,0.1375,0.7492,0.1133,11.3,LA,medium
34.26,-118.3,2,25,property,0.2,0.9978737678714718,property,0.7646,True,0.1372,0.7646,0.0983,9.8,LA,medium
34.26,-118.3,3,20,property,0.4,0.8568409950394724,property,0.7637,True,0.1375,0.7637,0.0988,9.9,LA,medium
34.26,-118.29,0,8,other,0.125,0.9743147528693494,property,0.7641,False,0.1371,0.7641,0.0988,9.9,LA,medium
34.26,-118.29,1,22,property,0.3181818181818182,1.0040761387311792,property,0.7645,True,0.1372,0.7645,0.0983,9.8,LA,medium
34.26,-118.29,2,25,property,0.32,0.9890938651821026,property,0.7644,True,0.1371,0.7644,0.0984,9.8,LA,medium
34.26,-118.29,3,19,property,0.10526315789473684,1.0795295733255184,property,0.7642,True,0.1371,0.7642,0.0986,9.9,LA,medium
34.26,-118.28,0,3,violent,0.0,1.0986122886681096,property,0.749,False,0.1463,0.749,0.1047,10.5,LA,medium
34.26,-118.28,2,5,property,0.2,0.6730116880595105,property,0.7603,True,0.1381,0.7603,0.1016,10.2,LA,medium
34.26,-118.28,3,4,other,0.25,1.0397207708399179,property,0.7642,False,0.1371,0.7642,0.0986,9.9,LA,medium
34.27,-118.62,2,7,violent,0.14285714285714285,1.0789922078775833,property,0.7641,False,0.1371,0.7641,0.0988,9.9,LA,medium
34.27,-118.62,3,5,property,0.4,0.9502705392332347,property,0.764,True,0.1371,0.764,0.0989,9.9,LA,medium
34.27,-118.60000000000001,0,3,other,0.3333333333333333,0.6365141893815645,property,0.7646,False,0.1372,0.7646,0.0982,9.8,LA,medium
34.27,-118.60000000000001,1,4,other,0.5,0.5623351657797391,property,0.7574,False,0.1396,0.7574,0.1031,10.3,LA,medium
34.27,-118.60000000000001,2,7,property,0.7142857142857143,0.4101163396015584,property,0.7644,True,0.1371,0.7644,0.0985,9.8,LA,medium
34.27,-118.60000000000001,3,3,violent,0.3333333333333333,0.6365141893815645,property,0.7539,False,0.1408,0.7539,0.1053,10.5,LA,medium
34.27,-118.59,0,4,property,0.0,0.6931472015900639,property,0.7599,True,0.1368,0.7599,0.1033,10.3,LA,medium
34.27,-118.59,1,4,other,0.25,1.0397207708399179,property,0.7645,False,0.1372,0.7645,0.0984,9.8,LA,medium
34.27,-118.59,2,10,property,0.0,0.6931472015900639,property,0.7645,True,0.1372,0.7645,0.0983,9.8,LA,medium
34.27,-118.59,3,11,property,0.09090909090909091,1.0361987848192837,property,0.7645,True,0.1372,0.7645,0.0983,9.8,LA,medium
34.27,-118.58,0,4,property,0.0,0.6931472015900639,property,0.7642,True,0.1371,0.7642,0.0987,9.9,LA,medium
34.27,-118.58,1,10,property,0.4,0.9502705392332347,property,0.7646,True,0.1372,0.7646,0.0983,9.8,LA,medium
34.27,-118.58,2,27,property,0.18518518518518517,0.8872110027601254,property,0.761,True,0.1381,0.761,0.101,10.1,LA,medium
34.27,-118.58,3,28,property,0.21428571428571427,0.8760057656431737,property,0.7644,True,0.1371,0.7644,0.0985,9.8,LA,medium
34.27,-118.56,0,8,other,0.125,0.9743147528693494,property,0.7488,False,0.1465,0.7488,0.1047,10.5,LA,medium
34.27,-118.56,1,6,other,0.3333333333333333,0.6365141893815645,property,0.7645,False,0.1372,0.7645,0.0983,9.8,LA,medium
34.27,-118.56,2,17,property,0.17647058823529413,1.0551016181686426,property,0.7645,True,0.1372,0.7645,0.0983,9.8,LA,medium
34.27,-118.56,3,18,property,0.3333333333333333,0.9950269901795212,property,0.7641,True,0.1371,0.7641,0.0987,9.9,LA,medium
34.27,-118.55,1,5,violent,0.0,1.0549201679861442,property,0.7645,False,0.1372,0.7645,0.0984,9.8,LA,medium
34.27,-118.55,2,17,property,0.29411764705882354,0.923840705630872,property,0.7639,True,0.1371,0.7639,0.099,9.9,LA,medium
34.27,-118.55,3,7,property,0.7142857142857143,0.4101163396015586,property,0.7642,True,0.1371,0.7642,0.0987,9.9,LA,medium
34.27,-118.54,0,4,property,0.0,0.6931472015900639,property,0.7643,True,0.1371,0.7643,0.0985,9.9,LA,medium
34.27,-118.54,1,12,property,0.0,0.6931472015900639,property,0.7644,True,0.1371,0.7644,0.0985,9.8,LA,medium
34.27,-118.54,2,7,property,0.14285714285714285,0.6829081257408294,property,0.7644,True,0.1371,0.7644,0.0985,9.8,LA,medium
34.27,-118.54,3,11,other,0.36363636363636365,0.8599672810355049,property,0.7643,False,0.1371,0.7643,0.0986,9.9,LA,medium
34.27,-118.53,0,9,violent,0.3333333333333333,0.9950269901795212,property,0.7645,False,0.1372,0.7645,0.0984,9.8,LA,medium
34.27,-118.53,1,12,violent,0.0,1.0281838593329258,property,0.7643,False,0.1371,0.7643,0.0985,9.9,LA,medium
34.27,-118.53,2,12,other,0.16666666666666666,1.0114042647073518,property,0.7645,False,0.1372,0.7645,0.0983,9.8,LA,medium
34.27,-118.53,3,15,property,0.06666666666666667,1.0851886129676505,property,0.7645,True,0.1372,0.7645,0.0983,9.8,LA,medium
34.27,-118.52,0,8,other,0.125,0.9743147528693494,property,0.7543,False,0.1404,0.7543,0.1053,10.5,LA,medium
34.27,-118.52,1,8,property,0.125,0.9743147528693494,property,0.7646,True,0.1372,0.7646,0.0982,9.8,LA,medium
34.27,-118.52,2,25,property,0.36,0.6268694786688227,property,0.7642,True,0.1371,0.7642,0.0987,9.9,LA,medium
34.27,-118.52,3,20,property,0.3,0.8979457248567798,property,0.7596,True,0.1367,0.7596,0.1038,10.4,LA,medium
34.27,-118.51,0,12,property,0.0,1.0281838593329258,property,0.7643,True,0.1371,0.7643,0.0985,9.9,LA,medium
34.27,-118.51,1,9,other,0.1111111111111111,1.0608569471580214,property,0.7638,False,0.1371,0.7638,0.0991,9.9,LA,medium
34.27,-118.51,2,48,other,0.020833333333333332,1.0973093562969467,property,0.7643,False,0.1371,0.7643,0.0985,9.9,LA,medium
34.27,-118.51,3,30,property,0.43333333333333335,0.7155139308078031,property,0.7643,True,0.1371,0.7643,0.0986,9.9,LA,medium
34.27,-118.5,0,17,property,0.35294117647058826,0.9586918593253719,property,0.7599,True,0.1367,0.7599,0.1034,10.3,LA,medium
34.27,-118.5,1,29,property,0.5172413793103449,0.7441295414112981,property,0.7642,True,0.1371,0.7642,0.0986,9.9,LA,medium
34.27,-118.5,2,34,property,0.029411764705882353,1.0870004469549273,property,0.7645,True,0.1372,0.7645,0.0984,9.8,LA,medium
34.27,-118.5,3,23,property,0.34782608695652173,0.985984617175194,property,0.7602,True,0.1367,0.7602,0.1031,10.3,LA,medium
34.27,-118.49000000000001,0,10,property,0.4,0.9502705392332347,property,0.7595,True,0.1383,0.7595,0.1022,10.2,LA,medium
34.27,-118.49000000000001,1,10,property,0.1,1.0888999753452238,property,0.7642,True,0.1371,0.7642,0.0987,9.9,LA,medium
34.27,-118.49000000000001,2,30,property,0.0,1.0882231038287273,property,0.7563,True,0.14,0.7563,0.1037,10.4,LA,medium
34.27,-118.49000000000001,3,24,property,0.08333333333333333,1.024010220294295,property,0.7645,True,0.1372,0.7645,0.0983,9.8,LA,medium
34.27,-118.48,0,9,violent,0.1111111111111111,1.0608569471580214,property,0.7641,False,0.1371,0.7641,0.0988,9.9,LA,medium
34.27,-118.48,1,12,other,0.08333333333333333,1.0775563270668007,property,0.7534,False,0.1412,0.7534,0.1054,10.5,LA,medium
34.27,-118.48,2,12,property,0.25,1.0397207708399179,property,0.7637,True,0.1371,0.7637,0.0992,9.9,LA,medium
34.27,-118.48,3,21,property,0.23809523809523808,1.012494711026758,property,0.7644,True,0.1371,0.7644,0.0985,9.8,LA,medium
34.27,-118.47,0,6,violent,0.0,1.0986122886681096,property,0.7336,False,0.1364,0.7336,0.13,13.0,LA,medium
34.27,-118.47,1,17,other,0.17647058823529413,0.9560443809671457,property,0.7643,False,0.1371,0.7643,0.0985,9.9,LA,medium
34.27,-118.47,2,24,other,0.2916666666666667,0.933720058514398,property,0.7455,False,0.1411,0.7455,0.1134,11.3,LA,medium
34.27,-118.47,3,21,other,0.047619047619047616,1.0917862380951273,property,0.7578,False,0.1366,0.7578,0.1057,10.6,LA,medium
34.27,-118.46000000000001,0,5,property,0.0,1.0549201679861442,property,0.7644,True,0.1372,0.7644,0.0984,9.8,LA,medium
34.27,-118.46000000000001,1,9,property,0.0,0.9649629230074277,property,0.7643,True,0.1371,0.7643,0.0985,9.9,LA,medium
34.27,-118.46000000000001,2,10,other,0.1,0.9433483923290393,property,0.7646,False,0.1372,0.7646,0.0982,9.8,LA,medium
34.27,-118.46000000000001,3,12,violent,0.25,1.0397207708399179,property,0.7464,False,0.1383,0.7464,0.1153,11.5,LA,medium
34.27,-118.45,0,15,violent,0.06666666666666667,1.0851886129676505,property,0.7645,False,0.1372,0.7645,0.0984,9.8,LA,medium
34.27,-118.45,1,13,other,0.3076923076923077,1.0100997593541636,property,0.7489,False,0.1467,0.7489,0.1044,10.4,LA,medium
34.27,-118.45,2,17,property,0.0,1.0950778621205006,property,0.7645,True,0.1372,0.7645,0.0983,9.8,LA,medium
34.27,-118.45,3,15,other,0.06666666666666667,1.0851886129676505,property,0.7231,False,0.1309,0.7231,0.146,14.6,LA,medium
34.27,-118.44,0,6,violent,0.0,0.6931472015900639,property,0.6792,False,0.1225,0.6792,0.1983,19.8,LA,medium
34.27,-118.44,1,15,other,0.06666666666666667,0.990835386443849,property,0.7603,False,0.1368,0.7603,0.1029,10.3,LA,medium
34.27,-118.44,2,13,property,0.07692307692307693,1.0928305535284886,property,0.68,True,0.1226,0.68,0.1974,19.7,LA,medium
34.27,-118.44,3,26,property,0.038461538461538464,1.088010262277112,property,0.7604,True,0.1367,0.7604,0.1029,10.3,LA,medium
34.27,-118.43,0,28,violent,0.10714285714285714,1.0315837194926705,property,0.6899,False,0.1249,0.6899,0.1853,18.5,LA,medium
34.27,-118.43,1,42,property,0.14285714285714285,1.0635140663523492,property,0.757,True,0.1367,0.757,0.1063,10.6,LA,medium
34.27,-118.43,2,65,property,0.23076923076923078,1.0304142885858152,property,0.7646,True,0.1372,0.7646,0.0982,9.8,LA,medium
34.27,-118.43,3,61,property,0.18032786885245902,1.0645169348340018,property,0.7606,True,0.1367,0.7606,0.1028,10.3,LA,medium
34.27,-118.42,0,28,violent,0.07142857142857142,1.0012628283087175,property,0.6778,False,0.1222,0.6778,0.2,20.0,LA,medium
34.27,-118.42,1,45,property,0.022222222222222223,1.0878863519425825,property,0.736,True,0.1371,0.736,0.1268,12.7,LA,medium
34.27,-118.42,2,64,violent,0.078125,1.071206796288844,property,0.6973,False,0.1263,0.6973,0.1765,17.6,LA,medium
34.27,-118.42,3,75,violent,0.17333333333333334,1.0579306766277319,property,0.6778,False,0.1221,0.6778,0.2,20.0,LA,medium
34.27,-118.41,0,17,property,0.11764705882352941,1.0283941667143721,property,0.6763,True,0.1218,0.6763,0.2019,20.2,LA,medium
34.27,-118.41,1,30,property,0.16666666666666666,1.0564242198612623,property,0.7604,True,0.1368,0.7604,0.1029,10.3,LA,medium
34.27,-118.41,2,56,other,0.21428571428571427,1.0511525654982983,property,0.7604,False,0.137,0.7604,0.1026,10.3,LA,medium
34.27,-118.41,3,49,violent,0.16326530612244897,1.0263155495348477,property,0.7529,False,0.1367,0.7529,0.1104,11.0,LA,medium
34.27,-118.4,0,8,property,0.5,0.562335165779739,property,0.7639,True,0.1371,0.7639,0.0989,9.9,LA,medium
34.27,-118.4,1,12,other,0.08333333333333333,0.9184277849930977,property,0.7638,False,0.1371,0.7638,0.0991,9.9,LA,medium
34.27,-118.4,2,32,other,0.09375,1.0612039759627612,property,0.7644,False,0.1371,0.7644,0.0985,9.8,LA,medium
34.27,-118.4,3,34,property,0.14705882352941177,0.9960459302460973,property,0.7641,True,0.1371,0.7641,0.0988,9.9,LA,medium
34.27,-118.39,0,5,property,0.0,1.0549201679861442,property,0.6765,True,0.1219,0.6765,0.2016,20.2,LA,medium
34.27,-118.39,1,10,property,0.2,1.0296530140645737,property,0.7605,True,0.1385,0.7605,0.1009,10.1,LA,medium
34.27,-118.39,2,21,violent,0.19047619047619047,0.9829007277151565,property,0.7594,False,0.1371,0.7594,0.1035,10.3,LA,medium
34.27,-118.39,3,15,violent,0.4,0.8033149761408755,property,0.6782,False,0.1222,0.6782,0.1996,20.0,LA,medium
34.27,-118.37,2,3,property,0.3333333333333333,0.6365141893815645,property,0.7644,True,0.1371,0.7644,0.0985,9.8,LA,medium
34.27,-118.37,3,4,violent,0.25,1.0397207708399179,property,0.7644,False,0.1371,0.7644,0.0985,9.8,LA,medium
34.27,-118.36,1,3,violent,0.0,1.0986122886681096,property,0.764,False,0.1371,0.764,0.0989,9.9,LA,medium
34.27,-118.35000000000001,3,3,other,0.3333333333333333,0.6365141893815645,property,0.7646,False,0.1372,0.7646,0.0982,9.8,LA,medium
34.27,-118.32000000000001,0,4,property,0.0,0.6931472015900639,property,0.6769,True,0.1219,0.6769,0.2011,20.1,LA,medium
34.27,-118.32000000000001,1,8,property,0.75,0.3767701826029325,property,0.7644,True,0.1371,0.7644,0.0985,9.8,LA,medium
34.27,-118.32000000000001,2,22,property,0.22727272727272727,0.9666748303197918,property,0.7487,True,0.1458,0.7487,0.1055,10.6,LA,medium
34.27,-118.32000000000001,3,14,other,0.14285714285714285,0.992281974852574,property,0.6787,False,0.1223,0.6787,0.199,19.9,LA,medium
34.27,-118.31,0,5,property,0.2,0.6730116880595106,property,0.7644,True,0.1371,0.7644,0.0985,9.8,LA,medium
34.27,-118.31,1,7,other,0.14285714285714285,0.6829081257408294,property,0.7542,False,0.1415,0.7542,0.1043,10.4,LA,medium
34.27,-118.31,2,11,property,0.18181818181818182,0.9164648855394713,property,0.7644,True,0.1371,0.7644,0.0984,9.8,LA,medium
34.27,-118.31,3,14,property,0.14285714285714285,0.9922819748525739,property,0.7645,True,0.1372,0.7645,0.0983,9.8,LA,medium
34.27,-118.3,0,3,other,0.3333333333333333,0.6365141893815645,property,0.7149,False,0.1295,0.7149,0.1556,15.6,LA,medium
34.27,-118.3,1,7,property,0.2857142857142857,0.9556998911125343,property,0.6932,True,0.1255,0.6932,0.1812,18.1,LA,medium
34.27,-118.3,2,8,violent,0.0,1.0821955300387673,property,0.7508,False,0.1446,0.7508,0.1046,10.5,LA,medium
34.27,-118.3,3,7,other,0.5714285714285714,0.796311640173813,property,0.7487,False,0.1466,0.7487,0.1047,10.5,LA,medium
34.27,-118.29,2,8,property,0.5,0.5623351657797391,property,0.7447,True,0.1343,0.7447,0.121,12.1,LA,medium
34.27,-118.29,3,5,property,0.0,1.0549201679861442,property,0.7645,True,0.1372,0.7645,0.0984,9.8,LA,medium
34.28,-118.59,1,3,other,0.3333333333333333,0.6365141893815645,property,0.7487,False,0.1467,0.7487,0.1046,10.5,LA,medium
34.28,-118.59,3,3,violent,0.3333333333333333,0.6365141893815645,property,0.7642,False,0.1371,0.7642,0.0987,9.9,LA,medium
34.28,-118.58,1,10,other,0.1,0.9433483923290393,property,0.7598,False,0.1368,0.7598,0.1034,10.3,LA,medium
34.28,-118.58,2,10,property,0.5,0.8018185525433373,property,0.7642,True,0.1371,0.7642,0.0986,9.9,LA,medium
34.28,-118.58,3,11,property,0.18181818181818182,1.0670895187820832,property,0.7641,True,0.1371,0.7641,0.0987,9.9,LA,medium
34.28,-118.57000000000001,0,10,property,0.3,0.8979457248567798,property,0.7611,True,0.138,0.7611,0.1009,10.1,LA,medium
34.28,-118.57000000000001,1,17,property,0.5294117647058824,0.8037421073162029,property,0.7637,True,0.1374,0.7637,0.0989,9.9,LA,medium
34.28,-118.57000000000001,2,56,property,0.0,1.0042424730540764,property,0.7639,True,0.1371,0.7639,0.099,9.9,LA,medium
34.28,-118.57000000000001,3,39,property,0.10256410256410256,1.0851732524354265,property,0.7645,True,0.1372,0.7645,0.0983,9.8,LA,medium
34.28,-118.56,1,6,property,0.3333333333333333,0.6365141893815645,property,0.7536,True,0.1403,0.7536,0.1061,10.6,LA,medium
34.28,-118.56,2,4,property,0.25,1.0397207708399179,property,0.7641,True,0.1371,0.7641,0.0988,9.9,LA,medium
34.28,-118.56,3,5,property,0.4,0.9502705392332347,property,0.7641,True,0.1371,0.7641,0.0988,9.9,LA,medium
34.28,-118.55,0,9,property,0.3333333333333333,0.6365141893815645,property,0.7641,True,0.1371,0.7641,0.0988,9.9,LA,medium
34.28,-118.55,1,11,property,0.2727272727272727,0.6554817949691769,property,0.7487,True,0.1466,0.7487,0.1047,10.5,LA,medium
34.28,-118.55,2,16,property,0.3125,0.8305236914828463,property,0.7643,True,0.1371,0.7643,0.0985,9.9,LA,medium
34.28,-118.55,3,15,property,0.3333333333333333,0.6365141893815645,property,0.7643,True,0.1371,0.7643,0.0986,9.9,LA,medium
34.28,-118.54,0,9,other,0.1111111111111111,1.0608569471580214,property,0.7489,False,0.1457,0.7489,0.1053,10.5,LA,medium
34.28,-118.54,1,6,other,0.16666666666666666,1.0114042647073518,property,0.7552,False,0.1399,0.7552,0.1049,10.5,LA,medium
34.28,-118.54,2,11,property,0.2727272727272727,0.9949236325717752,property,0.752,True,0.1408,0.752,0.1072,10.7,LA,medium
34.28,-118.54,3,15,property,0.3333333333333333,0.6365141893815645,property,0.7642,True,0.1371,0.7642,0.0986,9.9,LA,medium
34.28,-118.53,1,5,property,0.6,0.5004024447610513,property,0.764,True,0.1371,0.764,0.0988,9.9,LA,medium
34.28,-118.53,2,7,property,0.14285714285714285,1.0789922078775833,property,0.7488,True,0.1463,0.7488,0.1049,10.5,LA,medium
34.28,-118.53,3,7,property,0.42857142857142855,0.5982696097102534,property,0.7637,True,0.1374,0.7637,0.0989,9.9,LA,medium
34.28,-118.52,1,7,property,0.14285714285714285,1.0789922078775833,property,0.7488,True,0.1465,0.7488,0.1047,10.5,LA,medium
34.28,-118.52,2,3,violent,0.3333333333333333,0.6365141893815645,property,0.7642,False,0.1371,0.7642,0.0986,9.9,LA,medium
34.28,-118.52,3,3,property,0.3333333333333333,0.6365141893815645,property,0.7642,True,0.1371,0.7642,0.0987,9.9,LA,medium
34.28,-118.51,1,29,property,0.7241379310344828,0.40118988350908164,property,0.7641,True,0.1371,0.7641,0.0987,9.9,LA,medium
34.28,-118.51,2,69,property,0.8260869565217391,0.3889497539293454,property,0.7642,True,0.1371,0.7642,0.0987,9.9,LA,medium
34.28,-118.51,3,68,property,0.7941176470588235,0.4283676329729558,property,0.7642,True,0.1371,0.7642,0.0987,9.9,LA,medium
34.28,-118.5,0,7,other,0.14285714285714285,1.0789922078775833,property,0.6797,False,0.1226,0.6797,0.1978,19.8,LA,medium
34.28,-118.5,1,17,property,0.058823529411764705,0.9718487712358767,property,0.7535,True,0.1413,0.7535,0.1052,10.5,LA,medium
34.28,-118.5,2,21,property,0.19047619047619047,0.9829007277151564,property,0.7629,True,0.1373,0.7629,0.0998,10.0,LA,medium
34.28,-118.5,3,27,property,0.037037037037037035,1.0944885526930284,property,0.7072,True,0.1286,0.7072,0.1642,16.4,LA,medium
34.28,-118.49000000000001,0,8,violent,0.0,0.6931472015900639,property,0.7551,False,0.1404,0.7551,0.1045,10.5,LA,medium
34.28,-118.49000000000001,1,22,property,0.3181818181818182,1.0040761387311792,property,0.7646,True,0.1372,0.7646,0.0982,9.8,LA,medium
34.28,-118.49000000000001,2,21,property,0.2857142857142857,1.0220830508128003,property,0.7645,True,0.1372,0.7645,0.0983,9.8,LA,medium
34.28,-118.49000000000001,3,11,property,0.7272727272727273,0.6001660731596457,property,0.7484,True,0.1462,0.7484,0.1054,10.5,LA,medium
34.28,-118.48,1,5,property,0.2,0.6730116880595106,property,0.749,True,0.1464,0.749,0.1046,10.5,LA,medium
34.28,-118.48,2,21,property,0.19047619047619047,0.9829007277151565,property,0.7537,True,0.141,0.7537,0.1052,10.5,LA,medium
34.28,-118.48,3,21,other,0.2857142857142857,0.9556998911125343,property,0.7642,False,0.1371,0.7642,0.0987,9.9,LA,medium
34.28,-118.47,0,9,other,0.3333333333333333,0.6365141893815645,property,0.7639,False,0.1371,0.7639,0.0989,9.9,LA,medium
34.28,-118.47,1,14,violent,0.0,1.0933747175566468,property,0.7645,False,0.1372,0.7645,0.0984,9.8,LA,medium
34.28,-118.47,2,24,property,0.041666666666666664,1.0933903064791184,property,0.7645,True,0.1372,0.7645,0.0983,9.8,LA,medium
34.28,-118.47,3,15,property,0.26666666666666666,0.8532361505557784,property,0.7647,True,0.1372,0.7647,0.0982,9.8,LA,medium
34.28,-118.46000000000001,0,4,violent,0.0,0.6931472015900639,property,0.7238,False,0.1312,0.7238,0.145,14.5,LA,medium
34.28,-118.46000000000001,1,12,other,0.3333333333333333,0.9596147939120492,property,0.68,False,0.1227,0.68,0.1974,19.7,LA,medium
34.28,-118.46000000000001,2,9,violent,0.1111111111111111,1.0608569471580214,property,0.7488,False,0.1456,0.7488,0.1056,10.6,LA,medium
34.28,-118.46000000000001,3,10,violent,0.0,0.6931472015900639,property,0.7645,False,0.1372,0.7645,0.0984,9.8,LA,medium
34.28,-118.45,0,11,other,0.09090909090909091,0.6890092595109152,property,0.678,False,0.1222,0.678,0.1999,20.0,LA,medium
34.28,-118.45,1,7,property,0.14285714285714285,1.0789922078775833,property,0.7642,True,0.1371,0.7642,0.0987,9.9,LA,medium
34.28,-118.45,2,20,property,0.45,0.8864644756797975,property,0.7611,True,0.138,0.7611,0.1008,10.1,LA,medium
34.28,-118.45,3,13,property,0.38461538461538464,0.9251290835720822,property,0.7639,True,0.1371,0.7639,0.099,9.9,LA,medium
34.28,-118.44,1,3,property,0.3333333333333333,0.6365141893815645,property,0.7489,True,0.1466,0.7489,0.1045,10.5,LA,medium
34.28,-118.44,2,6,violent,0.0,1.0986122886681096,property,0.7489,False,0.1429,0.7489,0.1082,10.8,LA,medium
34.28,-118.43,0,7,other,0.14285714285714285,1.0789922078775833,property,0.7486,False,0.1461,0.7486,0.1052,10.5,LA,medium
34.28,-118.43,1,5,violent,0.4,0.9502705392332347,property,0.75,False,0.1448,0.75,0.1052,10.5,LA,medium
34.28,-118.43,2,16,property,0.0,0.9832739442463889,property,0.7601,True,0.137,0.7601,0.1029,10.3,LA,medium
34.28,-118.43,3,10,property,0.4,0.9502705392332347,property,0.6769,True,0.1219,0.6769,0.2012,20.1,LA,medium
34.28,-118.42,0,34,violent,0.058823529411764705,0.9718487712358765,property,0.7603,False,0.1368,0.7603,0.1029,10.3,LA,medium
34.28,-118.42,1,23,violent,0.0,1.0660493483542606,property,0.7293,False,0.1374,0.7293,0.1334,13.3,LA,medium
34.28,-118.42,2,48,violent,0.0,1.0821955300387671,property,0.7487,False,0.1392,0.7487,0.112,11.2,LA,medium
34.28,-118.42,3,31,violent,0.06451612903225806,1.0206687537032066,property,0.703,False,0.1274,0.703,0.1696,17.0,LA,medium
34.28,-118.41,0,24,other,0.125,1.0835291213181606,property,0.7238,False,0.1311,0.7238,0.1451,14.5,LA,medium
34.28,-118.41,1,36,property,0.16666666666666666,1.0508242944789867,property,0.7645,True,0.1372,0.7645,0.0984,9.8,LA,medium
34.28,-118.41,2,59,property,0.01694915254237288,1.096583065848047,property,0.7646,True,0.1371,0.7646,0.0983,9.8,LA,medium
34.28,-118.41,3,64,property,0.046875,1.093998650161157,property,0.6826,True,0.1231,0.6826,0.1943,19.4,LA,medium
34.28,-118.4,0,14,property,0.42857142857142855,0.8921178708188161,property,0.6937,True,0.1257,0.6937,0.1806,18.1,LA,medium
34.28,-118.4,1,20,other,0.05,1.080527626604172,property,0.7646,False,0.1372,0.7646,0.0983,9.8,LA,medium
34.28,-118.4,2,14,violent,0.35714285714285715,0.9799711820833054,property,0.764,False,0.1371,0.764,0.0988,9.9,LA,medium
34.28,-118.4,3,39,property,0.10256410256410256,1.0665362694121687,property,0.7644,True,0.1371,0.7644,0.0984,9.8,LA,medium
34.28,-118.39,0,12,violent,0.08333333333333333,1.0775563270668007,property,0.6762,False,0.1218,0.6762,0.202,20.2,LA,medium
34.28,-118.39,1,11,property,0.09090909090909091,1.0361987848192837,property,0.7507,True,0.1434,0.7507,0.1058,10.6,LA,medium
34.28,-118.39,2,24,property,0.0,1.0821955300387671,property,0.7601,True,0.1372,0.7601,0.1027,10.3,LA,medium
34.28,-118.39,3,42,violent,0.07142857142857142,1.060944240790747,property,0.6972,False,0.1258,0.6972,0.177,17.7,LA,medium
34.28,-118.38,0,9,property,0.4444444444444444,0.8486855577264172,property,0.7489,True,0.1464,0.7489,0.1047,10.5,LA,medium
34.28,-118.38,1,13,property,0.6153846153846154,0.6870920273799715,property,0.7643,True,0.1371,0.7643,0.0985,9.9,LA,medium
34.28,-118.38,2,17,property,0.11764705882352941,1.0852280400722045,property,0.764,True,0.1371,0.764,0.0989,9.9,LA,medium
34.28,-118.38,3,18,violent,0.05555555555555555,1.0893096789558299,property,0.7521,False,0.1356,0.7521,0.1123,11.2,LA,medium
34.28,-118.37,0,3,other,0.3333333333333333,0.6365141893815645,property,0.7645,False,0.1372,0.7645,0.0984,9.8,LA,medium
34.28,-118.37,1,6,other,0.16666666666666666,1.0114042647073518,property,0.7643,False,0.1371,0.7643,0.0986,9.9,LA,medium
34.28,-118.37,2,4,other,0.25,1.0397207708399179,property,0.6771,False,0.122,0.6771,0.2008,20.1,LA,medium
34.28,-118.37,3,6,other,0.16666666666666666,1.0114042647073518,property,0.6815,False,0.1229,0.6815,0.1955,19.6,LA,medium
34.28,-118.36,0,5,property,0.0,1.0549201679861442,property,0.7641,True,0.1371,0.7641,0.0987,9.9,LA,medium
34.28,-118.36,1,3,violent,0.0,1.0986122886681096,property,0.7647,False,0.1372,0.7647,0.0982,9.8,LA,medium
34.28,-118.36,2,5,property,0.0,1.0549201679861442,property,0.7571,True,0.1374,0.7571,0.1055,10.6,LA,medium
34.28,-118.36,3,3,violent,0.0,1.0986122886681096,property,0.7645,False,0.1372,0.7645,0.0983,9.8,LA,medium
34.28,-118.35000000000001,1,7,violent,0.5714285714285714,0.7963116401738131,property,0.7502,False,0.1432,0.7502,0.1066,10.7,LA,medium
34.28,-118.35000000000001,2,3,violent,0.3333333333333333,0.6365141893815645,property,0.7498,False,0.145,0.7498,0.1052,10.5,LA,medium
34.28,-118.3,1,4,property,1.0,4.3446531758480495e-08,property,0.6939,True,0.1257,0.6939,0.1804,18.0,LA,medium
34.28,-118.3,3,3,violent,0.0,1.0986122886681096,property,0.7503,False,0.1434,0.7503,0.1064,10.6,LA,medium
34.29,-118.58,1,17,other,0.29411764705882354,0.923840705630872,property,0.7641,False,0.1371,0.7641,0.0987,9.9,LA,medium
34.29,-118.58,2,21,property,0.2857142857142857,1.0220830508128003,property,0.7644,True,0.1371,0.7644,0.0984,9.8,LA,medium
34.29,-118.58,3,9,violent,0.1111111111111111,1.0608569471580214,property,0.7306,False,0.1348,0.7306,0.1346,13.5,LA,medium
34.29,-118.57000000000001,1,9,other,0.5555555555555556,0.5297062202512142,property,0.7536,False,0.1359,0.7536,0.1105,11.0,LA,medium
34.29,-118.57000000000001,2,7,property,0.5714285714285714,0.7963116401738131,property,0.7501,True,0.1445,0.7501,0.1054,10.5,LA,medium
34.29,-118.57000000000001,3,10,other,0.1,1.0888999753452238,property,0.7599,False,0.1366,0.7599,0.1035,10.3,LA,medium
34.29,-118.56,1,6,property,0.3333333333333333,0.6365141893815645,property,0.757,True,0.1395,0.757,0.1035,10.4,LA,medium
34.29,-118.56,2,9,property,0.3333333333333333,0.6365141893815645,property,0.7643,True,0.1371,0.7643,0.0985,9.9,LA,medium
34.29,-118.56,3,5,property,0.0,1.0549201679861442,property,0.764,True,0.1371,0.764,0.0989,9.9,LA,medium
34.29,-118.55,2,7,property,0.42857142857142855,0.5982696097102534,property,0.7638,True,0.1371,0.7638,0.0991,9.9,LA,medium
34.29,-118.55,3,9,property,0.4444444444444444,0.8486855577264172,property,0.7594,True,0.1368,0.7594,0.1038,10.4,LA,medium
34.29,-118.54,1,9,property,0.5555555555555556,0.5297062202512142,property,0.7645,True,0.1372,0.7645,0.0984,9.8,LA,medium
34.29,-118.54,2,18,property,0.7777777777777778,0.34883211721746554,property,0.7644,True,0.1371,0.7644,0.0985,9.8,LA,medium
34.29,-118.54,3,11,property,0.18181818181818182,0.9164648855394713,property,0.7601,True,0.1384,0.7601,0.1015,10.1,LA,medium
34.29,-118.53,1,3,other,0.3333333333333333,0.6365141893815645,property,0.7517,False,0.1418,0.7517,0.1065,10.6,LA,medium
34.29,-118.53,2,3,property,1.0,4.3446531758480495e-08,property,0.7533,True,0.1404,0.7533,0.1062,10.6,LA,medium
34.29,-118.52,0,3,other,0.3333333333333333,0.6365141893815645,property,0.7644,False,0.1371,0.7644,0.0985,9.8,LA,medium
34.29,-118.52,1,5,property,0.6,0.5004024447610513,property,0.7642,True,0.1371,0.7642,0.0986,9.9,LA,medium
34.29,-118.52,2,13,property,0.6153846153846154,0.6870920273799715,property,0.7643,True,0.1371,0.7643,0.0986,9.9,LA,medium
34.29,-118.52,3,10,property,0.6,0.5004024447610512,property,0.7643,True,0.1371,0.7643,0.0985,9.9,LA,medium
34.29,-118.51,0,6,violent,0.0,1.0986122886681096,property,0.7515,False,0.1408,0.7515,0.1078,10.8,LA,medium
34.29,-118.51,1,7,property,0.0,1.0042424730540764,property,0.7527,True,0.1422,0.7527,0.1051,10.5,LA,medium
34.29,-118.51,2,12,other,0.08333333333333333,1.0775563270668007,property,0.7644,False,0.1371,0.7644,0.0985,9.8,LA,medium
34.29,-118.51,3,20,property,0.05,0.8556886672556694,property,0.7642,True,0.1371,0.7642,0.0986,9.9,LA,medium
34.29,-118.5,0,9,property,0.4444444444444444,0.8486855577264172,property,0.7643,True,0.1371,0.7643,0.0985,9.9,LA,medium
34.29,-118.5,1,9,violent,0.2222222222222222,0.936888307539016,property,0.7641,False,0.1371,0.7641,0.0987,9.9,LA,medium
34.29,-118.5,2,17,property,0.47058823529411764,0.7529746827658885,property,0.7524,True,0.1419,0.7524,0.1057,10.6,LA,medium
34.29,-118.5,3,11,property,0.7272727272727273,0.6001660731596457,property,0.7644,True,0.1372,0.7644,0.0984,9.8,LA,medium
34.29,-118.49000000000001,0,6,property,0.16666666666666666,1.0114042647073518,property,0.7598,True,0.1367,0.7598,0.1035,10.3,LA,medium
34.29,-118.49000000000001,1,4,property,0.0,0.6931472015900639,property,0.7644,True,0.1372,0.7644,0.0984,9.8,LA,medium
34.29,-118.49000000000001,2,11,property,0.2727272727272727,0.6554817949691769,property,0.7534,True,0.1396,0.7534,0.107,10.7,LA,medium
34.29,-118.49000000000001,3,8,property,0.75,0.3767701826029325,property,0.761,True,0.138,0.761,0.101,10.1,LA,medium
34.29,-118.46000000000001,0,11,property,0.09090909090909091,1.0361987848192837,property,0.7519,True,0.1417,0.7519,0.1064,10.6,LA,medium
34.29,-118.46000000000001,1,8,property,0.125,0.9743147528693494,property,0.7646,True,0.1372,0.7646,0.0982,9.8,LA,medium
34.29,-118.46000000000001,2,6,property,0.16666666666666666,1.0114042647073518,property,0.7222,True,0.1305,0.7222,0.1473,14.7,LA,medium
34.29,-118.46000000000001,3,8,property,0.625,0.7356219397587946,property,0.7546,True,0.1372,0.7546,0.1082,10.8,LA,medium
34.29,-118.45,0,13,other,0.07692307692307693,1.0123308391031733,property,0.7515,False,0.144,0.7515,0.1045,10.5,LA,medium
34.29,-118.45,1,28,property,0.03571428571428571,1.0813448682427138,property,0.7647,True,0.1372,0.7647,0.0982,9.8,LA,medium
34.29,-118.45,2,37,violent,0.0,1.0956332830555209,property,0.7496,False,0.1456,0.7496,0.1049,10.5,LA,medium
34.29,-118.45,3,23,violent,0.21739130434782608,1.0538437102109437,property,0.7004,False,0.1271,0.7004,0.1726,17.3,LA,medium
34.29,-118.42,0,10,violent,0.3,0.8979457248567798,property,0.7643,False,0.1371,0.7643,0.0985,9.9,LA,medium
34.29,-118.42,1,6,property,0.3333333333333333,0.6365141893815645,property,0.7488,True,0.1467,0.7488,0.1044,10.4,LA,medium
34.29,-118.42,2,10,violent,0.4,0.9502705392332347,property,0.7608,False,0.1369,0.7608,0.1024,10.2,LA,medium
34.29,-118.42,3,14,violent,0.35714285714285715,0.9799711820833054,property,0.6765,False,0.1219,0.6765,0.2016,20.2,LA,medium
34.29,-118.41,0,4,property,0.25,1.0397207708399179,property,0.6931,True,0.1251,0.6931,0.1818,18.2,LA,medium
34.29,-118.41,1,9,property,0.1111111111111111,1.0608569471580214,property,0.7645,True,0.1372,0.7645,0.0983,9.8,LA,medium
34.29,-118.41,2,18,violent,0.05555555555555555,1.0893096789558299,property,0.7503,False,0.1434,0.7503,0.1063,10.6,LA,medium
34.29,-118.41,3,15,property,0.06666666666666667,0.9908353864438493,property,0.6796,True,0.1225,0.6796,0.198,19.8,LA,medium
34.29,-118.4,0,7,property,0.5714285714285714,0.7963116401738131,property,0.7644,True,0.1372,0.7644,0.0984,9.8,LA,medium
34.29,-118.4,1,6,violent,0.3333333333333333,0.6365141893815645,property,0.7488,False,0.1467,0.7488,0.1045,10.4,LA,medium
34.29,-118.4,2,11,other,0.09090909090909091,1.0361987848192837,property,0.6965,False,0.1267,0.6965,0.1768,17.7,LA,medium
34.29,-118.4,3,6,violent,0.3333333333333333,0.6365141893815645,property,0.7526,False,0.1396,0.7526,0.1078,10.8,LA,medium
34.300000000000004,-118.58,3,8,property,0.0,0.6931472015900639,property,0.7488,True,0.1466,0.7488,0.1046,10.5,LA,medium
34.300000000000004,-118.56,2,4,property,0.25,1.0397207708399179,property,0.7488,True,0.1466,0.7488,0.1046,10.5,LA,medium
34.300000000000004,-118.52,1,7,property,1.0,4.3446531758480495e-08,property,0.764,True,0.1371,0.764,0.0988,9.9,LA,medium
34.300000000000004,-118.52,2,11,property,0.8181818181818182,0.3046361187678678,property,0.7607,True,0.1381,0.7607,0.1012,10.1,LA,medium
34.300000000000004,-118.52,3,10,property,0.0,1.0549201679861442,property,0.7569,True,0.1393,0.7569,0.1038,10.4,LA,medium
34.300000000000004,-118.51,0,4,violent,0.25,1.0397207708399179,property,0.7643,False,0.1371,0.7643,0.0986,9.9,LA,medium
34.300000000000004,-118.51,1,4,other,0.5,0.5623351657797391,property,0.7645,False,0.1372,0.7645,0.0983,9.8,LA,medium
34.300000000000004,-118.51,2,19,property,0.7368421052631579,0.5366645624845251,property,0.7644,True,0.1371,0.7644,0.0984,9.8,LA,medium
34.300000000000004,-118.51,3,16,property,0.5,0.5623351657797391,property,0.7497,True,0.1451,0.7497,0.1052,10.5,LA,medium
34.300000000000004,-118.5,0,3,property,0.3333333333333333,0.6365141893815645,property,0.7487,True,0.1466,0.7487,0.1047,10.5,LA,medium
34.300000000000004,-118.5,1,8,violent,0.25,1.0397207708399179,property,0.7643,False,0.1371,0.7643,0.0986,9.9,LA,medium
34.300000000000004,-118.5,2,16,property,0.5625,0.7029189307735104,property,0.7637,True,0.1371,0.7637,0.0992,9.9,LA,medium
34.300000000000004,-118.5,3,10,property,0.4,0.610864323167295,property,0.7643,True,0.1371,0.7643,0.0985,9.9,LA,medium
34.300000000000004,-118.49000000000001,2,3,property,0.3333333333333333,0.6365141893815645,property,0.7487,True,0.1465,0.7487,0.1048,10.5,LA,medium
34.300000000000004,-118.49000000000001,3,4,property,0.0,0.6931472015900639,property,0.7508,True,0.1413,0.7508,0.1079,10.8,LA,medium
34.300000000000004,-118.48,0,6,property,0.16666666666666666,1.0114042647073518,property,0.7638,True,0.1371,0.7638,0.0991,9.9,LA,medium
34.300000000000004,-118.48,1,6,property,0.16666666666666666,1.0114042647073518,property,0.6873,True,0.1246,0.6873,0.1881,18.8,LA,medium
34.300000000000004,-118.48,2,6,property,0.6666666666666666,0.4505612301390093,property,0.764,True,0.1371,0.764,0.0989,9.9,LA,medium
34.300000000000004,-118.48,3,8,violent,0.0,1.0821955300387671,property,0.681,False,0.1229,0.681,0.1962,19.6,LA,medium
34.300000000000004,-118.47,0,4,property,0.0,0.6931472015900639,property,0.6771,True,0.122,0.6771,0.2009,20.1,LA,medium
34.300000000000004,-118.47,1,8,property,0.125,0.9743147528693494,property,0.748,True,0.1442,0.748,0.1077,10.8,LA,medium
34.300000000000004,-118.47,2,21,other,0.23809523809523808,1.012494711026758,property,0.7074,False,0.1289,0.7074,0.1637,16.4,LA,medium
34.300000000000004,-118.47,3,22,property,0.045454545454545456,1.0965754342577216,property,0.7286,True,0.1319,0.7286,0.1395,13.9,LA,medium
34.300000000000004,-118.46000000000001,0,18,other,0.16666666666666666,1.0114042647073518,property,0.7423,False,0.1371,0.7423,0.1206,12.1,LA,medium
34.300000000000004,-118.46000000000001,1,18,property,0.05555555555555555,1.0893096789558299,property,0.7643,True,0.1371,0.7643,0.0986,9.9,LA,medium
34.300000000000004,-118.46000000000001,2,27,other,0.07407407407407407,1.0820131534045054,property,0.753,False,0.1385,0.753,0.1085,10.9,LA,medium
34.300000000000004,-118.46000000000001,3,30,other,0.06666666666666667,1.0851886129676505,property,0.7507,False,0.1385,0.7507,0.1108,11.1,LA,medium
34.300000000000004,-118.45,0,20,property,0.4,0.8568409950394724,property,0.759,True,0.1385,0.759,0.1026,10.3,LA,medium
34.300000000000004,-118.45,1,31,property,0.03225806451612903,1.0845917163665408,property,0.7647,True,0.1372,0.7647,0.0981,9.8,LA,medium
34.300000000000004,-118.45,2,27,property,0.2222222222222222,1.0518708017904639,property,0.7564,True,0.1373,0.7564,0.1064,10.6,LA,medium
34.300000000000004,-118.45,3,58,property,0.10344827586206896,1.0714250995036434,property,0.7646,True,0.1372,0.7646,0.0982,9.8,LA,medium
34.300000000000004,-118.44,0,16,property,0.0625,1.0433534269422904,property,0.6773,True,0.1221,0.6773,0.2007,20.1,LA,medium
34.300000000000004,-118.44,1,12,violent,0.5,0.8675632284814613,property,0.7488,False,0.1462,0.7488,0.1051,10.5,LA,medium
34.300000000000004,-118.44,2,14,violent,0.0,1.0042424730540764,property,0.7531,False,0.1385,0.7531,0.1085,10.8,LA,medium
34.300000000000004,-118.44,3,31,property,0.06451612903225806,1.0680981499312996,property,0.7489,True,0.1464,0.7489,0.1047,10.5,LA,medium
34.300000000000004,-118.43,0,3,property,1.0,4.3446531758480495e-08,property,0.7601,True,0.1368,0.7601,0.1031,10.3,LA,medium
34.300000000000004,-118.43,1,13,property,0.23076923076923078,0.9839614460010255,property,0.7285,True,0.1373,0.7285,0.1342,13.4,LA,medium
34.300000000000004,-118.43,2,7,property,0.2857142857142857,0.9556998911125343,property,0.7647,True,0.1372,0.7647,0.0982,9.8,LA,medium
34.300000000000004,-118.43,3,17,violent,0.11764705882352941,1.0852280400722045,property,0.7641,False,0.1371,0.7641,0.0987,9.9,LA,medium
34.300000000000004,-118.42,0,6,violent,0.0,1.0986122886681096,property,0.7645,False,0.1372,0.7645,0.0983,9.8,LA,medium
34.300000000000004,-118.42,1,18,other,0.16666666666666666,1.0114042647073518,property,0.746,False,0.1417,0.746,0.1123,11.2,LA,medium
34.300000000000004,-118.42,2,25,other,0.12,1.0133126873497391,property,0.7595,False,0.1372,0.7595,0.1034,10.3,LA,medium
34.300000000000004,-118.42,3,26,violent,0.11538461538461539,1.0798753311904068,property,0.7646,False,0.1372,0.7646,0.0982,9.8,LA,medium
34.300000000000004,-118.41,0,6,property,0.16666666666666666,1.0114042647073518,property,0.7643,True,0.1371,0.7643,0.0986,9.9,LA,medium
34.300000000000004,-118.41,1,9,property,0.2222222222222222,0.9368883075390159,property,0.7555,True,0.1402,0.7555,0.1043,10.4,LA,medium
34.300000000000004,-118.41,2,20,property,0.25,1.0397207708399179,property,0.7646,True,0.1372,0.7646,0.0982,9.8,LA,medium
34.300000000000004,-118.41,3,6,other,0.16666666666666666,1.0114042647073518,property,0.7642,False,0.1371,0.7642,0.0986,9.9,LA,medium
34.31,-118.51,1,7,property,0.7142857142857143,0.4101163396015586,property,0.7645,True,0.1372,0.7645,0.0983,9.8,LA,medium
34.31,-118.51,2,8,property,0.375,0.9002560512685369,property,0.7638,True,0.1371,0.7638,0.099,9.9,LA,medium
34.31,-118.51,3,5,property,0.2,0.6730116880595105,property,0.7641,True,0.1371,0.7641,0.0987,9.9,LA,medium
34.31,-118.5,0,3,violent,0.3333333333333333,0.6365141893815645,property,0.7627,False,0.1371,0.7627,0.1002,10.0,LA,medium
34.31,-118.5,2,3,property,1.0,4.3446531758480495e-08,property,0.756,True,0.1394,0.756,0.1046,10.5,LA,medium
34.31,-118.5,3,3,property,0.3333333333333333,0.6365141893815645,property,0.7642,True,0.1371,0.7642,0.0986,9.9,LA,medium
34.31,-118.49000000000001,0,3,other,0.3333333333333333,0.6365141893815645,property,0.7626,False,0.1371,0.7626,0.1004,10.0,LA,medium
34.31,-118.49000000000001,2,4,property,0.25,1.0397207708399179,property,0.7488,True,0.1465,0.7488,0.1047,10.5,LA,medium
34.31,-118.48,0,4,property,0.25,1.0397207708399179,property,0.7639,True,0.1371,0.7639,0.099,9.9,LA,medium
34.31,-118.48,2,9,other,0.2222222222222222,0.9368883075390159,property,0.7549,False,0.1401,0.7549,0.105,10.5,LA,medium
34.31,-118.48,3,4,property,1.0,4.3446531758480495e-08,property,0.7641,True,0.1371,0.7641,0.0987,9.9,LA,medium
34.31,-118.47,0,9,property,0.3333333333333333,0.6365141893815645,property,0.716,True,0.1299,0.716,0.1541,15.4,LA,medium
34.31,-118.47,1,34,other,0.23529411764705882,1.0388552193685043,property,0.7644,False,0.1371,0.7644,0.0985,9.8,LA,medium
34.31,-118.47,2,31,property,0.12903225806451613,1.0825554612899229,property,0.7644,True,0.1371,0.7644,0.0984,9.8,LA,medium
34.31,-118.47,3,42,violent,0.047619047619047616,1.0754974564874331,property,0.7646,False,0.1372,0.7646,0.0983,9.8,LA,medium
34.31,-118.46000000000001,0,15,other,0.2,0.9701157839869381,property,0.7632,False,0.1372,0.7632,0.0997,10.0,LA,medium
34.31,-118.46000000000001,1,16,other,0.0625,1.0433534269422904,property,0.7643,False,0.1371,0.7643,0.0986,9.9,LA,medium
34.31,-118.46000000000001,2,23,other,0.17391304347826086,1.0465634069578553,property,0.7495,False,0.1459,0.7495,0.1047,10.5,LA,medium
34.31,-118.46000000000001,3,30,violent,0.1,1.0681452609845676,property,0.6774,False,0.1221,0.6774,0.2006,20.1,LA,medium
34.31,-118.45,0,9,violent,0.4444444444444444,0.848685557726417,property,0.7641,False,0.1371,0.7641,0.0987,9.9,LA,medium
34.31,-118.45,1,16,other,0.1875,1.0239287996389363,property,0.7371,False,0.1382,0.7371,0.1246,12.5,LA,medium
34.31,-118.45,2,17,property,0.11764705882352941,1.0852280400722045,property,0.749,True,0.1465,0.749,0.1045,10.5,LA,medium
34.31,-118.45,3,15,violent,0.0,1.0986122886681096,property,0.6784,False,0.1222,0.6784,0.1994,19.9,LA,medium
34.31,-118.44,0,15,violent,0.13333333333333333,1.0437570363314086,property,0.7641,False,0.1371,0.7641,0.0987,9.9,LA,medium
34.31,-118.44,1,41,property,0.04878048780487805,1.0962687420571586,property,0.7641,True,0.1373,0.7641,0.0986,9.9,LA,medium
34.31,-118.44,2,53,property,0.20754716981132076,1.042930728598392,property,0.711,True,0.1286,0.711,0.1604,16.0,LA,medium
34.31,-118.44,3,44,property,0.09090909090909091,1.066213621403807,property,0.7595,True,0.1366,0.7595,0.1039,10.4,LA,medium
34.31,-118.43,0,22,property,0.36363636363636365,0.8599672810355049,property,0.7581,True,0.1369,0.7581,0.1051,10.5,LA,medium
34.31,-118.43,1,33,property,0.030303030303030304,1.095853660612585,property,0.7645,True,0.1372,0.7645,0.0983,9.8,LA,medium
34.31,-118.43,2,56,property,0.14285714285714285,1.0511359509468368,property,0.7642,True,0.1371,0.7642,0.0986,9.9,LA,medium
34.31,-118.43,3,61,property,0.11475409836065574,1.085869291944345,property,0.7462,True,0.1353,0.7462,0.1184,11.8,LA,medium
34.31,-118.42,0,7,property,0.14285714285714285,1.0789922078775833,property,0.7553,True,0.137,0.7553,0.1078,10.8,LA,medium
34.31,-118.42,1,13,property,0.15384615384615385,1.0579054247036734,property,0.7646,True,0.1372,0.7646,0.0982,9.8,LA,medium
34.31,-118.42,2,7,property,0.2857142857142857,0.9556998911125343,property,0.7548,True,0.1411,0.7548,0.104,10.4,LA,medium
34.31,-118.42,3,15,property,0.2,0.9701157839869381,property,0.7645,True,0.1372,0.7645,0.0983,9.8,LA,medium
34.31,-118.41,2,5,other,0.4,0.9502705392332347,property,0.7493,False,0.1464,0.7493,0.1043,10.4,LA,medium
34.31,-118.41,3,7,property,1.0,4.3446531758480495e-08,property,0.6848,True,0.1236,0.6848,0.1916,19.2,LA,medium
34.31,-118.4,2,5,property,0.6,0.5004024447610513,property,0.7646,True,0.1372,0.7646,0.0983,9.8,LA,medium
34.32,-118.5,2,3,property,1.0,4.3446531758480495e-08,property,0.7491,True,0.1462,0.7491,0.1047,10.5,LA,medium
34.32,-118.49000000000001,1,10,property,0.4,0.610864323167295,property,0.7517,True,0.1417,0.7517,0.1065,10.7,LA,medium
34.32,-118.49000000000001,2,20,property,0.1,0.9433483923290392,property,0.7507,True,0.1444,0.7507,0.105,10.5,LA,medium
34.32,-118.49000000000001,3,13,property,0.23076923076923078,0.6662784634716634,property,0.7514,True,0.1428,0.7514,0.1058,10.6,LA,medium
34.32,-118.48,0,9,violent,0.0,0.9649629230074277,property,0.762,False,0.1368,0.762,0.1012,10.1,LA,medium
34.32,-118.48,1,14,violent,0.0,1.0042424730540764,property,0.7522,False,0.1376,0.7522,0.1102,11.0,LA,medium
34.32,-118.48,2,7,violent,0.2857142857142857,0.9556998911125343,property,0.7634,False,0.1374,0.7634,0.0993,9.9,LA,medium
34.32,-118.48,3,12,other,0.16666666666666666,1.0114042647073518,property,0.7507,False,0.1408,0.7507,0.1085,10.9,LA,medium
34.32,-118.47,0,8,property,0.0,1.0821955300387671,property,0.7644,True,0.1371,0.7644,0.0984,9.8,LA,medium
34.32,-118.47,1,6,property,0.3333333333333333,0.6365141893815645,property,0.7643,True,0.1371,0.7643,0.0986,9.9,LA,medium
34.32,-118.47,2,7,property,0.2857142857142857,0.9556998911125343,property,0.7645,True,0.1372,0.7645,0.0983,9.8,LA,medium
34.32,-118.47,3,11,property,0.2727272727272727,0.9949236325717752,property,0.7645,True,0.1372,0.7645,0.0983,9.8,LA,medium
34.32,-118.46000000000001,0,3,property,0.3333333333333333,0.6365141893815645,property,0.6777,True,0.1221,0.6777,0.2002,20.0,LA,medium
34.32,-118.46000000000001,1,8,property,0.375,0.9002560512685369,property,0.7644,True,0.1371,0.7644,0.0984,9.8,LA,medium
34.32,-118.46000000000001,2,18,other,0.3333333333333333,0.900908873225472,property,0.7642,False,0.1372,0.7642,0.0985,9.9,LA,medium
34.32,-118.46000000000001,3,14,property,0.07142857142857142,0.8982053397041498,property,0.7245,True,0.1312,0.7245,0.1443,14.4,LA,medium
34.32,-118.45,0,6,violent,0.16666666666666666,1.0114042647073518,property,0.6881,False,0.1242,0.6881,0.1877,18.8,LA,medium
34.32,-118.45,1,9,property,0.3333333333333333,0.9950269901795212,property,0.7512,True,0.1424,0.7512,0.1064,10.6,LA,medium
34.32,-118.45,2,13,property,0.0,0.9110175397125628,property,0.758,True,0.1395,0.758,0.1025,10.3,LA,medium
34.32,-118.45,3,14,property,0.07142857142857142,1.060944240790747,property,0.7519,True,0.1404,0.7519,0.1076,10.8,LA,medium
34.32,-118.44,0,8,violent,0.25,1.0397207708399179,property,0.7645,False,0.1372,0.7645,0.0983,9.8,LA,medium
34.32,-118.44,1,10,property,0.3,0.8979457248567798,property,0.7646,True,0.1372,0.7646,0.0983,9.8,LA,medium
34.32,-118.44,2,24,other,0.125,1.0505717513316428,property,0.7505,False,0.1427,0.7505,0.1068,10.7,LA,medium
34.32,-118.44,3,21,property,0.42857142857142855,0.5982696097102534,property,0.7642,True,0.1371,0.7642,0.0986,9.9,LA,medium
34.32,-118.43,0,15,other,0.06666666666666667,0.990835386443849,property,0.7645,False,0.1372,0.7645,0.0984,9.8,LA,medium
34.32,-118.43,1,15,property,0.26666666666666666,1.0096137581740383,property,0.7601,True,0.1384,0.7601,0.1015,10.2,LA,medium
34.32,-118.43,2,33,property,0.3333333333333333,0.971343023497711,property,0.7609,True,0.1367,0.7609,0.1024,10.2,LA,medium
34.32,-118.43,3,22,violent,0.13636363636363635,1.0594782926538544,property,0.7558,False,0.1369,0.7558,0.1073,10.7,LA,medium
34.32,-118.42,0,6,property,0.5,0.8675632284814613,property,0.7638,True,0.1371,0.7638,0.0991,9.9,LA,medium
34.32,-118.42,1,10,other,0.1,0.9433483923290393,property,0.7647,False,0.1372,0.7647,0.0981,9.8,LA,medium
34.32,-118.42,2,20,property,0.15,1.0670938948757507,property,0.7575,True,0.1377,0.7575,0.1047,10.5,LA,medium
34.32,-118.42,3,14,property,0.35714285714285715,0.9799711820833054,property,0.7623,True,0.1369,0.7623,0.1008,10.1,LA,medium
34.32,-118.41,2,6,other,0.5,0.8675632284814612,property,0.7493,False,0.1456,0.7493,0.1051,10.5,LA,medium
34.32,-118.41,3,12,property,0.25,0.887694275799104,property,0.7489,True,0.1464,0.7489,0.1048,10.5,LA,medium
34.32,-118.4,2,6,other,0.6666666666666666,0.4505612301390093,property,0.7645,False,0.1372,0.7645,0.0984,9.8,LA,medium
34.32,-118.4,3,6,other,0.16666666666666666,1.0114042647073518,property,0.7539,False,0.1411,0.7539,0.105,10.5,LA,medium
34.33,-118.49000000000001,0,5,property,0.4,0.9502705392332347,property,0.7489,True,0.1465,0.7489,0.1047,10.5,LA,medium
34.33,-118.49000000000001,1,4,other,1.0,4.34465315364359e-08,property,0.7639,False,0.1371,0.7639,0.099,9.9,LA,medium
34.33,-118.49000000000001,2,4,other,0.25,1.0397207708399179,property,0.7644,False,0.1371,0.7644,0.0985,9.8,LA,medium
34.33,-118.49000000000001,3,7,violent,0.2857142857142857,0.9556998911125343,property,0.7575,False,0.1393,0.7575,0.1032,10.3,LA,medium
34.33,-118.44,2,4,property,0.0,0.6931472015900639,property,0.7509,True,0.1354,0.7509,0.1136,11.4,LA,medium
34.33,-118.44,3,3,property,0.3333333333333333,0.6365141893815645,property,0.6832,True,0.1233,0.6832,0.1935,19.4,LA,medium
34.33,-118.43,1,8,other,0.125,0.9743147528693494,property,0.7539,False,0.1407,0.7539,0.1054,10.5,LA,medium
34.33,-118.43,2,11,other,0.2727272727272727,0.9949236325717752,property,0.7514,False,0.1414,0.7514,0.1072,10.7,LA,medium
34.33,-118.43,3,6,other,0.6666666666666666,0.4505612301390093,property,0.7489,False,0.1467,0.7489,0.1044,10.4,LA,medium
34.33,-118.42,1,4,violent,0.5,0.5623351657797391,property,0.677,False,0.122,0.677,0.201,20.1,LA,medium
34.33,-118.42,2,3,other,0.3333333333333333,0.6365141893815645,property,0.7488,False,0.1466,0.7488,0.1046,10.5,LA,medium
34.33,-118.41,3,3,other,1.0,4.34465315364359e-08,property,0.7645,False,0.1372,0.7645,0.0984,9.8,LA,medium
