lat_bin,lon_bin,time_slot,total_count,dominant_category,dominance_gap,entropy,predicted_category,confidence_calibrated,correct,proba_other,proba_property,proba_violent,risk_score,city,confidence_tier
50.83,-0.78,3,3,violent,0.3333333333333333,0.6365141893815645,property,0.6322,False,0.2032,0.6322,0.1646,16.5,London,medium
50.83,-0.17,0,3,violent,0.3333333333333333,0.6365141893815645,property,0.6335,False,0.2025,0.6335,0.164,16.4,London,medium
51.120000000000005,-0.19,0,7,property,0.7142857142857143,0.4101163396015586,property,0.6489,True,0.194,0.6489,0.1571,15.7,London,medium
51.120000000000005,-0.19,1,3,property,1.0,4.3446531758480495e-08,violent,0.4888,False,0.2276,0.2836,0.4888,48.9,London,uncertain
51.120000000000005,-0.19,3,3,violent,0.3333333333333333,0.6365141893815645,violent,0.4207,True,0.2302,0.349,0.4207,42.1,London,uncertain
51.13,1.33,1,3,violent,0.0,1.0986122886681096,property,0.6299,False,0.2045,0.6299,0.1656,16.6,London,medium
51.160000000000004,-0.16,0,3,property,1.0,4.3446531758480495e-08,property,0.6441,True,0.1966,0.6441,0.1592,15.9,London,medium
51.160000000000004,-0.16,1,3,violent,0.0,1.0986122886681096,property,0.6431,False,0.1972,0.6431,0.1597,16.0,London,medium
51.29,-0.1,1,5,violent,0.2,0.6730116880595106,property,0.6287,False,0.2052,0.6287,0.1661,16.6,London,medium
51.29,-0.1,3,3,violent,0.3333333333333333,0.6365141893815645,property,0.6431,False,0.1972,0.6431,0.1597,16.0,London,medium
51.300000000000004,-0.15,0,5,other,0.6,0.5004024447610513,other,0.6116,True,0.6116,0.2219,0.1665,16.7,London,medium
51.300000000000004,-0.15,2,3,other,0.3333333333333333,0.6365141893815645,other,0.6163,True,0.6163,0.2194,0.1643,16.4,London,medium
51.300000000000004,-0.13,0,4,other,0.25,1.0397207708399179,property,0.6458,False,0.1957,0.6458,0.1585,15.8,London,medium
51.300000000000004,-0.12,0,21,other,0.14285714285714285,1.0353605606849843,violent,0.5476,False,0.2176,0.2348,0.5476,54.8,London,uncertain
51.300000000000004,-0.12,1,26,property,0.11538461538461539,1.0411315166502328,violent,0.5552,False,0.214,0.2308,0.5552,55.5,London,medium
51.300000000000004,-0.12,2,31,property,0.06451612903225806,1.0914145617941,violent,0.5599,False,0.2117,0.2284,0.5599,56.0,London,medium
51.300000000000004,-0.12,3,19,property,0.05263157894736842,1.0958871542125534,violent,0.5094,False,0.2194,0.2713,0.5094,50.9,London,uncertain
51.300000000000004,-0.11,0,12,other,0.08333333333333333,1.0775563270668007,violent,0.4039,False,0.3342,0.2619,0.4039,40.4,London,uncertain
51.300000000000004,-0.11,1,13,property,0.0,1.0733942812811266,violent,0.5611,False,0.2112,0.2277,0.5611,56.1,London,medium
51.300000000000004,-0.11,2,9,other,0.3333333333333333,0.9950269901795212,violent,0.4913,False,0.2576,0.2511,0.4913,49.1,London,uncertain
51.300000000000004,-0.11,3,13,violent,0.15384615384615385,1.0579054247036734,violent,0.4305,True,0.3101,0.2594,0.4305,43.0,London,uncertain
51.300000000000004,-0.07,2,3,violent,0.3333333333333333,0.6365141893815645,violent,0.5542,True,0.2145,0.2314,0.5542,55.4,London,medium
51.300000000000004,0.02,2,3,violent,0.3333333333333333,0.6365141893815645,violent,0.5587,True,0.2124,0.2289,0.5587,55.9,London,medium
51.300000000000004,0.05,1,3,violent,0.3333333333333333,0.6365141893815645,property,0.6465,False,0.1953,0.6465,0.1582,15.8,London,medium
51.31,-0.15,0,7,other,0.14285714285714285,1.0789922078775833,other,0.482,True,0.482,0.2542,0.2639,26.4,London,uncertain
51.31,-0.15,1,6,violent,0.5,0.8675632284814613,other,0.5276,False,0.5276,0.2434,0.229,22.9,London,uncertain
51.31,-0.15,2,10,violent,0.4,0.9502705392332347,violent,0.5615,True,0.2111,0.2274,0.5615,56.2,London,medium
51.31,-0.15,3,5,property,0.0,1.0549201679861442,property,0.4901,True,0.3213,0.4901,0.1886,18.9,London,uncertain
51.31,-0.14,0,7,property,0.2857142857142857,0.9556998911125343,violent,0.5606,False,0.2116,0.2279,0.5606,56.1,London,medium
51.31,-0.14,1,4,violent,0.0,0.6931472015900639,property,0.39,False,0.3819,0.39,0.228,22.8,London,uncertain
51.31,-0.14,2,5,other,0.4,0.9502705392332347,other,0.437,True,0.437,0.3862,0.1768,17.7,London,uncertain
51.31,-0.14,3,3,violent,0.0,1.0986122886681096,other,0.6037,False,0.6037,0.2295,0.1668,16.7,London,medium
51.31,-0.13,0,11,violent,0.0,1.0900596587107838,property,0.6423,False,0.1977,0.6423,0.1601,16.0,London,medium
51.31,-0.13,1,16,other,0.125,1.0717300941124526,violent,0.5568,False,0.2133,0.2299,0.5568,55.7,London,medium
51.31,-0.13,2,16,property,0.375,0.9002560512685369,violent,0.4518,False,0.2227,0.3255,0.4518,45.2,London,uncertain
51.31,-0.13,3,13,property,0.07692307692307693,1.0928305535284886,property,0.3893,True,0.3835,0.3893,0.2271,22.7,London,uncertain
51.31,-0.12,0,7,other,0.2857142857142857,0.9556998911125343,other,0.6161,True,0.6161,0.2197,0.1642,16.4,London,medium
51.31,-0.12,1,10,other,0.2,1.0296530140645737,violent,0.5597,False,0.2119,0.2284,0.5597,56.0,London,medium
51.31,-0.12,2,14,other,0.42857142857142855,0.8921178708188162,other,0.6114,True,0.6114,0.2214,0.1672,16.7,London,medium
51.31,-0.12,3,14,violent,0.14285714285714285,1.0789922078775833,violent,0.5593,True,0.212,0.2286,0.5593,55.9,London,medium
51.31,-0.11,1,5,property,0.2,0.6730116880595105,property,0.4907,True,0.3283,0.4907,0.181,18.1,London,uncertain
51.31,-0.11,2,7,violent,0.14285714285714285,1.0789922078775833,property,0.6427,False,0.197,0.6427,0.1603,16.0,London,medium
51.31,-0.1,3,3,property,1.0,4.3446531758480495e-08,violent,0.5595,False,0.212,0.2285,0.5595,55.9,London,medium
51.31,-0.08,0,3,property,1.0,4.3446531758480495e-08,property,0.6433,True,0.1971,0.6433,0.1596,16.0,London,medium
51.31,-0.08,1,4,property,0.0,0.6931472015900639,property,0.6475,True,0.1948,0.6475,0.1577,15.8,London,medium
51.31,-0.08,2,5,violent,0.0,1.0549201679861442,violent,0.4348,True,0.2262,0.339,0.4348,43.5,London,uncertain
51.31,-0.08,3,8,property,0.5,0.562335165779739,property,0.6467,True,0.1952,0.6467,0.1581,15.8,London,medium
51.31,0.02,0,7,other,0.14285714285714285,0.6829081257408294,other,0.613,True,0.613,0.2217,0.1653,16.5,London,medium
51.31,0.02,1,5,other,0.2,0.6730116880595106,other,0.6153,True,0.6153,0.22,0.1647,16.5,London,medium
51.31,0.02,2,12,property,0.08333333333333333,1.077556327066801,other,0.6127,False,0.6127,0.222,0.1653,16.5,London,medium
51.31,0.02,3,9,other,0.2222222222222222,0.9368883075390159,violent,0.3944,False,0.3463,0.2593,0.3944,39.4,London,uncertain
51.31,0.03,0,38,violent,0.13157894736842105,1.0649933217675003,property,0.6496,False,0.1936,0.6496,0.1568,15.7,London,medium
51.31,0.03,1,39,violent,0.07692307692307693,1.0928305535284886,property,0.6434,False,0.197,0.6434,0.1596,16.0,London,medium
51.31,0.03,2,43,violent,0.23255813953488372,1.04751018095505,property,0.643,False,0.1969,0.643,0.16,16.0,London,medium
51.31,0.03,3,42,violent,0.023809523809523808,1.0969101592798742,property,0.6471,False,0.195,0.6471,0.1579,15.8,London,medium
51.31,0.04,0,19,property,0.10526315789473684,1.0132690262497301,property,0.6485,True,0.1942,0.6485,0.1573,15.7,London,medium
51.31,0.04,1,20,property,0.4,0.8568409950394724,property,0.647,True,0.195,0.647,0.1579,15.8,London,medium
51.31,0.04,2,26,property,0.5384615384615384,0.8305178252872478,property,0.6495,True,0.1936,0.6495,0.1568,15.7,London,medium
51.31,0.04,3,24,property,0.25,0.9901000747284985,property,0.6478,True,0.1946,0.6478,0.1576,15.8,London,medium
51.31,0.06,2,3,other,0.3333333333333333,0.6365141893815645,other,0.6168,True,0.6168,0.2188,0.1644,16.4,London,medium
51.32,-0.16,0,11,other,0.09090909090909091,1.0361987848192837,property,0.643,False,0.1973,0.643,0.1598,16.0,London,medium
51.32,-0.16,1,22,other,0.18181818181818182,1.0670895187820832,violent,0.4218,False,0.2335,0.3447,0.4218,42.2,London,uncertain
51.32,-0.16,2,20,other,0.05,1.080527626604172,property,0.6485,False,0.1939,0.6485,0.1576,15.8,London,medium
51.32,-0.16,3,17,violent,0.11764705882352941,1.0283941667143721,property,0.6494,False,0.1937,0.6494,0.1569,15.7,London,medium
51.32,-0.15,0,16,property,0.125,1.0717300941124526,property,0.644,True,0.1967,0.644,0.1593,15.9,London,medium
51.32,-0.15,1,16,violent,0.125,1.0717300941124526,property,0.6396,False,0.1991,0.6396,0.1613,16.1,London,medium
51.32,-0.15,2,23,property,0.2608695652173913,1.0217278604945916,property,0.5228,True,0.2298,0.5228,0.2474,24.7,London,uncertain
51.32,-0.15,3,15,violent,0.0,1.0986122886681096,property,0.6451,False,0.1961,0.6451,0.1588,15.9,London,medium
51.32,-0.14,0,82,property,0.06097560975609756,1.0820674545143576,property,0.6462,True,0.1955,0.6462,0.1583,15.8,London,medium
51.32,-0.14,1,63,property,0.15873015873015872,1.0603303979740206,property,0.6456,True,0.1955,0.6456,0.1589,15.9,London,medium
51.32,-0.14,2,46,property,0.2391304347826087,1.0392480320410835,property,0.6491,True,0.1939,0.6491,0.157,15.7,London,medium
51.32,-0.14,3,68,property,0.07352941176470588,1.064424999080642,property,0.6413,True,0.1979,0.6413,0.1608,16.1,London,medium
51.32,-0.13,0,29,violent,0.0,1.0785004146433244,violent,0.4886,True,0.233,0.2784,0.4886,48.9,London,uncertain
51.32,-0.13,1,29,other,0.10344827586206896,1.0835222669892097,property,0.5205,False,0.2299,0.5205,0.2496,25.0,London,uncertain
51.32,-0.13,2,21,violent,0.0,1.0769865220544765,violent,0.5612,True,0.2112,0.2276,0.5612,56.1,London,medium
51.32,-0.13,3,23,violent,0.21739130434782608,1.0538437102109437,violent,0.4077,True,0.2244,0.368,0.4077,40.8,London,uncertain
51.32,-0.12,0,13,violent,0.15384615384615385,1.0579054247036734,other,0.6126,False,0.6126,0.2218,0.1655,16.6,London,medium
51.32,-0.12,1,13,other,0.15384615384615385,1.0579054247036734,property,0.6455,False,0.1959,0.6455,0.1586,15.9,London,medium
51.32,-0.12,2,7,property,0.0,1.0042424730540764,other,0.5388,False,0.5388,0.2773,0.1839,18.4,London,uncertain
51.32,-0.12,3,9,property,0.4444444444444444,0.8486855577264172,property,0.5962,True,0.2108,0.5962,0.193,19.3,London,medium
51.32,-0.11,0,12,violent,0.0,1.0281838593329258,property,0.6436,False,0.1969,0.6436,0.1595,15.9,London,medium
51.32,-0.11,1,11,property,0.0,0.9347698978582792,property,0.6462,True,0.1952,0.6462,0.1586,15.9,London,medium
51.32,-0.11,2,12,property,0.25,0.887694275799104,property,0.6473,True,0.1946,0.6473,0.1581,15.8,London,medium
51.32,-0.11,3,13,other,0.07692307692307693,1.0928305535284886,violent,0.4725,False,0.2364,0.2911,0.4725,47.3,London,uncertain
51.32,-0.1,0,12,violent,0.08333333333333333,1.0775563270668007,violent,0.4461,True,0.2914,0.2625,0.4461,44.6,London,uncertain
51.32,-0.1,1,20,other,0.1,1.0486537893593546,violent,0.5613,False,0.2112,0.2275,0.5613,56.1,London,medium
51.32,-0.1,2,14,violent,0.14285714285714285,1.0789922078775833,violent,0.4546,True,0.2842,0.2611,0.4546,45.5,London,uncertain
51.32,-0.1,3,14,other,0.14285714285714285,0.992281974852574,violent,0.5011,False,0.2208,0.2782,0.5011,50.1,London,uncertain
51.32,-0.09,0,10,other,0.1,0.9433483923290393,violent,0.5523,False,0.2131,0.2346,0.5523,55.2,London,medium
51.32,-0.09,1,14,violent,0.07142857142857142,1.060944240790747,property,0.6451,False,0.1961,0.6451,0.1588,15.9,London,medium
51.32,-0.09,2,19,violent,0.0,1.087074155537762,property,0.6486,False,0.1939,0.6486,0.1576,15.8,London,medium
51.32,-0.09,3,17,property,0.35294117647058826,0.9586918593253719,property,0.5863,True,0.211,0.5863,0.2027,20.3,London,medium
51.32,-0.08,3,5,violent,0.2,0.6730116880595106,other,0.6173,False,0.6173,0.2185,0.1642,16.4,London,medium
51.32,-0.07,0,18,violent,0.2777777777777778,0.9809896824453153,violent,0.4323,True,0.2332,0.3345,0.4323,43.2,London,uncertain
51.32,-0.07,1,9,violent,0.2222222222222222,0.936888307539016,violent,0.5492,True,0.2168,0.234,0.5492,54.9,London,uncertain
51.32,-0.07,2,7,property,0.5714285714285714,0.7963116401738131,violent,0.5577,False,0.2128,0.2295,0.5577,55.8,London,medium
51.32,-0.07,3,11,violent,0.0,1.0900596587107838,property,0.6468,False,0.1949,0.6468,0.1583,15.8,London,medium
51.32,-0.06,0,7,violent,0.42857142857142855,0.5982696097102534,other,0.6154,False,0.6154,0.2201,0.1645,16.4,London,medium
51.32,-0.06,1,5,violent,0.2,0.6730116880595105,property,0.6259,False,0.2069,0.6259,0.1673,16.7,London,medium
51.32,-0.06,2,8,violent,0.5,0.562335165779739,violent,0.5609,True,0.2113,0.2277,0.5609,56.1,London,medium
51.32,-0.06,3,6,violent,0.3333333333333333,0.6365141893815645,violent,0.5582,True,0.2126,0.2292,0.5582,55.8,London,medium
51.32,0.03,0,14,other,0.21428571428571427,1.0346012329101812,other,0.6133,True,0.6133,0.2208,0.1658,16.6,London,medium
51.32,0.03,1,10,property,0.0,1.0549201679861442,other,0.6143,False,0.6143,0.2204,0.1652,16.5,London,medium
51.32,0.03,2,11,violent,0.0,1.0900596587107838,other,0.6167,False,0.6167,0.2193,0.164,16.4,London,medium
51.32,0.03,3,10,other,0.2,1.0296530140645737,property,0.459,False,0.3588,0.459,0.1822,18.2,London,uncertain
51.32,0.04,0,9,other,0.4444444444444444,0.8486855577264172,violent,0.4947,False,0.2289,0.2764,0.4947,49.5,London,uncertain
51.32,0.04,1,8,other,0.375,0.9002560512685369,property,0.6432,False,0.1972,0.6432,0.1597,16.0,London,medium
51.32,0.04,2,3,property,1.0,4.3446531758480495e-08,property,0.6469,True,0.1951,0.6469,0.158,15.8,London,medium
51.32,0.04,3,7,other,0.7142857142857143,0.4101163396015584,violent,0.4897,False,0.2328,0.2774,0.4897,49.0,London,uncertain
51.32,0.05,3,4,property,0.25,1.0397207708399179,violent,0.5539,False,0.2147,0.2314,0.5539,55.4,London,medium
51.32,0.06,1,4,property,0.5,0.5623351657797391,property,0.6462,True,0.1955,0.6462,0.1583,15.8,London,medium
51.32,0.06,2,4,property,0.0,0.6931472015900639,property,0.6456,True,0.1958,0.6456,0.1586,15.9,London,medium
51.32,0.06,3,3,property,1.0,4.3446531758480495e-08,property,0.6313,True,0.2034,0.6313,0.1653,16.5,London,medium
51.32,0.07,3,3,violent,0.0,1.0986122886681096,property,0.6469,False,0.1951,0.6469,0.158,15.8,London,medium
51.33,-0.27,0,4,violent,0.5,0.562335165779739,violent,0.4822,True,0.2325,0.2853,0.4822,48.2,London,uncertain
51.33,-0.27,1,4,violent,0.5,0.562335165779739,property,0.6494,False,0.1937,0.6494,0.1569,15.7,London,medium
51.33,-0.2,2,3,violent,0.3333333333333333,0.6365141893815645,property,0.6494,False,0.1937,0.6494,0.1569,15.7,London,medium
51.33,-0.17,0,6,violent,0.0,0.6931472015900639,other,0.6093,False,0.6093,0.2226,0.168,16.8,London,medium
51.33,-0.17,1,4,other,0.25,1.0397207708399179,property,0.4618,False,0.3442,0.4618,0.194,19.4,London,uncertain
51.33,-0.17,3,3,other,1.0,4.34465315364359e-08,other,0.6146,True,0.6146,0.2206,0.1649,16.5,London,medium
51.33,-0.16,0,9,violent,0.0,0.9649629230074277,violent,0.5521,True,0.2156,0.2324,0.5521,55.2,London,medium
51.33,-0.16,1,12,violent,0.08333333333333333,1.0775563270668007,other,0.6171,False,0.6171,0.2189,0.1639,16.4,London,medium
51.33,-0.16,2,9,violent,0.0,0.9649629230074277,property,0.6407,False,0.198,0.6407,0.1613,16.1,London,medium
51.33,-0.16,3,5,violent,0.2,0.6730116880595105,violent,0.4331,True,0.2253,0.3416,0.4331,43.3,London,uncertain
51.33,-0.15,0,4,violent,0.0,0.6931472015900639,property,0.6446,False,0.1961,0.6446,0.1593,15.9,London,medium
51.33,-0.15,1,3,violent,0.0,1.0986122886681096,property,0.6422,False,0.1974,0.6422,0.1604,16.0,London,medium
51.33,-0.15,2,4,property,0.25,1.0397207708399179,other,0.6039,False,0.6039,0.2265,0.1696,17.0,London,medium
51.33,-0.15,3,3,property,1.0,4.3446531758480495e-08,violent,0.5539,False,0.2146,0.2315,0.5539,55.4,London,medium
51.33,-0.14,0,11,property,0.18181818181818182,0.9164648855394713,property,0.6417,True,0.1977,0.6417,0.1606,16.1,London,medium
51.33,-0.14,1,10,other,0.2,1.0296530140645737,violent,0.4401,False,0.2242,0.3357,0.4401,44.0,London,uncertain
51.33,-0.14,2,13,property,0.15384615384615385,1.0579054247036734,property,0.6461,True,0.1956,0.6461,0.1584,15.8,London,medium
51.33,-0.14,3,11,violent,0.18181818181818182,0.9164648855394713,violent,0.4342,True,0.2226,0.3432,0.4342,43.4,London,uncertain
51.33,-0.13,0,24,violent,0.041666666666666664,1.0933903064791184,violent,0.5446,True,0.2173,0.2381,0.5446,54.5,London,uncertain
51.33,-0.13,1,24,violent,0.25,1.0397207708399179,violent,0.5472,True,0.2154,0.2374,0.5472,54.7,London,uncertain
51.33,-0.13,2,26,other,0.038461538461538464,1.088010262277112,property,0.6223,False,0.2136,0.6223,0.164,16.4,London,medium
51.33,-0.13,3,31,property,0.0967741935483871,1.078963820279368,violent,0.5549,False,0.2123,0.2328,0.5549,55.5,London,medium
51.33,-0.12,0,38,property,0.15789473684210525,1.070024954998012,property,0.6443,True,0.1962,0.6443,0.1594,15.9,London,medium
51.33,-0.12,1,46,violent,0.06521739130434782,1.0746716538634222,violent,0.5609,True,0.2109,0.2282,0.5609,56.1,London,medium
51.33,-0.12,2,33,property,0.12121212121212122,1.0799113572064787,other,0.5621,False,0.5621,0.2368,0.2011,20.1,London,medium
51.33,-0.12,3,32,violent,0.0625,1.0795883408865785,violent,0.5619,True,0.2107,0.2274,0.5619,56.2,London,medium
51.33,-0.11,0,23,property,0.043478260869565216,1.08501115745815,other,0.6198,False,0.6198,0.2174,0.1627,16.3,London,medium
51.33,-0.11,1,22,violent,0.09090909090909091,1.0843629508682477,violent,0.4166,True,0.3243,0.2591,0.4166,41.7,London,uncertain
51.33,-0.11,2,32,violent,0.03125,1.091649996728975,violent,0.545,True,0.2165,0.2384,0.545,54.5,London,uncertain
51.33,-0.11,3,29,other,0.034482758620689655,1.0901154415671217,property,0.6492,False,0.1935,0.6492,0.1573,15.7,London,medium
51.33,-0.1,0,19,property,0.47368421052631576,0.8246593237664703,property,0.6396,True,0.1991,0.6396,0.1612,16.1,London,medium
51.33,-0.1,1,22,property,0.6818181818181818,0.5763820666248933,property,0.645,True,0.1961,0.645,0.1588,15.9,London,medium
51.33,-0.1,2,23,property,0.21739130434782608,0.9021825489048646,property,0.6488,True,0.1941,0.6488,0.1572,15.7,London,medium
51.33,-0.1,3,29,property,0.5517241379310345,0.7715028085945184,property,0.6405,True,0.1987,0.6405,0.1609,16.1,London,medium
51.33,-0.09,0,7,violent,0.0,1.0042424730540764,violent,0.5547,True,0.2143,0.231,0.5547,55.5,London,medium
51.33,-0.09,1,5,property,0.6,0.5004024447610513,property,0.4491,True,0.2264,0.4491,0.3245,32.4,London,uncertain
51.33,-0.09,2,8,violent,0.125,0.9743147528693494,violent,0.5162,True,0.2268,0.2569,0.5162,51.6,London,uncertain
51.33,-0.09,3,7,property,0.14285714285714285,1.0789922078775833,violent,0.4952,False,0.2266,0.2782,0.4952,49.5,London,uncertain
51.33,-0.08,0,6,violent,0.16666666666666666,1.0114042647073518,property,0.647,False,0.1951,0.647,0.158,15.8,London,medium
51.33,-0.08,1,7,property,0.42857142857142855,0.5982696097102534,property,0.6426,True,0.1975,0.6426,0.1599,16.0,London,medium
51.33,-0.08,2,5,violent,0.0,1.0549201679861442,property,0.5362,False,0.2197,0.5362,0.2442,24.4,London,uncertain
51.33,-0.08,3,14,violent,0.0,1.0042424730540764,property,0.6457,False,0.1958,0.6457,0.1586,15.9,London,medium
51.33,-0.07,0,8,property,0.25,0.6615632592196847,other,0.6025,False,0.6025,0.2298,0.1677,16.8,London,medium
51.33,-0.07,1,11,property,0.18181818181818182,1.0670895187820832,other,0.4502,False,0.4502,0.37,0.1798,18.0,London,uncertain
51.33,-0.07,2,4,violent,0.0,0.6931472015900639,other,0.4405,False,0.4405,0.3083,0.2512,25.1,London,uncertain
51.33,-0.07,3,11,other,0.18181818181818182,1.0670895187820832,violent,0.4656,False,0.2389,0.2955,0.4656,46.6,London,uncertain
51.33,-0.01,0,6,violent,0.6666666666666666,0.4505612301390093,violent,0.5576,True,0.213,0.2295,0.5576,55.8,London,medium
51.33,-0.01,1,5,violent,0.2,0.6730116880595105,violent,0.5566,True,0.2133,0.2301,0.5566,55.7,London,medium
51.33,-0.01,2,4,property,0.5,0.562335165779739,violent,0.3718,False,0.3702,0.258,0.3718,37.2,London,uncertain
51.33,0.0,0,10,other,0.2,1.0296530140645737,violent,0.5578,False,0.2129,0.2293,0.5578,55.8,London,medium
51.33,0.0,1,10,property,0.2,0.6730116880595105,violent,0.5584,False,0.2125,0.2291,0.5584,55.8,London,medium
51.33,0.0,2,5,violent,0.0,1.0549201679861442,violent,0.4874,True,0.2268,0.2858,0.4874,48.7,London,uncertain
51.33,0.0,3,6,violent,0.16666666666666666,1.0114042647073518,property,0.525,False,0.2216,0.525,0.2534,25.3,London,uncertain
51.33,0.02,0,9,other,0.2222222222222222,0.9368883075390159,other,0.614,True,0.614,0.2205,0.1655,16.6,London,medium
51.33,0.02,1,7,other,0.42857142857142855,0.5982696097102536,other,0.6068,True,0.6068,0.225,0.1682,16.8,London,medium
51.33,0.02,2,11,other,0.18181818181818182,1.0670895187820832,other,0.6147,True,0.6147,0.22,0.1652,16.5,London,medium
51.33,0.02,3,10,other,0.4,0.9502705392332347,other,0.6137,True,0.6137,0.2207,0.1657,16.6,London,medium
51.33,0.03,0,4,other,0.5,0.5623351657797391,other,0.6075,True,0.6075,0.223,0.1694,16.9,London,medium
51.33,0.03,1,3,other,0.3333333333333333,0.6365141893815645,property,0.4844,False,0.3208,0.4844,0.1948,19.5,London,uncertain
51.33,0.03,2,6,other,0.5,0.8675632284814612,violent,0.4662,False,0.2238,0.31,0.4662,46.6,London,uncertain
51.33,0.05,0,3,property,0.3333333333333333,0.6365141893815645,property,0.6497,True,0.1935,0.6497,0.1567,15.7,London,medium
51.34,-0.32,0,6,property,0.5,0.8675632284814613,property,0.6447,True,0.1963,0.6447,0.159,15.9,London,medium
51.34,-0.32,1,9,property,0.7777777777777778,0.3488321172174657,property,0.6451,True,0.1961,0.6451,0.1588,15.9,London,medium
51.34,-0.32,2,6,property,0.0,0.6931472015900639,property,0.6475,True,0.1947,0.6475,0.1577,15.8,London,medium
51.34,-0.32,3,7,other,0.14285714285714285,0.6829081257408294,property,0.6447,False,0.1963,0.6447,0.159,15.9,London,medium
51.34,-0.22,1,5,property,0.4,0.9502705392332347,property,0.6439,True,0.1968,0.6439,0.1593,15.9,London,medium
51.34,-0.21,0,6,property,0.16666666666666666,1.0114042647073518,property,0.6475,True,0.1948,0.6475,0.1577,15.8,London,medium
51.34,-0.21,1,5,violent,0.4,0.9502705392332347,property,0.6393,False,0.1993,0.6393,0.1614,16.1,London,medium
51.34,-0.21,2,12,violent,0.5833333333333334,0.7214636866925115,property,0.6456,False,0.1958,0.6456,0.1586,15.9,London,medium
51.34,-0.21,3,12,property,0.08333333333333333,0.9184277849930976,property,0.4367,True,0.2372,0.4367,0.3261,32.6,London,uncertain
51.34,-0.2,0,17,violent,0.29411764705882354,0.923840705630872,property,0.5434,False,0.2259,0.5434,0.2307,23.1,London,uncertain
51.34,-0.2,1,16,violent,0.125,1.0717300941124526,violent,0.5451,True,0.2188,0.2361,0.5451,54.5,London,uncertain
51.34,-0.2,2,19,violent,0.10526315789473684,1.0795295733255186,other,0.4583,False,0.4583,0.3633,0.1784,17.8,London,uncertain
51.34,-0.2,3,16,violent,0.0,1.0821955300387673,property,0.648,False,0.1942,0.648,0.1578,15.8,London,medium
51.34,-0.19,0,9,other,0.1111111111111111,1.0608569471580214,property,0.6399,False,0.1985,0.6399,0.1616,16.2,London,medium
51.34,-0.19,1,10,property,0.3,0.8979457248567798,property,0.6469,True,0.1951,0.6469,0.158,15.8,London,medium
51.34,-0.19,2,7,violent,0.2857142857142857,0.9556998911125343,property,0.52,False,0.2235,0.52,0.2565,25.7,London,uncertain
51.34,-0.19,3,7,violent,0.2857142857142857,0.9556998911125343,property,0.6427,False,0.1974,0.6427,0.1599,16.0,London,medium
51.34,-0.15,1,3,other,1.0,4.34465315364359e-08,property,0.6447,False,0.1963,0.6447,0.159,15.9,London,medium
51.34,-0.14,0,17,violent,0.0,1.0950778621205006,violent,0.5543,True,0.2145,0.2312,0.5543,55.4,London,medium
51.34,-0.14,1,10,other,0.4,0.9502705392332347,violent,0.4444,False,0.2276,0.328,0.4444,44.4,London,uncertain
51.34,-0.14,2,10,violent,0.0,1.0549201679861442,other,0.4402,False,0.4402,0.3811,0.1788,17.9,London,uncertain
51.34,-0.14,3,6,other,0.5,0.8675632284814612,property,0.6414,False,0.1978,0.6414,0.1607,16.1,London,medium
51.34,-0.13,0,9,other,0.2222222222222222,0.9368883075390159,property,0.5199,False,0.2881,0.5199,0.192,19.2,London,uncertain
51.34,-0.13,1,8,violent,0.0,1.0821955300387673,violent,0.5028,True,0.2259,0.2714,0.5028,50.3,London,uncertain
51.34,-0.13,2,11,property,0.0,0.9347698978582792,property,0.6465,True,0.1949,0.6465,0.1586,15.9,London,medium
51.34,-0.13,3,9,property,0.1111111111111111,1.0608569471580214,property,0.6421,True,0.1978,0.6421,0.1601,16.0,London,medium
51.34,-0.12,0,62,property,0.1935483870967742,1.0006175255190992,property,0.648,True,0.194,0.648,0.158,15.8,London,medium
51.34,-0.12,1,76,property,0.09210526315789473,1.0851824658181455,property,0.6472,True,0.1946,0.6472,0.1581,15.8,London,medium
51.34,-0.12,2,74,property,0.0945945945945946,1.0866696930902915,property,0.6477,True,0.1943,0.6477,0.1579,15.8,London,medium
51.34,-0.12,3,72,property,0.125,1.0766539257232102,property,0.4523,True,0.235,0.4523,0.3126,31.3,London,uncertain
51.34,-0.11,0,68,property,0.029411764705882353,1.097755354056745,other,0.6182,False,0.6182,0.2184,0.1633,16.3,London,medium
51.34,-0.11,1,64,other,0.09375,1.0612039759627612,other,0.5644,True,0.5644,0.2517,0.1839,18.4,London,medium
51.34,-0.11,2,62,violent,0.0,1.0983507099569692,property,0.5177,False,0.3068,0.5177,0.1755,17.5,London,uncertain
51.34,-0.11,3,58,other,0.10344827586206896,1.0714250995036434,other,0.611,True,0.611,0.2254,0.1636,16.4,London,medium
51.34,-0.1,0,15,property,0.06666666666666667,0.9908353864438493,property,0.6456,True,0.1958,0.6456,0.1586,15.9,London,medium
51.34,-0.1,1,15,property,0.06666666666666667,1.0851886129676505,property,0.6469,True,0.1951,0.6469,0.158,15.8,London,medium
51.34,-0.1,2,17,violent,0.11764705882352941,1.0283941667143721,property,0.6491,False,0.1939,0.6491,0.157,15.7,London,medium
51.34,-0.1,3,11,property,0.09090909090909091,1.0361987848192837,property,0.6466,True,0.1953,0.6466,0.1581,15.8,London,medium
51.34,-0.09,0,8,property,0.375,0.9002560512685369,other,0.5985,False,0.5985,0.2317,0.1698,17.0,London,medium
51.34,-0.09,1,3,violent,0.3333333333333333,0.6365141893815645,other,0.6121,False,0.6121,0.2219,0.166,16.6,London,medium
51.34,-0.09,2,12,violent,0.08333333333333333,1.077556327066801,other,0.6133,False,0.6133,0.2209,0.1658,16.6,London,medium
51.34,-0.09,3,9,violent,0.1111111111111111,1.0608569471580214,other,0.6011,False,0.6011,0.23,0.1689,16.9,London,medium
51.34,-0.08,0,7,property,0.42857142857142855,0.5982696097102536,property,0.6433,True,0.1971,0.6433,0.1596,16.0,London,medium
51.34,-0.08,1,9,property,0.1111111111111111,0.6869615976336275,property,0.6461,True,0.1955,0.6461,0.1583,15.8,London,medium
51.34,-0.08,2,6,property,0.6666666666666666,0.4505612301390093,property,0.6313,True,0.2034,0.6313,0.1653,16.5,London,medium
51.34,-0.08,3,9,violent,0.0,0.9649629230074277,property,0.6491,False,0.1939,0.6491,0.157,15.7,London,medium
51.34,-0.07,0,5,property,0.0,1.0549201679861442,property,0.546,True,0.2243,0.546,0.2297,23.0,London,uncertain
51.34,-0.07,1,5,violent,0.0,1.0549201679861442,violent,0.4268,True,0.2324,0.3408,0.4268,42.7,London,uncertain
51.34,-0.07,2,9,property,0.6666666666666666,0.6837389058487535,property,0.4408,True,0.3653,0.4408,0.1939,19.4,London,uncertain
51.34,-0.07,3,9,property,0.6666666666666666,0.6837389058487535,property,0.6475,True,0.1948,0.6475,0.1577,15.8,London,medium
51.34,-0.06,0,19,violent,0.05263157894736842,1.0958871542125534,property,0.6388,False,0.1996,0.6388,0.1616,16.2,London,medium
51.34,-0.06,1,37,property,0.02702702702702703,1.088836961521142,property,0.6471,True,0.195,0.6471,0.1579,15.8,London,medium
51.34,-0.06,2,30,property,0.1,1.0888999753452238,property,0.6499,True,0.1934,0.6499,0.1567,15.7,London,medium
51.34,-0.06,3,35,other,0.17142857142857143,1.0649968705807584,property,0.6494,False,0.1934,0.6494,0.1572,15.7,London,medium
51.34,-0.05,0,3,property,0.3333333333333333,0.6365141893815645,property,0.6458,True,0.1957,0.6458,0.1585,15.8,London,medium
51.34,-0.05,1,10,property,0.1,0.9433483923290391,violent,0.554,False,0.2146,0.2315,0.554,55.4,London,medium
51.34,-0.05,2,6,violent,0.3333333333333333,0.6365141893815645,property,0.6473,False,0.1949,0.6473,0.1578,15.8,London,medium
51.34,-0.05,3,5,other,0.6,0.5004024447610513,property,0.6468,False,0.1948,0.6468,0.1583,15.8,London,medium
51.34,-0.04,0,18,violent,0.3888888888888889,0.9338238517147219,violent,0.5591,True,0.2122,0.2286,0.5591,55.9,London,medium
51.34,-0.04,1,7,violent,0.7142857142857143,0.4101163396015584,property,0.6441,False,0.1962,0.6441,0.1597,16.0,London,medium
51.34,-0.04,2,11,violent,0.2727272727272727,0.9949236325717751,violent,0.5591,True,0.2122,0.2287,0.5591,55.9,London,medium
51.34,-0.04,3,15,violent,0.4666666666666667,0.8608513906312316,violent,0.5499,True,0.2142,0.2358,0.5499,55.0,London,uncertain
51.34,-0.02,0,40,other,0.125,1.0260665975598566,property,0.5798,False,0.2343,0.5798,0.1859,18.6,London,medium
51.34,-0.02,1,57,other,0.05263157894736842,1.0958871542125534,other,0.6052,True,0.6052,0.2258,0.169,16.9,London,medium
51.34,-0.02,2,41,other,0.04878048780487805,1.0871069405766933,violent,0.5355,False,0.2312,0.2333,0.5355,53.6,London,uncertain
51.34,-0.02,3,46,other,0.06521739130434782,1.0746716538634222,property,0.565,False,0.2426,0.565,0.1925,19.2,London,medium
51.34,-0.01,0,56,other,0.05357142857142857,1.094525089248033,violent,0.5559,False,0.2136,0.2305,0.5559,55.6,London,medium
51.34,-0.01,1,73,violent,0.1095890410958904,1.077934634167948,violent,0.5495,True,0.2157,0.2348,0.5495,55.0,London,uncertain
51.34,-0.01,2,60,violent,0.06666666666666667,1.0851886129676505,violent,0.5504,True,0.2139,0.2357,0.5504,55.0,London,medium
51.34,-0.01,3,59,violent,0.2542372881355932,1.033410713719085,violent,0.5281,True,0.2229,0.249,0.5281,52.8,London,uncertain
51.34,0.0,0,29,violent,0.27586206896551724,0.9864633661435194,violent,0.5464,True,0.2182,0.2354,0.5464,54.6,London,uncertain
51.34,0.0,1,20,violent,0.45,0.8864644756797975,violent,0.5523,True,0.2155,0.2322,0.5523,55.2,London,medium
51.34,0.0,2,24,property,0.08333333333333333,1.077556327066801,violent,0.4177,False,0.2232,0.3591,0.4177,41.8,London,uncertain
51.34,0.0,3,27,violent,0.18518518518518517,1.0465616513448106,violent,0.4794,True,0.228,0.2925,0.4794,47.9,London,uncertain
51.34,0.03,0,3,property,1.0,4.3446531758480495e-08,property,0.6442,True,0.1966,0.6442,0.1592,15.9,London,medium
51.34,0.03,3,6,property,0.16666666666666666,1.0114042647073518,property,0.4813,True,0.3327,0.4813,0.1859,18.6,London,uncertain
51.34,0.05,0,6,property,0.3333333333333333,0.6365141893815645,property,0.6454,True,0.1959,0.6454,0.1587,15.9,London,medium
51.34,0.05,1,3,property,0.3333333333333333,0.6365141893815645,violent,0.5549,False,0.2141,0.231,0.5549,55.5,London,medium
51.34,0.05,3,3,property,1.0,4.3446531758480495e-08,property,0.6462,True,0.1955,0.6462,0.1583,15.8,London,medium
51.34,0.06,0,5,other,0.2,0.6730116880595106,other,0.6121,True,0.6121,0.2216,0.1663,16.6,London,medium
51.34,0.06,1,5,violent,0.2,0.6730116880595106,violent,0.4462,True,0.2886,0.2652,0.4462,44.6,London,uncertain
51.34,0.06,2,3,violent,0.0,1.0986122886681096,other,0.6139,False,0.6139,0.2205,0.1656,16.6,London,medium
51.34,0.06,3,8,violent,0.375,0.9002560512685369,other,0.615,False,0.615,0.2202,0.1648,16.5,London,medium
51.34,0.11,0,3,violent,0.0,1.0986122886681096,violent,0.4582,True,0.23,0.3118,0.4582,45.8,London,uncertain
51.34,0.11,1,3,property,0.3333333333333333,0.6365141893815645,other,0.6113,False,0.6113,0.2222,0.1664,16.6,London,medium
51.34,0.11,2,4,violent,0.5,0.562335165779739,property,0.6485,False,0.1942,0.6485,0.1573,15.7,London,medium
51.34,0.11,3,5,violent,0.0,1.0549201679861442,other,0.6053,False,0.6053,0.2286,0.1661,16.6,London,medium
51.34,0.12,1,4,violent,0.0,0.6931472015900639,property,0.6394,False,0.1988,0.6394,0.1618,16.2,London,medium
51.35,-0.31,0,10,other,0.6,0.5004024447610513,violent,0.5471,False,0.2165,0.2364,0.5471,54.7,London,uncertain
51.35,-0.31,1,10,other,0.1,0.9433483923290393,other,0.6106,True,0.6106,0.2231,0.1663,16.6,London,medium
51.35,-0.31,2,7,other,0.14285714285714285,1.0789922078775833,property,0.4613,False,0.2291,0.4613,0.3096,31.0,London,uncertain
51.35,-0.31,3,6,other,1.0,4.34465315364359e-08,violent,0.5472,False,0.2162,0.2366,0.5472,54.7,London,uncertain
51.35,-0.25,0,3,violent,0.3333333333333333,0.6365141893815645,property,0.6318,False,0.2034,0.6318,0.1647,16.5,London,medium
51.35,-0.22,0,5,violent,0.0,1.0549201679861442,property,0.641,False,0.1984,0.641,0.1607,16.1,London,medium
51.35,-0.22,1,5,violent,0.6,0.5004024447610513,property,0.5228,False,0.2223,0.5228,0.2549,25.5,London,uncertain
51.35,-0.22,2,4,property,0.5,0.5623351657797391,property,0.6469,True,0.1951,0.6469,0.158,15.8,London,medium
51.35,-0.22,3,4,other,0.25,1.0397207708399179,property,0.6332,False,0.2027,0.6332,0.1641,16.4,London,medium
51.35,-0.21,0,12,property,0.25,0.887694275799104,property,0.6435,True,0.197,0.6435,0.1595,16.0,London,medium
51.35,-0.21,1,9,violent,0.0,0.9649629230074277,property,0.6476,False,0.1947,0.6476,0.1577,15.8,London,medium
51.35,-0.21,2,8,violent,0.625,0.7356219397587946,property,0.6481,False,0.1944,0.6481,0.1575,15.7,London,medium
51.35,-0.21,3,6,property,0.16666666666666666,1.0114042647073518,property,0.6469,True,0.1951,0.6469,0.158,15.8,London,medium
51.35,-0.2,0,37,violent,0.05405405405405406,1.0935522258103947,violent,0.5434,True,0.217,0.2396,0.5434,54.3,London,uncertain
51.35,-0.2,1,47,violent,0.2765957446808511,0.984394751305863,violent,0.5126,True,0.2277,0.2597,0.5126,51.3,London,uncertain
51.35,-0.2,2,35,violent,0.2,1.0460334868512762,violent,0.5545,True,0.2139,0.2316,0.5545,55.4,London,medium
51.35,-0.2,3,53,violent,0.3018867924528302,1.000994390582503,violent,0.5547,True,0.2142,0.2312,0.5547,55.5,London,medium
51.35,-0.19,0,32,property,0.09375,1.0861979723945263,violent,0.5476,False,0.2173,0.2351,0.5476,54.8,London,uncertain
51.35,-0.19,1,24,other,0.08333333333333333,1.0240102202942951,violent,0.433,False,0.2935,0.2735,0.433,43.3,London,uncertain
51.35,-0.19,2,30,violent,0.03333333333333333,1.0739607536079796,violent,0.5548,True,0.2141,0.2311,0.5548,55.5,London,medium
51.35,-0.19,3,28,other,0.03571428571428571,1.0813448682427136,violent,0.552,False,0.2155,0.2325,0.552,55.2,London,medium
51.35,-0.18,0,15,property,0.2,0.6730116880595105,property,0.6467,True,0.1952,0.6467,0.1581,15.8,London,medium
51.35,-0.18,1,17,violent,0.058823529411764705,0.9718487712358765,violent,0.4725,True,0.2361,0.2914,0.4725,47.2,London,uncertain
51.35,-0.18,2,15,violent,0.0,1.0549201679861442,violent,0.4964,True,0.2236,0.2799,0.4964,49.6,London,uncertain
51.35,-0.18,3,10,property,0.2,1.0296530140645737,property,0.6448,True,0.1958,0.6448,0.1594,15.9,London,medium
51.35,-0.17,0,12,violent,0.08333333333333333,1.077556327066801,property,0.6435,False,0.1967,0.6435,0.1598,16.0,London,medium
51.35,-0.17,1,13,violent,0.07692307692307693,1.0928305535284886,property,0.6445,False,0.1961,0.6445,0.1594,15.9,London,medium
51.35,-0.17,2,12,other,0.16666666666666666,1.0114042647073518,property,0.558,False,0.2622,0.558,0.1797,18.0,London,medium
51.35,-0.17,3,14,property,0.07142857142857142,0.8982053397041498,property,0.6454,True,0.1955,0.6454,0.1591,15.9,London,medium
51.35,-0.16,0,27,violent,0.1111111111111111,1.0866549153502754,violent,0.5555,True,0.214,0.2306,0.5555,55.5,London,medium
51.35,-0.16,1,17,other,0.058823529411764705,1.073383620336505,violent,0.5521,False,0.2155,0.2324,0.5521,55.2,London,medium
51.35,-0.16,2,22,violent,0.045454545454545456,1.0965754342577216,violent,0.5532,True,0.215,0.2318,0.5532,55.3,London,medium
51.35,-0.16,3,21,other,0.09523809523809523,1.0710185424099148,violent,0.5574,False,0.213,0.2296,0.5574,55.7,London,medium
51.35,-0.15,0,23,property,0.08695652173913043,1.0912436384160904,property,0.6466,True,0.1953,0.6466,0.1581,15.8,London,medium
51.35,-0.15,1,14,property,0.35714285714285715,0.9799711820833054,property,0.466,True,0.2322,0.466,0.3017,30.2,London,uncertain
51.35,-0.15,2,13,property,0.15384615384615385,1.0579054247036734,violent,0.4768,False,0.2276,0.2956,0.4768,47.7,London,uncertain
51.35,-0.15,3,26,property,0.15384615384615385,1.0579054247036734,property,0.6487,True,0.1941,0.6487,0.1572,15.7,London,medium
51.35,-0.14,0,26,property,0.0,1.0733942812811266,property,0.6483,True,0.1943,0.6483,0.1574,15.7,London,medium
51.35,-0.14,1,23,property,0.0,1.096692663308951,property,0.6408,True,0.198,0.6408,0.1612,16.1,London,medium
51.35,-0.14,2,16,property,0.1875,0.8647400965276372,violent,0.5615,False,0.2111,0.2274,0.5615,56.2,London,medium
51.35,-0.14,3,22,property,0.18181818181818182,1.0208880675106418,violent,0.5602,False,0.2117,0.228,0.5602,56.0,London,medium
51.35,-0.13,0,67,violent,0.07462686567164178,1.0918549081696192,property,0.6473,False,0.1949,0.6473,0.1578,15.8,London,medium
51.35,-0.13,1,74,property,0.12162162162162163,1.082558221513435,property,0.6465,True,0.1953,0.6465,0.1582,15.8,London,medium
51.35,-0.13,2,70,violent,0.014285714285714285,1.089541724700417,property,0.6484,False,0.1942,0.6484,0.1573,15.7,London,medium
51.35,-0.13,3,76,property,0.11842105263157894,1.0813269317579945,property,0.6486,True,0.1942,0.6486,0.1572,15.7,London,medium
51.35,-0.12,0,6,violent,0.6666666666666666,0.4505612301390093,violent,0.5519,True,0.2148,0.2333,0.5519,55.2,London,medium
51.35,-0.12,1,5,property,0.4,0.9502705392332347,violent,0.4881,False,0.2323,0.2796,0.4881,48.8,London,uncertain
51.35,-0.12,2,3,violent,1.0,4.3446531758480495e-08,property,0.6425,False,0.1971,0.6425,0.1604,16.0,London,medium
51.35,-0.12,3,13,violent,0.07692307692307693,1.0928305535284886,property,0.4629,False,0.2266,0.4629,0.3105,31.1,London,uncertain
51.35,-0.11,0,20,property,0.05,1.080527626604172,violent,0.5463,False,0.2182,0.2354,0.5463,54.6,London,uncertain
51.35,-0.11,1,12,violent,0.25,1.0397207708399179,other,0.5474,False,0.5474,0.2452,0.2075,20.7,London,uncertain
51.35,-0.11,2,33,property,0.12121212121212122,1.0799113572064787,violent,0.507,False,0.2486,0.2444,0.507,50.7,London,uncertain
51.35,-0.11,3,30,violent,0.3,1.0143919935751258,violent,0.5538,True,0.2147,0.2315,0.5538,55.4,London,medium
51.35,-0.1,0,72,violent,0.18055555555555555,1.039709603147367,property,0.5589,False,0.2276,0.5589,0.2136,21.4,London,medium
51.35,-0.1,1,60,property,0.03333333333333333,1.0952733774372052,violent,0.5447,False,0.2153,0.2401,0.5447,54.5,London,uncertain
51.35,-0.1,2,67,violent,0.13432835820895522,1.0654043776313684,property,0.6498,False,0.193,0.6498,0.1572,15.7,London,medium
51.35,-0.1,3,76,property,0.02631578947368421,1.0974072490735338,other,0.468,False,0.468,0.32,0.212,21.2,London,uncertain
51.35,-0.09,0,14,property,0.14285714285714285,0.9922819748525737,violent,0.5478,False,0.2161,0.2362,0.5478,54.8,London,uncertain
51.35,-0.09,1,16,property,0.1875,1.0239287996389363,property,0.6301,True,0.2052,0.6301,0.1647,16.5,London,medium
51.35,-0.09,2,24,other,0.16666666666666666,1.0635215028672123,violent,0.5574,False,0.2115,0.2311,0.5574,55.7,London,medium
51.35,-0.09,3,28,property,0.07142857142857142,1.060944240790747,other,0.3921,False,0.3921,0.2544,0.3535,35.4,London,uncertain
51.35,-0.08,0,5,property,0.2,0.6730116880595105,property,0.6436,True,0.1969,0.6436,0.1595,15.9,London,medium
51.35,-0.08,2,5,property,0.2,0.6730116880595105,property,0.6456,True,0.1958,0.6456,0.1586,15.9,London,medium
51.35,-0.08,3,5,property,0.0,1.0549201679861442,property,0.6463,True,0.195,0.6463,0.1587,15.9,London,medium
51.35,-0.07,0,11,property,0.36363636363636365,0.8599672810355049,property,0.4509,True,0.3607,0.4509,0.1884,18.8,London,uncertain
51.35,-0.07,1,9,violent,0.2222222222222222,0.936888307539016,property,0.6438,False,0.1968,0.6438,0.1594,15.9,London,medium
51.35,-0.07,2,14,property,0.21428571428571427,1.0346012329101812,property,0.6012,True,0.2081,0.6012,0.1907,19.1,London,medium
51.35,-0.07,3,10,violent,0.1,1.0888999753452238,property,0.6481,False,0.1944,0.6481,0.1575,15.7,London,medium
51.35,-0.06,0,15,property,0.06666666666666667,1.0851886129676505,violent,0.493,False,0.2312,0.2758,0.493,49.3,London,uncertain
51.35,-0.06,1,12,violent,0.5,0.8675632284814613,property,0.6443,False,0.1966,0.6443,0.1592,15.9,London,medium
51.35,-0.06,2,10,property,0.2,1.0296530140645737,property,0.5959,True,0.2109,0.5959,0.1932,19.3,London,medium
51.35,-0.06,3,15,property,0.3333333333333333,0.6365141893815645,violent,0.4629,False,0.221,0.3161,0.4629,46.3,London,uncertain
51.35,-0.05,0,29,property,0.13793103448275862,1.0217839987201092,violent,0.3649,False,0.3571,0.278,0.3649,36.5,London,uncertain
51.35,-0.05,1,30,other,0.03333333333333333,1.0739607536079796,property,0.5974,False,0.2143,0.5974,0.1883,18.8,London,medium
51.35,-0.05,2,33,violent,0.030303030303030304,1.095853660612585,violent,0.5613,True,0.211,0.2276,0.5613,56.1,London,medium
51.35,-0.05,3,27,violent,0.14814814814814814,0.9525594433910547,violent,0.5592,True,0.212,0.2289,0.5592,55.9,London,medium
51.35,-0.04,0,47,violent,0.0425531914893617,1.0738536558823966,property,0.6466,False,0.1952,0.6466,0.1581,15.8,London,medium
51.35,-0.04,1,48,violent,0.041666666666666664,1.0933903064791184,property,0.6479,False,0.1945,0.6479,0.1575,15.8,London,medium
51.35,-0.04,2,44,violent,0.06818181818181818,1.079092073476302,property,0.6482,False,0.1944,0.6482,0.1574,15.7,London,medium
51.35,-0.04,3,56,property,0.03571428571428571,1.0813448682427138,property,0.6479,True,0.1946,0.6479,0.1576,15.8,London,medium
51.35,-0.03,0,13,violent,0.0,1.0733942812811266,other,0.612,False,0.612,0.2223,0.1657,16.6,London,medium
51.35,-0.03,1,16,violent,0.0,1.0821955300387673,property,0.6457,False,0.1957,0.6457,0.1585,15.9,London,medium
51.35,-0.03,2,14,violent,0.07142857142857142,0.8982053397041498,violent,0.5118,True,0.2197,0.2685,0.5118,51.2,London,uncertain
51.35,-0.03,3,13,violent,0.07692307692307693,1.0123308391031733,property,0.5503,False,0.2185,0.5503,0.2312,23.1,London,medium
51.35,-0.02,0,86,violent,0.16279069767441862,1.0665131823622964,violent,0.4773,True,0.2243,0.2984,0.4773,47.7,London,uncertain
51.35,-0.02,1,79,violent,0.17721518987341772,1.0572368355256403,violent,0.5598,True,0.2118,0.2285,0.5598,56.0,London,medium
51.35,-0.02,2,75,violent,0.13333333333333333,1.0796020594607625,violent,0.5467,True,0.218,0.2353,0.5467,54.7,London,uncertain
51.35,-0.02,3,69,violent,0.2028985507246377,1.020823968491153,violent,0.5222,True,0.2243,0.2535,0.5222,52.2,London,uncertain
51.35,-0.01,0,29,violent,0.1724137931034483,1.0406620152965456,violent,0.5548,True,0.2134,0.2318,0.5548,55.5,London,medium
51.35,-0.01,1,32,violent,0.0,1.0976250611902076,violent,0.5567,True,0.2132,0.2301,0.5567,55.7,London,medium
51.35,-0.01,2,43,violent,0.11627906976744186,1.0823649276334009,violent,0.562,True,0.2107,0.2273,0.562,56.2,London,medium
51.35,-0.01,3,47,other,0.02127659574468085,1.0839731700389386,violent,0.5458,False,0.2184,0.2358,0.5458,54.6,London,uncertain
51.35,0.03,2,4,violent,0.0,0.6931472015900639,violent,0.555,True,0.2141,0.2309,0.555,55.5,London,medium
51.35,0.04,0,3,property,0.3333333333333333,0.6365141893815645,property,0.6465,True,0.1953,0.6465,0.1582,15.8,London,medium
51.35,0.04,2,3,property,1.0,4.3446531758480495e-08,property,0.6456,True,0.1958,0.6456,0.1586,15.9,London,medium
51.35,0.09,0,8,other,0.25,1.0397207708399179,property,0.4824,False,0.2291,0.4824,0.2885,28.9,London,uncertain
51.35,0.09,1,8,property,0.375,0.9002560512685369,property,0.6215,True,0.209,0.6215,0.1695,16.9,London,medium
51.35,0.09,2,5,property,0.2,0.6730116880595106,property,0.6482,True,0.1944,0.6482,0.1574,15.7,London,medium
51.35,0.09,3,9,violent,0.1111111111111111,1.0608569471580214,property,0.6462,False,0.1955,0.6462,0.1583,15.8,London,medium
51.35,0.1,0,8,violent,0.375,0.9002560512685369,property,0.6476,False,0.1947,0.6476,0.1577,15.8,London,medium
51.35,0.1,1,6,violent,0.5,0.8675632284814613,property,0.6446,False,0.1964,0.6446,0.159,15.9,London,medium
51.35,0.1,2,5,property,0.0,1.0549201679861442,other,0.4197,False,0.4197,0.3964,0.1839,18.4,London,uncertain
51.35,0.1,3,8,other,0.5,0.5623351657797391,property,0.6464,False,0.1954,0.6464,0.1582,15.8,London,medium
51.35,0.14,0,4,other,1.0,4.34465315364359e-08,other,0.6151,True,0.6151,0.2201,0.1649,16.5,London,medium
51.35,0.14,1,4,other,0.5,0.5623351657797391,other,0.3817,True,0.3817,0.2658,0.3525,35.2,London,uncertain
51.35,0.14,2,3,other,0.3333333333333333,0.6365141893815645,violent,0.5044,False,0.2285,0.2671,0.5044,50.4,London,uncertain
51.35,0.14,3,7,property,0.0,1.0042424730540764,other,0.611,False,0.611,0.2222,0.1668,16.7,London,medium
51.36,-0.31,0,23,other,0.13043478260869565,1.074721225116281,violent,0.5575,False,0.213,0.2295,0.5575,55.8,London,medium
51.36,-0.31,1,37,other,0.08108108108108109,1.0200534186188834,other,0.6053,True,0.6053,0.2257,0.169,16.9,London,medium
51.36,-0.31,2,23,violent,0.17391304347826086,0.9724399117161489,other,0.619,False,0.619,0.218,0.163,16.3,London,medium
51.36,-0.31,3,37,other,0.10810810810810811,1.0715849248248062,other,0.6196,True,0.6196,0.2176,0.1627,16.3,London,medium
51.36,-0.3,0,44,other,0.022727272727272728,1.0949506743871331,other,0.6038,True,0.6038,0.2267,0.1695,16.9,London,medium
51.36,-0.3,1,39,property,0.07692307692307693,1.0806997965712637,property,0.4841,True,0.3319,0.4841,0.184,18.4,London,uncertain
51.36,-0.3,2,41,property,0.0,1.0887341634397132,property,0.6437,True,0.1969,0.6437,0.1594,15.9,London,medium
51.36,-0.3,3,46,property,0.021739130434782608,1.0981430141216428,other,0.6184,False,0.6184,0.2184,0.1632,16.3,London,medium
51.36,-0.29,0,20,property,0.05,1.080527626604172,property,0.6475,True,0.1948,0.6475,0.1577,15.8,London,medium
51.36,-0.29,1,19,property,0.05263157894736842,1.0601189359398382,property,0.6493,True,0.1938,0.6493,0.1569,15.7,London,medium
51.36,-0.29,2,19,violent,0.10526315789473684,1.0795295733255186,property,0.6495,False,0.1937,0.6495,0.1569,15.7,London,medium
51.36,-0.29,3,17,violent,0.29411764705882354,0.923840705630872,property,0.6461,False,0.1955,0.6461,0.1583,15.8,London,medium
51.36,-0.28,1,3,property,0.3333333333333333,0.6365141893815645,property,0.6422,True,0.1977,0.6422,0.1601,16.0,London,medium
51.36,-0.23,0,6,other,0.16666666666666666,1.0114042647073518,violent,0.4379,False,0.275,0.2871,0.4379,43.8,London,uncertain
51.36,-0.23,1,6,property,0.0,0.6931472015900639,other,0.6157,False,0.6157,0.2194,0.1649,16.5,London,medium
51.36,-0.22,0,25,property,0.12,1.068358338884637,property,0.6485,True,0.1942,0.6485,0.1573,15.7,London,medium
51.36,-0.22,1,28,violent,0.07142857142857142,1.0897973126663918,property,0.6387,False,0.1996,0.6387,0.1617,16.2,London,medium
51.36,-0.22,2,35,other,0.08571428571428572,1.0882194459083807,property,0.6405,False,0.1986,0.6405,0.1609,16.1,London,medium
51.36,-0.22,3,22,property,0.5,0.8427803021302684,property,0.6405,True,0.1986,0.6405,0.1609,16.1,London,medium
51.36,-0.21,0,26,property,0.15384615384615385,1.0579054247036734,property,0.6478,True,0.1943,0.6478,0.1579,15.8,London,medium
51.36,-0.21,1,31,property,0.2903225806451613,0.9968673335895756,violent,0.5364,False,0.2215,0.2421,0.5364,53.6,London,uncertain
51.36,-0.21,2,29,property,0.13793103448275862,1.065891213213607,violent,0.5401,False,0.2152,0.2447,0.5401,54.0,London,uncertain
51.36,-0.21,3,28,property,0.14285714285714285,1.0789922078775833,property,0.6183,True,0.2117,0.6183,0.17,17.0,London,medium
51.36,-0.2,0,50,violent,0.06,1.0652527887260477,property,0.4378,False,0.2446,0.4378,0.3177,31.8,London,uncertain
51.36,-0.2,1,57,violent,0.19298245614035087,1.0554053458596906,violent,0.545,True,0.2174,0.2376,0.545,54.5,London,uncertain
51.36,-0.2,2,58,other,0.06896551724137931,1.075361286166348,property,0.6502,False,0.1933,0.6502,0.1565,15.7,London,medium
51.36,-0.2,3,53,violent,0.1320754716981132,1.0358685514053965,violent,0.5602,True,0.2113,0.2285,0.5602,56.0,London,medium
51.36,-0.19,0,238,property,0.0,1.098541471866394,property,0.6471,True,0.195,0.6471,0.1579,15.8,London,medium
51.36,-0.19,1,216,other,0.009259259259259259,1.0977706684664286,property,0.6449,False,0.1962,0.6449,0.1589,15.9,London,medium
51.36,-0.19,2,239,other,0.029288702928870293,1.0974494132485557,property,0.6483,False,0.1944,0.6483,0.1574,15.7,London,medium
51.36,-0.19,3,238,property,0.029411764705882353,1.0917915951797776,property,0.6474,True,0.1945,0.6474,0.1581,15.8,London,medium
51.36,-0.18,0,31,violent,0.22580645161290322,1.0182776055422171,violent,0.4768,True,0.2433,0.2799,0.4768,47.7,London,uncertain
51.36,-0.18,1,39,property,0.02564102564102564,1.0842435291786918,other,0.5997,False,0.5997,0.2309,0.1694,16.9,London,medium
51.36,-0.18,2,39,violent,0.10256410256410256,1.0665362694121687,property,0.4606,False,0.3589,0.4606,0.1805,18.0,London,uncertain
51.36,-0.18,3,43,other,0.16279069767441862,1.0732442971104372,other,0.5809,True,0.5809,0.2423,0.1767,17.7,London,medium
51.36,-0.17,0,41,property,0.04878048780487805,1.0304139632566331,property,0.6471,True,0.195,0.6471,0.1579,15.8,London,medium
51.36,-0.17,1,45,property,0.1111111111111111,1.0303975324043848,property,0.6163,True,0.2093,0.6163,0.1745,17.4,London,medium
51.36,-0.17,2,40,property,0.075,1.0667181876240546,property,0.6418,True,0.1976,0.6418,0.1606,16.1,London,medium
51.36,-0.17,3,35,property,0.2857142857142857,1.0027556945301126,property,0.4402,True,0.2297,0.4402,0.3301,33.0,London,uncertain
51.36,-0.16,0,22,property,0.13636363636363635,1.0594782926538544,property,0.4303,True,0.2428,0.4303,0.3269,32.7,London,uncertain
51.36,-0.16,1,23,violent,0.0,1.096692663308951,property,0.6311,False,0.2038,0.6311,0.165,16.5,London,medium
51.36,-0.16,2,30,other,0.06666666666666667,1.0521391662238093,property,0.6452,False,0.1957,0.6452,0.159,15.9,London,medium
51.36,-0.16,3,24,violent,0.125,1.0835291213181606,property,0.4806,False,0.2233,0.4806,0.2962,29.6,London,uncertain
51.36,-0.15,0,109,other,0.01834862385321101,1.096232134565966,property,0.6453,False,0.1957,0.6453,0.159,15.9,London,medium
51.36,-0.15,1,126,property,0.07142857142857142,1.0879105802974034,property,0.6476,True,0.1944,0.6476,0.158,15.8,London,medium
51.36,-0.15,2,139,violent,0.014388489208633094,1.0982511647728392,property,0.6474,False,0.1945,0.6474,0.1581,15.8,London,medium
51.36,-0.15,3,112,property,0.044642857142857144,1.0937592617939194,property,0.6483,True,0.1944,0.6483,0.1574,15.7,London,medium
51.36,-0.14,0,58,violent,0.1206896551724138,1.0845370514729358,property,0.6451,False,0.1958,0.6451,0.1591,15.9,London,medium
51.36,-0.14,1,47,violent,0.02127659574468085,1.095406133212063,violent,0.5454,True,0.2169,0.2376,0.5454,54.5,London,uncertain
51.36,-0.14,2,36,other,0.1111111111111111,1.0828674954767854,violent,0.5474,False,0.2158,0.2368,0.5474,54.7,London,uncertain
51.36,-0.14,3,43,property,0.046511627906976744,1.0597319204844127,other,0.5814,False,0.5814,0.2456,0.173,17.3,London,medium
51.36,-0.13,0,56,property,0.017857142857142856,1.0963586028030445,violent,0.5552,False,0.2139,0.2309,0.5552,55.5,London,medium
51.36,-0.13,1,42,violent,0.09523809523809523,1.0870065636783288,violent,0.482,True,0.2366,0.2815,0.482,48.2,London,uncertain
51.36,-0.13,2,50,property,0.0,1.098209540353189,violent,0.561,False,0.2112,0.2278,0.561,56.1,London,medium
51.36,-0.13,3,68,violent,0.10294117647058823,1.0844924392752249,violent,0.4806,True,0.2322,0.2872,0.4806,48.1,London,uncertain
51.36,-0.12,0,90,property,0.06666666666666667,1.0659600211050013,property,0.6464,True,0.1954,0.6464,0.1582,15.8,London,medium
51.36,-0.12,1,67,property,0.05970149253731343,1.0812808403246528,property,0.6475,True,0.1948,0.6475,0.1577,15.8,London,medium
51.36,-0.12,2,84,other,0.023809523809523808,1.0929778186409567,property,0.6448,False,0.1963,0.6448,0.1589,15.9,London,medium
51.36,-0.12,3,88,violent,0.056818181818181816,1.0946769145302924,property,0.6487,False,0.1941,0.6487,0.1572,15.7,London,medium
51.36,-0.11,0,39,other,0.10256410256410256,1.066536269412169,violent,0.4012,False,0.3329,0.2659,0.4012,40.1,London,uncertain
51.36,-0.11,1,39,other,0.1794871794871795,1.037952601641004,violent,0.5585,False,0.2123,0.2291,0.5585,55.9,London,medium
51.36,-0.11,2,54,violent,0.09259259259259259,1.085496753242575,violent,0.5462,True,0.2163,0.2375,0.5462,54.6,London,uncertain
51.36,-0.11,3,41,other,0.024390243902439025,1.051094536503555,violent,0.4518,False,0.2995,0.2487,0.4518,45.2,London,uncertain
51.36,-0.1,0,112,property,0.13392857142857142,1.057769543839152,property,0.6078,True,0.2093,0.6078,0.1829,18.3,London,medium
51.36,-0.1,1,114,property,0.11403508771929824,1.0678413569790526,violent,0.5456,False,0.2174,0.2369,0.5456,54.6,London,uncertain
51.36,-0.1,2,100,violent,0.02,1.08571552756228,property,0.4989,False,0.2945,0.4989,0.2066,20.7,London,uncertain
51.36,-0.1,3,114,property,0.22807017543859648,1.0453445675529278,other,0.4813,False,0.4813,0.3221,0.1966,19.7,London,uncertain
51.36,-0.09,0,61,other,0.03278688524590164,1.0967440273024072,other,0.6159,True,0.6159,0.2198,0.1643,16.4,London,medium
51.36,-0.09,1,74,property,0.0,1.0793334146644078,violent,0.5013,False,0.2524,0.2463,0.5013,50.1,London,uncertain
51.36,-0.09,2,57,property,0.05263157894736842,1.0601189359398382,other,0.4916,False,0.4916,0.2485,0.26,26.0,London,uncertain
51.36,-0.09,3,64,property,0.0625,1.0643398808112194,violent,0.4219,False,0.3124,0.2657,0.4219,42.2,London,uncertain
51.36,-0.08,0,16,property,0.0,0.9832739442463889,violent,0.4443,False,0.2256,0.3301,0.4443,44.4,London,uncertain
51.36,-0.08,1,19,other,0.15789473684210525,0.9426749615639384,property,0.5016,False,0.3201,0.5016,0.1783,17.8,London,uncertain
51.36,-0.08,2,12,property,0.08333333333333333,1.0775563270668007,other,0.4753,False,0.4753,0.347,0.1777,17.8,London,uncertain
51.36,-0.08,3,14,property,0.14285714285714285,0.9922819748525739,other,0.6096,False,0.6096,0.2248,0.1655,16.6,London,medium
51.36,-0.07,0,7,violent,0.2857142857142857,0.9556998911125343,property,0.647,False,0.1946,0.647,0.1584,15.8,London,medium
51.36,-0.07,1,8,violent,0.0,1.0821955300387673,property,0.645,False,0.1962,0.645,0.1589,15.9,London,medium
51.36,-0.07,2,4,violent,0.5,0.5623351657797391,property,0.6473,False,0.1949,0.6473,0.1578,15.8,London,medium
51.36,-0.06,0,3,violent,0.0,1.0986122886681096,other,0.6168,False,0.6168,0.2191,0.1641,16.4,London,medium
51.36,-0.06,1,8,violent,0.375,0.9002560512685369,other,0.4369,False,0.4369,0.3838,0.1793,17.9,London,uncertain
51.36,-0.06,2,5,property,0.6,0.5004024447610513,property,0.6288,True,0.2059,0.6288,0.1653,16.5,London,medium
51.36,-0.06,3,7,other,0.14285714285714285,0.6829081257408294,property,0.4658,False,0.3541,0.4658,0.1801,18.0,London,uncertain
51.36,-0.05,0,3,violent,0.0,1.0986122886681096,property,0.4862,False,0.3329,0.4862,0.1809,18.1,London,uncertain
51.36,-0.05,1,5,other,0.2,0.6730116880595106,violent,0.5592,False,0.2122,0.2287,0.5592,55.9,London,medium
51.36,-0.05,2,3,violent,0.3333333333333333,0.6365141893815645,violent,0.4713,True,0.2737,0.2551,0.4713,47.1,London,uncertain
51.36,-0.05,3,5,other,0.6,0.5004024447610513,other,0.6145,True,0.6145,0.2193,0.1662,16.6,London,medium
51.36,-0.03,0,13,property,0.0,0.9110175397125628,property,0.6455,True,0.1959,0.6455,0.1586,15.9,London,medium
51.36,-0.03,1,9,other,0.1111111111111111,1.0608569471580214,other,0.4361,True,0.4361,0.3777,0.1862,18.6,London,uncertain
51.36,-0.03,2,9,property,0.2222222222222222,0.9368883075390159,property,0.6027,True,0.224,0.6027,0.1733,17.3,London,medium
51.36,-0.03,3,12,violent,0.08333333333333333,1.077556327066801,other,0.417,False,0.417,0.4044,0.1786,17.9,London,uncertain
51.36,-0.02,0,35,violent,0.4857142857142857,0.8284954781689151,violent,0.55,True,0.2142,0.2358,0.55,55.0,London,medium
51.36,-0.02,1,26,violent,0.38461538461538464,0.8283929898113759,violent,0.5613,True,0.211,0.2277,0.5613,56.1,London,medium
51.36,-0.02,2,28,violent,0.0,1.064195480999044,violent,0.4898,True,0.2301,0.2802,0.4898,49.0,London,uncertain
51.36,-0.02,3,35,property,0.02857142857142857,1.0717287302022056,violent,0.4628,False,0.2273,0.3099,0.4628,46.3,London,uncertain
51.36,-0.01,0,8,violent,0.0,0.6931472015900639,violent,0.476,True,0.2364,0.2876,0.476,47.6,London,uncertain
51.36,-0.01,1,5,violent,0.2,0.6730116880595105,violent,0.4789,True,0.2249,0.2962,0.4789,47.9,London,uncertain
51.36,-0.01,2,3,property,0.3333333333333333,0.6365141893815645,other,0.3653,False,0.3653,0.2853,0.3494,34.9,London,uncertain
51.36,-0.01,3,6,other,0.16666666666666666,1.0114042647073518,violent,0.5043,False,0.221,0.2747,0.5043,50.4,London,uncertain
51.36,0.0,0,11,property,0.18181818181818182,1.0670895187820832,property,0.6443,True,0.1965,0.6443,0.1592,15.9,London,medium
51.36,0.0,1,7,other,0.2857142857142857,0.9556998911125343,violent,0.5566,False,0.2133,0.2301,0.5566,55.7,London,medium
51.36,0.0,2,3,property,0.3333333333333333,0.6365141893815645,other,0.4239,False,0.4239,0.3567,0.2194,21.9,London,uncertain
51.36,0.0,3,4,other,0.25,1.0397207708399179,violent,0.5575,False,0.213,0.2295,0.5575,55.8,London,medium
51.36,0.01,0,3,other,1.0,4.34465315364359e-08,violent,0.4289,False,0.2332,0.3379,0.4289,42.9,London,uncertain
51.36,0.02,0,3,violent,0.3333333333333333,0.6365141893815645,other,0.6099,False,0.6099,0.2223,0.1679,16.8,London,medium
51.36,0.03,0,4,property,0.25,1.0397207708399179,property,0.6477,True,0.1947,0.6477,0.1576,15.8,London,medium
51.36,0.03,1,3,violent,0.3333333333333333,0.6365141893815645,other,0.6056,False,0.6056,0.2283,0.1661,16.6,London,medium
51.36,0.03,2,4,property,0.0,0.6931472015900639,property,0.483,True,0.3351,0.483,0.1819,18.2,London,uncertain
51.36,0.03,3,6,violent,0.0,1.0986122886681096,property,0.4854,False,0.3334,0.4854,0.1811,18.1,London,uncertain
51.36,0.04,0,3,violent,0.3333333333333333,0.6365141893815645,violent,0.5593,True,0.2122,0.2285,0.5593,55.9,London,medium
51.36,0.04,2,3,violent,0.3333333333333333,0.6365141893815645,property,0.4872,False,0.3319,0.4872,0.1809,18.1,London,uncertain
51.36,0.04,3,4,violent,0.0,0.6931472015900639,other,0.6165,False,0.6165,0.2193,0.1642,16.4,London,medium
51.36,0.06,0,7,other,0.42857142857142855,0.5982696097102536,other,0.6138,True,0.6138,0.2207,0.1655,16.6,London,medium
51.36,0.06,1,9,other,0.4444444444444444,0.8486855577264172,property,0.6429,False,0.197,0.6429,0.1601,16.0,London,medium
51.36,0.06,2,10,property,0.3,0.8979457248567798,other,0.4375,False,0.4375,0.3827,0.1798,18.0,London,uncertain
51.36,0.06,3,10,other,0.2,1.0296530140645737,property,0.6483,False,0.1943,0.6483,0.1574,15.7,London,medium
51.36,0.07,0,25,other,0.04,1.020960769860117,other,0.6149,True,0.6149,0.2202,0.1649,16.5,London,medium
51.36,0.07,1,26,property,0.038461538461538464,1.0880102622771117,other,0.6102,False,0.6102,0.2242,0.1656,16.6,London,medium
51.36,0.07,2,25,violent,0.04,1.0768186672148103,violent,0.4746,True,0.2508,0.2746,0.4746,47.5,London,uncertain
51.36,0.07,3,21,violent,0.047619047619047616,1.0917862380951273,other,0.4638,False,0.4638,0.2501,0.2861,28.6,London,uncertain
51.36,0.08,0,13,property,0.3076923076923077,0.8587409130062869,other,0.5368,False,0.5368,0.2777,0.1855,18.5,London,uncertain
51.36,0.08,1,11,property,0.18181818181818182,0.9164648855394713,violent,0.4581,False,0.2659,0.276,0.4581,45.8,London,uncertain
51.36,0.08,2,8,property,0.0,1.0821955300387671,other,0.6163,False,0.6163,0.2196,0.1641,16.4,London,medium
51.36,0.08,3,13,other,0.5384615384615384,0.8305178252872478,property,0.6332,False,0.2063,0.6332,0.1605,16.0,London,medium
51.36,0.09,0,37,property,0.16216216216216217,1.030730277969247,property,0.6472,True,0.1949,0.6472,0.1578,15.8,London,medium
51.36,0.09,1,46,property,0.30434782608695654,1.0052806453493657,property,0.6484,True,0.1943,0.6484,0.1573,15.7,London,medium
51.36,0.09,2,29,violent,0.0,1.0974088280586503,property,0.6495,False,0.1937,0.6495,0.1569,15.7,London,medium
51.36,0.09,3,39,property,0.23076923076923078,1.0244071383014264,property,0.6493,True,0.1938,0.6493,0.1569,15.7,London,medium
51.36,0.1,0,17,property,0.17647058823529413,1.0551016181686426,property,0.6465,True,0.1949,0.6465,0.1587,15.9,London,medium
51.36,0.1,1,15,property,0.2,0.9701157839869381,property,0.6473,True,0.1949,0.6473,0.1578,15.8,London,medium
51.36,0.1,2,13,property,0.23076923076923078,0.9839614460010255,property,0.6464,True,0.1954,0.6464,0.1582,15.8,London,medium
51.36,0.1,3,11,other,0.18181818181818182,1.0670895187820832,other,0.4267,True,0.4267,0.3461,0.2272,22.7,London,uncertain
51.36,0.11,0,21,property,0.14285714285714285,1.0353605606849843,property,0.6327,True,0.2026,0.6327,0.1646,16.5,London,medium
51.36,0.11,1,18,violent,0.0,1.0986122886681096,property,0.6364,False,0.2009,0.6364,0.1627,16.3,London,medium
51.36,0.11,2,18,violent,0.2222222222222222,1.0366279688586069,violent,0.5479,True,0.2171,0.235,0.5479,54.8,London,uncertain
51.36,0.11,3,27,violent,0.037037037037037035,1.0091366718296015,property,0.6493,False,0.1938,0.6493,0.1569,15.7,London,medium
51.36,0.74,2,3,violent,1.0,4.3446531758480495e-08,property,0.6157,False,0.2124,0.6157,0.172,17.2,London,medium
51.370000000000005,-0.32,3,3,violent,0.0,1.0986122886681096,violent,0.5508,True,0.2162,0.2331,0.5508,55.1,London,medium
51.370000000000005,-0.31,0,26,other,0.038461538461538464,1.088010262277112,other,0.5909,True,0.5909,0.2371,0.172,17.2,London,medium
51.370000000000005,-0.31,1,45,other,0.17777777777777778,1.0587478044375656,property,0.6385,False,0.2007,0.6385,0.1608,16.1,London,medium
51.370000000000005,-0.31,2,20,violent,0.1,1.0486537893593546,other,0.5918,False,0.5918,0.2365,0.1717,17.2,London,medium
51.370000000000005,-0.31,3,34,violent,0.058823529411764705,1.0926240370360876,other,0.5504,False,0.5504,0.2705,0.1791,17.9,London,medium
51.370000000000005,-0.3,0,38,property,0.39473684210526316,0.9435527296422719,property,0.632,True,0.203,0.632,0.165,16.5,London,medium
51.370000000000005,-0.3,1,29,property,0.20689655172413793,1.0071936308578662,other,0.5297,False,0.5297,0.2895,0.1808,18.1,London,uncertain
51.370000000000005,-0.3,2,38,property,0.15789473684210525,1.0049746053439994,property,0.6463,True,0.1951,0.6463,0.1585,15.9,London,medium
51.370000000000005,-0.3,3,34,property,0.11764705882352941,1.0283941667143721,property,0.6419,True,0.1976,0.6419,0.1606,16.1,London,medium
51.370000000000005,-0.29,0,37,property,0.3783783783783784,0.9552466328953371,property,0.6419,True,0.1978,0.6419,0.1602,16.0,London,medium
51.370000000000005,-0.29,1,31,property,0.45161290322580644,0.8948777900135767,property,0.6489,True,0.194,0.6489,0.1571,15.7,London,medium
51.370000000000005,-0.29,2,31,property,0.1935483870967742,1.046337357519136,property,0.5346,True,0.2884,0.5346,0.177,17.7,London,uncertain
51.370000000000005,-0.29,3,27,property,0.07407407407407407,1.0820131534045054,property,0.5577,True,0.2701,0.5577,0.1721,17.2,London,medium
51.370000000000005,-0.28,2,5,property,0.4,0.9502705392332347,other,0.6171,False,0.6171,0.2186,0.1643,16.4,London,medium
51.370000000000005,-0.28,3,4,property,0.25,1.0397207708399179,violent,0.47,False,0.2785,0.2515,0.47,47.0,London,uncertain
51.370000000000005,-0.26,0,3,violent,0.0,1.0986122886681096,property,0.6416,False,0.198,0.6416,0.1604,16.0,London,medium
51.370000000000005,-0.24,0,13,property,0.07692307692307693,1.0928305535284886,property,0.6475,True,0.1948,0.6475,0.1577,15.8,London,medium
51.370000000000005,-0.24,1,11,violent,0.09090909090909091,1.0361987848192837,property,0.6447,False,0.1963,0.6447,0.159,15.9,London,medium
51.370000000000005,-0.24,2,8,violent,0.25,1.0397207708399179,property,0.6497,False,0.1936,0.6497,0.1568,15.7,London,medium
51.370000000000005,-0.24,3,7,property,0.2857142857142857,0.9556998911125343,property,0.6287,True,0.2059,0.6287,0.1654,16.5,London,medium
51.370000000000005,-0.23,0,52,property,0.1346153846153846,1.0509597420797265,other,0.6174,False,0.6174,0.2189,0.1637,16.4,London,medium
51.370000000000005,-0.23,1,60,other,0.016666666666666666,1.0820103296089916,other,0.5965,True,0.5965,0.2366,0.167,16.7,London,medium
51.370000000000005,-0.23,2,47,other,0.14893617021276595,1.0692826314066224,property,0.633,False,0.2067,0.633,0.1603,16.0,London,medium
51.370000000000005,-0.23,3,63,other,0.015873015873015872,1.0478762278563016,other,0.6186,True,0.6186,0.2182,0.1631,16.3,London,medium
51.370000000000005,-0.22,0,29,violent,0.06896551724137931,0.9513813721218549,property,0.6486,False,0.1936,0.6486,0.1577,15.8,London,medium
51.370000000000005,-0.22,1,36,violent,0.08333333333333333,1.0775563270668007,property,0.6334,False,0.2026,0.6334,0.164,16.4,London,medium
51.370000000000005,-0.22,2,29,violent,0.06896551724137931,1.0939547819577147,other,0.4153,False,0.4153,0.3905,0.1942,19.4,London,uncertain
51.370000000000005,-0.22,3,19,violent,0.6842105263157895,0.6605788876520756,other,0.4424,False,0.4424,0.3236,0.234,23.4,London,uncertain
51.370000000000005,-0.21,0,45,property,0.022222222222222223,1.0971297078373583,property,0.6466,True,0.1953,0.6466,0.1581,15.8,London,medium
51.370000000000005,-0.21,1,37,other,0.13513513513513514,1.076752548142629,property,0.4003,False,0.3027,0.4003,0.297,29.7,London,uncertain
51.370000000000005,-0.21,2,37,property,0.02702702702702703,1.064888508195969,property,0.6334,True,0.2022,0.6334,0.1643,16.4,London,medium
51.370000000000005,-0.21,3,33,property,0.06060606060606061,1.0875314752904792,property,0.6463,True,0.1954,0.6463,0.1583,15.8,London,medium
51.370000000000005,-0.2,0,95,property,0.031578947368421054,1.097184442907344,other,0.6176,False,0.6176,0.2188,0.1636,16.4,London,medium
51.370000000000005,-0.2,1,103,property,0.038834951456310676,1.09513544215593,other,0.5873,False,0.5873,0.2411,0.1716,17.2,London,medium
51.370000000000005,-0.2,2,106,other,0.08490566037735849,1.0490977493746398,other,0.6191,True,0.6191,0.2179,0.1629,16.3,London,medium
51.370000000000005,-0.2,3,110,other,0.14545454545454545,1.0622265649113678,other,0.6175,True,0.6175,0.2189,0.1636,16.4,London,medium
51.370000000000005,-0.19,0,122,other,0.05737704918032787,1.0913218841016197,violent,0.5481,False,0.2173,0.2346,0.5481,54.8,London,uncertain
51.370000000000005,-0.19,1,144,other,0.04861111111111111,1.0959050516841589,other,0.6155,True,0.6155,0.2214,0.163,16.3,London,medium
51.370000000000005,-0.19,2,127,property,0.0,1.094552544354929,property,0.5008,True,0.2895,0.5008,0.2097,21.0,London,uncertain
51.370000000000005,-0.19,3,133,violent,0.0,1.0971802318918789,other,0.4181,False,0.4181,0.3729,0.2089,20.9,London,uncertain
51.370000000000005,-0.18,0,50,violent,0.02,1.0957815752757503,other,0.4981,False,0.4981,0.2867,0.2152,21.5,London,uncertain
51.370000000000005,-0.18,1,47,violent,0.10638297872340426,1.0876381158932584,property,0.4538,False,0.3213,0.4538,0.2249,22.5,London,uncertain
51.370000000000005,-0.18,2,50,other,0.08,1.0875656525975472,property,0.4758,False,0.2948,0.4758,0.2293,22.9,London,uncertain
51.370000000000005,-0.18,3,31,property,0.16129032258064516,1.0676208772568145,property,0.6445,True,0.1961,0.6445,0.1594,15.9,London,medium
51.370000000000005,-0.17,0,76,property,0.25,1.0134846248484037,property,0.6282,True,0.2052,0.6282,0.1667,16.7,London,medium
51.370000000000005,-0.17,1,111,property,0.46846846846846846,0.8779704063125133,violent,0.5429,False,0.2161,0.241,0.5429,54.3,London,uncertain
51.370000000000005,-0.17,2,78,property,0.38461538461538464,0.9251290835720822,property,0.6481,True,0.1941,0.6481,0.1578,15.8,London,medium
51.370000000000005,-0.17,3,70,property,0.5285714285714286,0.8157367334650351,property,0.4943,True,0.2858,0.4943,0.2199,22.0,London,uncertain
51.370000000000005,-0.16,0,80,property,0.15,1.0750705960190956,violent,0.4171,False,0.3046,0.2784,0.4171,41.7,London,uncertain
51.370000000000005,-0.16,1,94,property,0.2553191489361702,1.031657820293276,property,0.4053,True,0.3264,0.4053,0.2683,26.8,London,uncertain
51.370000000000005,-0.16,2,78,property,0.3974358974358974,0.9472330593467404,property,0.6476,True,0.1944,0.6476,0.158,15.8,London,medium
51.370000000000005,-0.16,3,87,property,0.08045977011494253,1.0687296164846898,violent,0.5082,False,0.2316,0.2602,0.5082,50.8,London,uncertain
51.370000000000005,-0.15,0,44,violent,0.22727272727272727,1.0376517997982746,property,0.4419,False,0.3212,0.4419,0.2369,23.7,London,uncertain
51.370000000000005,-0.15,1,34,other,0.17647058823529413,0.9560443809671457,violent,0.5455,False,0.219,0.2355,0.5455,54.6,London,uncertain
51.370000000000005,-0.15,2,36,other,0.08333333333333333,1.0466541538387857,violent,0.5027,False,0.2214,0.276,0.5027,50.3,London,uncertain
51.370000000000005,-0.15,3,40,violent,0.05,1.080527626604172,violent,0.5478,True,0.2175,0.2347,0.5478,54.8,London,uncertain
51.370000000000005,-0.14,0,31,violent,0.0967741935483871,1.0444966422024355,violent,0.555,True,0.2142,0.2309,0.555,55.5,London,medium
51.370000000000005,-0.14,1,20,other,0.15,0.9985793315873921,property,0.5823,False,0.2205,0.5823,0.1972,19.7,London,medium
51.370000000000005,-0.14,2,31,violent,0.25806451612903225,0.9827988945770124,property,0.5616,False,0.2606,0.5616,0.1778,17.8,London,medium
51.370000000000005,-0.14,3,22,violent,0.18181818181818182,1.0670895187820832,other,0.5619,False,0.5619,0.2531,0.185,18.5,London,medium
51.370000000000005,-0.13,0,49,other,0.04081632653061224,1.0957210284269405,violent,0.5497,False,0.2142,0.2362,0.5497,55.0,London,uncertain
51.370000000000005,-0.13,1,58,violent,0.2413793103448276,1.0222323070437096,violent,0.55,True,0.2166,0.2334,0.55,55.0,London,medium
51.370000000000005,-0.13,2,48,violent,0.10416666666666667,1.0655085369743396,violent,0.5593,True,0.212,0.2287,0.5593,55.9,London,medium
51.370000000000005,-0.13,3,49,violent,0.20408163265306123,1.0590641703479653,property,0.6336,False,0.2022,0.6336,0.1643,16.4,London,medium
51.370000000000005,-0.12,0,75,other,0.09333333333333334,1.0822675703567097,property,0.6478,False,0.1943,0.6478,0.1579,15.8,London,medium
51.370000000000005,-0.12,1,73,property,0.2191780821917808,1.0531188471695663,property,0.6459,True,0.1957,0.6459,0.1584,15.8,London,medium
51.370000000000005,-0.12,2,92,property,0.10869565217391304,1.0843917254939652,property,0.65,True,0.1934,0.65,0.1566,15.7,London,medium
51.370000000000005,-0.12,3,72,violent,0.013888888888888888,1.0759168340719127,property,0.6468,False,0.1952,0.6468,0.1581,15.8,London,medium
51.370000000000005,-0.11,0,116,other,0.06896551724137931,1.08764771526419,other,0.4143,True,0.4143,0.275,0.3107,31.1,London,uncertain
51.370000000000005,-0.11,1,122,other,0.02459016393442623,1.0764059657754623,other,0.536,True,0.536,0.2515,0.2125,21.3,London,uncertain
51.370000000000005,-0.11,2,113,violent,0.061946902654867256,1.090114760749234,other,0.6174,False,0.6174,0.219,0.1636,16.4,London,medium
51.370000000000005,-0.11,3,112,other,0.13392857142857142,1.078713144589629,violent,0.4664,False,0.2711,0.2625,0.4664,46.6,London,uncertain
51.370000000000005,-0.1,0,557,other,0.01436265709156194,1.0914358442230818,property,0.632,False,0.2041,0.632,0.1639,16.4,London,medium
51.370000000000005,-0.1,1,533,property,0.08067542213883677,1.0700940509190504,property,0.4687,True,0.3211,0.4687,0.2102,21.0,London,uncertain
51.370000000000005,-0.1,2,524,property,0.03625954198473282,1.0868773378512149,property,0.5935,True,0.2343,0.5935,0.1722,17.2,London,medium
51.370000000000005,-0.1,3,523,other,0.022944550669216062,1.0788025918779338,property,0.6401,False,0.1998,0.6401,0.1601,16.0,London,medium
51.370000000000005,-0.09,0,107,other,0.102803738317757,1.084744583334224,property,0.5226,False,0.2902,0.5226,0.1871,18.7,London,uncertain
51.370000000000005,-0.09,1,102,other,0.1568627450980392,1.073471662360959,property,0.5723,False,0.2511,0.5723,0.1766,17.7,London,medium
51.370000000000005,-0.09,2,98,violent,0.030612244897959183,1.0947326788499439,violent,0.5449,True,0.2171,0.238,0.5449,54.5,London,uncertain
51.370000000000005,-0.09,3,91,property,0.07692307692307693,1.0892246620928254,other,0.6143,False,0.6143,0.2219,0.1638,16.4,London,medium
51.370000000000005,-0.08,0,22,violent,0.18181818181818182,1.0208880675106418,violent,0.5349,True,0.2228,0.2423,0.5349,53.5,London,uncertain
51.370000000000005,-0.08,1,24,other,0.08333333333333333,1.0775563270668007,property,0.4359,False,0.3431,0.4359,0.221,22.1,London,uncertain
51.370000000000005,-0.08,2,15,property,0.13333333333333333,1.0437570363314086,violent,0.5535,False,0.2125,0.234,0.5535,55.4,London,medium
51.370000000000005,-0.08,3,28,property,0.2857142857142857,1.0110373360577514,violent,0.552,False,0.2137,0.2344,0.552,55.2,London,medium
51.370000000000005,-0.07,0,5,other,0.4,0.9502705392332347,property,0.5646,False,0.2238,0.5646,0.2116,21.2,London,medium
51.370000000000005,-0.07,1,3,violent,0.0,1.0986122886681096,other,0.6157,False,0.6157,0.2197,0.1646,16.5,London,medium
51.370000000000005,-0.07,2,9,other,0.4444444444444444,0.8486855577264172,other,0.6151,True,0.6151,0.2203,0.1646,16.5,London,medium
51.370000000000005,-0.07,3,10,other,0.2,0.6730116880595106,other,0.4116,True,0.4116,0.396,0.1924,19.2,London,uncertain
51.370000000000005,-0.05,0,27,violent,0.0,1.0439522154956382,other,0.6069,False,0.6069,0.2279,0.1653,16.5,London,medium
51.370000000000005,-0.05,1,26,property,0.0,1.0971128947333808,property,0.631,True,0.2041,0.631,0.1649,16.5,London,medium
51.370000000000005,-0.05,2,29,property,0.13793103448275862,1.065891213213607,property,0.5055,True,0.2687,0.5055,0.2258,22.6,London,uncertain
51.370000000000005,-0.05,3,21,property,0.0,1.0769865220544765,property,0.6411,True,0.198,0.6411,0.1609,16.1,London,medium
51.370000000000005,-0.04,0,11,property,0.18181818181818182,0.9164648855394713,property,0.6457,True,0.1953,0.6457,0.159,15.9,London,medium
51.370000000000005,-0.04,1,7,violent,0.2857142857142857,0.9556998911125343,property,0.645,False,0.1962,0.645,0.1589,15.9,London,medium
51.370000000000005,-0.04,2,17,property,0.11764705882352941,1.0283941667143721,property,0.6478,True,0.1946,0.6478,0.1576,15.8,London,medium
51.370000000000005,-0.04,3,10,property,0.4,0.9502705392332347,property,0.6478,True,0.1946,0.6478,0.1576,15.8,London,medium
51.370000000000005,-0.03,0,44,violent,0.22727272727272727,1.0092750669453268,property,0.3675,False,0.3394,0.3675,0.2931,29.3,London,uncertain
51.370000000000005,-0.03,1,58,property,0.06896551724137931,1.0939547819577147,violent,0.5482,False,0.2149,0.2369,0.5482,54.8,London,uncertain
51.370000000000005,-0.03,2,40,violent,0.15,1.0407740894989104,violent,0.5511,True,0.2148,0.2342,0.5511,55.1,London,medium
51.370000000000005,-0.03,3,49,other,0.10204081632653061,1.0860610919427371,violent,0.5551,False,0.2139,0.231,0.5551,55.5,London,medium
51.370000000000005,-0.02,0,6,property,0.5,0.8675632284814613,property,0.6426,True,0.1975,0.6426,0.1599,16.0,London,medium
51.370000000000005,-0.02,1,9,property,0.5555555555555556,0.5297062202512142,violent,0.4297,False,0.2291,0.3412,0.4297,43.0,London,uncertain
51.370000000000005,-0.02,2,10,property,0.7,0.639031859650177,property,0.6445,True,0.1964,0.6445,0.1591,15.9,London,medium
51.370000000000005,-0.02,3,6,property,0.16666666666666666,1.0114042647073518,property,0.6468,True,0.1951,0.6468,0.158,15.8,London,medium
51.370000000000005,-0.01,0,6,property,0.5,0.8675632284814613,property,0.6472,True,0.1949,0.6472,0.1578,15.8,London,medium
51.370000000000005,-0.01,1,11,violent,0.18181818181818182,1.0670895187820832,property,0.6452,False,0.1961,0.6452,0.1588,15.9,London,medium
51.370000000000005,-0.01,2,7,property,0.5714285714285714,0.7963116401738131,property,0.6444,True,0.1965,0.6444,0.1591,15.9,London,medium
51.370000000000005,-0.01,3,10,property,0.4,0.9502705392332347,violent,0.5581,False,0.2126,0.2293,0.5581,55.8,London,medium
51.370000000000005,0.0,0,18,property,0.2777777777777778,0.9809896824453153,property,0.6475,True,0.1948,0.6475,0.1577,15.8,London,medium
51.370000000000005,0.0,1,23,property,0.43478260869565216,0.8761994574635853,property,0.6444,True,0.1965,0.6444,0.1591,15.9,London,medium
51.370000000000005,0.0,2,18,property,0.5,0.8675632284814613,property,0.6469,True,0.1948,0.6469,0.1583,15.8,London,medium
51.370000000000005,0.0,3,24,property,0.375,0.9002560512685369,property,0.6462,True,0.1955,0.6462,0.1583,15.8,London,medium
51.370000000000005,0.01,0,8,property,0.25,0.6615632592196846,property,0.6463,True,0.195,0.6463,0.1587,15.9,London,medium
51.370000000000005,0.01,1,16,property,0.0625,1.0433534269422906,property,0.5927,True,0.2185,0.5927,0.1887,18.9,London,medium
51.370000000000005,0.01,2,8,property,0.25,0.6615632592196847,violent,0.546,False,0.216,0.238,0.546,54.6,London,uncertain
51.370000000000005,0.01,3,13,property,0.38461538461538464,0.9251290835720823,violent,0.4362,False,0.2286,0.3352,0.4362,43.6,London,uncertain
51.370000000000005,0.02,0,9,property,0.1111111111111111,0.6869615976336275,property,0.5492,True,0.2222,0.5492,0.2286,22.9,London,uncertain
51.370000000000005,0.02,1,6,violent,0.16666666666666666,1.0114042647073518,property,0.6488,False,0.1941,0.6488,0.1572,15.7,London,medium
51.370000000000005,0.02,2,6,violent,0.3333333333333333,0.6365141893815645,violent,0.5615,True,0.2111,0.2274,0.5615,56.2,London,medium
51.370000000000005,0.02,3,7,violent,0.2857142857142857,0.9556998911125343,violent,0.5607,True,0.2114,0.2279,0.5607,56.1,London,medium
51.370000000000005,0.04,0,24,property,0.375,0.9680045912248363,property,0.6467,True,0.1952,0.6467,0.1581,15.8,London,medium
51.370000000000005,0.04,1,12,violent,0.08333333333333333,1.077556327066801,property,0.6451,False,0.1961,0.6451,0.1588,15.9,London,medium
51.370000000000005,0.04,2,11,violent,0.45454545454545453,0.9075352941050092,other,0.5963,False,0.5963,0.2344,0.1693,16.9,London,medium
51.370000000000005,0.04,3,22,property,0.5909090909090909,0.6496877127476234,property,0.5978,True,0.2356,0.5978,0.1666,16.7,London,medium
51.370000000000005,0.05,0,12,other,0.08333333333333333,1.0775563270668007,property,0.6397,False,0.1991,0.6397,0.1612,16.1,London,medium
51.370000000000005,0.05,1,6,property,0.16666666666666666,1.0114042647073518,property,0.6451,True,0.1961,0.6451,0.1588,15.9,London,medium
51.370000000000005,0.05,2,8,property,0.25,0.6615632592196847,property,0.6487,True,0.1941,0.6487,0.1572,15.7,London,medium
51.370000000000005,0.05,3,12,property,0.16666666666666666,1.0114042647073518,violent,0.5048,False,0.2232,0.272,0.5048,50.5,London,uncertain
51.370000000000005,0.06,0,68,violent,0.04411764705882353,1.0666492504239908,violent,0.5587,True,0.2122,0.2291,0.5587,55.9,London,medium
51.370000000000005,0.06,1,93,violent,0.12903225806451613,1.0599864113257504,violent,0.5582,True,0.2125,0.2293,0.5582,55.8,London,medium
51.370000000000005,0.06,2,70,violent,0.2714285714285714,1.0163322788136386,violent,0.5492,True,0.2169,0.234,0.5492,54.9,London,uncertain
51.370000000000005,0.06,3,61,violent,0.22950819672131148,0.9780195800981932,violent,0.5559,True,0.2135,0.2306,0.5559,55.6,London,medium
51.370000000000005,0.07,0,10,violent,0.0,1.0549201679861442,violent,0.5593,True,0.2122,0.2285,0.5593,55.9,London,medium
51.370000000000005,0.07,1,9,violent,0.3333333333333333,0.9950269901795212,violent,0.4828,True,0.2328,0.2844,0.4828,48.3,London,uncertain
51.370000000000005,0.07,2,7,violent,0.14285714285714285,1.0789922078775833,violent,0.5615,True,0.2111,0.2274,0.5615,56.2,London,medium
51.370000000000005,0.07,3,11,violent,0.2727272727272727,0.9949236325717752,other,0.6148,False,0.6148,0.2206,0.1646,16.5,London,medium
51.370000000000005,0.08,0,5,violent,0.2,0.6730116880595105,property,0.6346,False,0.2016,0.6346,0.1638,16.4,London,medium
51.370000000000005,0.08,1,11,property,0.18181818181818182,0.9164648855394713,property,0.5434,True,0.2777,0.5434,0.1789,17.9,London,uncertain
51.370000000000005,0.08,2,9,property,0.1111111111111111,1.0608569471580214,property,0.646,True,0.1956,0.646,0.1584,15.8,London,medium
51.370000000000005,0.08,3,13,property,0.6153846153846154,0.6870920273799715,property,0.6478,True,0.1946,0.6478,0.1576,15.8,London,medium
51.370000000000005,0.09,0,14,violent,0.07142857142857142,1.060944240790747,other,0.5374,False,0.5374,0.2648,0.1979,19.8,London,uncertain
51.370000000000005,0.09,1,16,property,0.0,1.0821955300387671,property,0.5647,True,0.2581,0.5647,0.1772,17.7,London,medium
51.370000000000005,0.09,2,17,other,0.11764705882352941,1.0283941667143721,property,0.5011,False,0.3134,0.5011,0.1855,18.6,London,uncertain
51.370000000000005,0.09,3,19,property,0.21052631578947367,1.0565758044102838,other,0.6079,False,0.6079,0.2272,0.1648,16.5,London,medium
51.370000000000005,0.1,0,60,other,0.06666666666666667,1.0851886129676505,other,0.5635,True,0.5635,0.26,0.1765,17.7,London,medium
51.370000000000005,0.1,1,48,property,0.041666666666666664,1.0593845933422399,property,0.6349,True,0.2017,0.6349,0.1634,16.3,London,medium
51.370000000000005,0.1,2,43,other,0.11627906976744186,1.0823649276334009,property,0.6406,False,0.1985,0.6406,0.1608,16.1,London,medium
51.370000000000005,0.1,3,47,property,0.0851063829787234,1.0443046392170048,other,0.6094,False,0.6094,0.2248,0.1658,16.6,London,medium
51.370000000000005,0.11,0,7,violent,0.14285714285714285,1.0789922078775833,property,0.6432,False,0.1972,0.6432,0.1597,16.0,London,medium
51.370000000000005,0.11,1,17,property,0.35294117647058826,0.8082699580001821,property,0.6431,True,0.1972,0.6431,0.1597,16.0,London,medium
51.370000000000005,0.11,2,24,violent,0.0,1.0986122886681096,property,0.6451,False,0.1961,0.6451,0.1588,15.9,London,medium
51.370000000000005,0.11,3,18,property,0.2222222222222222,1.0366279688586069,property,0.6462,True,0.1955,0.6462,0.1583,15.8,London,medium
51.370000000000005,0.12,0,33,property,0.030303030303030304,1.0783635075908842,violent,0.541,False,0.2208,0.2382,0.541,54.1,London,uncertain
51.370000000000005,0.12,1,33,other,0.18181818181818182,1.0670895187820832,other,0.596,True,0.596,0.229,0.175,17.5,London,medium
51.370000000000005,0.12,2,29,property,0.034482758620689655,1.0588032571034944,other,0.6186,False,0.6186,0.2183,0.1631,16.3,London,medium
51.370000000000005,0.12,3,31,other,0.03225806451612903,1.0845917163665408,violent,0.4875,False,0.2585,0.2541,0.4875,48.7,London,uncertain
51.38,-0.31,0,4,violent,0.5,0.562335165779739,violent,0.4429,True,0.2966,0.2605,0.4429,44.3,London,uncertain
51.38,-0.31,1,4,property,0.5,0.5623351657797391,violent,0.5465,False,0.2158,0.2378,0.5465,54.6,London,uncertain
51.38,-0.3,0,61,other,0.01639344262295082,1.095060801743708,other,0.6173,True,0.6173,0.219,0.1637,16.4,London,medium
51.38,-0.3,1,57,other,0.07017543859649122,1.092274908799996,other,0.6089,True,0.6089,0.2265,0.1645,16.5,London,medium
51.38,-0.3,2,43,property,0.11627906976744186,1.0823649276334009,violent,0.3885,False,0.2905,0.321,0.3885,38.8,London,uncertain
51.38,-0.3,3,43,violent,0.0,1.0964129603431838,other,0.6196,False,0.6196,0.2177,0.1627,16.3,London,medium
51.38,-0.29,0,83,violent,0.18072289156626506,1.0293420020222408,property,0.5876,False,0.2304,0.5876,0.1821,18.2,London,medium
51.38,-0.29,1,81,property,0.06172839506172839,1.0871148553441539,violent,0.55,False,0.2152,0.2349,0.55,55.0,London,medium
51.38,-0.29,2,84,violent,0.15476190476190477,1.002506743075347,property,0.5043,False,0.2415,0.5043,0.2541,25.4,London,uncertain
51.38,-0.29,3,80,violent,0.275,1.0204833711599783,violent,0.5522,True,0.2138,0.234,0.5522,55.2,London,medium
51.38,-0.28,0,98,other,0.2653061224489796,1.0324395794041568,property,0.6454,False,0.1959,0.6454,0.1586,15.9,London,medium
51.38,-0.28,1,112,other,0.044642857142857144,1.084259343071278,property,0.6402,False,0.1988,0.6402,0.161,16.1,London,medium
51.38,-0.28,2,98,other,0.02040816326530612,1.0797812768096198,property,0.6502,False,0.1933,0.6502,0.1565,15.7,London,medium
51.38,-0.28,3,109,violent,0.03669724770642202,1.0955074283083064,property,0.5908,False,0.2369,0.5908,0.1723,17.2,London,medium
51.38,-0.27,0,13,other,0.07692307692307693,1.0928305535284886,violent,0.5573,False,0.2131,0.2296,0.5573,55.7,London,medium
51.38,-0.27,1,9,violent,0.0,0.9649629230074277,violent,0.5587,True,0.2124,0.2289,0.5587,55.9,London,medium
51.38,-0.27,2,10,violent,0.0,1.0549201679861442,violent,0.4258,True,0.2284,0.3458,0.4258,42.6,London,uncertain
51.38,-0.27,3,13,property,0.15384615384615385,0.8981370031878679,violent,0.5598,False,0.2119,0.2283,0.5598,56.0,London,medium
51.38,-0.26,0,24,violent,0.125,1.0835291213181606,property,0.6224,False,0.2085,0.6224,0.1691,16.9,London,medium
51.38,-0.26,1,28,other,0.2857142857142857,0.9556998911125343,violent,0.488,False,0.2579,0.2541,0.488,48.8,London,uncertain
51.38,-0.26,2,16,other,0.125,0.9743147528693494,other,0.6164,True,0.6164,0.2196,0.164,16.4,London,medium
51.38,-0.26,3,12,other,0.08333333333333333,1.0775563270668007,other,0.6046,True,0.6046,0.2266,0.1689,16.9,London,medium
51.38,-0.25,0,23,other,0.2608695652173913,0.9502094526077801,other,0.6129,True,0.6129,0.2218,0.1654,16.5,London,medium
51.38,-0.25,1,17,violent,0.0,1.0950778621205006,property,0.6347,False,0.2014,0.6347,0.164,16.4,London,medium
51.38,-0.25,2,22,violent,0.09090909090909091,0.9302168370888639,property,0.6449,False,0.1962,0.6449,0.1589,15.9,London,medium
51.38,-0.25,3,22,property,0.0,1.0900596587107838,property,0.6425,True,0.1972,0.6425,0.1603,16.0,London,medium
51.38,-0.24,0,60,property,0.016666666666666666,1.0654445531934154,property,0.6474,True,0.1945,0.6474,0.1581,15.8,London,medium
51.38,-0.24,1,72,other,0.013888888888888888,1.0759168340719127,property,0.6439,False,0.1968,0.6439,0.1593,15.9,London,medium
51.38,-0.24,2,70,property,0.08571428571428572,1.0674862001343326,property,0.6492,True,0.1935,0.6492,0.1573,15.7,London,medium
51.38,-0.24,3,61,other,0.08196721311475409,1.0822187715729614,property,0.6469,False,0.1946,0.6469,0.1585,15.8,London,medium
51.38,-0.23,0,29,other,0.034482758620689655,1.0901154415671217,property,0.6304,False,0.2039,0.6304,0.1657,16.6,London,medium
51.38,-0.23,1,35,property,0.08571428571428572,1.0882194459083807,other,0.6188,False,0.6188,0.218,0.1632,16.3,London,medium
51.38,-0.23,2,28,other,0.03571428571428571,1.0813448682427136,property,0.6428,False,0.1971,0.6428,0.1601,16.0,London,medium
51.38,-0.23,3,25,other,0.04,1.0768186672148103,violent,0.4741,False,0.2356,0.2903,0.4741,47.4,London,uncertain
51.38,-0.22,0,45,violent,0.06666666666666667,1.0942573324773661,property,0.6014,False,0.2119,0.6014,0.1868,18.7,London,medium
51.38,-0.22,1,41,property,0.07317073170731707,1.0910198471849788,property,0.4414,True,0.2399,0.4414,0.3187,31.9,London,uncertain
51.38,-0.22,2,52,property,0.038461538461538464,1.072432341777384,property,0.6497,True,0.1932,0.6497,0.157,15.7,London,medium
51.38,-0.22,3,44,property,0.11363636363636363,1.073553469837396,violent,0.4687,False,0.2374,0.2938,0.4687,46.9,London,uncertain
51.38,-0.21,0,39,property,0.10256410256410256,1.0851732524354265,property,0.6414,True,0.1979,0.6414,0.1608,16.1,London,medium
51.38,-0.21,1,29,property,0.1724137931034483,1.0406620152965456,property,0.6497,True,0.1936,0.6497,0.1568,15.7,London,medium
51.38,-0.21,2,44,violent,0.045454545454545456,1.0965754342577216,property,0.6498,False,0.1935,0.6498,0.1567,15.7,London,medium
51.38,-0.21,3,25,property,0.16,0.9622678365069894,property,0.6504,True,0.1932,0.6504,0.1564,15.6,London,medium
51.38,-0.2,0,63,violent,0.1746031746031746,1.0631396427792277,other,0.6115,False,0.6115,0.2235,0.165,16.5,London,medium
51.38,-0.2,1,59,property,0.05084745762711865,1.094927846953579,other,0.531,False,0.531,0.2894,0.1796,18.0,London,uncertain
51.38,-0.2,2,50,property,0.16,1.0609030098209542,violent,0.5008,False,0.2331,0.2661,0.5008,50.1,London,uncertain
51.38,-0.2,3,50,violent,0.02,1.0673063239076608,property,0.6208,False,0.2106,0.6208,0.1687,16.9,London,medium
51.38,-0.19,0,48,other,0.020833333333333332,1.0973093562969467,violent,0.5581,False,0.2126,0.2294,0.5581,55.8,London,medium
51.38,-0.19,1,56,other,0.05357142857142857,1.0208900694563288,other,0.6086,True,0.6086,0.2252,0.1662,16.6,London,medium
51.38,-0.19,2,46,other,0.08695652173913043,1.0912436384160906,property,0.4481,False,0.3256,0.4481,0.2263,22.6,London,uncertain
51.38,-0.19,3,45,other,0.1111111111111111,1.0608569471580214,property,0.6252,False,0.2081,0.6252,0.1667,16.7,London,medium
51.38,-0.18,0,94,violent,0.11702127659574468,1.0786282625267036,violent,0.5533,True,0.2147,0.232,0.5533,55.3,London,medium
51.38,-0.18,1,112,violent,0.03571428571428571,1.0813448682427138,property,0.6209,False,0.2105,0.6209,0.1686,16.9,London,medium
51.38,-0.18,2,88,violent,0.045454545454545456,1.0399964569510627,property,0.6383,False,0.2008,0.6383,0.1609,16.1,London,medium
51.38,-0.18,3,111,violent,0.22522522522522523,1.041514375850991,property,0.4789,False,0.2305,0.4789,0.2906,29.1,London,uncertain
51.38,-0.17,0,84,violent,0.13095238095238096,1.0707043708839479,violent,0.556,True,0.2134,0.2305,0.556,55.6,London,medium
51.38,-0.17,1,80,violent,0.0875,1.0716742118835223,violent,0.5583,True,0.2121,0.2295,0.5583,55.8,London,medium
51.38,-0.17,2,83,violent,0.060240963855421686,1.0915582439404674,violent,0.56,True,0.2117,0.2284,0.56,56.0,London,medium
51.38,-0.17,3,99,property,0.030303030303030304,1.0862717065963003,violent,0.4899,False,0.2534,0.2567,0.4899,49.0,London,uncertain
51.38,-0.16,0,66,violent,0.06060606060606061,1.0765428949912161,property,0.645,False,0.1958,0.645,0.1591,15.9,London,medium
51.38,-0.16,1,46,violent,0.15217391304347827,1.0763951189873606,violent,0.5103,True,0.2272,0.2624,0.5103,51.0,London,uncertain
51.38,-0.16,2,64,violent,0.046875,1.093998650161157,property,0.6463,False,0.1951,0.6463,0.1585,15.9,London,medium
51.38,-0.16,3,53,violent,0.11320754716981132,1.051861129188655,property,0.645,False,0.1956,0.645,0.1594,15.9,London,medium
51.38,-0.15,0,8,other,0.625,0.7356219397587946,violent,0.5595,False,0.2121,0.2284,0.5595,55.9,London,medium
51.38,-0.15,1,13,violent,0.38461538461538464,0.9251290835720822,other,0.614,False,0.614,0.2206,0.1654,16.5,London,medium
51.38,-0.15,2,10,violent,0.0,1.0549201679861442,violent,0.5583,True,0.2126,0.2291,0.5583,55.8,London,medium
51.38,-0.15,3,6,property,0.16666666666666666,1.0114042647073518,other,0.5982,False,0.5982,0.2321,0.1698,17.0,London,medium
51.38,-0.14,0,8,other,0.625,0.7356219397587946,property,0.6432,False,0.1972,0.6432,0.1597,16.0,London,medium
51.38,-0.14,1,5,violent,0.0,1.0549201679861442,other,0.6185,False,0.6185,0.2182,0.1633,16.3,London,medium
51.38,-0.14,2,3,other,1.0,4.34465315364359e-08,other,0.6055,True,0.6055,0.2284,0.1661,16.6,London,medium
51.38,-0.14,3,6,other,0.16666666666666666,1.0114042647073518,violent,0.5582,False,0.2127,0.2291,0.5582,55.8,London,medium
51.38,-0.13,0,56,property,0.2857142857142857,0.9878479892081289,property,0.6485,True,0.1942,0.6485,0.1573,15.7,London,medium
51.38,-0.13,1,52,property,0.3076923076923077,0.9892865715324239,property,0.6473,True,0.1949,0.6473,0.1578,15.8,London,medium
51.38,-0.13,2,59,property,0.2033898305084746,1.040917993641933,property,0.6502,True,0.1933,0.6502,0.1565,15.7,London,medium
51.38,-0.13,3,52,property,0.019230769230769232,1.093709386603995,property,0.6485,True,0.1942,0.6485,0.1573,15.7,London,medium
51.38,-0.12,0,84,property,0.11904761904761904,0.9675843728024425,property,0.6471,True,0.195,0.6471,0.1579,15.8,London,medium
51.38,-0.12,1,109,property,0.05504587155963303,1.0909588079964743,property,0.647,True,0.1947,0.647,0.1583,15.8,London,medium
51.38,-0.12,2,87,property,0.13793103448275862,1.0803017507092236,property,0.4735,True,0.241,0.4735,0.2855,28.5,London,uncertain
51.38,-0.12,3,92,property,0.1956521739130435,1.027811162206268,property,0.6481,True,0.1939,0.6481,0.158,15.8,London,medium
51.38,-0.11,0,234,property,0.08547008547008547,1.0852423523137116,property,0.589,True,0.2355,0.589,0.1755,17.5,London,medium
51.38,-0.11,1,247,property,0.10121457489878542,1.0836929180461772,other,0.5044,False,0.5044,0.299,0.1966,19.7,London,uncertain
51.38,-0.11,2,227,property,0.14096916299559473,1.0751941744105167,other,0.592,False,0.592,0.2359,0.1721,17.2,London,medium
51.38,-0.11,3,219,property,0.0958904109589041,1.0840630865276388,other,0.4156,False,0.4156,0.3941,0.1903,19.0,London,uncertain
51.38,-0.1,0,423,other,0.04491725768321513,1.0903552189475514,property,0.647,False,0.195,0.647,0.1579,15.8,London,medium
51.38,-0.1,1,401,other,0.10972568578553615,1.0828355052864334,property,0.6416,False,0.198,0.6416,0.1604,16.0,London,medium
51.38,-0.1,2,451,other,0.082039911308204,1.0787861231319056,property,0.6443,False,0.1965,0.6443,0.1592,15.9,London,medium
51.38,-0.1,3,443,other,0.024830699774266364,1.0959933745220931,property,0.6474,False,0.1945,0.6474,0.1581,15.8,London,medium
51.38,-0.09,0,221,property,0.04072398190045249,1.0824297174186337,other,0.5032,False,0.5032,0.3179,0.1789,17.9,London,uncertain
51.38,-0.09,1,254,property,0.08661417322834646,1.0856723211146972,other,0.5019,False,0.5019,0.3139,0.1841,18.4,London,uncertain
51.38,-0.09,2,238,other,0.008403361344537815,1.082988389061676,other,0.4852,True,0.4852,0.3337,0.1811,18.1,London,uncertain
51.38,-0.09,3,233,other,0.09012875536480687,1.079607670261343,property,0.4384,False,0.37,0.4384,0.1916,19.2,London,uncertain
51.38,-0.08,0,107,property,0.018691588785046728,1.098265030049801,violent,0.4547,False,0.241,0.3043,0.4547,45.5,London,uncertain
51.38,-0.08,1,107,violent,0.018691588785046728,1.098265030049801,property,0.4934,False,0.2284,0.4934,0.2782,27.8,London,uncertain
51.38,-0.08,2,137,other,0.10218978102189781,1.0858150656228256,violent,0.44,False,0.2648,0.2952,0.44,44.0,London,uncertain
51.38,-0.08,3,105,violent,0.09523809523809523,1.07883466338162,property,0.4043,False,0.3126,0.4043,0.2831,28.3,London,uncertain
51.38,-0.07,0,69,property,0.057971014492753624,1.0942744009069207,property,0.6459,True,0.1957,0.6459,0.1585,15.8,London,medium
51.38,-0.07,1,83,other,0.04819277108433735,1.089664196460846,property,0.6479,False,0.1945,0.6479,0.1575,15.8,London,medium
51.38,-0.07,2,82,property,0.0,1.0980123867963267,property,0.6467,True,0.1952,0.6467,0.1581,15.8,London,medium
51.38,-0.07,3,82,property,0.024390243902439025,1.0883275840626652,property,0.6481,True,0.1944,0.6481,0.1575,15.7,London,medium
51.38,-0.06,0,55,property,0.2545454545454545,1.0137117291065987,property,0.6492,True,0.1938,0.6492,0.157,15.7,London,medium
51.38,-0.06,1,37,property,0.1891891891891892,1.0422943457157994,property,0.647,True,0.195,0.647,0.1579,15.8,London,medium
51.38,-0.06,2,46,property,0.21739130434782608,1.0538437102109437,property,0.6478,True,0.1946,0.6478,0.1576,15.8,London,medium
51.38,-0.06,3,42,property,0.09523809523809523,1.087006563678329,property,0.636,True,0.2011,0.636,0.1629,16.3,London,medium
51.38,-0.05,0,44,property,0.4090909090909091,0.9342317041095897,property,0.6482,True,0.1944,0.6482,0.1574,15.7,London,medium
51.38,-0.05,1,38,property,0.6842105263157895,0.6605788876520756,property,0.6308,True,0.204,0.6308,0.1652,16.5,London,medium
51.38,-0.05,2,41,property,0.3902439024390244,0.7106304549393879,property,0.6478,True,0.1946,0.6478,0.1576,15.8,London,medium
51.38,-0.05,3,40,property,0.675,0.6327150711697842,property,0.6331,True,0.2027,0.6331,0.1642,16.4,London,medium
51.38,-0.04,0,25,property,0.2,1.0512435186197395,violent,0.4488,False,0.2814,0.2698,0.4488,44.9,London,uncertain
51.38,-0.04,1,21,property,0.2857142857142857,1.0220830508128003,property,0.5831,True,0.2126,0.5831,0.2043,20.4,London,medium
51.38,-0.04,2,23,violent,0.043478260869565216,1.08501115745815,violent,0.5595,True,0.212,0.2285,0.5595,56.0,London,medium
51.38,-0.04,3,11,violent,0.0,1.0900596587107838,property,0.6196,False,0.2096,0.6196,0.1707,17.1,London,medium
51.38,-0.03,0,83,violent,0.27710843373493976,1.001200058767877,violent,0.5551,True,0.2139,0.231,0.5551,55.5,London,medium
51.38,-0.03,1,91,violent,0.42857142857142855,0.9021030468413741,violent,0.5571,True,0.2127,0.2302,0.5571,55.7,London,medium
51.38,-0.03,2,81,violent,0.38271604938271603,0.9581072419765012,violent,0.5583,True,0.2124,0.2292,0.5583,55.8,London,medium
51.38,-0.03,3,83,violent,0.5421686746987951,0.820419932421317,violent,0.56,True,0.2116,0.2283,0.56,56.0,London,medium
51.38,-0.02,0,40,property,0.2,1.0296530140645737,property,0.6407,True,0.1985,0.6407,0.1608,16.1,London,medium
51.38,-0.02,1,49,property,0.3673469387755102,0.9570560477756103,property,0.6487,True,0.1941,0.6487,0.1572,15.7,London,medium
51.38,-0.02,2,48,property,0.375,0.9002560512685369,property,0.6492,True,0.1938,0.6492,0.157,15.7,London,medium
51.38,-0.02,3,50,property,0.42,0.9269334961280267,property,0.6311,True,0.2046,0.6311,0.1643,16.4,London,medium
51.38,-0.01,0,19,property,0.15789473684210525,1.045978165699395,property,0.6456,True,0.1958,0.6456,0.1586,15.9,London,medium
51.38,-0.01,1,33,property,0.18181818181818182,0.9164648855394713,property,0.6421,True,0.1977,0.6421,0.1601,16.0,London,medium
51.38,-0.01,2,28,property,0.10714285714285714,0.8165033382470197,property,0.6446,True,0.1964,0.6446,0.159,15.9,London,medium
51.38,-0.01,3,24,property,0.25,1.0397207708399179,property,0.6452,True,0.196,0.6452,0.1587,15.9,London,medium
51.38,0.0,0,14,property,0.6428571428571429,0.6559757323365467,property,0.6447,True,0.1963,0.6447,0.159,15.9,London,medium
51.38,0.0,1,15,property,0.3333333333333333,0.9276173343271816,property,0.6436,True,0.1966,0.6436,0.1598,16.0,London,medium
51.38,0.0,2,12,property,0.16666666666666666,0.6791932870355983,property,0.6485,True,0.1942,0.6485,0.1573,15.7,London,medium
51.38,0.0,3,19,property,0.5263157894736842,0.708018976056273,property,0.6482,True,0.1944,0.6482,0.1574,15.7,London,medium
51.38,0.01,0,29,other,0.10344827586206896,1.052787230251689,other,0.4238,True,0.4238,0.397,0.1793,17.9,London,uncertain
51.38,0.01,1,31,property,0.03225806451612903,1.0496717767488781,property,0.6349,True,0.2012,0.6349,0.1639,16.4,London,medium
51.38,0.01,2,41,property,0.024390243902439025,1.094390714787167,other,0.3738,False,0.3738,0.321,0.3052,30.5,London,uncertain
51.38,0.01,3,39,property,0.0,0.9872425881788298,property,0.65,True,0.1934,0.65,0.1566,15.7,London,medium
51.38,0.02,0,8,property,0.125,0.9743147528693494,property,0.6469,True,0.1951,0.6469,0.158,15.8,London,medium
51.38,0.02,1,6,property,0.16666666666666666,1.0114042647073518,property,0.6489,True,0.194,0.6489,0.1571,15.7,London,medium
51.38,0.02,2,10,property,0.0,1.0549201679861442,property,0.6491,True,0.1939,0.6491,0.157,15.7,London,medium
51.38,0.02,3,10,other,0.1,1.0888999753452238,property,0.6491,False,0.1939,0.6491,0.157,15.7,London,medium
51.38,0.04,0,28,violent,0.07142857142857142,1.060944240790747,other,0.3778,False,0.3778,0.2538,0.3684,36.8,London,uncertain
51.38,0.04,1,23,violent,0.43478260869565216,0.8761994574635853,violent,0.4748,True,0.2631,0.2621,0.4748,47.5,London,uncertain
51.38,0.04,2,18,violent,0.1111111111111111,1.0608569471580214,other,0.6199,False,0.6199,0.2175,0.1626,16.3,London,medium
51.38,0.04,3,19,violent,0.0,1.087074155537762,other,0.5885,False,0.5885,0.2312,0.1804,18.0,London,medium
51.38,0.05,0,13,property,0.15384615384615385,1.0579054247036734,property,0.6438,True,0.1968,0.6438,0.1594,15.9,London,medium
51.38,0.05,1,13,violent,0.38461538461538464,0.9251290835720822,property,0.5603,False,0.2178,0.5603,0.2219,22.2,London,medium
51.38,0.05,2,16,property,0.0625,1.0433534269422906,property,0.6499,True,0.1934,0.6499,0.1567,15.7,London,medium
51.38,0.05,3,13,property,0.0,0.9110175397125628,violent,0.4542,False,0.2208,0.325,0.4542,45.4,London,uncertain
51.38,0.06,0,12,other,0.08333333333333333,0.9184277849930977,violent,0.5595,False,0.2121,0.2284,0.5595,55.9,London,medium
51.38,0.06,1,20,other,0.2,1.0296530140645737,other,0.5377,True,0.5377,0.2416,0.2207,22.1,London,uncertain
51.38,0.06,2,21,violent,0.0,1.0769865220544765,violent,0.438,True,0.3034,0.2586,0.438,43.8,London,uncertain
51.38,0.06,3,19,other,0.15789473684210525,1.045978165699395,other,0.618,True,0.618,0.2183,0.1637,16.4,London,medium
51.38,0.07,0,8,other,0.5,0.5623351657797391,other,0.6175,True,0.6175,0.2186,0.1639,16.4,London,medium
51.38,0.07,1,9,other,0.2222222222222222,0.9368883075390159,other,0.614,True,0.614,0.2204,0.1656,16.6,London,medium
51.38,0.07,2,8,other,0.125,0.9743147528693494,other,0.6181,True,0.6181,0.218,0.1639,16.4,London,medium
51.38,0.07,3,6,other,0.16666666666666666,1.0114042647073518,other,0.6057,True,0.6057,0.2283,0.166,16.6,London,medium
51.38,0.08,0,26,property,0.34615384615384615,0.9012262508973273,property,0.6437,True,0.1969,0.6437,0.1594,15.9,London,medium
51.38,0.08,1,22,property,0.09090909090909091,0.9302168370888639,property,0.6455,True,0.1959,0.6455,0.1586,15.9,London,medium
51.38,0.08,2,28,property,0.35714285714285715,0.9799711820833054,property,0.6466,True,0.1953,0.6466,0.1582,15.8,London,medium
51.38,0.08,3,26,property,0.19230769230769232,1.0634187732433902,property,0.5857,True,0.2461,0.5857,0.1682,16.8,London,medium
51.38,0.09,0,7,property,0.7142857142857143,0.4101163396015586,property,0.6465,True,0.1953,0.6465,0.1582,15.8,London,medium
51.38,0.09,1,10,violent,0.2,1.0296530140645737,property,0.6449,False,0.1962,0.6449,0.1589,15.9,London,medium
51.38,0.09,2,10,property,0.1,0.9433483923290391,property,0.6452,True,0.1961,0.6452,0.1588,15.9,London,medium
51.38,0.09,3,11,property,0.36363636363636365,0.8599672810355049,property,0.4643,True,0.3536,0.4643,0.1821,18.2,London,uncertain
51.38,0.1,0,97,property,0.21649484536082475,1.0291896757878545,property,0.647,True,0.195,0.647,0.158,15.8,London,medium
51.38,0.1,1,117,property,0.1623931623931624,1.041687187982753,property,0.649,True,0.194,0.649,0.1571,15.7,London,medium
51.38,0.1,2,108,property,0.3888888888888889,0.9472591439698987,property,0.6491,True,0.1939,0.6491,0.157,15.7,London,medium
51.38,0.1,3,74,property,0.21621621621621623,1.0480107837767272,property,0.648,True,0.1945,0.648,0.1575,15.7,London,medium
51.38,0.11,0,65,property,0.15384615384615385,1.0703788618537018,property,0.6469,True,0.1951,0.6469,0.158,15.8,London,medium
51.38,0.11,1,61,property,0.09836065573770492,1.05731799169284,property,0.6498,True,0.1935,0.6498,0.1567,15.7,London,medium
51.38,0.11,2,65,property,0.18461538461538463,1.0510227012843285,property,0.6462,True,0.1954,0.6462,0.1583,15.8,London,medium
51.38,0.11,3,62,property,0.3387096774193548,0.9863549267589129,property,0.6464,True,0.1951,0.6464,0.1585,15.9,London,medium
51.38,0.12,0,49,property,0.04081632653061224,1.0417318696947038,violent,0.4973,False,0.2289,0.2738,0.4973,49.7,London,uncertain
51.38,0.12,1,52,other,0.038461538461538464,1.0960439684092247,property,0.6467,False,0.1949,0.6467,0.1584,15.8,London,medium
51.38,0.12,2,51,violent,0.058823529411764705,1.088177104593951,property,0.4912,False,0.2868,0.4912,0.222,22.2,London,uncertain
51.38,0.12,3,55,violent,0.09090909090909091,1.0886244510747414,property,0.5703,False,0.2557,0.5703,0.174,17.4,London,medium
51.38,0.13,1,3,property,1.0,4.3446531758480495e-08,other,0.6135,False,0.6135,0.2209,0.1657,16.6,London,medium
51.39,-0.34,2,3,property,0.3333333333333333,0.6365141893815645,property,0.6466,True,0.1953,0.6466,0.1581,15.8,London,medium
51.39,-0.32,1,4,property,0.5,0.562335165779739,violent,0.4885,False,0.2293,0.2822,0.4885,48.9,London,uncertain
51.39,-0.31,0,92,other,0.043478260869565216,0.960523793311868,property,0.6329,False,0.2028,0.6329,0.1643,16.4,London,medium
51.39,-0.31,1,78,other,0.07692307692307693,1.0546651897961086,property,0.4667,False,0.3501,0.4667,0.1832,18.3,London,uncertain
51.39,-0.31,2,95,property,0.042105263157894736,1.037823793161924,other,0.4613,False,0.4613,0.3573,0.1814,18.1,London,uncertain
51.39,-0.31,3,101,other,0.12871287128712872,1.0431616991343082,other,0.5009,True,0.5009,0.3189,0.1802,18.0,London,uncertain
51.39,-0.3,0,114,property,0.13157894736842105,1.081925224005316,other,0.617,False,0.617,0.2192,0.1638,16.4,London,medium
51.39,-0.3,1,104,property,0.057692307692307696,1.0867431763345283,other,0.6191,False,0.6191,0.2179,0.163,16.3,London,medium
51.39,-0.3,2,114,property,0.08771929824561403,1.0818403650780593,other,0.6183,False,0.6183,0.2184,0.1633,16.3,London,medium
51.39,-0.3,3,124,other,0.024193548387096774,1.0921663126578511,other,0.611,True,0.611,0.2254,0.1636,16.4,London,medium
51.39,-0.29,0,32,violent,0.09375,1.086197972394526,other,0.6183,False,0.6183,0.2184,0.1633,16.3,London,medium
51.39,-0.29,1,27,other,0.14814814814814814,0.9525594433910547,property,0.5859,False,0.2314,0.5859,0.1827,18.3,London,medium
51.39,-0.29,2,47,property,0.06382978723404255,1.0928231916403195,property,0.4863,True,0.3363,0.4863,0.1774,17.7,London,uncertain
51.39,-0.29,3,45,property,0.06666666666666667,1.0352223863597825,other,0.5203,False,0.5203,0.2949,0.1848,18.5,London,uncertain
51.39,-0.28,0,22,property,0.3181818181818182,0.9369181202504688,property,0.6254,True,0.2107,0.6254,0.164,16.4,London,medium
51.39,-0.28,1,16,other,0.0625,0.8815322611881637,property,0.621,False,0.2034,0.621,0.1755,17.6,London,medium
51.39,-0.28,2,12,property,0.4166666666666667,0.8239592165010823,property,0.6445,True,0.1964,0.6445,0.1591,15.9,London,medium
51.39,-0.28,3,19,property,0.0,1.087074155537762,violent,0.4819,False,0.2199,0.2982,0.4819,48.2,London,uncertain
51.39,-0.27,0,15,other,0.06666666666666667,0.990835386443849,property,0.5485,False,0.2638,0.5485,0.1876,18.8,London,uncertain
51.39,-0.27,1,20,property,0.4,0.8568409950394724,property,0.6444,True,0.1965,0.6444,0.1591,15.9,London,medium
51.39,-0.27,2,22,property,0.3181818181818182,1.0040761387311792,property,0.6468,True,0.1951,0.6468,0.158,15.8,London,medium
51.39,-0.27,3,23,property,0.043478260869565216,1.08501115745815,property,0.649,True,0.1939,0.649,0.1571,15.7,London,medium
51.39,-0.26,0,31,violent,0.0,1.0707894419593655,property,0.5721,False,0.2165,0.5721,0.2114,21.1,London,medium
51.39,-0.26,1,33,property,0.030303030303030304,1.095853660612585,property,0.4719,True,0.3449,0.4719,0.1832,18.3,London,uncertain
51.39,-0.26,2,32,other,0.0625,1.0795883408865783,violent,0.4701,False,0.2396,0.2903,0.4701,47.0,London,uncertain
51.39,-0.26,3,37,other,0.02702702702702703,1.088836961521142,property,0.4812,False,0.336,0.4812,0.1828,18.3,London,uncertain
51.39,-0.25,0,15,other,0.26666666666666666,1.0096137581740383,property,0.6475,False,0.1945,0.6475,0.158,15.8,London,medium
51.39,-0.25,1,23,property,0.21739130434782608,1.0538437102109437,property,0.6487,True,0.1941,0.6487,0.1572,15.7,London,medium
51.39,-0.25,2,20,property,0.05,1.080527626604172,property,0.6466,True,0.1953,0.6466,0.1581,15.8,London,medium
51.39,-0.25,3,10,property,0.1,0.9433483923290392,property,0.6461,True,0.1955,0.6461,0.1583,15.8,London,medium
51.39,-0.24,0,29,violent,0.4482758620689655,0.8762587657102581,property,0.4197,False,0.3922,0.4197,0.1881,18.8,London,uncertain
51.39,-0.24,1,33,violent,0.0,1.0134531738483668,other,0.5318,False,0.5318,0.2928,0.1754,17.5,London,uncertain
51.39,-0.24,2,34,other,0.058823529411764705,1.0926240370360876,other,0.6187,True,0.6187,0.2182,0.1631,16.3,London,medium
51.39,-0.24,3,29,violent,0.0,0.9540365141242575,other,0.6174,False,0.6174,0.2187,0.1638,16.4,London,medium
51.39,-0.23,0,6,property,0.16666666666666666,1.0114042647073518,violent,0.557,False,0.2132,0.2298,0.557,55.7,London,medium
51.39,-0.23,1,5,property,0.0,1.0549201679861442,property,0.6445,True,0.1964,0.6445,0.1591,15.9,London,medium
51.39,-0.23,2,6,violent,0.5,0.8675632284814613,violent,0.3684,True,0.3471,0.2845,0.3684,36.8,London,uncertain
51.39,-0.23,3,9,other,1.0,4.34465315364359e-08,property,0.5204,False,0.2266,0.5204,0.253,25.3,London,uncertain
51.39,-0.22,0,40,property,0.275,1.0204833711599783,property,0.6334,True,0.2026,0.6334,0.164,16.4,London,medium
51.39,-0.22,1,29,violent,0.034482758620689655,1.0588032571034944,property,0.4913,False,0.2331,0.4913,0.2756,27.6,London,uncertain
51.39,-0.22,2,50,property,0.24,1.039320664104926,property,0.6502,True,0.1933,0.6502,0.1565,15.7,London,medium
51.39,-0.22,3,46,property,0.17391304347826086,1.0465634069578553,property,0.4144,True,0.3412,0.4144,0.2445,24.4,London,uncertain
51.39,-0.21,0,27,violent,0.07407407407407407,1.0405805589833306,property,0.5753,False,0.2487,0.5753,0.176,17.6,London,medium
51.39,-0.21,1,21,property,0.14285714285714285,1.0789922078775833,violent,0.4802,False,0.2306,0.2892,0.4802,48.0,London,uncertain
51.39,-0.21,2,19,violent,0.05263157894736842,0.955131195451464,violent,0.4798,True,0.2253,0.2949,0.4798,48.0,London,uncertain
51.39,-0.21,3,29,violent,0.06896551724137931,1.075361286166348,property,0.6494,False,0.1937,0.6494,0.1569,15.7,London,medium
51.39,-0.2,0,43,property,0.11627906976744186,1.0823649276334009,violent,0.5591,False,0.2119,0.2291,0.5591,55.9,London,medium
51.39,-0.2,1,47,other,0.0851063829787234,1.0861170640995161,violent,0.4493,False,0.2407,0.3101,0.4493,44.9,London,uncertain
51.39,-0.2,2,46,other,0.10869565217391304,1.0843917254939652,property,0.4948,False,0.2444,0.4948,0.2608,26.1,London,uncertain
51.39,-0.2,3,54,other,0.018518518518518517,1.0279780810776196,violent,0.421,False,0.2291,0.3499,0.421,42.1,London,uncertain
51.39,-0.19,0,75,violent,0.12,1.068358338884637,property,0.6447,False,0.196,0.6447,0.1593,15.9,London,medium
51.39,-0.19,1,77,violent,0.06493506493506493,1.0904190446400133,violent,0.5521,True,0.2142,0.2337,0.5521,55.2,London,medium
51.39,-0.19,2,56,violent,0.03571428571428571,1.0924814880174574,property,0.627,False,0.2084,0.627,0.1647,16.5,London,medium
51.39,-0.19,3,79,other,0.012658227848101266,1.083344738662563,property,0.4274,False,0.2284,0.4274,0.3442,34.4,London,uncertain
51.39,-0.18,0,55,violent,0.14545454545454545,1.0754156488557371,other,0.5297,False,0.5297,0.2456,0.2247,22.5,London,uncertain
51.39,-0.18,1,50,violent,0.0,1.0549201679861442,violent,0.3658,True,0.2834,0.3508,0.3658,36.6,London,uncertain
51.39,-0.18,2,61,other,0.08196721311475409,1.0822187715729614,other,0.6172,True,0.6172,0.2191,0.1637,16.4,London,medium
51.39,-0.18,3,40,property,0.025,1.0699496099040458,other,0.5693,False,0.5693,0.2495,0.1812,18.1,London,medium
51.39,-0.17,0,44,property,0.022727272727272728,1.0818511247006646,other,0.567,False,0.567,0.2496,0.1833,18.3,London,medium
51.39,-0.17,1,56,other,0.05357142857142857,1.0866369122605337,violent,0.5603,False,0.2115,0.2282,0.5603,56.0,London,medium
51.39,-0.17,2,41,violent,0.21951219512195122,1.0211480832143915,violent,0.5464,True,0.2159,0.2377,0.5464,54.6,London,uncertain
51.39,-0.17,3,56,violent,0.05357142857142857,1.0945250892480327,other,0.5531,False,0.5531,0.2604,0.1865,18.7,London,medium
51.39,-0.16,0,31,violent,0.25806451612903225,1.0269445292379726,violent,0.5502,True,0.2165,0.2334,0.5502,55.0,London,medium
51.39,-0.16,1,29,other,0.06896551724137931,1.0939547819577147,property,0.5695,False,0.2155,0.5695,0.2151,21.5,London,medium
51.39,-0.16,2,38,property,0.0,1.097913446793334,violent,0.5548,False,0.2128,0.2323,0.5548,55.5,London,medium
51.39,-0.16,3,30,violent,0.03333333333333333,1.0952733774372052,property,0.481,False,0.2212,0.481,0.2978,29.8,London,uncertain
51.39,-0.15,3,3,other,0.3333333333333333,0.6365141893815645,other,0.6152,True,0.6152,0.2198,0.1651,16.5,London,medium
51.39,-0.14,0,13,other,0.3076923076923077,0.8587409130062869,other,0.6128,True,0.6128,0.2212,0.1661,16.6,London,medium
51.39,-0.14,1,12,other,0.25,0.887694275799104,other,0.6067,True,0.6067,0.2277,0.1656,16.6,London,medium
51.39,-0.14,2,12,other,0.5,0.8675632284814612,other,0.6145,True,0.6145,0.2201,0.1654,16.5,London,medium
51.39,-0.14,3,19,other,0.3157894736842105,0.9591824302739718,violent,0.5596,False,0.2119,0.2285,0.5596,56.0,London,medium
51.39,-0.13,0,38,property,0.18421052631578946,1.0539398218595697,violent,0.5547,False,0.2142,0.2312,0.5547,55.5,London,medium
51.39,-0.13,1,54,other,0.018518518518518517,1.0975829522078113,violent,0.537,False,0.2187,0.2443,0.537,53.7,London,uncertain
51.39,-0.13,2,48,other,0.125,1.0505717513316428,property,0.6102,False,0.2038,0.6102,0.186,18.6,London,medium
51.39,-0.13,3,64,property,0.015625,1.0953886842281757,property,0.6463,True,0.1951,0.6463,0.1585,15.9,London,medium
51.39,-0.12,0,120,other,0.058333333333333334,1.0763842624076299,violent,0.5435,False,0.2177,0.2387,0.5435,54.4,London,uncertain
51.39,-0.12,1,137,property,0.043795620437956206,1.0770081570427201,property,0.474,True,0.3029,0.474,0.223,22.3,London,uncertain
51.39,-0.12,2,109,other,0.01834862385321101,1.0928427852273122,other,0.4893,True,0.4893,0.3127,0.198,19.8,London,uncertain
51.39,-0.12,3,108,other,0.06481481481481481,1.0710202851707746,violent,0.4581,False,0.284,0.2579,0.4581,45.8,London,uncertain
51.39,-0.11,0,227,violent,0.13656387665198239,1.0794315363202078,violent,0.5558,True,0.2136,0.2307,0.5558,55.6,London,medium
51.39,-0.11,1,250,violent,0.072,1.0917242692349207,violent,0.555,True,0.2141,0.2309,0.555,55.5,London,medium
51.39,-0.11,2,239,violent,0.100418410041841,1.0850742828686684,violent,0.5583,True,0.2125,0.2292,0.5583,55.8,London,medium
51.39,-0.11,3,262,other,0.003816793893129771,1.0916591852906226,violent,0.558,False,0.2126,0.2294,0.558,55.8,London,medium
51.39,-0.1,0,142,other,0.04225352112676056,1.096062821705936,other,0.5009,True,0.5009,0.3021,0.197,19.7,London,uncertain
51.39,-0.1,1,154,violent,0.025974025974025976,1.0895957381664563,violent,0.3473,True,0.3092,0.3435,0.3473,34.7,London,uncertain
51.39,-0.1,2,160,other,0.0125,1.098339627907061,violent,0.5573,False,0.213,0.2297,0.5573,55.7,London,medium
51.39,-0.1,3,146,other,0.03424657534246575,1.097452183852311,violent,0.4694,False,0.2547,0.2759,0.4694,46.9,London,uncertain
51.39,-0.09,0,107,violent,0.037383177570093455,1.0961855084845271,property,0.4685,False,0.3213,0.4685,0.2102,21.0,London,uncertain
51.39,-0.09,1,108,violent,0.12037037037037036,1.0642911688148375,property,0.6486,False,0.1939,0.6486,0.1575,15.8,London,medium
51.39,-0.09,2,144,other,0.006944444444444444,1.0958142543317568,property,0.5935,False,0.2343,0.5935,0.1722,17.2,London,medium
51.39,-0.09,3,125,violent,0.128,1.0547299582337983,other,0.5854,False,0.5854,0.233,0.1816,18.2,London,medium
51.39,-0.08,0,60,other,0.016666666666666666,1.0977786077648664,violent,0.519,False,0.2235,0.2575,0.519,51.9,London,uncertain
51.39,-0.08,1,60,violent,0.0,1.0960673284468552,property,0.6389,False,0.199,0.6389,0.1621,16.2,London,medium
51.39,-0.08,2,56,violent,0.10714285714285714,1.056867476032946,violent,0.5572,True,0.213,0.2297,0.5572,55.7,London,medium
51.39,-0.08,3,65,violent,0.12307692307692308,1.0762180605888494,property,0.3941,False,0.2805,0.3941,0.3254,32.5,London,uncertain
51.39,-0.07,0,104,other,0.009615384615384616,1.095696207878913,violent,0.5251,False,0.2342,0.2407,0.5251,52.5,London,uncertain
51.39,-0.07,1,97,other,0.020618556701030927,1.0913034011478535,property,0.6424,False,0.1973,0.6424,0.1603,16.0,London,medium
51.39,-0.07,2,77,violent,0.1038961038961039,1.082613058085712,property,0.3877,False,0.2327,0.3877,0.3796,38.0,London,uncertain
51.39,-0.07,3,96,property,0.052083333333333336,1.094432939456719,violent,0.5578,False,0.2124,0.2297,0.5578,55.8,London,medium
51.39,-0.06,0,63,other,0.06349206349206349,1.086444350790698,violent,0.5534,False,0.2144,0.2323,0.5534,55.3,London,medium
51.39,-0.06,1,62,other,0.016129032258064516,1.0902968400578485,violent,0.5481,False,0.2166,0.2353,0.5481,54.8,London,uncertain
51.39,-0.06,2,76,violent,0.02631578947368421,1.0866041307757461,violent,0.4431,True,0.2893,0.2676,0.4431,44.3,London,uncertain
51.39,-0.06,3,70,violent,0.05714285714285714,1.0910865589126855,violent,0.4618,True,0.2794,0.2588,0.4618,46.2,London,uncertain
51.39,-0.05,0,42,property,0.16666666666666666,1.0676679896547863,other,0.6079,False,0.6079,0.2252,0.1669,16.7,London,medium
51.39,-0.05,1,51,violent,0.09803921568627451,1.0693464048754113,violent,0.5489,True,0.2165,0.2346,0.5489,54.9,London,uncertain
51.39,-0.05,2,50,property,0.1,1.0792083575275788,property,0.649,True,0.1937,0.649,0.1574,15.7,London,medium
51.39,-0.05,3,48,violent,0.2916666666666667,1.0054668293254951,other,0.6087,False,0.6087,0.224,0.1673,16.7,London,medium
51.39,-0.04,0,33,property,0.12121212121212122,1.0047654731191165,property,0.4883,True,0.3312,0.4883,0.1805,18.0,London,uncertain
51.39,-0.04,1,24,violent,0.0,1.0821955300387671,property,0.4004,False,0.3501,0.4004,0.2496,25.0,London,uncertain
51.39,-0.04,2,33,violent,0.06060606060606061,1.0875314752904792,property,0.4234,False,0.3346,0.4234,0.242,24.2,London,uncertain
51.39,-0.04,3,30,property,0.3333333333333333,0.9833122247384489,property,0.636,True,0.2021,0.636,0.1619,16.2,London,medium
51.39,-0.03,0,31,property,0.3225806451612903,1.0014914323648219,property,0.648,True,0.1945,0.648,0.1575,15.8,London,medium
51.39,-0.03,1,23,property,0.30434782608695654,0.9772300460661989,property,0.6466,True,0.1953,0.6466,0.1581,15.8,London,medium
51.39,-0.03,2,17,property,0.23529411764705882,1.0027399543973452,property,0.6466,True,0.1953,0.6466,0.1581,15.8,London,medium
51.39,-0.03,3,24,property,0.20833333333333334,0.9582325450794875,property,0.6474,True,0.1948,0.6474,0.1578,15.8,London,medium
51.39,-0.02,0,9,violent,0.3333333333333333,0.9950269901795212,violent,0.5556,True,0.2139,0.2305,0.5556,55.6,London,medium
51.39,-0.02,1,8,violent,0.0,1.0821955300387673,violent,0.4872,True,0.2301,0.2827,0.4872,48.7,London,uncertain
51.39,-0.02,2,13,violent,0.15384615384615385,1.0579054247036734,violent,0.5577,True,0.2129,0.2295,0.5577,55.8,London,medium
51.39,-0.02,3,12,violent,0.5,0.8675632284814613,violent,0.5539,True,0.2147,0.2314,0.5539,55.4,London,medium
51.39,-0.01,0,6,property,0.6666666666666666,0.4505612301390093,property,0.6435,True,0.197,0.6435,0.1595,16.0,London,medium
51.39,-0.01,1,7,property,0.14285714285714285,0.6829081257408294,property,0.6414,True,0.1982,0.6414,0.1605,16.0,London,medium
51.39,-0.01,2,10,property,0.6,0.5004024447610512,property,0.6482,True,0.1944,0.6482,0.1574,15.7,London,medium
51.39,-0.01,3,11,property,0.18181818181818182,0.9164648855394713,property,0.6481,True,0.1944,0.6481,0.1575,15.7,London,medium
51.39,0.0,0,20,property,0.3,0.9972715231823841,property,0.6432,True,0.1972,0.6432,0.1597,16.0,London,medium
51.39,0.0,1,22,property,0.09090909090909091,1.0361987848192837,property,0.643,True,0.1972,0.643,0.1597,16.0,London,medium
51.39,0.0,2,26,property,0.15384615384615385,1.0017680654251162,property,0.4912,True,0.2315,0.4912,0.2773,27.7,London,uncertain
51.39,0.0,3,22,property,0.36363636363636365,0.9575556963742231,property,0.6473,True,0.1949,0.6473,0.1578,15.8,London,medium
51.39,0.01,0,22,other,0.18181818181818182,1.0208880675106418,property,0.6433,False,0.1971,0.6433,0.1596,16.0,London,medium
51.39,0.01,1,14,property,0.21428571428571427,1.034601232910181,property,0.6465,True,0.1948,0.6465,0.1586,15.9,London,medium
51.39,0.01,2,18,property,0.4444444444444444,0.8486855577264172,other,0.568,False,0.568,0.2416,0.1904,19.0,London,medium
51.39,0.01,3,15,violent,0.13333333333333333,0.8823109245150755,property,0.6459,False,0.1952,0.6459,0.1589,15.9,London,medium
51.39,0.02,0,18,property,0.0,1.0688206728265008,property,0.4577,True,0.2793,0.4577,0.263,26.3,London,uncertain
51.39,0.02,1,16,property,0.4375,0.9214934308679616,property,0.6447,True,0.196,0.6447,0.1593,15.9,London,medium
51.39,0.02,2,13,property,0.07692307692307693,1.0123308391031736,other,0.5742,False,0.5742,0.2435,0.1824,18.2,London,medium
51.39,0.02,3,14,property,0.21428571428571427,1.0346012329101812,violent,0.5355,False,0.2184,0.2461,0.5355,53.6,London,uncertain
51.39,0.03,0,18,property,0.05555555555555555,1.0263306332944864,property,0.6418,True,0.1979,0.6418,0.1603,16.0,London,medium
51.39,0.03,1,13,property,0.0,0.9110175397125628,property,0.4965,True,0.2227,0.4965,0.2807,28.1,London,uncertain
51.39,0.03,2,16,property,0.3125,0.8305236914828463,property,0.6494,True,0.1937,0.6494,0.1569,15.7,London,medium
51.39,0.03,3,30,property,0.16666666666666666,1.0564242198612623,property,0.6498,True,0.1935,0.6498,0.1567,15.7,London,medium
51.39,0.04,0,73,other,0.0684931506849315,1.087178393627319,property,0.6443,False,0.1965,0.6443,0.1592,15.9,London,medium
51.39,0.04,1,69,other,0.10144927536231885,1.0672411716686854,property,0.5374,False,0.2812,0.5374,0.1814,18.1,London,uncertain
51.39,0.04,2,72,other,0.1111111111111111,1.0608569471580214,property,0.6499,False,0.1935,0.6499,0.1567,15.7,London,medium
51.39,0.04,3,82,property,0.06097560975609756,1.0398773187277575,property,0.4729,True,0.3448,0.4729,0.1823,18.2,London,uncertain
51.39,0.05,0,42,property,0.21428571428571427,1.0550900594108927,property,0.6478,True,0.1943,0.6478,0.1579,15.8,London,medium
51.39,0.05,1,38,violent,0.0,1.097913446793334,property,0.6303,False,0.2043,0.6303,0.1654,16.5,London,medium
51.39,0.05,2,26,property,0.34615384615384615,0.9727696382494828,property,0.6499,True,0.1934,0.6499,0.1567,15.7,London,medium
51.39,0.05,3,40,property,0.025,1.090269363315715,property,0.6481,True,0.1944,0.6481,0.1575,15.7,London,medium
51.39,0.06,1,7,property,0.14285714285714285,0.6829081257408294,property,0.5943,True,0.2126,0.5943,0.1932,19.3,London,medium
51.39,0.06,2,3,property,0.3333333333333333,0.6365141893815645,property,0.5,True,0.2227,0.5,0.2773,27.7,London,uncertain
51.39,0.06,3,3,property,0.3333333333333333,0.6365141893815645,violent,0.4543,False,0.2234,0.3223,0.4543,45.4,London,uncertain
51.39,0.07,0,32,property,0.21875,1.0358042841981745,property,0.646,True,0.1956,0.646,0.1584,15.8,London,medium
51.39,0.07,1,36,property,0.1388888888888889,1.0389390026283636,property,0.6328,True,0.2029,0.6328,0.1643,16.4,London,medium
51.39,0.07,2,30,property,0.4,0.8975010785945179,property,0.6504,True,0.1932,0.6504,0.1565,15.6,London,medium
51.39,0.07,3,33,property,0.18181818181818182,1.0417002424008999,property,0.6499,True,0.1935,0.6499,0.1567,15.7,London,medium
51.39,0.08,0,22,other,0.045454545454545456,1.0702359491930813,property,0.6114,False,0.2146,0.6114,0.174,17.4,London,medium
51.39,0.08,1,23,property,0.34782608695652173,0.985984617175194,property,0.6452,True,0.1958,0.6452,0.1591,15.9,London,medium
51.39,0.08,2,25,other,0.28,1.0250576137587353,property,0.6463,False,0.1951,0.6463,0.1585,15.9,London,medium
51.39,0.08,3,20,property,0.2,1.0296530140645737,property,0.6458,True,0.1957,0.6458,0.1585,15.8,London,medium
51.39,0.09,0,7,other,0.14285714285714285,1.0789922078775833,property,0.6454,False,0.1956,0.6454,0.159,15.9,London,medium
51.39,0.09,1,8,property,0.125,0.9743147528693494,property,0.6444,True,0.1965,0.6444,0.1591,15.9,London,medium
51.39,0.09,2,9,property,0.3333333333333333,0.6365141893815645,property,0.6446,True,0.1964,0.6446,0.159,15.9,London,medium
51.39,0.09,3,6,property,0.3333333333333333,0.6365141893815645,property,0.4467,True,0.2284,0.4467,0.3249,32.5,London,uncertain
51.39,0.1,0,37,property,0.43243243243243246,0.9255365868835534,property,0.6482,True,0.1939,0.6482,0.1579,15.8,London,medium
51.39,0.1,1,34,property,0.35294117647058826,0.9586918593253719,violent,0.3968,False,0.2362,0.367,0.3968,39.7,London,uncertain
51.39,0.1,2,37,violent,0.10810810810810811,1.0872841553983514,other,0.6113,False,0.6113,0.2237,0.165,16.5,London,medium
51.39,0.1,3,39,property,0.3076923076923077,1.0100997593541636,violent,0.5409,False,0.218,0.2411,0.5409,54.1,London,uncertain
51.39,0.11,0,72,property,0.2916666666666667,1.0054668293254951,property,0.6477,True,0.1946,0.6477,0.1576,15.8,London,medium
51.39,0.11,1,69,property,0.15942028985507245,1.0689624400718925,property,0.6397,True,0.1991,0.6397,0.1612,16.1,London,medium
51.39,0.11,2,79,property,0.16455696202531644,1.0651732420636009,property,0.6496,True,0.1936,0.6496,0.1568,15.7,London,medium
51.39,0.11,3,73,property,0.2191780821917808,1.027997975716044,property,0.6496,True,0.1936,0.6496,0.1568,15.7,London,medium
51.39,0.12,0,73,property,0.0273972602739726,1.0932750275043666,property,0.475,True,0.3448,0.475,0.1803,18.0,London,uncertain
51.39,0.12,1,55,violent,0.21818181818181817,0.9965836013308456,property,0.6489,False,0.1937,0.6489,0.1574,15.7,London,medium
51.39,0.12,2,73,property,0.0410958904109589,1.0796542260758262,property,0.6341,True,0.2043,0.6341,0.1616,16.2,London,medium
51.39,0.12,3,64,violent,0.125,1.0717300941124526,violent,0.5055,True,0.2318,0.2627,0.5055,50.6,London,uncertain
51.39,0.13,0,7,other,0.14285714285714285,0.6829081257408294,violent,0.466,False,0.2219,0.312,0.466,46.6,London,uncertain
51.39,0.13,1,6,violent,0.16666666666666666,1.0114042647073518,violent,0.4505,True,0.2226,0.3269,0.4505,45.0,London,uncertain
51.39,0.13,2,10,property,0.4,0.9502705392332347,property,0.6486,True,0.1939,0.6486,0.1576,15.8,London,medium
51.39,0.13,3,5,violent,0.4,0.9502705392332347,violent,0.5599,True,0.2119,0.2282,0.5599,56.0,London,medium
51.39,0.14,3,3,property,0.3333333333333333,0.6365141893815645,property,0.6484,True,0.1942,0.6484,0.1573,15.7,London,medium
51.4,-0.51,0,3,violent,0.3333333333333333,0.6365141893815645,property,0.6462,False,0.1955,0.6462,0.1583,15.8,London,medium
51.4,-0.31,0,26,property,0.07692307692307693,1.0928305535284886,property,0.6483,True,0.1941,0.6483,0.1577,15.8,London,medium
51.4,-0.31,1,30,property,0.13333333333333333,1.0437570363314086,property,0.6481,True,0.1945,0.6481,0.1575,15.7,London,medium
51.4,-0.31,2,32,property,0.03125,1.0662173875546272,property,0.5922,True,0.2314,0.5922,0.1764,17.6,London,medium
51.4,-0.31,3,37,property,0.05405405405405406,1.0774012677912757,property,0.4553,True,0.3196,0.4553,0.2251,22.5,London,uncertain
51.4,-0.3,0,74,violent,0.013513513513513514,1.0973249232496562,other,0.4317,False,0.4317,0.3727,0.1956,19.6,London,uncertain
51.4,-0.3,1,66,other,0.015151515151515152,1.0714250658628393,other,0.6008,True,0.6008,0.2336,0.1656,16.6,London,medium
51.4,-0.3,2,52,other,0.09615384615384616,1.076014824930685,other,0.5744,True,0.5744,0.2565,0.1691,16.9,London,medium
51.4,-0.3,3,83,property,0.03614457831325301,1.0967438991153922,other,0.6181,False,0.6181,0.2184,0.1635,16.4,London,medium
51.4,-0.29,0,23,property,0.043478260869565216,1.08501115745815,property,0.6435,True,0.1965,0.6435,0.16,16.0,London,medium
51.4,-0.29,1,39,other,0.1282051282051282,1.006082158074664,other,0.6058,True,0.6058,0.2283,0.1659,16.6,London,medium
51.4,-0.29,2,30,violent,0.03333333333333333,1.0952733774372052,other,0.4414,False,0.4414,0.3748,0.1838,18.4,London,uncertain
51.4,-0.29,3,24,other,0.08333333333333333,1.0775563270668007,property,0.5364,False,0.2402,0.5364,0.2234,22.3,London,uncertain
51.4,-0.28,0,13,violent,0.23076923076923078,0.9839614460010255,property,0.6451,False,0.1961,0.6451,0.1588,15.9,London,medium
51.4,-0.28,1,13,violent,0.07692307692307693,1.0123308391031736,violent,0.5566,True,0.2134,0.23,0.5566,55.7,London,medium
51.4,-0.28,2,16,violent,0.0,0.9832739442463889,property,0.5306,False,0.2831,0.5306,0.1863,18.6,London,uncertain
51.4,-0.28,3,12,property,0.0,1.0281838593329258,other,0.6186,False,0.6186,0.2182,0.1632,16.3,London,medium
51.4,-0.27,0,54,other,0.018518518518518517,1.0975829522078113,property,0.6477,False,0.1947,0.6477,0.1577,15.8,London,medium
51.4,-0.27,1,53,property,0.18867924528301888,1.056386436472157,property,0.6469,True,0.1951,0.6469,0.158,15.8,London,medium
51.4,-0.27,2,58,property,0.034482758620689655,1.032613467132352,property,0.6435,True,0.197,0.6435,0.1595,16.0,London,medium
51.4,-0.27,3,58,property,0.034482758620689655,1.0901154415671217,property,0.6489,True,0.194,0.6489,0.1571,15.7,London,medium
51.4,-0.26,0,68,violent,0.014705882352941176,1.0917205264376055,property,0.6484,False,0.1943,0.6484,0.1573,15.7,London,medium
51.4,-0.26,1,79,property,0.06329113924050633,1.0937376119617004,property,0.6489,True,0.194,0.6489,0.1571,15.7,London,medium
51.4,-0.26,2,73,violent,0.0273972602739726,1.0739690123719485,property,0.6494,False,0.1937,0.6494,0.1569,15.7,London,medium
51.4,-0.26,3,72,violent,0.125,1.0835291213181606,property,0.6469,False,0.1951,0.6469,0.158,15.8,London,medium
51.4,-0.25,0,56,property,0.017857142857142856,1.088380803595777,property,0.594,True,0.2364,0.594,0.1696,17.0,London,medium
51.4,-0.25,1,56,property,0.05357142857142857,1.0945250892480327,property,0.6467,True,0.1952,0.6467,0.1581,15.8,London,medium
51.4,-0.25,2,54,property,0.07407407407407407,1.0820131534045054,property,0.6437,True,0.1969,0.6437,0.1594,15.9,London,medium
51.4,-0.25,3,52,other,0.038461538461538464,1.088010262277112,property,0.6488,False,0.1941,0.6488,0.1572,15.7,London,medium
51.4,-0.24,0,48,other,0.020833333333333332,1.0722868390938198,property,0.6477,False,0.1947,0.6477,0.1577,15.8,London,medium
51.4,-0.24,1,52,property,0.019230769230769232,1.081948954692155,property,0.6492,True,0.1938,0.6492,0.157,15.7,London,medium
51.4,-0.24,2,51,property,0.0196078431372549,1.0902994589810522,property,0.6467,True,0.1952,0.6467,0.1581,15.8,London,medium
51.4,-0.24,3,53,property,0.07547169811320754,1.0764434746273315,property,0.6467,True,0.1952,0.6467,0.1581,15.8,London,medium
51.4,-0.23,0,29,other,0.13793103448275862,1.0217839987201092,other,0.6164,True,0.6164,0.2195,0.1642,16.4,London,medium
51.4,-0.23,1,23,violent,0.0,1.0660493483542606,violent,0.5505,True,0.2139,0.2356,0.5505,55.1,London,medium
51.4,-0.23,2,14,violent,0.14285714285714285,1.0789922078775833,other,0.6191,False,0.6191,0.2179,0.1629,16.3,London,medium
51.4,-0.23,3,24,other,0.2916666666666667,0.933720058514398,property,0.6177,False,0.212,0.6177,0.1703,17.0,London,medium
51.4,-0.22,0,14,property,0.2857142857142857,0.9556998911125343,other,0.6143,False,0.6143,0.2205,0.1652,16.5,London,medium
51.4,-0.22,1,22,property,0.22727272727272727,0.9666748303197921,other,0.6138,False,0.6138,0.2207,0.1654,16.5,London,medium
51.4,-0.22,2,18,property,0.3888888888888889,0.7867012379169144,property,0.647,True,0.195,0.647,0.1579,15.8,London,medium
51.4,-0.22,3,11,other,0.18181818181818182,0.9164648855394713,property,0.4051,False,0.397,0.4051,0.1978,19.8,London,uncertain
51.4,-0.21,0,16,property,0.0625,1.094780226007948,property,0.6388,True,0.1996,0.6388,0.1616,16.2,London,medium
51.4,-0.21,1,19,violent,0.10526315789473684,1.0132690262497301,property,0.6492,False,0.1936,0.6492,0.1573,15.7,London,medium
51.4,-0.21,2,20,other,0.05,1.080527626604172,property,0.6336,False,0.2022,0.6336,0.1643,16.4,London,medium
51.4,-0.21,3,19,property,0.0,1.087074155537762,property,0.6465,True,0.195,0.6465,0.1585,15.8,London,medium
51.4,-0.2,0,49,other,0.061224489795918366,1.0775722957128409,other,0.6026,True,0.6026,0.2271,0.1703,17.0,London,medium
51.4,-0.2,1,65,other,0.16923076923076924,1.0614383220515828,other,0.6186,True,0.6186,0.2182,0.1632,16.3,London,medium
51.4,-0.2,2,57,other,0.21052631578947367,1.0429199084004768,other,0.6049,True,0.6049,0.2258,0.1693,16.9,London,medium
51.4,-0.2,3,64,other,0.21875,1.015946053203231,other,0.6161,True,0.6161,0.2193,0.1647,16.5,London,medium
51.4,-0.19,0,103,property,0.1553398058252427,1.028498418205178,property,0.6472,True,0.1946,0.6472,0.1581,15.8,London,medium
51.4,-0.19,1,104,property,0.11538461538461539,1.0732844418662113,property,0.6485,True,0.1939,0.6485,0.1576,15.8,London,medium
51.4,-0.19,2,111,property,0.12612612612612611,1.0756069091489469,property,0.6438,True,0.1966,0.6438,0.1597,16.0,London,medium
51.4,-0.19,3,115,property,0.2,1.0236642089049477,property,0.6493,True,0.1935,0.6493,0.1572,15.7,London,medium
51.4,-0.18,0,65,other,0.15384615384615385,0.9468346420696775,violent,0.5309,False,0.2311,0.238,0.5309,53.1,London,uncertain
51.4,-0.18,1,57,property,0.05263157894736842,1.0902671602225884,violent,0.4473,False,0.2863,0.2664,0.4473,44.7,London,uncertain
51.4,-0.18,2,76,other,0.02631578947368421,1.0936916265054468,violent,0.4985,False,0.2543,0.2473,0.4985,49.8,London,uncertain
51.4,-0.18,3,74,violent,0.04054054054054054,1.0837079356051338,other,0.4435,False,0.4435,0.2558,0.3007,30.1,London,uncertain
51.4,-0.17,0,89,violent,0.0,1.0922431854525048,other,0.6123,False,0.6123,0.2219,0.1658,16.6,London,medium
51.4,-0.17,1,98,other,0.02040816326530612,1.096622038564572,other,0.6168,True,0.6168,0.2192,0.164,16.4,London,medium
51.4,-0.17,2,107,other,0.028037383177570093,1.0860395345611118,other,0.6155,True,0.6155,0.2201,0.1644,16.4,London,medium
51.4,-0.17,3,72,violent,0.027777777777777776,1.0909142235313092,other,0.6164,False,0.6164,0.2196,0.164,16.4,London,medium
51.4,-0.16,0,25,violent,0.2,1.0512435186197395,violent,0.5155,True,0.2347,0.2498,0.5155,51.6,London,uncertain
51.4,-0.16,1,41,other,0.07317073170731707,1.0481336034822881,violent,0.3713,False,0.3663,0.2625,0.3713,37.1,London,uncertain
51.4,-0.16,2,45,violent,0.06666666666666667,1.0352223863597825,other,0.6177,False,0.6177,0.2188,0.1635,16.4,London,medium
51.4,-0.16,3,38,violent,0.10526315789473684,1.0795295733255186,other,0.6196,False,0.6196,0.2177,0.1627,16.3,London,medium
51.4,-0.15,0,26,other,0.038461538461538464,1.088010262277112,property,0.6114,False,0.2144,0.6114,0.1743,17.4,London,medium
51.4,-0.15,1,32,other,0.125,1.0717300941124526,violent,0.5508,False,0.2137,0.2355,0.5508,55.1,London,medium
51.4,-0.15,2,32,violent,0.03125,1.091649996728975,other,0.6191,False,0.6191,0.2179,0.1629,16.3,London,medium
51.4,-0.15,3,31,property,0.03225806451612903,1.097582370270211,other,0.584,False,0.584,0.2412,0.1748,17.5,London,medium
51.4,-0.14,0,48,other,0.0625,1.0868238899287483,violent,0.5579,False,0.2123,0.2298,0.5579,55.8,London,medium
51.4,-0.14,1,54,other,0.1111111111111111,1.0608569471580214,property,0.635,False,0.2014,0.635,0.1636,16.4,London,medium
51.4,-0.14,2,49,property,0.10204081632653061,1.086061091942737,violent,0.5522,False,0.2136,0.2343,0.5522,55.2,London,medium
51.4,-0.14,3,63,violent,0.015873015873015872,1.0931983361949555,other,0.6203,False,0.6203,0.2174,0.1623,16.2,London,medium
51.4,-0.13,0,104,violent,0.009615384615384616,1.095696207878913,other,0.4741,False,0.4741,0.2555,0.2704,27.0,London,uncertain
51.4,-0.13,1,113,violent,0.10619469026548672,1.061004456210438,violent,0.5152,True,0.2389,0.246,0.5152,51.5,London,uncertain
51.4,-0.13,2,98,violent,0.09183673469387756,1.089391920318239,other,0.5285,False,0.5285,0.2463,0.2252,22.5,London,uncertain
51.4,-0.13,3,103,violent,0.08737864077669903,1.084548407829626,violent,0.557,True,0.2132,0.2299,0.557,55.7,London,medium
51.4,-0.12,0,120,property,0.20833333333333334,1.0496415493679299,property,0.6453,True,0.1957,0.6453,0.159,15.9,London,medium
51.4,-0.12,1,95,property,0.09473684210526316,1.067951232670532,violent,0.4774,False,0.2309,0.2917,0.4774,47.7,London,uncertain
51.4,-0.12,2,104,violent,0.0,1.0971128947333808,property,0.449,False,0.23,0.449,0.321,32.1,London,uncertain
51.4,-0.12,3,98,property,0.19387755102040816,1.058671608850977,property,0.6474,True,0.1945,0.6474,0.1581,15.8,London,medium
51.4,-0.11,0,126,violent,0.031746031746031744,1.0885180160551944,other,0.4152,False,0.4152,0.2653,0.3195,31.9,London,uncertain
51.4,-0.11,1,136,other,0.029411764705882353,1.0750825498870125,other,0.6171,True,0.6171,0.2191,0.1638,16.4,London,medium
51.4,-0.11,2,124,violent,0.008064516129032258,1.0925288391195742,other,0.617,False,0.617,0.2192,0.1638,16.4,London,medium
51.4,-0.11,3,129,property,0.10077519379844961,1.0802941788865021,other,0.617,False,0.617,0.2192,0.1638,16.4,London,medium
51.4,-0.1,0,216,other,0.004629629629629629,1.0873041790481714,other,0.5822,True,0.5822,0.2395,0.1783,17.8,London,medium
51.4,-0.1,1,191,other,0.005235602094240838,1.0926660391269598,violent,0.5455,False,0.2179,0.2366,0.5455,54.6,London,uncertain
51.4,-0.1,2,194,other,0.13917525773195877,1.0767859694361623,other,0.592,True,0.592,0.2359,0.1721,17.2,London,medium
51.4,-0.1,3,224,property,0.004464285714285714,1.0979897008977713,violent,0.5472,False,0.2161,0.2367,0.5472,54.7,London,uncertain
51.4,-0.09,0,98,violent,0.1326530612244898,1.0786276988784689,property,0.4987,False,0.2563,0.4987,0.2449,24.5,London,uncertain
51.4,-0.09,1,90,violent,0.011111111111111112,1.0982418496801323,property,0.6462,False,0.1952,0.6462,0.1586,15.9,London,medium
51.4,-0.09,2,94,violent,0.2553191489361702,1.0211061046082428,violent,0.4674,True,0.2356,0.297,0.4674,46.7,London,uncertain
51.4,-0.09,3,97,violent,0.061855670103092786,1.0825919130481758,violent,0.5493,True,0.2143,0.2364,0.5493,54.9,London,uncertain
51.4,-0.08,0,125,violent,0.056,1.075806756412631,property,0.498,False,0.2931,0.498,0.2089,20.9,London,uncertain
51.4,-0.08,1,149,property,0.04697986577181208,1.0937232644622876,property,0.5993,True,0.2147,0.5993,0.186,18.6,London,medium
51.4,-0.08,2,132,property,0.030303030303030304,1.0894281627808735,property,0.6384,True,0.2007,0.6384,0.1609,16.1,London,medium
51.4,-0.08,3,125,property,0.12,1.0799137107037842,property,0.6457,True,0.1954,0.6457,0.1588,15.9,London,medium
51.4,-0.07,0,129,violent,0.06201550387596899,1.0936530745837376,other,0.4099,False,0.4099,0.3616,0.2285,22.9,London,uncertain
51.4,-0.07,1,138,property,0.028985507246376812,1.0936651147668366,violent,0.5434,False,0.2181,0.2385,0.5434,54.3,London,uncertain
51.4,-0.07,2,145,violent,0.0,1.0926937323009533,property,0.4683,False,0.2998,0.4683,0.2319,23.2,London,uncertain
51.4,-0.07,3,136,violent,0.014705882352941176,1.0949246647628836,violent,0.5462,True,0.2162,0.2376,0.5462,54.6,London,uncertain
51.4,-0.06,0,38,violent,0.0,1.087074155537762,property,0.6096,False,0.2096,0.6096,0.1808,18.1,London,medium
51.4,-0.06,1,27,violent,0.037037037037037035,1.0679385050380008,property,0.4326,False,0.2385,0.4326,0.3289,32.9,London,uncertain
51.4,-0.06,2,38,property,0.13157894736842105,1.081925224005316,other,0.5316,False,0.5316,0.2634,0.205,20.5,London,uncertain
51.4,-0.06,3,34,property,0.14705882352941177,1.0451946834395212,violent,0.4475,False,0.2366,0.3159,0.4475,44.8,London,uncertain
51.4,-0.05,0,30,property,0.03333333333333333,1.0952733774372052,property,0.6474,True,0.1948,0.6474,0.1578,15.8,London,medium
51.4,-0.05,1,28,other,0.14285714285714285,1.0511359509468368,property,0.6504,False,0.1931,0.6504,0.1564,15.6,London,medium
51.4,-0.05,2,40,property,0.025,1.090269363315715,property,0.6406,True,0.1986,0.6406,0.1608,16.1,London,medium
51.4,-0.05,3,49,property,0.08163265306122448,1.092109142248817,property,0.6478,True,0.1946,0.6478,0.1576,15.8,London,medium
51.4,-0.04,0,35,property,0.11428571428571428,1.0761302839653792,property,0.6483,True,0.1943,0.6483,0.1574,15.7,London,medium
51.4,-0.04,1,29,property,0.034482758620689655,1.0588032571034944,property,0.6495,True,0.1937,0.6495,0.1568,15.7,London,medium
51.4,-0.04,2,37,property,0.24324324324324326,1.026979429737697,property,0.65,True,0.1934,0.65,0.1566,15.7,London,medium
51.4,-0.04,3,30,property,0.13333333333333333,1.0437570363314086,property,0.6473,True,0.1949,0.6473,0.1578,15.8,London,medium
51.4,-0.03,0,16,property,0.125,1.0717300941124526,property,0.5333,True,0.2782,0.5333,0.1885,18.9,London,uncertain
51.4,-0.03,1,10,violent,0.0,1.0549201679861442,property,0.6445,False,0.1964,0.6445,0.1591,15.9,London,medium
51.4,-0.03,2,14,other,0.14285714285714285,1.0789922078775833,other,0.4458,True,0.4458,0.3534,0.2008,20.1,London,uncertain
51.4,-0.03,3,13,violent,0.0,0.9110175397125628,other,0.4449,False,0.4449,0.3432,0.2119,21.2,London,uncertain
51.4,-0.02,0,29,property,0.10344827586206896,1.0835222669892097,property,0.6489,True,0.1935,0.6489,0.1576,15.8,London,medium
51.4,-0.02,1,22,other,0.045454545454545456,0.9957374991778267,property,0.6437,False,0.1969,0.6437,0.1594,15.9,London,medium
51.4,-0.02,2,23,other,0.17391304347826086,1.0465634069578553,property,0.6465,False,0.195,0.6465,0.1585,15.8,London,medium
51.4,-0.02,3,30,other,0.13333333333333333,1.0760342091133341,property,0.6487,False,0.1938,0.6487,0.1575,15.7,London,medium
51.4,-0.01,0,14,property,0.6428571428571429,0.6559757323365467,property,0.6437,True,0.1966,0.6437,0.1597,16.0,London,medium
51.4,-0.01,1,7,property,0.14285714285714285,0.6829081257408294,violent,0.4046,False,0.2337,0.3617,0.4046,40.5,London,uncertain
51.4,-0.01,2,14,property,0.21428571428571427,0.8760057656431737,violent,0.5067,False,0.2265,0.2668,0.5067,50.7,London,uncertain
51.4,-0.01,3,16,property,0.6875,0.6019239717322894,property,0.6486,True,0.1942,0.6486,0.1573,15.7,London,medium
51.4,0.0,0,19,property,0.2631578947368421,0.9174021803627407,violent,0.4479,False,0.2292,0.3229,0.4479,44.8,London,uncertain
51.4,0.0,1,18,violent,0.1111111111111111,1.0608569471580214,property,0.6477,False,0.1947,0.6477,0.1577,15.8,London,medium
51.4,0.0,2,25,violent,0.04,1.097032390352067,property,0.6474,False,0.1948,0.6474,0.1578,15.8,London,medium
51.4,0.0,3,24,property,0.25,1.0397207708399179,property,0.3972,True,0.2285,0.3972,0.3743,37.4,London,uncertain
51.4,0.01,0,85,other,0.10588235294117647,1.0394013129049355,property,0.4884,False,0.3315,0.4884,0.1801,18.0,London,uncertain
51.4,0.01,1,88,other,0.19318181818181818,0.9874115308974554,property,0.4932,False,0.3201,0.4932,0.1867,18.7,London,uncertain
51.4,0.01,2,81,other,0.06172839506172839,0.9791544074139578,property,0.5846,False,0.2447,0.5846,0.1707,17.1,London,medium
51.4,0.01,3,104,other,0.07692307692307693,1.0782438114922266,property,0.6309,False,0.2084,0.6309,0.1607,16.1,London,medium
51.4,0.02,0,236,property,0.2627118644067797,1.0267285011897873,property,0.6476,True,0.1947,0.6476,0.1577,15.8,London,medium
51.4,0.02,1,206,property,0.2669902912621359,1.0291050724194817,property,0.6468,True,0.1951,0.6468,0.158,15.8,London,medium
51.4,0.02,2,244,property,0.2581967213114754,1.0225545009754866,property,0.6493,True,0.1938,0.6493,0.1569,15.7,London,medium
51.4,0.02,3,209,property,0.22966507177033493,1.0442312938577345,property,0.6493,True,0.1938,0.6493,0.1569,15.7,London,medium
51.4,0.03,0,45,property,0.24444444444444444,1.0297492076866108,property,0.6478,True,0.1946,0.6478,0.1576,15.8,London,medium
51.4,0.03,1,33,property,0.45454545454545453,0.8550080929286104,property,0.6459,True,0.1957,0.6459,0.1585,15.8,London,medium
51.4,0.03,2,43,property,0.2558139534883721,1.0308365597725047,property,0.6163,True,0.2105,0.6163,0.1732,17.3,London,medium
51.4,0.03,3,29,property,0.20689655172413793,1.0071936308578662,property,0.6144,True,0.2116,0.6144,0.174,17.4,London,medium
51.4,0.04,0,24,property,0.5,0.7781325481710262,property,0.6435,True,0.1967,0.6435,0.1598,16.0,London,medium
51.4,0.04,1,25,property,0.44,0.9007243623687382,property,0.6425,True,0.1975,0.6425,0.1599,16.0,London,medium
51.4,0.04,2,27,property,0.1111111111111111,1.0608569471580214,property,0.6495,True,0.1936,0.6495,0.1568,15.7,London,medium
51.4,0.04,3,26,property,0.3076923076923077,0.9585849416984087,property,0.6491,True,0.1939,0.6491,0.157,15.7,London,medium
51.4,0.05,0,12,property,0.3333333333333333,0.9596147939120492,property,0.6452,True,0.1955,0.6452,0.1593,15.9,London,medium
51.4,0.05,1,11,property,0.18181818181818182,1.0670895187820832,property,0.6481,True,0.1945,0.6481,0.1575,15.7,London,medium
51.4,0.05,2,11,property,0.45454545454545453,0.5859526394408641,property,0.6441,True,0.1963,0.6441,0.1596,16.0,London,medium
51.4,0.05,3,12,violent,0.0,1.0986122886681096,property,0.6477,False,0.1947,0.6477,0.1577,15.8,London,medium
51.4,0.06,0,10,property,0.1,1.0888999753452238,property,0.4252,True,0.2342,0.4252,0.3406,34.1,London,uncertain
51.4,0.06,1,5,property,0.2,0.6730116880595106,property,0.6446,True,0.1964,0.6446,0.159,15.9,London,medium
51.4,0.06,2,4,property,0.0,0.6931472015900639,property,0.6446,True,0.1964,0.6446,0.159,15.9,London,medium
51.4,0.06,3,6,other,0.3333333333333333,0.6365141893815645,property,0.6472,False,0.1949,0.6472,0.1579,15.8,London,medium
51.4,0.08,0,4,property,0.5,0.562335165779739,property,0.6445,True,0.1964,0.6445,0.1591,15.9,London,medium
51.4,0.09,1,8,violent,0.0,0.6931472015900639,property,0.6482,False,0.1944,0.6482,0.1574,15.7,London,medium
51.4,0.09,2,9,violent,0.1111111111111111,0.6869615976336276,property,0.6464,False,0.1951,0.6464,0.1585,15.9,London,medium
51.4,0.09,3,5,property,1.0,4.3446531758480495e-08,property,0.6487,True,0.1941,0.6487,0.1572,15.7,London,medium
51.4,0.1,0,60,property,0.11666666666666667,1.083290993675573,violent,0.5382,False,0.2245,0.2373,0.5382,53.8,London,uncertain
51.4,0.1,1,58,violent,0.08620689655172414,1.0804708459076915,property,0.5877,False,0.2156,0.5877,0.1967,19.7,London,medium
51.4,0.1,2,63,other,0.047619047619047616,1.0963782516529599,property,0.6402,False,0.1997,0.6402,0.16,16.0,London,medium
51.4,0.1,3,67,other,0.014925373134328358,1.0956731512446831,other,0.6197,True,0.6197,0.2176,0.1627,16.3,London,medium
51.4,0.11,0,109,other,0.027522935779816515,1.0766938168352063,property,0.6473,False,0.1946,0.6473,0.1581,15.8,London,medium
51.4,0.11,1,120,property,0.03333333333333333,1.0739607536079796,property,0.6469,True,0.1948,0.6469,0.1583,15.8,London,medium
51.4,0.11,2,115,property,0.008695652173913044,1.0708915551404117,property,0.6353,True,0.2015,0.6353,0.1632,16.3,London,medium
51.4,0.11,3,103,property,0.009708737864077669,1.0507171030465494,property,0.65,True,0.1934,0.65,0.1566,15.7,London,medium
51.4,0.12,0,75,other,0.013333333333333334,1.0948075889421989,property,0.6459,False,0.1953,0.6459,0.1587,15.9,London,medium
51.4,0.12,1,68,property,0.16176470588235295,1.073557666085086,property,0.5735,True,0.2496,0.5735,0.177,17.7,London,medium
51.4,0.12,2,66,property,0.030303030303030304,1.095853660612585,property,0.6439,True,0.1964,0.6439,0.1597,16.0,London,medium
51.4,0.12,3,81,property,0.2962962962962963,1.0164209301891312,other,0.4681,False,0.4681,0.3383,0.1935,19.4,London,uncertain
51.4,0.15,0,3,violent,1.0,4.3446531758480495e-08,property,0.6458,False,0.1957,0.6458,0.1585,15.8,London,medium
51.4,0.15,2,5,property,0.0,1.0549201679861442,property,0.6451,True,0.1961,0.6451,0.1588,15.9,London,medium
51.4,0.17,3,4,violent,0.0,0.6931472015900639,violent,0.5571,True,0.2132,0.2297,0.5571,55.7,London,medium
51.4,0.54,3,3,other,0.3333333333333333,0.6365141893815645,property,0.6236,False,0.208,0.6236,0.1684,16.8,London,medium
51.410000000000004,-0.38,0,17,other,0.47058823529411764,0.8938885362449964,other,0.6121,True,0.6121,0.2221,0.1657,16.6,London,medium
51.410000000000004,-0.38,1,15,other,0.06666666666666667,1.0851886129676505,other,0.6129,True,0.6129,0.2216,0.1655,16.6,London,medium
51.410000000000004,-0.38,2,9,other,0.5555555555555556,0.5297062202512142,other,0.617,True,0.617,0.2192,0.1638,16.4,London,medium
51.410000000000004,-0.38,3,13,violent,0.23076923076923078,0.9839614460010255,other,0.6159,False,0.6159,0.2198,0.1643,16.4,London,medium
51.410000000000004,-0.37,0,6,violent,0.0,0.6931472015900639,property,0.6407,False,0.1985,0.6407,0.1608,16.1,London,medium
51.410000000000004,-0.37,1,10,violent,0.0,1.0549201679861442,violent,0.5,True,0.2257,0.2743,0.5,50.0,London,uncertain
51.410000000000004,-0.37,2,9,property,0.5555555555555556,0.5297062202512142,property,0.6442,True,0.1963,0.6442,0.1595,15.9,London,medium
51.410000000000004,-0.37,3,8,violent,0.125,0.9743147528693494,property,0.6319,False,0.207,0.6319,0.1611,16.1,London,medium
51.410000000000004,-0.36,0,6,other,0.16666666666666666,1.0114042647073518,property,0.6452,False,0.1961,0.6452,0.1588,15.9,London,medium
51.410000000000004,-0.36,1,8,violent,0.0,1.0821955300387673,other,0.5528,False,0.5528,0.2374,0.2098,21.0,London,medium
51.410000000000004,-0.36,2,6,other,0.3333333333333333,0.6365141893815645,property,0.6423,False,0.1976,0.6423,0.16,16.0,London,medium
51.410000000000004,-0.36,3,9,violent,0.2222222222222222,0.9368883075390159,property,0.643,False,0.197,0.643,0.16,16.0,London,medium
51.410000000000004,-0.35000000000000003,0,3,violent,0.0,1.0986122886681096,other,0.614,False,0.614,0.2205,0.1654,16.5,London,medium
51.410000000000004,-0.34,0,3,violent,0.0,1.0986122886681096,property,0.4674,False,0.3424,0.4674,0.1903,19.0,London,uncertain
51.410000000000004,-0.34,2,7,property,0.14285714285714285,1.0789922078775833,violent,0.4716,False,0.237,0.2914,0.4716,47.2,London,uncertain
51.410000000000004,-0.34,3,3,violent,0.0,1.0986122886681096,violent,0.4748,True,0.2452,0.28,0.4748,47.5,London,uncertain
51.410000000000004,-0.31,0,257,property,0.44357976653696496,0.8982567650609279,property,0.648,True,0.1945,0.648,0.1575,15.8,London,medium
51.410000000000004,-0.31,1,254,property,0.1889763779527559,1.035456676421074,property,0.6468,True,0.1952,0.6468,0.1581,15.8,London,medium
51.410000000000004,-0.31,2,272,property,0.22794117647058823,1.037771870597441,property,0.6493,True,0.1938,0.6493,0.1569,15.7,London,medium
51.410000000000004,-0.31,3,251,property,0.32669322709163345,0.978014592031738,property,0.6495,True,0.1937,0.6495,0.1568,15.7,London,medium
51.410000000000004,-0.3,0,395,property,0.02531645569620253,1.0918254372034093,property,0.6484,True,0.1943,0.6484,0.1574,15.7,London,medium
51.410000000000004,-0.3,1,387,property,0.031007751937984496,1.0838170242198153,property,0.6492,True,0.1939,0.6492,0.157,15.7,London,medium
51.410000000000004,-0.3,2,390,other,0.005128205128205128,1.0897711733637752,property,0.6496,False,0.1936,0.6496,0.1568,15.7,London,medium
51.410000000000004,-0.3,3,418,property,0.0,1.0900596587107838,property,0.6496,True,0.1936,0.6496,0.1568,15.7,London,medium
51.410000000000004,-0.29,0,78,violent,0.11538461538461539,1.0857308417878977,other,0.6031,False,0.6031,0.2293,0.1677,16.8,London,medium
51.410000000000004,-0.29,1,82,other,0.07317073170731707,1.091019847184979,property,0.4847,False,0.3317,0.4847,0.1836,18.4,London,uncertain
51.410000000000004,-0.29,2,72,violent,0.05555555555555555,1.094625892316468,other,0.6138,False,0.6138,0.2225,0.1637,16.4,London,medium
51.410000000000004,-0.29,3,83,other,0.1686746987951807,1.0641835332165348,other,0.3591,True,0.3591,0.3311,0.3099,31.0,London,uncertain
51.410000000000004,-0.28,0,59,violent,0.3050847457627119,0.9863111634699724,property,0.4606,False,0.2398,0.4606,0.2996,30.0,London,uncertain
51.410000000000004,-0.28,1,64,violent,0.125,1.0717300941124526,violent,0.5599,True,0.2117,0.2284,0.5599,56.0,London,medium
51.410000000000004,-0.28,2,75,violent,0.02666666666666667,1.096476673933746,violent,0.5091,True,0.2195,0.2714,0.5091,50.9,London,uncertain
51.410000000000004,-0.28,3,56,violent,0.21428571428571427,1.01031496129758,property,0.6479,False,0.1942,0.6479,0.1578,15.8,London,medium
51.410000000000004,-0.27,0,30,property,0.1,1.0681452609845676,property,0.6402,True,0.1996,0.6402,0.1603,16.0,London,medium
51.410000000000004,-0.27,1,29,other,0.10344827586206896,1.0835222669892097,property,0.6458,False,0.1954,0.6458,0.1588,15.9,London,medium
51.410000000000004,-0.27,2,32,property,0.0625,1.094780226007948,property,0.6438,True,0.1968,0.6438,0.1594,15.9,London,medium
51.410000000000004,-0.27,3,28,violent,0.03571428571428571,1.0813448682427138,property,0.65,False,0.1934,0.65,0.1566,15.7,London,medium
51.410000000000004,-0.26,0,20,other,0.05,1.080527626604172,property,0.6445,False,0.1964,0.6445,0.1591,15.9,London,medium
51.410000000000004,-0.26,1,18,property,0.05555555555555555,1.0893096789558299,property,0.5523,True,0.24,0.5523,0.2077,20.8,London,medium
51.410000000000004,-0.26,2,18,violent,0.0,1.0688206728265008,property,0.6495,False,0.1937,0.6495,0.1568,15.7,London,medium
51.410000000000004,-0.26,3,9,property,0.0,0.9649629230074277,property,0.6469,True,0.1947,0.6469,0.1585,15.8,London,medium
51.410000000000004,-0.25,1,7,other,0.42857142857142855,0.5982696097102536,property,0.6425,False,0.1975,0.6425,0.16,16.0,London,medium
51.410000000000004,-0.25,2,4,property,0.5,0.562335165779739,violent,0.4561,False,0.2671,0.2768,0.4561,45.6,London,uncertain
51.410000000000004,-0.24,0,32,property,0.25,1.0066670009137897,other,0.6129,False,0.6129,0.2211,0.166,16.6,London,medium
51.410000000000004,-0.24,1,35,violent,0.2571428571428571,1.028569628015253,other,0.6162,False,0.6162,0.2195,0.1643,16.4,London,medium
51.410000000000004,-0.24,2,26,other,0.038461538461538464,1.088010262277112,other,0.6081,True,0.6081,0.2272,0.1647,16.5,London,medium
51.410000000000004,-0.24,3,39,violent,0.10256410256410256,1.0329240743313957,property,0.5785,False,0.2468,0.5785,0.1747,17.5,London,medium
51.410000000000004,-0.23,0,68,violent,0.0,1.0983949418434034,property,0.6489,False,0.194,0.6489,0.1571,15.7,London,medium
51.410000000000004,-0.23,1,70,property,0.22857142857142856,1.0378817804475253,property,0.6486,True,0.1941,0.6486,0.1572,15.7,London,medium
51.410000000000004,-0.23,2,67,property,0.04477611940298507,1.0760014721326963,property,0.6474,True,0.1948,0.6474,0.1578,15.8,London,medium
51.410000000000004,-0.23,3,77,property,0.12987012987012986,1.069599053419105,property,0.6502,True,0.1933,0.6502,0.1565,15.7,London,medium
51.410000000000004,-0.22,0,36,violent,0.2222222222222222,1.0366279688586069,property,0.6477,False,0.1944,0.6477,0.158,15.8,London,medium
51.410000000000004,-0.22,1,29,property,0.3103448275862069,0.9971804018970938,property,0.6486,True,0.1939,0.6486,0.1575,15.8,London,medium
51.410000000000004,-0.22,2,25,property,0.28,0.9743417807689858,property,0.5109,True,0.2265,0.5109,0.2626,26.3,London,uncertain
51.410000000000004,-0.22,3,21,property,0.23809523809523808,1.0124947110267577,property,0.6489,True,0.1937,0.6489,0.1574,15.7,London,medium
51.410000000000004,-0.21,0,38,property,0.10526315789473684,1.0795295733255184,property,0.6481,True,0.1944,0.6481,0.1575,15.7,London,medium
51.410000000000004,-0.21,1,40,property,0.35,0.9757064417180588,property,0.6481,True,0.1944,0.6481,0.1575,15.7,London,medium
51.410000000000004,-0.21,2,39,other,0.10256410256410256,1.066536269412169,property,0.6502,False,0.1933,0.6502,0.1565,15.7,London,medium
51.410000000000004,-0.21,3,34,property,0.14705882352941177,1.0727833145426442,property,0.6343,True,0.2021,0.6343,0.1636,16.4,London,medium
51.410000000000004,-0.2,0,24,other,0.08333333333333333,1.0240102202942951,property,0.6485,False,0.1942,0.6485,0.1573,15.7,London,medium
51.410000000000004,-0.2,1,32,property,0.03125,1.0662173875546275,property,0.4281,True,0.2295,0.4281,0.3424,34.2,London,uncertain
51.410000000000004,-0.2,2,22,other,0.09090909090909091,1.0843629508682477,property,0.65,False,0.1934,0.65,0.1566,15.7,London,medium
51.410000000000004,-0.2,3,22,property,0.22727272727272727,1.0376517997982746,property,0.6499,True,0.1934,0.6499,0.1566,15.7,London,medium
51.410000000000004,-0.19,0,33,other,0.030303030303030304,1.0783635075908844,violent,0.4873,False,0.2577,0.2549,0.4873,48.7,London,uncertain
51.410000000000004,-0.19,1,32,property,0.25,0.9470571522825083,other,0.5696,False,0.5696,0.2499,0.1804,18.0,London,medium
51.410000000000004,-0.19,2,41,property,0.07317073170731707,1.0760774229601675,other,0.6196,False,0.6196,0.2177,0.1627,16.3,London,medium
51.410000000000004,-0.19,3,33,property,0.09090909090909091,1.0905668491367564,other,0.5999,False,0.5999,0.2325,0.1677,16.8,London,medium
51.410000000000004,-0.18,0,101,property,0.0891089108910891,1.0899254380941144,property,0.6409,True,0.1997,0.6409,0.1594,15.9,London,medium
51.410000000000004,-0.18,1,98,other,0.061224489795918366,1.0942176056426076,property,0.5463,False,0.2766,0.5463,0.177,17.7,London,uncertain
51.410000000000004,-0.18,2,127,other,0.09448818897637795,1.0846828842308656,other,0.5574,True,0.5574,0.2708,0.1718,17.2,London,medium
51.410000000000004,-0.18,3,99,other,0.030303030303030304,1.0862717065963003,property,0.4492,False,0.3686,0.4492,0.1822,18.2,London,uncertain
51.410000000000004,-0.17,0,107,property,0.018691588785046728,1.0969437374299764,violent,0.4643,False,0.2785,0.2572,0.4643,46.4,London,uncertain
51.410000000000004,-0.17,1,110,violent,0.10909090909090909,1.0683454540055322,other,0.47,False,0.47,0.2713,0.2587,25.9,London,uncertain
51.410000000000004,-0.17,2,101,violent,0.0594059405940594,1.0860211962113206,violent,0.5587,True,0.2123,0.2291,0.5587,55.9,London,medium
51.410000000000004,-0.17,3,116,violent,0.05172413793103448,1.092996434218816,other,0.3455,False,0.3455,0.3382,0.3163,31.6,London,uncertain
51.410000000000004,-0.16,0,121,violent,0.04132231404958678,1.07260653911137,property,0.5182,False,0.2811,0.5182,0.2006,20.1,London,uncertain
51.410000000000004,-0.16,1,125,violent,0.136,1.0720325521264626,property,0.6426,False,0.1972,0.6426,0.1602,16.0,London,medium
51.410000000000004,-0.16,2,107,violent,0.1588785046728972,1.0693430573822427,violent,0.5493,True,0.2145,0.2363,0.5493,54.9,London,uncertain
51.410000000000004,-0.16,3,132,violent,0.16666666666666666,1.0707916669599031,property,0.5907,False,0.236,0.5907,0.1733,17.3,London,medium
51.410000000000004,-0.15,0,78,other,0.08974358974358974,1.0834983689525641,violent,0.559,False,0.2118,0.2292,0.559,55.9,London,medium
51.410000000000004,-0.15,1,80,violent,0.2375,1.0390955101624852,violent,0.5572,True,0.2127,0.2302,0.5572,55.7,London,medium
51.410000000000004,-0.15,2,69,violent,0.15942028985507245,1.0408530826133402,violent,0.5395,True,0.2242,0.2363,0.5395,54.0,London,uncertain
51.410000000000004,-0.15,3,81,other,0.012345679012345678,1.0687226871321702,violent,0.5495,False,0.2161,0.2344,0.5495,55.0,London,uncertain
51.410000000000004,-0.14,0,95,violent,0.05263157894736842,1.0720021967596076,property,0.4968,False,0.29,0.4968,0.2133,21.3,London,uncertain
51.410000000000004,-0.14,1,99,other,0.050505050505050504,1.0851635670581836,property,0.5778,False,0.2168,0.5778,0.2054,20.5,London,medium
51.410000000000004,-0.14,2,90,violent,0.03333333333333333,1.0975129255657456,property,0.5907,False,0.236,0.5907,0.1733,17.3,London,medium
51.410000000000004,-0.14,3,93,violent,0.10752688172043011,1.086173732544382,property,0.6319,False,0.2073,0.6319,0.1608,16.1,London,medium
51.410000000000004,-0.13,0,74,violent,0.17567567567567569,1.0172867642421837,violent,0.5008,True,0.2258,0.2734,0.5008,50.1,London,uncertain
51.410000000000004,-0.13,1,77,property,0.06493506493506493,1.072145215180449,violent,0.4944,False,0.2275,0.278,0.4944,49.4,London,uncertain
51.410000000000004,-0.13,2,67,violent,0.208955223880597,1.0540229569927888,property,0.4683,False,0.2293,0.4683,0.3024,30.2,London,uncertain
51.410000000000004,-0.13,3,68,violent,0.08823529411764706,1.0895487045086276,violent,0.5605,True,0.2114,0.2281,0.5605,56.0,London,medium
51.410000000000004,-0.12,0,132,property,0.26515151515151514,1.0214293034669153,property,0.6484,True,0.1943,0.6484,0.1573,15.7,London,medium
51.410000000000004,-0.12,1,156,property,0.17307692307692307,0.9914972305922074,property,0.6471,True,0.195,0.6471,0.1579,15.8,London,medium
51.410000000000004,-0.12,2,117,property,0.2564102564102564,0.9986080503255144,property,0.648,True,0.1945,0.648,0.1575,15.8,London,medium
51.410000000000004,-0.12,3,119,property,0.20168067226890757,1.0523146623168156,property,0.6487,True,0.1941,0.6487,0.1572,15.7,London,medium
51.410000000000004,-0.11,0,50,violent,0.12,1.0458861105228145,violent,0.514,True,0.2295,0.2565,0.514,51.4,London,uncertain
51.410000000000004,-0.11,1,52,violent,0.057692307692307696,1.0318969179376536,property,0.3833,False,0.2484,0.3833,0.3683,36.8,London,uncertain
51.410000000000004,-0.11,2,48,violent,0.0,1.0821955300387673,violent,0.5572,True,0.2127,0.23,0.5572,55.7,London,medium
51.410000000000004,-0.11,3,44,violent,0.18181818181818182,1.0208880675106418,violent,0.5089,True,0.2239,0.2672,0.5089,50.9,London,uncertain
51.410000000000004,-0.1,0,56,property,0.10714285714285714,1.074516223144162,property,0.6456,True,0.1955,0.6456,0.1589,15.9,London,medium
51.410000000000004,-0.1,1,63,other,0.07936507936507936,1.0647643776516367,violent,0.5544,False,0.214,0.2316,0.5544,55.4,London,medium
51.410000000000004,-0.1,2,70,violent,0.02857142857142857,1.0971924340213817,violent,0.5543,True,0.2129,0.2328,0.5543,55.4,London,medium
51.410000000000004,-0.1,3,59,property,0.05084745762711865,1.094927846953579,property,0.6476,True,0.1944,0.6476,0.158,15.8,London,medium
51.410000000000004,-0.09,0,54,property,0.05555555555555555,1.0893096789558299,violent,0.5545,False,0.2143,0.2313,0.5545,55.4,London,medium
51.410000000000004,-0.09,1,68,other,0.058823529411764705,1.0926240370360876,violent,0.5448,False,0.2175,0.2376,0.5448,54.5,London,uncertain
51.410000000000004,-0.09,2,69,other,0.08695652173913043,1.0912436384160906,violent,0.5419,False,0.2153,0.2428,0.5419,54.2,London,uncertain
51.410000000000004,-0.09,3,69,other,0.028985507246376812,1.0801337820932364,violent,0.5606,False,0.2111,0.2283,0.5606,56.1,London,medium
51.410000000000004,-0.08,0,39,violent,0.02564102564102564,1.0842435291786918,property,0.5508,False,0.2247,0.5508,0.2245,22.4,London,medium
51.410000000000004,-0.08,1,43,violent,0.11627906976744186,1.0362947477621285,property,0.621,False,0.2102,0.621,0.1688,16.9,London,medium
51.410000000000004,-0.08,2,30,violent,0.0,1.0882231038287273,violent,0.5582,True,0.2126,0.2292,0.5582,55.8,London,medium
51.410000000000004,-0.08,3,41,violent,0.17073170731707318,1.0601800830077508,violent,0.485,True,0.2573,0.2577,0.485,48.5,London,uncertain
51.410000000000004,-0.07,0,105,violent,0.0,1.0952791227793126,property,0.6468,False,0.1952,0.6468,0.1581,15.8,London,medium
51.410000000000004,-0.07,1,106,violent,0.009433962264150943,1.097444810332349,property,0.6452,False,0.196,0.6452,0.1588,15.9,London,medium
51.410000000000004,-0.07,2,102,other,0.23529411764705882,1.0463240853575617,property,0.6481,False,0.1944,0.6481,0.1575,15.7,London,medium
51.410000000000004,-0.07,3,111,other,0.05405405405405406,1.0935522258103947,property,0.6481,False,0.1944,0.6481,0.1575,15.7,London,medium
51.410000000000004,-0.06,0,128,property,0.0546875,1.0692603051198626,other,0.4812,False,0.4812,0.3051,0.2137,21.4,London,uncertain
51.410000000000004,-0.06,1,132,property,0.0,1.0851152024970458,violent,0.5309,False,0.2177,0.2513,0.5309,53.1,London,uncertain
51.410000000000004,-0.06,2,130,violent,0.06153846153846154,1.0920610019254944,violent,0.429,True,0.229,0.342,0.429,42.9,London,uncertain
51.410000000000004,-0.06,3,125,property,0.064,1.0786472126398745,violent,0.5501,False,0.2141,0.2358,0.5501,55.0,London,medium
51.410000000000004,-0.05,0,122,property,0.18032786885245902,1.0645169348340016,property,0.6479,True,0.1945,0.6479,0.1576,15.8,London,medium
51.410000000000004,-0.05,1,121,property,0.1322314049586777,1.0817618549091412,property,0.6492,True,0.1938,0.6492,0.157,15.7,London,medium
51.410000000000004,-0.05,2,117,property,0.1623931623931624,1.0298223936861755,property,0.6488,True,0.1937,0.6488,0.1574,15.7,London,medium
51.410000000000004,-0.05,3,112,property,0.08928571428571429,1.0877797366398703,property,0.6409,True,0.1981,0.6409,0.161,16.1,London,medium
51.410000000000004,-0.04,0,43,property,0.3023255813953488,1.0131054918272517,property,0.6483,True,0.1943,0.6483,0.1574,15.7,London,medium
51.410000000000004,-0.04,1,41,property,0.43902439024390244,0.8645524047454454,property,0.6484,True,0.1943,0.6484,0.1573,15.7,London,medium
51.410000000000004,-0.04,2,50,property,0.18,1.0466051465148276,property,0.6496,True,0.1936,0.6496,0.1568,15.7,London,medium
51.410000000000004,-0.04,3,44,violent,0.0,1.0900596587107838,property,0.6479,False,0.1946,0.6479,0.1576,15.8,London,medium
51.410000000000004,-0.03,0,152,property,0.013157894736842105,1.0617649695660087,property,0.6441,True,0.1966,0.6441,0.1593,15.9,London,medium
51.410000000000004,-0.03,1,141,other,0.014184397163120567,1.0813344007835972,property,0.6447,False,0.1963,0.6447,0.159,15.9,London,medium
51.410000000000004,-0.03,2,140,property,0.12142857142857143,1.0773835549236934,property,0.6497,True,0.1936,0.6497,0.1568,15.7,London,medium
51.410000000000004,-0.03,3,144,property,0.1388888888888889,1.0780102856506215,property,0.648,True,0.1945,0.648,0.1575,15.7,London,medium
51.410000000000004,-0.02,0,42,property,0.19047619047619047,1.052922565938695,property,0.6479,True,0.1946,0.6479,0.1576,15.8,London,medium
51.410000000000004,-0.02,1,41,property,0.24390243902439024,1.0285271791677242,property,0.6343,True,0.2018,0.6343,0.164,16.4,London,medium
51.410000000000004,-0.02,2,32,property,0.0625,1.0795883408865785,property,0.6499,True,0.1934,0.6499,0.1567,15.7,London,medium
51.410000000000004,-0.02,3,32,property,0.53125,0.7731496325577547,property,0.6353,True,0.2015,0.6353,0.1632,16.3,London,medium
51.410000000000004,-0.01,0,30,property,0.1,1.0221693757432821,property,0.6486,True,0.1942,0.6486,0.1573,15.7,London,medium
51.410000000000004,-0.01,1,27,property,0.2962962962962963,0.9888252503713348,property,0.6477,True,0.1947,0.6477,0.1576,15.8,London,medium
51.410000000000004,-0.01,2,35,violent,0.14285714285714285,1.0200891054385564,property,0.6349,False,0.2017,0.6349,0.1634,16.3,London,medium
51.410000000000004,-0.01,3,27,property,0.18518518518518517,1.0465616513448108,property,0.6439,True,0.1968,0.6439,0.1594,15.9,London,medium
51.410000000000004,0.0,0,26,property,0.2692307692307692,1.0036594910918162,property,0.6488,True,0.194,0.6488,0.1571,15.7,London,medium
51.410000000000004,0.0,1,19,other,0.05263157894736842,1.0601189359398382,property,0.6496,False,0.1936,0.6496,0.1568,15.7,London,medium
51.410000000000004,0.0,2,17,violent,0.0,1.0950778621205006,property,0.6409,False,0.1984,0.6409,0.1607,16.1,London,medium
51.410000000000004,0.0,3,26,property,0.34615384615384615,0.9727696382494828,property,0.6333,True,0.2026,0.6333,0.1641,16.4,London,medium
51.410000000000004,0.01,0,120,other,0.10833333333333334,1.0627563680742393,property,0.6479,False,0.1946,0.6479,0.1576,15.8,London,medium
51.410000000000004,0.01,1,141,other,0.0070921985815602835,1.0890715591386115,property,0.6495,False,0.1936,0.6495,0.1568,15.7,London,medium
51.410000000000004,0.01,2,127,other,0.031496062992125984,1.0852598724784421,property,0.65,False,0.1934,0.65,0.1566,15.7,London,medium
51.410000000000004,0.01,3,145,other,0.12413793103448276,1.045249748101794,property,0.6488,False,0.1941,0.6488,0.1572,15.7,London,medium
51.410000000000004,0.02,0,146,violent,0.0684931506849315,1.0929111229955268,violent,0.4614,True,0.2397,0.2989,0.4614,46.1,London,uncertain
51.410000000000004,0.02,1,113,violent,0.10619469026548672,1.0866930257579892,property,0.6464,False,0.1954,0.6464,0.1582,15.8,London,medium
51.410000000000004,0.02,2,120,property,0.0,1.0821955300387671,property,0.6102,True,0.2176,0.6102,0.1722,17.2,London,medium
51.410000000000004,0.02,3,130,property,0.11538461538461539,1.0837805621374028,violent,0.3826,False,0.2928,0.3246,0.3826,38.3,London,uncertain
51.410000000000004,0.03,0,43,property,0.046511627906976744,1.0597319204844127,property,0.4535,True,0.3619,0.4535,0.1846,18.5,London,uncertain
51.410000000000004,0.03,1,41,property,0.24390243902439024,1.0285271791677242,property,0.6471,True,0.1947,0.6471,0.1582,15.8,London,medium
51.410000000000004,0.03,2,37,property,0.16216216216216217,0.9802186744460395,property,0.5116,True,0.2301,0.5116,0.2583,25.8,London,uncertain
51.410000000000004,0.03,3,50,property,0.26,0.9611459985316251,property,0.6482,True,0.1944,0.6482,0.1574,15.7,London,medium
51.410000000000004,0.04,0,10,violent,0.2,1.0296530140645737,violent,0.4799,True,0.2208,0.2993,0.4799,48.0,London,uncertain
51.410000000000004,0.04,1,14,property,0.21428571428571427,1.034601232910181,property,0.6476,True,0.1947,0.6476,0.1577,15.8,London,medium
51.410000000000004,0.04,2,13,property,0.15384615384615385,0.8981370031878679,property,0.6488,True,0.1935,0.6488,0.1577,15.8,London,medium
51.410000000000004,0.04,3,9,property,0.3333333333333333,0.9950269901795212,property,0.6443,True,0.1965,0.6443,0.1592,15.9,London,medium
51.410000000000004,0.05,0,7,property,0.2857142857142857,0.9556998911125343,property,0.6427,True,0.1971,0.6427,0.1602,16.0,London,medium
51.410000000000004,0.05,1,4,property,0.25,1.0397207708399179,property,0.6433,True,0.1971,0.6433,0.1596,16.0,London,medium
51.410000000000004,0.05,2,10,property,0.2,1.0296530140645737,violent,0.4453,False,0.2258,0.3289,0.4453,44.5,London,uncertain
51.410000000000004,0.05,3,5,violent,0.0,1.0549201679861442,other,0.5662,False,0.5662,0.2397,0.1941,19.4,London,medium
51.410000000000004,0.06,0,9,other,0.1111111111111111,1.0608569471580214,property,0.5442,False,0.2172,0.5442,0.2386,23.9,London,uncertain
51.410000000000004,0.06,1,9,violent,0.1111111111111111,1.0608569471580214,violent,0.5484,True,0.2156,0.236,0.5484,54.8,London,uncertain
51.410000000000004,0.06,2,13,property,0.0,1.0733942812811266,property,0.6486,True,0.1939,0.6486,0.1576,15.8,London,medium
51.410000000000004,0.06,3,10,property,0.3,0.8979457248567798,property,0.6487,True,0.1941,0.6487,0.1572,15.7,London,medium
51.410000000000004,0.07,0,6,violent,0.16666666666666666,1.0114042647073518,violent,0.4375,True,0.2337,0.3288,0.4375,43.7,London,uncertain
51.410000000000004,0.07,1,4,property,0.0,0.6931472015900639,violent,0.4974,False,0.2477,0.2549,0.4974,49.7,London,uncertain
51.410000000000004,0.07,2,5,property,0.6,0.5004024447610512,violent,0.4712,False,0.2394,0.2893,0.4712,47.1,London,uncertain
51.410000000000004,0.07,3,6,property,0.16666666666666666,1.0114042647073518,violent,0.4617,False,0.2609,0.2773,0.4617,46.2,London,uncertain
51.410000000000004,0.08,0,23,other,0.21739130434782608,1.005692986132508,violent,0.5557,False,0.2139,0.2305,0.5557,55.6,London,medium
51.410000000000004,0.08,1,14,violent,0.21428571428571427,1.0346012329101812,other,0.608,False,0.608,0.2255,0.1666,16.7,London,medium
51.410000000000004,0.08,2,21,other,0.2857142857142857,0.9556998911125343,other,0.6165,True,0.6165,0.2195,0.164,16.4,London,medium
51.410000000000004,0.08,3,21,other,0.09523809523809523,1.0710185424099148,property,0.6439,False,0.1968,0.6439,0.1593,15.9,London,medium
51.410000000000004,0.09,0,4,violent,0.5,0.562335165779739,violent,0.4015,True,0.3223,0.2762,0.4015,40.2,London,uncertain
51.410000000000004,0.09,1,6,property,0.3333333333333333,0.6365141893815645,other,0.6147,False,0.6147,0.2207,0.1645,16.5,London,medium
51.410000000000004,0.09,3,5,property,0.2,0.6730116880595106,other,0.4959,False,0.4959,0.2548,0.2493,24.9,London,uncertain
51.410000000000004,0.1,0,25,violent,0.04,1.097032390352067,property,0.6431,False,0.1969,0.6431,0.16,16.0,London,medium
51.410000000000004,0.1,1,24,property,0.08333333333333333,1.0775563270668007,property,0.6493,True,0.1938,0.6493,0.1569,15.7,London,medium
51.410000000000004,0.1,2,30,other,0.13333333333333333,1.0760342091133341,violent,0.5621,False,0.2108,0.2271,0.5621,56.2,London,medium
51.410000000000004,0.1,3,25,property,0.04,1.097032390352067,property,0.6494,True,0.1937,0.6494,0.1569,15.7,London,medium
51.410000000000004,0.11,0,46,property,0.06521739130434782,1.0746716538634222,property,0.6431,True,0.1969,0.6431,0.16,16.0,London,medium
51.410000000000004,0.11,1,40,violent,0.15,0.9985793315873921,violent,0.5595,True,0.2116,0.2289,0.5595,56.0,London,medium
51.410000000000004,0.11,2,36,property,0.08333333333333333,1.0918384213400607,violent,0.4081,False,0.2376,0.3543,0.4081,40.8,London,uncertain
51.410000000000004,0.11,3,38,other,0.02631578947368421,1.0759394011165768,violent,0.5529,False,0.2148,0.2323,0.5529,55.3,London,medium
51.410000000000004,0.12,0,13,property,0.15384615384615385,0.8981370031878679,property,0.64,True,0.1989,0.64,0.1611,16.1,London,medium
51.410000000000004,0.12,1,10,property,0.5,0.8018185525433373,property,0.6431,True,0.1972,0.6431,0.1597,16.0,London,medium
51.410000000000004,0.12,2,14,property,0.5,0.7589367727620596,property,0.6487,True,0.1941,0.6487,0.1572,15.7,London,medium
51.410000000000004,0.12,3,22,property,0.3181818181818182,0.7924891052673698,property,0.6457,True,0.1958,0.6457,0.1586,15.9,London,medium
51.410000000000004,0.13,0,9,property,0.2222222222222222,0.936888307539016,property,0.6457,True,0.1957,0.6457,0.1585,15.9,London,medium
51.410000000000004,0.13,1,6,property,1.0,4.3446531758480495e-08,property,0.6462,True,0.1955,0.6462,0.1583,15.8,London,medium
51.410000000000004,0.13,2,8,property,0.75,0.3767701826029325,property,0.6474,True,0.1948,0.6474,0.1578,15.8,London,medium
51.410000000000004,0.13,3,9,property,0.1111111111111111,1.0608569471580214,property,0.6456,True,0.1958,0.6456,0.1586,15.9,London,medium
51.410000000000004,0.14,0,3,property,1.0,4.3446531758480495e-08,property,0.646,True,0.1956,0.646,0.1584,15.8,London,medium
51.410000000000004,0.14,1,3,property,0.3333333333333333,0.6365141893815645,property,0.6407,True,0.1982,0.6407,0.1611,16.1,London,medium
51.410000000000004,0.14,2,3,property,0.3333333333333333,0.6365141893815645,violent,0.4346,False,0.2257,0.3397,0.4346,43.5,London,uncertain
51.410000000000004,0.14,3,6,property,0.16666666666666666,1.0114042647073518,other,0.6152,False,0.6152,0.2201,0.1647,16.5,London,medium
51.42,-0.43,1,3,violent,1.0,4.3446531758480495e-08,property,0.6355,False,0.2014,0.6355,0.1631,16.3,London,medium
51.42,-0.38,0,31,property,0.0967741935483871,1.078963820279368,other,0.6173,False,0.6173,0.2189,0.1638,16.4,London,medium
51.42,-0.38,1,31,property,0.03225806451612903,1.0845917163665408,violent,0.5452,False,0.2179,0.2369,0.5452,54.5,London,uncertain
51.42,-0.38,2,21,property,0.047619047619047616,1.091786238095127,property,0.479,True,0.3411,0.479,0.1799,18.0,London,uncertain
51.42,-0.38,3,26,property,0.0,1.0971128947333808,property,0.6422,True,0.1977,0.6422,0.1601,16.0,London,medium
51.42,-0.37,0,27,violent,0.037037037037037035,1.0944885526930284,property,0.6483,False,0.1943,0.6483,0.1574,15.7,London,medium
51.42,-0.37,1,25,property,0.2,1.0512435186197395,property,0.6381,True,0.1999,0.6381,0.1619,16.2,London,medium
51.42,-0.37,2,34,property,0.23529411764705882,1.0388552193685043,other,0.4408,False,0.4408,0.3829,0.1763,17.6,London,uncertain
51.42,-0.37,3,29,property,0.0,1.0785004146433244,property,0.6488,True,0.1941,0.6488,0.1572,15.7,London,medium
51.42,-0.36,0,3,other,1.0,4.34465315364359e-08,property,0.6265,False,0.2101,0.6265,0.1633,16.3,London,medium
51.42,-0.36,1,10,property,0.1,1.0888999753452238,property,0.644,True,0.1967,0.644,0.1593,15.9,London,medium
51.42,-0.36,2,13,other,0.23076923076923078,0.9839614460010255,property,0.6419,False,0.1979,0.6419,0.1602,16.0,London,medium
51.42,-0.36,3,12,property,0.3333333333333333,0.9596147939120492,property,0.6419,True,0.1978,0.6419,0.1602,16.0,London,medium
51.42,-0.34,0,13,violent,0.0,0.9110175397125628,other,0.4076,False,0.4076,0.4012,0.1912,19.1,London,uncertain
51.42,-0.34,1,9,property,0.1111111111111111,1.0608569471580214,other,0.6133,False,0.6133,0.2214,0.1653,16.5,London,medium
51.42,-0.34,2,16,other,0.3125,0.9840865030829146,violent,0.4568,False,0.2218,0.3213,0.4568,45.7,London,uncertain
51.42,-0.34,3,15,other,0.26666666666666666,1.0096137581740383,property,0.5633,False,0.2148,0.5633,0.2219,22.2,London,medium
51.42,-0.33,0,7,property,0.2857142857142857,0.9556998911125343,property,0.6461,True,0.1955,0.6461,0.1584,15.8,London,medium
51.42,-0.33,1,15,property,0.3333333333333333,0.9276173343271816,property,0.6411,True,0.1983,0.6411,0.1606,16.1,London,medium
51.42,-0.33,2,11,violent,0.09090909090909091,1.0361987848192837,property,0.6466,False,0.1953,0.6466,0.1581,15.8,London,medium
51.42,-0.33,3,13,property,0.23076923076923078,0.9839614460010255,property,0.6463,True,0.1954,0.6463,0.1583,15.8,London,medium
51.42,-0.32,0,32,violent,0.0625,1.094780226007948,property,0.546,False,0.2538,0.546,0.2002,20.0,London,uncertain
51.42,-0.32,1,26,violent,0.038461538461538464,1.088010262277112,property,0.6451,False,0.1958,0.6451,0.1591,15.9,London,medium
51.42,-0.32,2,26,property,0.4230769230769231,0.9328735118608089,property,0.6471,True,0.195,0.6471,0.1579,15.8,London,medium
51.42,-0.32,3,29,property,0.10344827586206896,1.052787230251689,property,0.6474,True,0.1948,0.6474,0.1578,15.8,London,medium
51.42,-0.31,0,20,violent,0.15,1.0670938948757507,property,0.6132,False,0.2133,0.6132,0.1735,17.3,London,medium
51.42,-0.31,1,31,other,0.3225806451612903,1.0014914323648219,property,0.6425,False,0.1975,0.6425,0.16,16.0,London,medium
51.42,-0.31,2,29,violent,0.0,1.0785004146433244,other,0.4513,False,0.4513,0.3711,0.1776,17.8,London,uncertain
51.42,-0.31,3,35,other,0.17142857142857143,1.0364096074001297,property,0.6486,False,0.1938,0.6486,0.1575,15.8,London,medium
51.42,-0.3,0,48,property,0.0,1.0821955300387671,property,0.6479,True,0.1946,0.6479,0.1576,15.8,London,medium
51.42,-0.3,1,52,property,0.038461538461538464,1.088010262277112,property,0.6498,True,0.1935,0.6498,0.1567,15.7,London,medium
51.42,-0.3,2,57,other,0.12280701754385964,1.052284068006885,property,0.6297,False,0.2046,0.6297,0.1657,16.6,London,medium
51.42,-0.3,3,61,property,0.03278688524590164,1.0797758491115605,other,0.4582,False,0.4582,0.3584,0.1835,18.3,London,uncertain
51.42,-0.29,0,44,property,0.13636363636363635,1.029842894323631,property,0.6489,True,0.194,0.6489,0.1571,15.7,London,medium
51.42,-0.29,1,41,other,0.12195121951219512,1.0697456223367126,property,0.647,False,0.1951,0.647,0.158,15.8,London,medium
51.42,-0.29,2,40,property,0.075,1.0868142240234726,property,0.6495,True,0.1937,0.6495,0.1568,15.7,London,medium
51.42,-0.29,3,52,property,0.21153846153846154,1.0065507160049012,property,0.6409,True,0.1984,0.6409,0.1607,16.1,London,medium
51.42,-0.28,0,38,violent,0.23684210526315788,1.0083002514303572,other,0.6168,False,0.6168,0.2192,0.164,16.4,London,medium
51.42,-0.28,1,43,violent,0.023255813953488372,1.0739466893044314,other,0.6058,False,0.6058,0.2259,0.1683,16.8,London,medium
51.42,-0.28,2,28,other,0.17857142857142858,1.0607314736099946,other,0.6162,True,0.6162,0.2191,0.1646,16.5,London,medium
51.42,-0.28,3,38,violent,0.02631578947368421,1.04275606457489,other,0.6185,False,0.6185,0.2183,0.1632,16.3,London,medium
51.42,-0.27,1,4,property,0.5,0.562335165779739,property,0.6469,True,0.1951,0.6469,0.158,15.8,London,medium
51.42,-0.27,2,3,property,0.3333333333333333,0.6365141893815645,property,0.6447,True,0.1959,0.6447,0.1594,15.9,London,medium
51.42,-0.26,0,4,property,0.5,0.5623351657797391,other,0.6123,False,0.6123,0.2217,0.166,16.6,London,medium
51.42,-0.26,1,3,property,1.0,4.3446531758480495e-08,property,0.6488,True,0.194,0.6488,0.1571,15.7,London,medium
51.42,-0.26,2,4,property,0.25,1.0397207708399179,property,0.6479,True,0.1945,0.6479,0.1575,15.8,London,medium
51.42,-0.26,3,4,property,0.5,0.5623351657797391,property,0.644,True,0.1967,0.644,0.1593,15.9,London,medium
51.42,-0.25,0,8,property,0.0,1.0821955300387671,property,0.6468,True,0.1951,0.6468,0.158,15.8,London,medium
51.42,-0.25,1,8,property,0.0,1.0821955300387671,other,0.4349,False,0.4349,0.3842,0.1809,18.1,London,uncertain
51.42,-0.25,2,14,other,0.21428571428571427,1.0346012329101812,property,0.6469,False,0.1951,0.6469,0.158,15.8,London,medium
51.42,-0.25,3,9,violent,0.3333333333333333,0.9950269901795212,property,0.6445,False,0.1964,0.6445,0.1591,15.9,London,medium
51.42,-0.24,0,3,violent,0.0,1.0986122886681096,property,0.6425,False,0.1975,0.6425,0.16,16.0,London,medium
51.42,-0.24,1,7,violent,0.0,1.0042424730540764,property,0.5537,False,0.2177,0.5537,0.2286,22.9,London,medium
51.42,-0.24,2,6,violent,0.3333333333333333,0.6365141893815645,violent,0.4547,True,0.226,0.3193,0.4547,45.5,London,uncertain
51.42,-0.23,0,14,property,0.2857142857142857,0.9556998911125343,property,0.6471,True,0.195,0.6471,0.1579,15.8,London,medium
51.42,-0.23,1,15,violent,0.13333333333333333,0.8823109245150756,property,0.6429,False,0.1973,0.6429,0.1598,16.0,London,medium
51.42,-0.23,2,9,violent,0.5555555555555556,0.5297062202512142,property,0.5516,False,0.2177,0.5516,0.2307,23.1,London,medium
51.42,-0.23,3,10,other,0.1,0.9433483923290393,property,0.6426,False,0.1969,0.6426,0.1604,16.0,London,medium
51.42,-0.22,0,28,property,0.5,0.8487506669319027,property,0.6292,True,0.2046,0.6292,0.1662,16.6,London,medium
51.42,-0.22,1,31,property,0.2903225806451613,0.9968673335895757,property,0.6487,True,0.1941,0.6487,0.1572,15.7,London,medium
51.42,-0.22,2,27,property,0.14814814814814814,1.0708078595494446,property,0.6462,True,0.1952,0.6462,0.1586,15.9,London,medium
51.42,-0.22,3,24,other,0.08333333333333333,1.0775563270668007,property,0.6482,False,0.1941,0.6482,0.1577,15.8,London,medium
51.42,-0.21,0,103,property,0.08737864077669903,1.0891374826535918,property,0.502,True,0.3144,0.502,0.1836,18.4,London,uncertain
51.42,-0.21,1,112,other,0.044642857142857144,1.0937592617939194,property,0.6252,False,0.2117,0.6252,0.1632,16.3,London,medium
51.42,-0.21,2,119,property,0.09243697478991597,1.0700477643854471,property,0.5839,True,0.2452,0.5839,0.1709,17.1,London,medium
51.42,-0.21,3,124,property,0.14516129032258066,1.0710006233049283,property,0.6494,True,0.1937,0.6494,0.1569,15.7,London,medium
51.42,-0.2,0,117,other,0.10256410256410256,1.066536269412169,property,0.6475,False,0.1947,0.6475,0.1577,15.8,London,medium
51.42,-0.2,1,120,property,0.016666666666666666,1.0926356953049257,property,0.6394,True,0.1993,0.6394,0.1614,16.1,London,medium
51.42,-0.2,2,152,property,0.06578947368421052,1.093348630229372,property,0.6496,True,0.1936,0.6496,0.1568,15.7,London,medium
51.42,-0.2,3,106,property,0.08490566037735849,1.061195377388434,property,0.6493,True,0.1938,0.6493,0.1569,15.7,London,medium
51.42,-0.19,0,78,other,0.05128205128205128,1.0829159524301528,violent,0.4052,False,0.2388,0.3559,0.4052,40.5,London,uncertain
51.42,-0.19,1,90,other,0.011111111111111112,1.0746051016494778,property,0.6459,False,0.1956,0.6459,0.1584,15.8,London,medium
51.42,-0.19,2,84,property,0.03571428571428571,1.0973511772469036,violent,0.5381,False,0.2167,0.2452,0.5381,53.8,London,uncertain
51.42,-0.19,3,83,other,0.1566265060240964,1.0499718628599026,other,0.397,True,0.397,0.3747,0.2283,22.8,London,uncertain
51.42,-0.18,0,118,property,0.1440677966101695,1.0665851984293075,property,0.6475,True,0.1947,0.6475,0.1577,15.8,London,medium
51.42,-0.18,1,113,property,0.23008849557522124,0.9807938831755517,property,0.6471,True,0.195,0.6471,0.1579,15.8,London,medium
51.42,-0.18,2,140,property,0.14285714285714285,1.0656042042204525,property,0.6496,True,0.1936,0.6496,0.1568,15.7,London,medium
51.42,-0.18,3,131,property,0.12213740458015267,1.0664841787841033,property,0.6315,True,0.2036,0.6315,0.1649,16.5,London,medium
51.42,-0.17,0,79,other,0.06329113924050633,1.0937376119617004,property,0.6483,False,0.1943,0.6483,0.1574,15.7,London,medium
51.42,-0.17,1,74,violent,0.12162162162162163,1.082558221513435,property,0.6496,False,0.1936,0.6496,0.1568,15.7,London,medium
51.42,-0.17,2,71,other,0.08450704225352113,1.0902907016753922,property,0.6499,False,0.1929,0.6499,0.1571,15.7,London,medium
51.42,-0.17,3,63,property,0.015873015873015872,1.0931983361949555,property,0.6476,True,0.1947,0.6476,0.1577,15.8,London,medium
51.42,-0.16,0,108,other,0.009259259259259259,1.096788760773916,property,0.647,False,0.1948,0.647,0.1583,15.8,London,medium
51.42,-0.16,1,118,property,0.0423728813559322,1.0964147785990364,property,0.6478,True,0.1943,0.6478,0.1579,15.8,London,medium
51.42,-0.16,2,132,property,0.06818181818181818,1.0888607020644487,property,0.5008,True,0.2895,0.5008,0.2097,21.0,London,uncertain
51.42,-0.16,3,109,violent,0.13761467889908258,1.055461420285222,property,0.5008,False,0.2895,0.5008,0.2097,21.0,London,uncertain
51.42,-0.15,0,64,violent,0.046875,1.0939986501611572,property,0.623,False,0.2092,0.623,0.1679,16.8,London,medium
51.42,-0.15,1,86,property,0.08139534883720931,1.0897455655468637,violent,0.5507,False,0.2144,0.235,0.5507,55.1,London,medium
51.42,-0.15,2,66,violent,0.09090909090909091,1.0905668491367564,property,0.6426,False,0.1972,0.6426,0.1602,16.0,London,medium
51.42,-0.15,3,80,other,0.025,1.097992306398597,property,0.6486,False,0.1942,0.6486,0.1572,15.7,London,medium
51.42,-0.14,0,164,property,0.024390243902439025,1.0917278167288342,property,0.6479,True,0.1945,0.6479,0.1575,15.8,London,medium
51.42,-0.14,1,140,property,0.05714285714285714,1.0874385901967236,property,0.6333,True,0.2048,0.6333,0.1619,16.2,London,medium
51.42,-0.14,2,165,property,0.024242424242424242,1.092768714739889,property,0.6499,True,0.1935,0.6499,0.1567,15.7,London,medium
51.42,-0.14,3,157,violent,0.012738853503184714,1.097468791249779,property,0.649,False,0.1936,0.649,0.1574,15.7,London,medium
51.42,-0.13,0,137,property,0.021897810218978103,1.0943366505263912,property,0.493,True,0.3252,0.493,0.1817,18.2,London,uncertain
51.42,-0.13,1,156,other,0.03205128205128205,1.0758802578444002,property,0.4941,False,0.2934,0.4941,0.2125,21.3,London,uncertain
51.42,-0.13,2,135,property,0.02962962962962963,1.0959750644979724,other,0.5477,False,0.5477,0.2722,0.1801,18.0,London,uncertain
51.42,-0.13,3,139,other,0.04316546762589928,1.0594958968174955,other,0.4885,True,0.4885,0.3097,0.2018,20.2,London,uncertain
51.42,-0.12,0,44,property,0.1590909090909091,1.041989747490273,property,0.6002,True,0.2265,0.6002,0.1733,17.3,London,medium
51.42,-0.12,1,52,property,0.40384615384615385,0.9309472169199025,property,0.6395,True,0.1989,0.6395,0.1616,16.2,London,medium
51.42,-0.12,2,59,property,0.1694915254237288,1.0644361685225718,violent,0.54,False,0.2168,0.2432,0.54,54.0,London,uncertain
51.42,-0.12,3,50,property,0.24,1.039320664104926,property,0.6463,True,0.1954,0.6463,0.1583,15.8,London,medium
51.42,-0.11,0,72,property,0.08333333333333333,1.086630125862472,other,0.5684,False,0.5684,0.2451,0.1864,18.6,London,medium
51.42,-0.11,1,64,property,0.0625,1.0643398808112197,violent,0.5591,False,0.2121,0.2288,0.5591,55.9,London,medium
51.42,-0.11,2,70,violent,0.0,1.0977878444695828,property,0.6456,False,0.1955,0.6456,0.1589,15.9,London,medium
51.42,-0.11,3,68,property,0.029411764705882353,1.0750825498870127,violent,0.5476,False,0.2157,0.2367,0.5476,54.8,London,uncertain
51.42,-0.1,0,40,violent,0.075,1.0667181876240546,violent,0.558,True,0.2125,0.2295,0.558,55.8,London,medium
51.42,-0.1,1,49,violent,0.02040816326530612,1.0797812768096198,violent,0.5607,True,0.2113,0.228,0.5607,56.1,London,medium
51.42,-0.1,2,44,violent,0.13636363636363635,1.077199587358753,violent,0.423,True,0.2352,0.3418,0.423,42.3,London,uncertain
51.42,-0.1,3,47,violent,0.2127659574468085,1.0204642881145207,violent,0.5482,True,0.2154,0.2364,0.5482,54.8,London,uncertain
51.42,-0.09,0,99,other,0.1111111111111111,1.0608569471580214,other,0.4947,True,0.4947,0.2503,0.2551,25.5,London,uncertain
51.42,-0.09,1,81,other,0.13580246913580246,1.0416431175421172,other,0.6175,True,0.6175,0.2188,0.1636,16.4,London,medium
51.42,-0.09,2,82,other,0.18292682926829268,1.0215031772646397,other,0.6071,True,0.6071,0.2259,0.1669,16.7,London,medium
51.42,-0.09,3,95,other,0.25263157894736843,1.035905234565805,other,0.592,True,0.592,0.2359,0.1721,17.2,London,medium
51.42,-0.08,0,159,violent,0.050314465408805034,1.093543923101156,other,0.6177,False,0.6177,0.2187,0.1636,16.4,London,medium
51.42,-0.08,1,144,other,0.06944444444444445,1.093372458465905,other,0.5191,True,0.5191,0.2887,0.1922,19.2,London,uncertain
51.42,-0.08,2,145,property,0.07586206896551724,1.0901575322621662,other,0.6196,False,0.6196,0.2177,0.1627,16.3,London,medium
51.42,-0.08,3,136,property,0.058823529411764705,1.0894669627395115,violent,0.4708,False,0.2724,0.2567,0.4708,47.1,London,uncertain
51.42,-0.07,0,70,other,0.15714285714285714,1.0483747203520741,other,0.385,True,0.385,0.3478,0.2672,26.7,London,uncertain
51.42,-0.07,1,64,property,0.015625,1.0983693902617544,property,0.6435,True,0.197,0.6435,0.1595,16.0,London,medium
51.42,-0.07,2,58,violent,0.034482758620689655,1.0965463995380533,other,0.604,False,0.604,0.2246,0.1713,17.1,London,medium
51.42,-0.07,3,69,property,0.014492753623188406,1.086148573403136,other,0.5908,False,0.5908,0.2332,0.176,17.6,London,medium
51.42,-0.06,0,90,property,0.2111111111111111,1.0540178495575503,property,0.6464,True,0.1951,0.6464,0.1585,15.9,London,medium
51.42,-0.06,1,86,property,0.2441860465116279,1.0395855504291123,property,0.6471,True,0.1947,0.6471,0.1582,15.8,London,medium
51.42,-0.06,2,97,property,0.3711340206185567,0.9630281531124179,property,0.6207,True,0.2067,0.6207,0.1726,17.3,London,medium
51.42,-0.06,3,121,property,0.45454545454545453,0.8961682239501427,property,0.6493,True,0.1935,0.6493,0.1572,15.7,London,medium
51.42,-0.05,0,103,other,0.1553398058252427,1.0702530555065297,property,0.6112,False,0.2245,0.6112,0.1643,16.4,London,medium
51.42,-0.05,1,116,other,0.09482758620689655,1.0685242441013612,other,0.5172,True,0.5172,0.3082,0.1746,17.5,London,uncertain
51.42,-0.05,2,104,other,0.20192307692307693,1.041742863706991,property,0.5323,False,0.2932,0.5323,0.1746,17.5,London,uncertain
51.42,-0.05,3,120,other,0.125,1.0682807048031056,property,0.4886,False,0.3294,0.4886,0.182,18.2,London,uncertain
51.42,-0.04,0,23,property,0.391304347826087,0.9381390150046416,property,0.6482,True,0.1944,0.6482,0.1574,15.7,London,medium
51.42,-0.04,1,24,property,0.2916666666666667,1.0054668293254951,property,0.6474,True,0.1948,0.6474,0.1578,15.8,London,medium
51.42,-0.04,2,23,property,0.5217391304347826,0.6915021980540985,property,0.6478,True,0.1946,0.6478,0.1576,15.8,London,medium
51.42,-0.04,3,27,property,0.4074074074074074,0.9084160841967897,property,0.6495,True,0.1936,0.6495,0.1568,15.7,London,medium
51.42,-0.03,0,29,property,0.41379310344827586,0.9250738293082053,property,0.6491,True,0.1939,0.6491,0.157,15.7,London,medium
51.42,-0.03,1,32,property,0.1875,1.0239287996389363,property,0.6492,True,0.1939,0.6492,0.157,15.7,London,medium
51.42,-0.03,2,25,property,0.24,1.018359734765894,property,0.6495,True,0.1937,0.6495,0.1569,15.7,London,medium
51.42,-0.03,3,39,property,0.1794871794871795,0.9346654601992601,property,0.65,True,0.1934,0.65,0.1566,15.7,London,medium
51.42,-0.02,0,43,violent,0.09302325581395349,1.0786340166813146,other,0.4343,False,0.4343,0.2647,0.301,30.1,London,uncertain
51.42,-0.02,1,43,property,0.09302325581395349,0.9670887760815146,violent,0.5039,False,0.2252,0.2709,0.5039,50.4,London,uncertain
51.42,-0.02,2,48,violent,0.20833333333333334,1.032743813555708,violent,0.5514,True,0.2158,0.2328,0.5514,55.1,London,medium
51.42,-0.02,3,50,violent,0.0,1.098209540353189,violent,0.4394,True,0.2853,0.2753,0.4394,43.9,London,uncertain
51.42,-0.01,0,19,other,0.05263157894736842,1.0958871542125534,other,0.6172,True,0.6172,0.2191,0.1638,16.4,London,medium
51.42,-0.01,1,31,property,0.45161290322580644,0.8948777900135769,other,0.4759,False,0.4759,0.3503,0.1737,17.4,London,uncertain
51.42,-0.01,2,24,property,0.08333333333333333,1.0775563270668007,other,0.6189,False,0.6189,0.2181,0.163,16.3,London,medium
51.42,-0.01,3,25,violent,0.0,1.0920192874506351,other,0.6151,False,0.6151,0.2202,0.1647,16.5,London,medium
51.42,0.0,0,61,violent,0.09836065573770492,1.0740556924327946,property,0.6467,False,0.1949,0.6467,0.1584,15.8,London,medium
51.42,0.0,1,71,property,0.18309859154929578,1.0318782046381316,property,0.6463,True,0.1955,0.6463,0.1583,15.8,London,medium
51.42,0.0,2,83,property,0.08433734939759036,1.0890990241182474,property,0.6295,True,0.2069,0.6295,0.1636,16.4,London,medium
51.42,0.0,3,67,violent,0.08955223880597014,1.0782853491261253,property,0.5585,False,0.2494,0.5585,0.1921,19.2,London,medium
51.42,0.01,0,67,violent,0.04477611940298507,1.0944019467541333,property,0.6467,False,0.1949,0.6467,0.1584,15.8,London,medium
51.42,0.01,1,74,other,0.05405405405405406,1.0873337396583238,violent,0.5521,False,0.2152,0.2326,0.5521,55.2,London,medium
51.42,0.01,2,64,other,0.09375,1.076320800076152,violent,0.551,False,0.2136,0.2354,0.551,55.1,London,medium
51.42,0.01,3,79,other,0.11392405063291139,1.082600062205914,violent,0.5512,False,0.2137,0.2351,0.5512,55.1,London,medium
51.42,0.02,0,68,violent,0.11764705882352941,1.078136500706539,property,0.4874,False,0.294,0.4874,0.2186,21.9,London,uncertain
51.42,0.02,1,44,violent,0.0,1.0980917101073537,violent,0.522,True,0.2301,0.2479,0.522,52.2,London,uncertain
51.42,0.02,2,57,other,0.03508771929824561,1.0711972361580187,other,0.6112,True,0.6112,0.2238,0.1651,16.5,London,medium
51.42,0.02,3,46,property,0.021739130434782608,1.0771595162310794,other,0.4813,False,0.4813,0.3392,0.1795,17.9,London,uncertain
51.42,0.03,0,4,property,1.0,4.3446531758480495e-08,property,0.4355,True,0.3721,0.4355,0.1924,19.2,London,uncertain
51.42,0.03,1,9,other,0.1111111111111111,1.0608569471580214,property,0.6437,False,0.1969,0.6437,0.1594,15.9,London,medium
51.42,0.03,2,11,property,0.6363636363636364,0.4741393343069638,property,0.4495,True,0.2257,0.4495,0.3249,32.5,London,uncertain
51.42,0.03,3,13,property,0.15384615384615385,0.8981370031878679,violent,0.5577,False,0.2129,0.2294,0.5577,55.8,London,medium
51.42,0.04,0,5,property,0.6,0.5004024447610513,other,0.615,False,0.615,0.2199,0.1652,16.5,London,medium
51.42,0.05,0,20,other,0.25,1.0397207708399179,other,0.6127,True,0.6127,0.2218,0.1655,16.5,London,medium
51.42,0.05,1,21,other,0.19047619047619047,0.9829007277151565,other,0.6154,True,0.6154,0.2198,0.1648,16.5,London,medium
51.42,0.05,2,22,other,0.45454545454545453,0.8158498651845185,other,0.6048,True,0.6048,0.2291,0.1661,16.6,London,medium
51.42,0.05,3,25,other,0.08,1.0875656525975472,other,0.6187,True,0.6187,0.2182,0.1631,16.3,London,medium
51.42,0.06,0,25,violent,0.08,1.0509134745090587,violent,0.5504,True,0.2144,0.2352,0.5504,55.0,London,medium
51.42,0.06,1,26,property,0.038461538461538464,0.8287418670808674,property,0.4891,True,0.2903,0.4891,0.2206,22.1,London,uncertain
51.42,0.06,2,26,property,0.3076923076923077,0.9585849416984087,property,0.6409,True,0.1984,0.6409,0.1607,16.1,London,medium
51.42,0.06,3,29,property,0.20689655172413793,1.0499266578678705,property,0.6379,True,0.2022,0.6379,0.1599,16.0,London,medium
51.42,0.07,0,27,property,0.3333333333333333,0.9429491606819863,property,0.6417,True,0.198,0.6417,0.1603,16.0,London,medium
51.42,0.07,1,37,property,0.1891891891891892,1.0422943457157994,property,0.647,True,0.195,0.647,0.1579,15.8,London,medium
51.42,0.07,2,29,property,0.13793103448275862,1.065891213213607,property,0.6495,True,0.1936,0.6495,0.1568,15.7,London,medium
51.42,0.07,3,47,property,0.3404255319148936,0.8917835532254156,property,0.6494,True,0.1934,0.6494,0.1572,15.7,London,medium
51.42,0.08,0,5,property,0.0,1.0549201679861442,property,0.6454,True,0.1959,0.6454,0.1587,15.9,London,medium
51.42,0.08,1,5,property,0.6,0.5004024447610512,violent,0.4945,False,0.2277,0.2777,0.4945,49.5,London,uncertain
51.42,0.08,2,7,property,0.0,1.0042424730540764,violent,0.4964,False,0.2226,0.281,0.4964,49.6,London,uncertain
51.42,0.08,3,3,property,0.3333333333333333,0.6365141893815645,property,0.6416,True,0.1975,0.6416,0.1609,16.1,London,medium
51.42,0.09,0,15,violent,0.06666666666666667,1.0851886129676505,property,0.6426,False,0.197,0.6426,0.1604,16.0,London,medium
51.42,0.09,1,13,property,0.15384615384615385,1.0579054247036734,property,0.6453,True,0.196,0.6453,0.1587,15.9,London,medium
51.42,0.09,2,11,other,0.09090909090909091,1.0361987848192837,property,0.6004,False,0.2066,0.6004,0.1929,19.3,London,medium
51.42,0.09,3,10,violent,0.2,1.0296530140645737,property,0.6469,False,0.1951,0.6469,0.158,15.8,London,medium
51.42,0.1,0,32,violent,0.03125,1.091649996728975,violent,0.5484,True,0.2172,0.2345,0.5484,54.8,London,uncertain
51.42,0.1,1,43,violent,0.18604651162790697,1.060958876872216,property,0.5218,False,0.2235,0.5218,0.2547,25.5,London,uncertain
51.42,0.1,2,50,violent,0.12,1.0133126873497391,violent,0.3936,True,0.2311,0.3753,0.3936,39.4,London,uncertain
51.42,0.1,3,50,violent,0.26,0.9978346215730165,violent,0.4946,True,0.219,0.2864,0.4946,49.5,London,uncertain
51.42,0.11,0,21,other,0.23809523809523808,1.012494711026758,other,0.6159,True,0.6159,0.2199,0.1642,16.4,London,medium
51.42,0.11,1,28,property,0.21428571428571427,1.0346012329101812,other,0.6026,False,0.6026,0.2264,0.171,17.1,London,medium
51.42,0.11,2,33,violent,0.030303030303030304,1.0406984379215733,property,0.501,False,0.3158,0.501,0.1831,18.3,London,uncertain
51.42,0.11,3,21,violent,0.0,1.0769865220544765,other,0.6032,False,0.6032,0.2271,0.1697,17.0,London,medium
51.42,0.12,0,27,property,0.25925925925925924,1.0247727743980646,property,0.6473,True,0.1949,0.6473,0.1578,15.8,London,medium
51.42,0.12,1,22,property,0.13636363636363635,0.9861234897117208,property,0.6483,True,0.1943,0.6483,0.1574,15.7,London,medium
51.42,0.12,2,22,property,0.045454545454545456,1.0965754342577216,property,0.6495,True,0.1937,0.6495,0.1569,15.7,London,medium
51.42,0.12,3,28,property,0.10714285714285714,1.0315837194926705,property,0.6456,True,0.1958,0.6456,0.1586,15.9,London,medium
51.42,0.13,0,27,violent,0.0,1.0986122886681096,property,0.5205,False,0.2988,0.5205,0.1807,18.1,London,uncertain
51.42,0.13,1,26,other,0.2692307692307692,1.003659491091816,other,0.5436,True,0.5436,0.273,0.1834,18.3,London,uncertain
51.42,0.13,2,42,other,0.2857142857142857,1.0220830508128,violent,0.4022,False,0.318,0.2798,0.4022,40.2,London,uncertain
51.42,0.13,3,49,other,0.22448979591836735,1.0256050090032982,other,0.6182,True,0.6182,0.2185,0.1633,16.3,London,medium
51.42,0.14,0,3,property,0.3333333333333333,0.6365141893815645,property,0.6327,True,0.203,0.6327,0.1643,16.4,London,medium
51.43,-0.44,1,4,violent,0.5,0.562335165779739,violent,0.5604,True,0.2115,0.228,0.5604,56.0,London,medium
51.43,-0.44,2,3,violent,0.0,1.0986122886681096,property,0.6435,False,0.197,0.6435,0.1595,16.0,London,medium
51.43,-0.44,3,4,property,1.0,4.3446531758480495e-08,violent,0.5592,False,0.2122,0.2286,0.5592,55.9,London,medium
51.43,-0.42,0,10,violent,0.1,0.9433483923290391,property,0.6416,False,0.1976,0.6416,0.1608,16.1,London,medium
51.43,-0.42,1,8,property,0.375,0.9002560512685369,violent,0.427,False,0.2257,0.3473,0.427,42.7,London,uncertain
51.43,-0.42,2,11,property,0.09090909090909091,1.0361987848192837,violent,0.5595,False,0.212,0.2285,0.5595,55.9,London,medium
51.43,-0.42,3,13,violent,0.0,1.0733942812811266,violent,0.5074,True,0.22,0.2726,0.5074,50.7,London,uncertain
51.43,-0.41000000000000003,0,6,violent,0.16666666666666666,1.0114042647073518,property,0.6455,False,0.1959,0.6455,0.1586,15.9,London,medium
51.43,-0.41000000000000003,1,4,violent,0.5,0.5623351657797391,property,0.5506,False,0.2679,0.5506,0.1815,18.2,London,medium
51.43,-0.41000000000000003,2,3,other,1.0,4.34465315364359e-08,property,0.6449,False,0.1962,0.6449,0.1589,15.9,London,medium
51.43,-0.4,0,13,violent,0.23076923076923078,0.9839614460010255,property,0.6458,False,0.1952,0.6458,0.159,15.9,London,medium
51.43,-0.4,1,9,violent,0.2222222222222222,0.936888307539016,property,0.6455,False,0.1959,0.6455,0.1586,15.9,London,medium
51.43,-0.4,2,9,violent,0.1111111111111111,1.0608569471580214,property,0.6476,False,0.1947,0.6476,0.1577,15.8,London,medium
51.43,-0.4,3,7,property,0.14285714285714285,1.0789922078775833,property,0.5889,True,0.2189,0.5889,0.1923,19.2,London,medium
51.43,-0.39,0,87,violent,0.011494252873563218,1.0982158565352949,property,0.5901,False,0.2338,0.5901,0.1761,17.6,London,medium
51.43,-0.39,1,91,property,0.04395604395604396,1.089291582199553,other,0.6185,False,0.6185,0.2184,0.1632,16.3,London,medium
51.43,-0.39,2,71,other,0.18309859154929578,1.0609040088497008,property,0.4695,False,0.2876,0.4695,0.2429,24.3,London,uncertain
51.43,-0.39,3,68,violent,0.029411764705882353,1.094464939600294,violent,0.5465,True,0.2184,0.235,0.5465,54.7,London,uncertain
51.43,-0.38,0,71,property,0.09859154929577464,1.064252907700094,other,0.4854,False,0.4854,0.3304,0.1842,18.4,London,uncertain
51.43,-0.38,1,71,property,0.11267605633802817,1.0798179611552594,property,0.6425,True,0.1975,0.6425,0.1599,16.0,London,medium
51.43,-0.38,2,56,property,0.08928571428571429,1.0474340283500259,property,0.6404,True,0.1987,0.6404,0.1609,16.1,London,medium
51.43,-0.38,3,72,violent,0.05555555555555555,1.080136031051559,property,0.648,False,0.1945,0.648,0.1575,15.8,London,medium
51.43,-0.37,0,17,other,0.17647058823529413,0.9560443809671457,property,0.5096,False,0.3127,0.5096,0.1777,17.8,London,uncertain
51.43,-0.37,1,28,property,0.0,1.0933747175566468,other,0.6096,False,0.6096,0.225,0.1654,16.5,London,medium
51.43,-0.37,2,21,property,0.19047619047619047,1.052922565938695,property,0.5949,True,0.225,0.5949,0.1801,18.0,London,medium
51.43,-0.37,3,26,property,0.15384615384615385,1.0579054247036734,other,0.5861,False,0.5861,0.2428,0.1712,17.1,London,medium
51.43,-0.36,0,39,property,0.2564102564102564,1.029830425692563,property,0.6398,True,0.199,0.6398,0.1612,16.1,London,medium
51.43,-0.36,1,38,property,0.02631578947368421,1.0759394011165768,property,0.5682,True,0.2533,0.5682,0.1785,17.9,London,medium
51.43,-0.36,2,37,other,0.08108108108108109,1.0848237574028836,property,0.6255,False,0.2115,0.6255,0.1631,16.3,London,medium
51.43,-0.36,3,49,property,0.2653061224489796,1.0324395794041568,property,0.5806,True,0.2502,0.5806,0.1692,16.9,London,medium
51.43,-0.35000000000000003,0,47,property,0.19148936170212766,1.0593783374900814,property,0.6393,True,0.1993,0.6393,0.1614,16.1,London,medium
51.43,-0.35000000000000003,1,52,property,0.1346153846153846,1.0509597420797265,property,0.6497,True,0.1935,0.6497,0.1567,15.7,London,medium
51.43,-0.35000000000000003,2,54,property,0.0,1.0439522154956382,property,0.6497,True,0.1933,0.6497,0.1571,15.7,London,medium
51.43,-0.35000000000000003,3,50,property,0.02,1.0673063239076608,property,0.6363,True,0.201,0.6363,0.1627,16.3,London,medium
51.43,-0.34,0,67,property,0.208955223880597,1.0232710528979916,property,0.6485,True,0.1942,0.6485,0.1573,15.7,London,medium
51.43,-0.34,1,66,property,0.24242424242424243,1.004800157878731,property,0.4995,True,0.321,0.4995,0.1795,17.9,London,uncertain
51.43,-0.34,2,63,property,0.19047619047619047,1.036114320197852,property,0.6502,True,0.1933,0.6502,0.1565,15.7,London,medium
51.43,-0.34,3,64,property,0.28125,1.015063083244053,property,0.6504,True,0.1932,0.6504,0.1564,15.6,London,medium
51.43,-0.33,0,30,violent,0.1,1.0681452609845676,property,0.6401,False,0.1988,0.6401,0.161,16.1,London,medium
51.43,-0.33,1,38,other,0.05263157894736842,1.0851928546349756,property,0.6484,False,0.1943,0.6484,0.1574,15.7,London,medium
51.43,-0.33,2,24,violent,0.08333333333333333,1.077556327066801,property,0.6121,False,0.2101,0.6121,0.1778,17.8,London,medium
51.43,-0.33,3,25,other,0.04,1.0768186672148103,other,0.4309,True,0.4309,0.3859,0.1832,18.3,London,uncertain
51.43,-0.32,0,25,property,0.12,1.0133126873497391,property,0.6491,True,0.1939,0.6491,0.157,15.7,London,medium
51.43,-0.32,1,31,property,0.12903225806451613,1.0599864113257504,property,0.6394,True,0.1993,0.6394,0.1614,16.1,London,medium
51.43,-0.32,2,26,violent,0.34615384615384615,0.9727696382494828,property,0.6366,False,0.2008,0.6366,0.1626,16.3,London,medium
51.43,-0.32,3,23,property,0.17391304347826086,1.0465634069578553,property,0.5865,True,0.2441,0.5865,0.1694,16.9,London,medium
51.43,-0.31,0,36,other,0.08333333333333333,1.0466541538387857,property,0.6431,False,0.1972,0.6431,0.1597,16.0,London,medium
51.43,-0.31,1,26,other,0.2692307692307692,1.003659491091816,property,0.4432,False,0.2846,0.4432,0.2722,27.2,London,uncertain
51.43,-0.31,2,30,violent,0.06666666666666667,1.0521391662238093,property,0.5294,False,0.2858,0.5294,0.1848,18.5,London,uncertain
51.43,-0.31,3,23,other,0.043478260869565216,1.08501115745815,other,0.6207,True,0.6207,0.217,0.1622,16.2,London,medium
51.43,-0.3,0,7,other,0.2857142857142857,0.9556998911125343,property,0.6494,False,0.1937,0.6494,0.1569,15.7,London,medium
51.43,-0.3,1,10,property,0.2,1.0296530140645737,property,0.6444,True,0.1965,0.6444,0.1591,15.9,London,medium
51.43,-0.3,2,15,violent,0.13333333333333333,1.0437570363314084,property,0.6496,False,0.1936,0.6496,0.1568,15.7,London,medium
51.43,-0.3,3,10,property,0.2,1.0296530140645737,property,0.6492,True,0.1938,0.6492,0.157,15.7,London,medium
51.43,-0.29,0,13,other,0.07692307692307693,1.0928305535284886,other,0.606,True,0.606,0.2282,0.1659,16.6,London,medium
51.43,-0.29,1,11,violent,0.2727272727272727,0.9949236325717751,other,0.6188,False,0.6188,0.218,0.1632,16.3,London,medium
51.43,-0.29,2,11,violent,0.45454545454545453,0.9075352941050092,other,0.5797,False,0.5797,0.234,0.1863,18.6,London,medium
51.43,-0.29,3,9,violent,0.1111111111111111,1.0608569471580214,other,0.6176,False,0.6176,0.2186,0.1638,16.4,London,medium
51.43,-0.27,2,3,property,0.3333333333333333,0.6365141893815645,property,0.6496,True,0.1936,0.6496,0.1568,15.7,London,medium
51.43,-0.27,3,4,property,0.25,1.0397207708399179,other,0.4473,False,0.4473,0.3762,0.1765,17.7,London,uncertain
51.43,-0.26,0,22,violent,0.045454545454545456,1.0965754342577216,violent,0.4555,True,0.2824,0.2621,0.4555,45.5,London,uncertain
51.43,-0.26,1,19,property,0.05263157894736842,1.0601189359398382,other,0.6149,False,0.6149,0.2203,0.1648,16.5,London,medium
51.43,-0.26,2,19,violent,0.15789473684210525,1.045978165699395,violent,0.4309,True,0.3031,0.266,0.4309,43.1,London,uncertain
51.43,-0.26,3,29,violent,0.2413793103448276,1.0222323070437096,property,0.632,False,0.2041,0.632,0.1639,16.4,London,medium
51.43,-0.23,0,3,property,1.0,4.3446531758480495e-08,property,0.6452,True,0.196,0.6452,0.1587,15.9,London,medium
51.43,-0.23,1,4,property,0.25,1.0397207708399179,property,0.6424,True,0.1976,0.6424,0.16,16.0,London,medium
51.43,-0.22,0,20,property,0.05,0.8556886672556694,property,0.6443,True,0.1965,0.6443,0.1591,15.9,London,medium
51.43,-0.22,1,20,violent,0.0,1.0960673284468552,property,0.6487,False,0.1941,0.6487,0.1572,15.7,London,medium
51.43,-0.22,2,15,property,0.8,0.48509409130221154,property,0.65,True,0.1934,0.65,0.1566,15.7,London,medium
51.43,-0.22,3,17,property,0.23529411764705882,1.0027399543973452,property,0.6496,True,0.1936,0.6496,0.1568,15.7,London,medium
51.43,-0.21,0,10,violent,0.2,1.0296530140645737,other,0.6154,False,0.6154,0.2201,0.1645,16.5,London,medium
51.43,-0.21,1,9,other,0.4444444444444444,0.8486855577264172,other,0.6119,True,0.6119,0.2216,0.1665,16.6,London,medium
51.43,-0.21,2,14,violent,0.14285714285714285,0.9922819748525739,other,0.4235,False,0.4235,0.4009,0.1756,17.6,London,uncertain
51.43,-0.21,3,16,other,0.25,1.0397207708399179,other,0.5843,True,0.5843,0.2453,0.1704,17.0,London,medium
51.43,-0.2,0,35,property,0.08571428571428572,1.028024689540705,property,0.6415,True,0.1981,0.6415,0.1604,16.0,London,medium
51.43,-0.2,1,31,property,0.03225806451612903,1.0845917163665408,property,0.6471,True,0.195,0.6471,0.1579,15.8,London,medium
51.43,-0.2,2,22,property,0.09090909090909091,1.0843629508682477,property,0.6438,True,0.1963,0.6438,0.1599,16.0,London,medium
51.43,-0.2,3,31,other,0.0967741935483871,1.078963820279368,other,0.5912,True,0.5912,0.2399,0.169,16.9,London,medium
51.43,-0.19,0,74,property,0.32432432432432434,0.9961934561816184,property,0.6493,True,0.1938,0.6493,0.1569,15.7,London,medium
51.43,-0.19,1,69,property,0.18840579710144928,1.0620111258163234,property,0.6493,True,0.1938,0.6493,0.1569,15.7,London,medium
51.43,-0.19,2,65,property,0.24615384615384617,1.033308356143596,property,0.6499,True,0.1935,0.6499,0.1567,15.7,London,medium
51.43,-0.19,3,60,property,0.36666666666666664,0.9446889734058668,property,0.6409,True,0.1984,0.6409,0.1607,16.1,London,medium
51.43,-0.18,0,122,violent,0.13114754098360656,1.0750621670636664,property,0.431,False,0.3158,0.431,0.2533,25.3,London,uncertain
51.43,-0.18,1,122,violent,0.01639344262295082,1.0973297842471708,property,0.6205,False,0.2094,0.6205,0.1701,17.0,London,medium
51.43,-0.18,2,102,violent,0.14705882352941177,1.0727833145426442,other,0.3861,False,0.3861,0.3519,0.262,26.2,London,uncertain
51.43,-0.18,3,104,violent,0.25,1.0397207708399179,violent,0.5577,True,0.2128,0.2295,0.5577,55.8,London,medium
51.43,-0.17,0,261,property,0.1417624521072797,1.074887045088359,property,0.6485,True,0.1942,0.6485,0.1573,15.7,London,medium
51.43,-0.17,1,233,property,0.1459227467811159,1.074681206056527,property,0.6485,True,0.1942,0.6485,0.1573,15.7,London,medium
51.43,-0.17,2,271,property,0.1070110701107011,1.0718708392591705,property,0.6506,True,0.1931,0.6506,0.1564,15.6,London,medium
51.43,-0.17,3,267,property,0.10861423220973783,1.0830926751850944,property,0.6506,True,0.1931,0.6506,0.1564,15.6,London,medium
51.43,-0.16,0,99,other,0.04040404040404041,1.0618330956406021,other,0.6189,True,0.6189,0.2181,0.163,16.3,London,medium
51.43,-0.16,1,136,property,0.0,1.0972431318489422,other,0.6189,False,0.6189,0.218,0.1631,16.3,London,medium
51.43,-0.16,2,113,other,0.10619469026548672,1.069947528824076,other,0.6203,True,0.6203,0.2173,0.1624,16.2,London,medium
51.43,-0.16,3,142,violent,0.028169014084507043,1.0978259396547534,other,0.6157,False,0.6157,0.2214,0.1629,16.3,London,medium
51.43,-0.15,0,55,property,0.18181818181818182,1.0670895187820832,property,0.6477,True,0.1944,0.6477,0.1579,15.8,London,medium
51.43,-0.15,1,61,violent,0.03278688524590164,1.090940011591049,property,0.6485,False,0.1942,0.6485,0.1573,15.7,London,medium
51.43,-0.15,2,59,other,0.03389830508474576,1.0930932694325255,violent,0.4986,False,0.2238,0.2776,0.4986,49.9,London,uncertain
51.43,-0.15,3,51,property,0.19607843137254902,1.0580131584113006,property,0.5749,True,0.2503,0.5749,0.1748,17.5,London,medium
51.43,-0.14,0,55,violent,0.01818181818181818,1.0982836599883927,other,0.6158,False,0.6158,0.2209,0.1632,16.3,London,medium
51.43,-0.14,1,58,property,0.1724137931034483,1.0702128536458757,other,0.5726,False,0.5726,0.2473,0.1801,18.0,London,medium
51.43,-0.14,2,70,violent,0.0,1.072257951762641,property,0.645,False,0.1961,0.645,0.1588,15.9,London,medium
51.43,-0.14,3,55,violent,0.0,1.0900596587107838,property,0.4499,False,0.3715,0.4499,0.1786,17.9,London,uncertain
51.43,-0.13,0,260,property,0.05384615384615385,1.063008867376311,property,0.6477,True,0.1944,0.6477,0.158,15.8,London,medium
51.43,-0.13,1,237,property,0.05907172995780591,1.0794394076034077,property,0.6474,True,0.1945,0.6474,0.1581,15.8,London,medium
51.43,-0.13,2,240,property,0.03333333333333333,1.0739607536079796,property,0.6496,True,0.1933,0.6496,0.1571,15.7,London,medium
51.43,-0.13,3,261,property,0.08812260536398467,1.0855614993067826,property,0.6496,True,0.1933,0.6496,0.1571,15.7,London,medium
51.43,-0.12,0,73,other,0.136986301369863,1.0467566633150578,other,0.6158,True,0.6158,0.2209,0.1632,16.3,London,medium
51.43,-0.12,1,53,violent,0.03773584905660377,1.091761911104123,violent,0.5466,True,0.2197,0.2337,0.5466,54.7,London,uncertain
51.43,-0.12,2,74,violent,0.0,1.098428834126322,property,0.6122,False,0.2251,0.6122,0.1627,16.3,London,medium
51.43,-0.12,3,63,violent,0.09523809523809523,1.0897922370259812,other,0.5851,False,0.5851,0.246,0.1689,16.9,London,medium
51.43,-0.11,0,69,violent,0.07246376811594203,1.0705370762813906,property,0.6486,False,0.1939,0.6486,0.1576,15.8,London,medium
51.43,-0.11,1,53,other,0.05660377358490566,1.0852265277231319,property,0.6494,False,0.1934,0.6494,0.1572,15.7,London,medium
51.43,-0.11,2,70,violent,0.04285714285714286,1.0947545542333468,property,0.5177,False,0.2235,0.5177,0.2589,25.9,London,uncertain
51.43,-0.11,3,55,property,0.07272727272727272,1.0726959267318747,property,0.6353,True,0.2016,0.6353,0.1632,16.3,London,medium
51.43,-0.1,0,127,other,0.08661417322834646,1.0834202680486675,property,0.6302,False,0.2065,0.6302,0.1632,16.3,London,medium
51.43,-0.1,1,113,other,0.07964601769911504,1.0916552179912569,property,0.6429,False,0.197,0.6429,0.1601,16.0,London,medium
51.43,-0.1,2,126,property,0.0,1.0933747175566468,property,0.6482,True,0.1941,0.6482,0.1577,15.8,London,medium
51.43,-0.1,3,123,other,0.04065040650406504,1.0899459888258833,other,0.466,True,0.466,0.3457,0.1884,18.8,London,uncertain
51.43,-0.09,0,69,property,0.028985507246376812,1.090220381103468,property,0.546,True,0.2194,0.546,0.2347,23.5,London,uncertain
51.43,-0.09,1,78,property,0.16666666666666666,1.0698487328664594,property,0.6103,True,0.2177,0.6103,0.172,17.2,London,medium
51.43,-0.09,2,68,violent,0.029411764705882353,1.097755354056745,property,0.6505,False,0.1931,0.6505,0.1564,15.6,London,medium
51.43,-0.09,3,74,property,0.0945945945945946,1.0787781219669723,property,0.5945,True,0.2107,0.5945,0.1948,19.5,London,medium
51.43,-0.08,0,42,violent,0.047619047619047616,1.0466304865832217,property,0.6463,False,0.1952,0.6463,0.1586,15.9,London,medium
51.43,-0.08,1,40,violent,0.225,1.0372165874167394,property,0.6489,False,0.194,0.6489,0.1571,15.7,London,medium
51.43,-0.08,2,30,violent,0.26666666666666666,1.0096137581740383,other,0.4237,False,0.4237,0.2657,0.3106,31.1,London,uncertain
51.43,-0.08,3,35,other,0.08571428571428572,1.0674862001343324,property,0.6357,False,0.201,0.6357,0.1633,16.3,London,medium
51.43,-0.07,0,45,violent,0.06666666666666667,1.0851886129676505,property,0.5659,False,0.2187,0.5659,0.2154,21.5,London,medium
51.43,-0.07,1,53,other,0.03773584905660377,1.091761911104123,property,0.4568,False,0.3199,0.4568,0.2233,22.3,London,uncertain
51.43,-0.07,2,49,property,0.04081632653061224,1.0866507246388304,property,0.6507,True,0.193,0.6507,0.1563,15.6,London,medium
51.43,-0.07,3,55,property,0.05454545454545454,1.0923680508659372,property,0.6505,True,0.1931,0.6505,0.1564,15.6,London,medium
51.43,-0.06,0,98,violent,0.02040816326530612,1.0930831326881725,property,0.4416,False,0.2759,0.4416,0.2825,28.2,London,uncertain
51.43,-0.06,1,104,violent,0.009615384615384616,1.085787306345452,property,0.6429,False,0.197,0.6429,0.1601,16.0,London,medium
51.43,-0.06,2,96,other,0.020833333333333332,1.0892080913644198,property,0.6502,False,0.193,0.6502,0.1568,15.7,London,medium
51.43,-0.06,3,109,property,0.009174311926605505,1.0949191927039132,property,0.6497,True,0.1933,0.6497,0.1571,15.7,London,medium
51.43,-0.05,0,167,property,0.017964071856287425,1.0972807750644196,property,0.6467,True,0.1949,0.6467,0.1584,15.8,London,medium
51.43,-0.05,1,161,other,0.037267080745341616,1.0969728417119962,property,0.6245,False,0.2096,0.6245,0.1659,16.6,London,medium
51.43,-0.05,2,148,property,0.02027027027027027,1.0941051740463137,property,0.5071,True,0.2912,0.5071,0.2016,20.2,London,uncertain
51.43,-0.05,3,156,property,0.07692307692307693,1.0849667828937124,property,0.6335,True,0.2046,0.6335,0.1619,16.2,London,medium
51.43,-0.04,0,123,other,0.04878048780487805,1.091447980027874,property,0.6487,False,0.1941,0.6487,0.1572,15.7,London,medium
51.43,-0.04,1,118,property,0.0423728813559322,1.0942403003674515,property,0.6475,True,0.1944,0.6475,0.158,15.8,London,medium
51.43,-0.04,2,134,other,0.04477611940298507,1.0962508182334088,property,0.5347,False,0.291,0.5347,0.1742,17.4,London,uncertain
51.43,-0.04,3,114,property,0.02631578947368421,1.0979256089187932,property,0.6489,True,0.1937,0.6489,0.1574,15.7,London,medium
51.43,-0.03,0,111,violent,0.02702702702702703,1.08260669298543,property,0.6479,False,0.1946,0.6479,0.1576,15.8,London,medium
51.43,-0.03,1,100,property,0.01,1.0972997527069064,property,0.6357,True,0.2013,0.6357,0.163,16.3,London,medium
51.43,-0.03,2,111,property,0.10810810810810811,1.0836980804610965,property,0.6086,True,0.228,0.6086,0.1633,16.3,London,medium
51.43,-0.03,3,98,property,0.25510204081632654,1.0220226985716838,property,0.6491,True,0.1939,0.6491,0.157,15.7,London,medium
51.43,-0.02,0,130,other,0.015384615384615385,1.0981995198218206,other,0.4199,True,0.4199,0.3727,0.2074,20.7,London,uncertain
51.43,-0.02,1,131,violent,0.06870229007633588,1.0873884672814769,other,0.5568,False,0.5568,0.26,0.1833,18.3,London,medium
51.43,-0.02,2,131,property,0.04580152671755725,1.0961421535343054,property,0.6498,True,0.1935,0.6498,0.1567,15.7,London,medium
51.43,-0.02,3,137,violent,0.0364963503649635,1.093734285886545,violent,0.5535,True,0.2133,0.2333,0.5535,55.3,London,medium
51.43,-0.01,0,118,property,0.4322033898305085,0.8541149167461308,property,0.6451,True,0.1961,0.6451,0.1588,15.9,London,medium
51.43,-0.01,1,122,property,0.5901639344262295,0.7711138044795465,property,0.6463,True,0.1954,0.6463,0.1583,15.8,London,medium
51.43,-0.01,2,114,property,0.5263157894736842,0.8425434329028281,property,0.6498,True,0.1935,0.6498,0.1567,15.7,London,medium
51.43,-0.01,3,108,property,0.32407407407407407,0.9946410760001316,property,0.6504,True,0.1932,0.6504,0.1565,15.6,London,medium
51.43,0.0,0,79,violent,0.08860759493670886,1.0517221816711775,other,0.591,False,0.591,0.2378,0.1713,17.1,London,medium
51.43,0.0,1,80,violent,0.125,1.0717300941124526,violent,0.5463,True,0.2181,0.2356,0.5463,54.6,London,uncertain
51.43,0.0,2,81,other,0.04938271604938271,1.0840757427380088,violent,0.5461,False,0.2186,0.2353,0.5461,54.6,London,uncertain
51.43,0.0,3,63,violent,0.2222222222222222,1.0441032469545746,other,0.438,False,0.438,0.2622,0.2998,30.0,London,uncertain
51.43,0.01,0,70,violent,0.07142857142857142,1.075788129950586,violent,0.483,True,0.2265,0.2904,0.483,48.3,London,uncertain
51.43,0.01,1,105,violent,0.12380952380952381,1.0825901722403073,property,0.5936,False,0.2321,0.5936,0.1742,17.4,London,medium
51.43,0.01,2,81,violent,0.09876543209876543,1.0552758840763727,property,0.6479,False,0.194,0.6479,0.1581,15.8,London,medium
51.43,0.01,3,76,violent,0.13157894736842105,1.081925224005316,property,0.6367,False,0.2005,0.6367,0.1628,16.3,London,medium
51.43,0.02,0,124,violent,0.03225806451612903,1.0845917163665408,property,0.3561,False,0.296,0.3561,0.3479,34.8,London,uncertain
51.43,0.02,1,112,violent,0.08928571428571429,1.059111454019848,violent,0.5585,True,0.2124,0.2292,0.5585,55.8,London,medium
51.43,0.02,2,101,violent,0.07920792079207921,1.089275901754562,violent,0.5576,True,0.2128,0.2296,0.5576,55.8,London,medium
51.43,0.02,3,88,violent,0.03409090909090909,1.096169503781435,violent,0.516,True,0.2237,0.2603,0.516,51.6,London,uncertain
51.43,0.03,0,36,other,0.1111111111111111,1.0608569471580214,property,0.4183,False,0.234,0.4183,0.3477,34.8,London,uncertain
51.43,0.03,1,41,violent,0.07317073170731707,1.0910198471849788,property,0.6104,False,0.2122,0.6104,0.1774,17.7,London,medium
51.43,0.03,2,45,violent,0.044444444444444446,0.9638513484697697,violent,0.4807,True,0.2337,0.2856,0.4807,48.1,London,uncertain
51.43,0.03,3,38,property,0.23684210526315788,1.0390279299861542,violent,0.5508,False,0.2141,0.2351,0.5508,55.1,London,medium
51.43,0.04,0,82,violent,0.024390243902439025,1.094390714787167,other,0.6106,False,0.6106,0.2238,0.1656,16.6,London,medium
51.43,0.04,1,85,violent,0.023529411764705882,1.0806121499064898,other,0.5042,False,0.5042,0.2435,0.2524,25.2,London,uncertain
51.43,0.04,2,77,other,0.06493506493506493,1.0830423205721529,violent,0.5614,False,0.211,0.2276,0.5614,56.1,London,medium
51.43,0.04,3,90,violent,0.0,1.0940584729109202,violent,0.3873,True,0.3528,0.2599,0.3873,38.7,London,uncertain
51.43,0.05,0,109,violent,0.25688073394495414,1.0290238768366748,violent,0.5105,True,0.2288,0.2607,0.5105,51.1,London,uncertain
51.43,0.05,1,128,violent,0.078125,1.088075234324014,violent,0.5227,True,0.2234,0.2539,0.5227,52.3,London,uncertain
51.43,0.05,2,126,violent,0.023809523809523808,1.072713124242051,property,0.4376,False,0.3355,0.4376,0.2269,22.7,London,uncertain
51.43,0.05,3,112,violent,0.044642857142857144,1.0572896908071958,violent,0.491,True,0.2305,0.2785,0.491,49.1,London,uncertain
51.43,0.06,0,68,violent,0.0,1.0950778621205006,violent,0.5202,True,0.2177,0.262,0.5202,52.0,London,uncertain
51.43,0.06,1,67,violent,0.0,1.0977119458845068,violent,0.4839,True,0.2198,0.2963,0.4839,48.4,London,uncertain
51.43,0.06,2,74,other,0.06756756756756757,1.0817386381267096,violent,0.5607,False,0.2114,0.2279,0.5607,56.1,London,medium
51.43,0.06,3,75,property,0.13333333333333333,1.059699092012899,violent,0.5613,False,0.2107,0.228,0.5613,56.1,London,medium
51.43,0.07,0,20,property,0.0,1.0960673284468552,property,0.4545,True,0.2301,0.4545,0.3154,31.5,London,uncertain
51.43,0.07,1,24,property,0.25,1.0397207708399179,property,0.4967,True,0.3235,0.4967,0.1798,18.0,London,uncertain
51.43,0.07,2,32,other,0.15625,0.9257564180367264,property,0.5233,False,0.25,0.5233,0.2267,22.7,London,uncertain
51.43,0.07,3,22,property,0.09090909090909091,1.0843629508682477,other,0.5581,False,0.5581,0.2353,0.2066,20.7,London,medium
51.43,0.08,0,7,violent,0.14285714285714285,0.6829081257408294,property,0.645,False,0.1962,0.645,0.1588,15.9,London,medium
51.43,0.08,1,9,violent,0.4444444444444444,0.8486855577264172,property,0.6417,False,0.198,0.6417,0.1603,16.0,London,medium
51.43,0.08,2,7,property,0.2857142857142857,0.9556998911125343,property,0.5306,True,0.2211,0.5306,0.2483,24.8,London,uncertain
51.43,0.08,3,12,property,0.0,1.0281838593329258,property,0.6487,True,0.1941,0.6487,0.1572,15.7,London,medium
51.43,0.09,0,29,violent,0.06896551724137931,0.9513813721218549,property,0.6233,False,0.2053,0.6233,0.1715,17.1,London,medium
51.43,0.09,1,26,violent,0.3076923076923077,1.0100997593541636,property,0.4498,False,0.3727,0.4498,0.1775,17.8,London,uncertain
51.43,0.09,2,30,violent,0.23333333333333334,1.0386088352168543,property,0.6496,False,0.1932,0.6496,0.1572,15.7,London,medium
51.43,0.09,3,15,violent,0.2,0.9701157839869381,property,0.6498,False,0.1932,0.6498,0.157,15.7,London,medium
51.43,0.1,0,100,property,0.01,1.0985126170507196,property,0.6329,True,0.2067,0.6329,0.1603,16.0,London,medium
51.43,0.1,1,99,property,0.020202020202020204,1.0973871731693086,property,0.6421,True,0.1977,0.6421,0.1601,16.0,London,medium
51.43,0.1,2,99,property,0.050505050505050504,1.0671797441428776,property,0.6497,True,0.1933,0.6497,0.1571,15.7,London,medium
51.43,0.1,3,112,other,0.05357142857142857,1.094525089248033,property,0.6478,False,0.1946,0.6478,0.1576,15.8,London,medium
51.43,0.11,0,19,property,0.10526315789473684,1.0132690262497301,other,0.5644,False,0.5644,0.2362,0.1994,19.9,London,medium
51.43,0.11,1,19,property,0.10526315789473684,1.0795295733255184,other,0.5714,False,0.5714,0.248,0.1807,18.1,London,medium
51.43,0.11,2,18,property,0.1111111111111111,1.0608569471580214,property,0.6504,True,0.1932,0.6504,0.1564,15.6,London,medium
51.43,0.11,3,18,property,0.1111111111111111,1.0608569471580214,other,0.6004,False,0.6004,0.2342,0.1653,16.5,London,medium
51.43,0.12,0,10,violent,0.1,0.9433483923290391,property,0.6454,False,0.1959,0.6454,0.1587,15.9,London,medium
51.43,0.12,1,7,property,0.14285714285714285,1.0789922078775833,violent,0.5597,False,0.2119,0.2284,0.5597,56.0,London,medium
51.43,0.12,2,12,property,0.16666666666666666,1.0114042647073518,property,0.647,True,0.195,0.647,0.1579,15.8,London,medium
51.43,0.12,3,18,property,0.16666666666666666,1.072043343575071,violent,0.447,False,0.2213,0.3317,0.447,44.7,London,uncertain
51.43,0.13,0,14,other,0.2857142857142857,0.9556998911125343,violent,0.5553,False,0.214,0.2306,0.5553,55.5,London,medium
51.43,0.13,1,19,other,0.05263157894736842,1.0601189359398382,other,0.609,True,0.609,0.2238,0.1672,16.7,London,medium
51.43,0.13,2,24,other,0.20833333333333334,1.0327438135557083,other,0.4874,True,0.4874,0.253,0.2596,26.0,London,uncertain
51.43,0.13,3,16,other,0.0625,1.094780226007948,property,0.4388,False,0.2746,0.4388,0.2866,28.7,London,uncertain
51.43,0.14,0,9,violent,0.0,0.9649629230074277,property,0.6443,False,0.1966,0.6443,0.1592,15.9,London,medium
51.43,0.14,1,6,property,0.3333333333333333,0.6365141893815645,property,0.5756,True,0.2499,0.5756,0.1744,17.4,London,medium
51.43,0.14,2,7,property,0.7142857142857143,0.4101163396015586,property,0.6479,True,0.1945,0.6479,0.1575,15.8,London,medium
51.43,0.14,3,8,violent,0.25,1.0397207708399179,property,0.6463,False,0.1954,0.6463,0.1582,15.8,London,medium
51.43,0.16,1,3,violent,0.3333333333333333,0.6365141893815645,violent,0.5551,True,0.2141,0.2308,0.5551,55.5,London,medium
51.43,0.17,1,4,property,0.25,1.0397207708399179,violent,0.4037,False,0.2322,0.3642,0.4037,40.4,London,uncertain
51.44,-0.44,0,16,violent,0.375,0.9002560512685369,violent,0.541,True,0.2207,0.2383,0.541,54.1,London,uncertain
51.44,-0.44,1,21,violent,0.14285714285714285,1.0789922078775833,violent,0.5528,True,0.215,0.2322,0.5528,55.3,London,medium
51.44,-0.44,2,26,violent,0.46153846153846156,0.8828275435751076,violent,0.5563,True,0.2134,0.2303,0.5563,55.6,London,medium
51.44,-0.44,3,26,violent,0.4230769230769231,0.9328735118608089,other,0.3762,False,0.3762,0.2503,0.3734,37.3,London,uncertain
51.44,-0.43,0,24,violent,0.08333333333333333,1.024010220294295,violent,0.5323,True,0.2212,0.2465,0.5323,53.2,London,uncertain
51.44,-0.43,1,34,violent,0.0,1.0950778621205006,other,0.4935,False,0.4935,0.2536,0.2528,25.3,London,uncertain
51.44,-0.43,2,14,violent,0.35714285714285715,0.8304717124362917,property,0.6476,False,0.1947,0.6476,0.1577,15.8,London,medium
51.44,-0.43,3,26,violent,0.07692307692307693,1.0695416913993137,other,0.6175,False,0.6175,0.219,0.1636,16.4,London,medium
51.44,-0.42,0,60,other,0.08333333333333333,1.087973572530955,other,0.6171,True,0.6171,0.2192,0.1637,16.4,London,medium
51.44,-0.42,1,72,property,0.013888888888888888,1.0980334173990252,other,0.6188,False,0.6188,0.2181,0.1631,16.3,London,medium
51.44,-0.42,2,62,violent,0.016129032258064516,1.0967755822993301,other,0.6154,False,0.6154,0.2213,0.1633,16.3,London,medium
51.44,-0.42,3,86,other,0.09302325581395349,1.0556160501884113,property,0.6062,False,0.2285,0.6062,0.1653,16.5,London,medium
51.44,-0.41000000000000003,0,116,other,0.15517241379310345,1.044274847279012,other,0.4718,True,0.4718,0.3434,0.1848,18.5,London,uncertain
51.44,-0.41000000000000003,1,108,other,0.14814814814814814,1.0708078595494446,other,0.477,True,0.477,0.3429,0.1801,18.0,London,uncertain
51.44,-0.41000000000000003,2,114,other,0.18421052631578946,1.0609300328027282,other,0.5184,True,0.5184,0.3018,0.1798,18.0,London,uncertain
51.44,-0.41000000000000003,3,116,other,0.29310344827586204,1.004087098342356,other,0.4755,True,0.4755,0.345,0.1795,17.9,London,uncertain
51.44,-0.4,0,11,property,0.18181818181818182,1.0670895187820832,violent,0.4847,False,0.2278,0.2875,0.4847,48.5,London,uncertain
51.44,-0.4,1,10,violent,0.0,0.6931472015900639,other,0.5984,False,0.5984,0.2305,0.1711,17.1,London,medium
51.44,-0.4,2,14,violent,0.0,1.0042424730540764,violent,0.4886,True,0.2281,0.2833,0.4886,48.9,London,uncertain
51.44,-0.4,3,16,property,0.0,1.0821955300387671,violent,0.556,False,0.2136,0.2304,0.556,55.6,London,medium
51.44,-0.39,0,48,violent,0.10416666666666667,1.0820397581034547,other,0.6107,False,0.6107,0.2241,0.1652,16.5,London,medium
51.44,-0.39,1,75,violent,0.02666666666666667,1.0707911190866297,violent,0.5471,True,0.2171,0.2358,0.5471,54.7,London,uncertain
51.44,-0.39,2,67,violent,0.07462686567164178,1.0918549081696192,property,0.4727,False,0.3142,0.4727,0.2131,21.3,London,uncertain
51.44,-0.39,3,51,property,0.09803921568627451,1.0693464048754115,property,0.5113,True,0.3005,0.5113,0.1882,18.8,London,uncertain
51.44,-0.38,0,56,violent,0.07142857142857142,1.0787890088575345,property,0.4699,False,0.3067,0.4699,0.2234,22.3,London,uncertain
51.44,-0.38,1,62,violent,0.08064516129032258,1.0744531883147115,property,0.4936,False,0.2854,0.4936,0.221,22.1,London,uncertain
51.44,-0.38,2,72,violent,0.027777777777777776,1.0962947871994975,other,0.493,False,0.493,0.3301,0.1768,17.7,London,uncertain
51.44,-0.38,3,47,property,0.06382978723404255,1.0815382409131462,violent,0.4382,False,0.31,0.2518,0.4382,43.8,London,uncertain
51.44,-0.37,0,36,violent,0.0,1.0688206728265008,property,0.6491,False,0.1939,0.6491,0.157,15.7,London,medium
51.44,-0.37,1,30,property,0.26666666666666666,0.951703198680115,property,0.6331,True,0.2028,0.6331,0.1642,16.4,London,medium
51.44,-0.37,2,35,property,0.2571428571428571,1.028569628015253,property,0.6494,True,0.1937,0.6494,0.1569,15.7,London,medium
51.44,-0.37,3,30,property,0.23333333333333334,1.0386088352168543,property,0.6258,True,0.2067,0.6258,0.1674,16.7,London,medium
51.44,-0.36,0,22,other,0.09090909090909091,1.0843629508682477,property,0.6473,False,0.1949,0.6473,0.1578,15.8,London,medium
51.44,-0.36,1,22,property,0.36363636363636365,0.9575556963742231,property,0.4906,True,0.2373,0.4906,0.2721,27.2,London,uncertain
51.44,-0.36,2,15,violent,0.0,0.891867395317251,property,0.6469,False,0.1951,0.6469,0.158,15.8,London,medium
51.44,-0.36,3,11,violent,0.0,1.0900596587107838,property,0.4312,False,0.3778,0.4312,0.191,19.1,London,uncertain
51.44,-0.35000000000000003,0,45,property,0.044444444444444446,1.053684964233786,property,0.6478,True,0.1942,0.6478,0.158,15.8,London,medium
51.44,-0.35000000000000003,1,40,violent,0.075,1.0321590615626537,property,0.6507,False,0.193,0.6507,0.1563,15.6,London,medium
51.44,-0.35000000000000003,2,44,property,0.09090909090909091,1.0361987848192837,property,0.6499,True,0.1935,0.6499,0.1567,15.7,London,medium
51.44,-0.35000000000000003,3,53,property,0.1320754716981132,1.0597862800660394,property,0.6505,True,0.1931,0.6505,0.1564,15.6,London,medium
51.44,-0.34,0,29,property,0.1724137931034483,1.0406620152965456,property,0.6502,True,0.1933,0.6502,0.1565,15.7,London,medium
51.44,-0.34,1,26,property,0.38461538461538464,0.9251290835720822,property,0.6403,True,0.1997,0.6403,0.16,16.0,London,medium
51.44,-0.34,2,31,property,0.3225806451612903,0.9594899935903025,property,0.6366,True,0.2008,0.6366,0.1626,16.3,London,medium
51.44,-0.34,3,40,property,0.0,1.0549201679861442,property,0.6435,True,0.197,0.6435,0.1595,16.0,London,medium
51.44,-0.33,0,25,violent,0.0,1.0920192874506351,other,0.6176,False,0.6176,0.2187,0.1636,16.4,London,medium
51.44,-0.33,1,16,other,0.4375,0.9214934308679616,property,0.4679,False,0.3513,0.4679,0.1808,18.1,London,uncertain
51.44,-0.33,2,10,violent,0.1,0.9433483923290391,other,0.4476,False,0.4476,0.3731,0.1792,17.9,London,uncertain
51.44,-0.33,3,10,property,0.0,0.6931472015900639,property,0.5665,True,0.2606,0.5665,0.1728,17.3,London,medium
51.44,-0.32,0,22,other,0.36363636363636365,0.9575556963742231,other,0.5905,True,0.5905,0.2407,0.1688,16.9,London,medium
51.44,-0.32,1,34,other,0.3235294117647059,0.9910298192929774,other,0.6092,True,0.6092,0.2234,0.1675,16.7,London,medium
51.44,-0.32,2,28,property,0.03571428571428571,1.037814604446326,other,0.3935,False,0.3935,0.3874,0.2191,21.9,London,uncertain
51.44,-0.32,3,39,other,0.28205128205128205,1.0072448652175687,other,0.4465,True,0.4465,0.3814,0.1721,17.2,London,uncertain
51.44,-0.31,0,14,property,0.21428571428571427,1.034601232910181,other,0.5375,False,0.5375,0.2561,0.2064,20.6,London,uncertain
51.44,-0.31,1,14,violent,0.35714285714285715,0.9799711820833054,property,0.6468,False,0.1952,0.6468,0.1581,15.8,London,medium
51.44,-0.31,2,11,property,0.18181818181818182,1.0670895187820832,property,0.4849,True,0.2212,0.4849,0.2939,29.4,London,uncertain
51.44,-0.31,3,15,property,0.13333333333333333,1.0437570363314086,violent,0.5612,False,0.2112,0.2276,0.5612,56.1,London,medium
51.44,-0.3,0,5,property,0.0,1.0549201679861442,property,0.6405,True,0.1987,0.6405,0.1609,16.1,London,medium
51.44,-0.3,1,5,property,0.0,1.0549201679861442,property,0.6294,True,0.2045,0.6294,0.1661,16.6,London,medium
51.44,-0.3,2,7,property,0.2857142857142857,0.9556998911125343,property,0.4453,True,0.2263,0.4453,0.3284,32.8,London,uncertain
51.44,-0.3,3,8,property,0.125,0.9743147528693494,violent,0.5619,False,0.2109,0.2272,0.5619,56.2,London,medium
51.44,-0.29,2,4,violent,0.0,0.6931472015900639,property,0.6488,False,0.1941,0.6488,0.1572,15.7,London,medium
51.44,-0.26,1,7,violent,0.2857142857142857,0.9556998911125343,property,0.6452,False,0.196,0.6452,0.1588,15.9,London,medium
51.44,-0.26,2,6,violent,0.5,0.8675632284814613,violent,0.5026,True,0.2227,0.2746,0.5026,50.3,London,uncertain
51.44,-0.26,3,3,violent,0.0,1.0986122886681096,property,0.6459,False,0.1957,0.6459,0.1585,15.8,London,medium
51.44,-0.25,0,31,property,0.06451612903225806,1.0206687537032066,property,0.6487,True,0.1941,0.6487,0.1572,15.7,London,medium
51.44,-0.25,1,20,property,0.15,0.8451132568429528,property,0.6494,True,0.1934,0.6494,0.1572,15.7,London,medium
51.44,-0.25,2,40,property,0.175,1.0168705000772615,property,0.6443,True,0.1965,0.6443,0.1592,15.9,London,medium
51.44,-0.25,3,27,property,0.14814814814814814,1.0708078595494446,property,0.6436,True,0.1966,0.6436,0.1598,16.0,London,medium
51.44,-0.24,0,10,other,0.1,1.0888999753452238,property,0.5175,False,0.3012,0.5175,0.1814,18.1,London,uncertain
51.44,-0.24,1,7,other,0.2857142857142857,0.9556998911125343,other,0.5945,True,0.5945,0.2356,0.1699,17.0,London,medium
51.44,-0.24,2,8,other,0.125,0.9743147528693494,other,0.6194,True,0.6194,0.2176,0.1629,16.3,London,medium
51.44,-0.24,3,8,other,0.125,0.9743147528693494,other,0.6149,True,0.6149,0.2206,0.1645,16.5,London,medium
51.44,-0.22,0,53,property,0.03773584905660377,1.0972052286073346,violent,0.558,False,0.2125,0.2295,0.558,55.8,London,medium
51.44,-0.22,1,53,other,0.05660377358490566,1.0940524441960464,violent,0.4041,False,0.3395,0.2564,0.4041,40.4,London,uncertain
51.44,-0.22,2,48,other,0.125,1.0835291213181606,violent,0.5531,False,0.2136,0.2333,0.5531,55.3,London,medium
51.44,-0.22,3,53,property,0.05660377358490566,1.0852265277231319,property,0.3637,True,0.2838,0.3637,0.3525,35.3,London,uncertain
51.44,-0.21,0,59,other,0.2542372881355932,1.0159458728492443,other,0.6193,True,0.6193,0.2178,0.1629,16.3,London,medium
51.44,-0.21,1,42,property,0.0,1.0042424730540764,other,0.6174,False,0.6174,0.2187,0.164,16.4,London,medium
51.44,-0.21,2,42,other,0.11904761904761904,1.0551418941214168,other,0.6188,True,0.6188,0.2178,0.1634,16.3,London,medium
51.44,-0.21,3,39,other,0.05128205128205128,1.0716836110917978,other,0.6047,True,0.6047,0.2259,0.1695,16.9,London,medium
51.44,-0.2,0,56,property,0.3392857142857143,0.9784813597106261,property,0.6494,True,0.1937,0.6494,0.1569,15.7,London,medium
51.44,-0.2,1,66,property,0.22727272727272727,0.9967960204507986,property,0.6483,True,0.1943,0.6483,0.1574,15.7,London,medium
51.44,-0.2,2,75,property,0.10666666666666667,1.0272331911196926,property,0.6492,True,0.1938,0.6492,0.157,15.7,London,medium
51.44,-0.2,3,65,property,0.2923076923076923,1.0090733572405666,property,0.651,True,0.1928,0.651,0.1562,15.6,London,medium
51.44,-0.19,0,72,property,0.013888888888888888,1.0944803300930632,property,0.5645,True,0.2633,0.5645,0.1722,17.2,London,medium
51.44,-0.19,1,74,violent,0.0,1.0956332830555209,property,0.6471,False,0.195,0.6471,0.1579,15.8,London,medium
51.44,-0.19,2,67,violent,0.029850746268656716,1.0970628120114805,other,0.4745,False,0.4745,0.3502,0.1753,17.5,London,uncertain
51.44,-0.19,3,74,property,0.0,1.0956332830555209,property,0.4903,True,0.3283,0.4903,0.1814,18.1,London,uncertain
51.44,-0.18,0,23,property,0.13043478260869565,1.0242960516378312,property,0.6324,True,0.2028,0.6324,0.1648,16.5,London,medium
51.44,-0.18,1,28,property,0.21428571428571427,0.9771705224238221,property,0.6492,True,0.1938,0.6492,0.157,15.7,London,medium
51.44,-0.18,2,27,property,0.1111111111111111,1.0608569471580214,property,0.6465,True,0.1948,0.6465,0.1586,15.9,London,medium
51.44,-0.18,3,40,property,0.2,1.0296530140645737,violent,0.4384,False,0.2256,0.336,0.4384,43.8,London,uncertain
51.44,-0.17,0,152,violent,0.16447368421052633,1.0212466118413588,violent,0.5583,True,0.2124,0.2293,0.5583,55.8,London,medium
51.44,-0.17,1,132,violent,0.25,0.9833031653105824,violent,0.5572,True,0.213,0.2298,0.5572,55.7,London,medium
51.44,-0.17,2,125,violent,0.224,1.0231369793731493,violent,0.5604,True,0.2115,0.2281,0.5604,56.0,London,medium
51.44,-0.17,3,126,violent,0.4603174603174603,0.8992209349775022,violent,0.5569,True,0.2131,0.23,0.5569,55.7,London,medium
51.44,-0.16,0,143,property,0.08391608391608392,1.0311485492586212,property,0.6479,True,0.1945,0.6479,0.1575,15.8,London,medium
51.44,-0.16,1,152,property,0.039473684210526314,1.0608873700645187,property,0.6497,True,0.1935,0.6497,0.1567,15.7,London,medium
51.44,-0.16,2,136,property,0.08823529411764706,1.0628933569075603,property,0.5583,True,0.2684,0.5583,0.1733,17.3,London,medium
51.44,-0.16,3,139,property,0.08633093525179857,1.082979709576231,property,0.5897,True,0.2384,0.5897,0.1718,17.2,London,medium
51.44,-0.15,0,205,property,0.3024390243902439,0.9830264232951276,property,0.6486,True,0.1942,0.6486,0.1572,15.7,London,medium
51.44,-0.15,1,231,property,0.26406926406926406,0.9758334634857516,property,0.6477,True,0.1946,0.6477,0.1576,15.8,London,medium
51.44,-0.15,2,222,property,0.3063063063063063,0.9812885638816737,property,0.6502,True,0.1933,0.6502,0.1565,15.7,London,medium
51.44,-0.15,3,231,property,0.3333333333333333,0.9713430234977111,property,0.6499,True,0.1934,0.6499,0.1567,15.7,London,medium
51.44,-0.14,0,37,property,0.2972972972972973,1.007534155872752,property,0.6479,True,0.1945,0.6479,0.1575,15.8,London,medium
51.44,-0.14,1,34,property,0.20588235294117646,1.031894382784299,property,0.6476,True,0.1947,0.6476,0.1577,15.8,London,medium
51.44,-0.14,2,32,property,0.25,0.9470571522825083,property,0.6364,True,0.2009,0.6364,0.1627,16.3,London,medium
51.44,-0.14,3,38,property,0.05263157894736842,1.0601189359398382,property,0.6495,True,0.1936,0.6495,0.1568,15.7,London,medium
51.44,-0.13,0,177,property,0.02824858757062147,1.0760821424349987,property,0.5582,True,0.2675,0.5582,0.1743,17.4,London,medium
51.44,-0.13,1,214,property,0.028037383177570093,1.0890242175667901,property,0.5703,True,0.2603,0.5703,0.1694,16.9,London,medium
51.44,-0.13,2,184,property,0.02717391304347826,1.0977044778971383,property,0.5137,True,0.3152,0.5137,0.1711,17.1,London,uncertain
51.44,-0.13,3,191,property,0.020942408376963352,1.0935550767116293,property,0.6492,True,0.1938,0.6492,0.157,15.7,London,medium
51.44,-0.12,0,110,other,0.02727272727272727,1.097546110014183,other,0.615,True,0.615,0.2218,0.1632,16.3,London,medium
51.44,-0.12,1,121,other,0.17355371900826447,1.0611393201160593,other,0.6054,True,0.6054,0.2291,0.1655,16.5,London,medium
51.44,-0.12,2,99,other,0.010101010101010102,1.0983061505897962,other,0.6067,True,0.6067,0.2284,0.1649,16.5,London,medium
51.44,-0.12,3,115,other,0.0782608695652174,1.0873232944856333,property,0.4523,False,0.3322,0.4523,0.2155,21.5,London,uncertain
51.44,-0.11,0,138,property,0.11594202898550725,1.0651763906367147,property,0.6484,True,0.194,0.6484,0.1576,15.8,London,medium
51.44,-0.11,1,128,property,0.078125,1.0629297677293361,property,0.6461,True,0.1953,0.6461,0.1587,15.9,London,medium
51.44,-0.11,2,125,violent,0.04,1.0954958729584798,property,0.6498,False,0.1932,0.6498,0.157,15.7,London,medium
51.44,-0.11,3,136,property,0.08823529411764706,1.0895487045086276,property,0.6489,True,0.1937,0.6489,0.1574,15.7,London,medium
51.44,-0.1,0,74,property,0.04054054054054054,1.0351533417690484,property,0.645,True,0.1959,0.645,0.1592,15.9,London,medium
51.44,-0.1,1,71,property,0.09859154929577464,1.0468735794932886,property,0.6449,True,0.1962,0.6449,0.1589,15.9,London,medium
51.44,-0.1,2,98,property,0.09183673469387756,1.0893919203182392,property,0.6497,True,0.1932,0.6497,0.157,15.7,London,medium
51.44,-0.1,3,76,property,0.18421052631578946,1.0539398218595697,property,0.6506,True,0.1931,0.6506,0.1563,15.6,London,medium
51.44,-0.09,0,30,property,0.3333333333333333,0.9833122247384489,property,0.649,True,0.194,0.649,0.1571,15.7,London,medium
51.44,-0.09,1,38,property,0.2894736842105263,1.020094373854497,property,0.6464,True,0.1953,0.6464,0.1582,15.8,London,medium
51.44,-0.09,2,43,property,0.11627906976744186,1.0654560657234127,property,0.6502,True,0.1933,0.6502,0.1565,15.7,London,medium
51.44,-0.09,3,30,property,0.3333333333333333,0.9833122247384489,property,0.64,True,0.1989,0.64,0.1611,16.1,London,medium
51.44,-0.08,0,3,other,0.3333333333333333,0.6365141893815645,property,0.6443,False,0.1965,0.6443,0.1591,15.9,London,medium
51.44,-0.08,1,8,property,0.375,0.9002560512685369,property,0.5999,True,0.2095,0.5999,0.1906,19.1,London,medium
51.44,-0.08,2,9,violent,0.1111111111111111,1.0608569471580214,property,0.6463,False,0.1954,0.6463,0.1583,15.8,London,medium
51.44,-0.08,3,10,violent,0.1,0.9433483923290391,property,0.6448,False,0.196,0.6448,0.1592,15.9,London,medium
51.44,-0.07,0,25,other,0.04,1.0768186672148103,property,0.635,False,0.2017,0.635,0.1633,16.3,London,medium
51.44,-0.07,1,26,other,0.07692307692307693,0.9078086915252535,property,0.6443,False,0.1965,0.6443,0.1592,15.9,London,medium
51.44,-0.07,2,30,other,0.13333333333333333,1.0760342091133341,property,0.6465,False,0.1953,0.6465,0.1582,15.8,London,medium
51.44,-0.07,3,24,property,0.125,1.0835291213181606,property,0.6488,True,0.1938,0.6488,0.1574,15.7,London,medium
51.44,-0.06,0,65,property,0.07692307692307693,1.087123072620539,property,0.6494,True,0.1932,0.6494,0.1574,15.7,London,medium
51.44,-0.06,1,47,other,0.1276595744680851,1.0643481929971412,property,0.6361,False,0.2011,0.6361,0.1628,16.3,London,medium
51.44,-0.06,2,77,property,0.03896103896103896,1.0964429045165225,property,0.6498,True,0.1932,0.6498,0.157,15.7,London,medium
51.44,-0.06,3,73,other,0.0410958904109589,1.0950646290340005,property,0.6487,False,0.1938,0.6487,0.1575,15.7,London,medium
51.44,-0.05,0,108,violent,0.046296296296296294,1.08076572317475,property,0.4757,False,0.2954,0.4757,0.2289,22.9,London,uncertain
51.44,-0.05,1,116,violent,0.14655172413793102,1.0779811451736492,violent,0.4931,True,0.2361,0.2708,0.4931,49.3,London,uncertain
51.44,-0.05,2,109,violent,0.009174311926605505,1.0949191927039132,violent,0.5342,True,0.2162,0.2497,0.5342,53.4,London,uncertain
51.44,-0.05,3,124,other,0.04838709677419355,1.0952738521158556,violent,0.3475,False,0.346,0.3065,0.3475,34.8,London,uncertain
51.44,-0.04,0,72,violent,0.09722222222222222,1.087923282409353,property,0.642,False,0.1975,0.642,0.1605,16.1,London,medium
51.44,-0.04,1,77,property,0.03896103896103896,1.0848682490866532,property,0.6492,True,0.1935,0.6492,0.1573,15.7,London,medium
51.44,-0.04,2,72,property,0.041666666666666664,1.0861388619219845,property,0.6505,True,0.1931,0.6505,0.1564,15.6,London,medium
51.44,-0.04,3,89,property,0.0,1.0965599420894887,property,0.6498,True,0.1932,0.6498,0.157,15.7,London,medium
51.44,-0.03,0,89,violent,0.10112359550561797,1.0874589859670232,property,0.5328,False,0.2373,0.5328,0.2299,23.0,London,uncertain
51.44,-0.03,1,88,violent,0.09090909090909091,1.0662136214038072,violent,0.5253,True,0.2178,0.2569,0.5253,52.5,London,uncertain
51.44,-0.03,2,93,violent,0.10752688172043011,1.086173732544382,other,0.4995,False,0.4995,0.3178,0.1826,18.3,London,uncertain
51.44,-0.03,3,110,violent,0.18181818181818182,1.0451757032923525,property,0.63,False,0.2065,0.63,0.1634,16.3,London,medium
51.44,-0.02,0,119,violent,0.12605042016806722,1.0780030061959678,violent,0.4084,True,0.2393,0.3523,0.4084,40.8,London,uncertain
51.44,-0.02,1,131,other,0.007633587786259542,1.0797477524498595,property,0.5184,False,0.2251,0.5184,0.2565,25.6,London,uncertain
51.44,-0.02,2,143,violent,0.055944055944055944,1.0955362701368916,property,0.6136,False,0.2093,0.6136,0.1771,17.7,London,medium
51.44,-0.02,3,140,violent,0.02142857142857143,1.097953059140851,property,0.5923,False,0.2239,0.5923,0.1838,18.4,London,medium
51.44,-0.01,0,115,other,0.043478260869565216,1.078187039160809,violent,0.5432,False,0.2178,0.239,0.5432,54.3,London,uncertain
51.44,-0.01,1,106,violent,0.04716981132075472,1.0958927585988638,property,0.6346,False,0.2029,0.6346,0.1626,16.3,London,medium
51.44,-0.01,2,119,other,0.06722689075630252,1.09418452189021,property,0.5071,False,0.2912,0.5071,0.2016,20.2,London,uncertain
51.44,-0.01,3,108,property,0.1388888888888889,1.0755380304615183,property,0.6467,True,0.1949,0.6467,0.1584,15.8,London,medium
51.44,0.0,0,72,violent,0.125,1.0306592425486318,property,0.4883,False,0.235,0.4883,0.2767,27.7,London,uncertain
51.44,0.0,1,74,violent,0.04054054054054054,1.0917868080852156,property,0.4386,False,0.3209,0.4386,0.2405,24.0,London,uncertain
51.44,0.0,2,84,other,0.03571428571428571,1.0947784030617629,property,0.6084,False,0.2236,0.6084,0.168,16.8,London,medium
51.44,0.0,3,94,violent,0.02127659574468085,1.097823778894493,property,0.6134,False,0.2077,0.6134,0.1789,17.9,London,medium
51.44,0.01,0,33,violent,0.24242424242424243,0.9783338604288463,property,0.6487,False,0.1938,0.6487,0.1575,15.7,London,medium
51.44,0.01,1,38,violent,0.21052631578947367,1.033461924505777,property,0.6395,False,0.1989,0.6395,0.1616,16.2,London,medium
51.44,0.01,2,43,violent,0.023255813953488372,1.0914082001162215,violent,0.5618,True,0.2108,0.2274,0.5618,56.2,London,medium
51.44,0.01,3,40,violent,0.05,1.094280092589208,violent,0.5585,True,0.2125,0.2291,0.5585,55.8,London,medium
51.44,0.02,0,36,other,0.16666666666666666,1.0720433435750707,property,0.5753,False,0.2368,0.5753,0.1879,18.8,London,medium
51.44,0.02,1,47,other,0.06382978723404255,1.0928231916403195,other,0.6199,True,0.6199,0.2175,0.1627,16.3,London,medium
51.44,0.02,2,54,other,0.07407407407407407,1.0915577947682733,other,0.6111,True,0.6111,0.2238,0.1651,16.5,London,medium
51.44,0.02,3,50,other,0.12,1.081972468961373,other,0.5999,True,0.5999,0.2304,0.1697,17.0,London,medium
51.44,0.03,0,14,other,0.07142857142857142,1.060944240790747,property,0.6358,False,0.2009,0.6358,0.1633,16.3,London,medium
51.44,0.03,1,17,property,0.17647058823529413,1.0551016181686423,violent,0.4883,False,0.2369,0.2749,0.4883,48.8,London,uncertain
51.44,0.03,2,12,other,0.16666666666666666,1.0114042647073518,violent,0.4585,False,0.2236,0.3179,0.4585,45.8,London,uncertain
51.44,0.03,3,10,property,0.1,0.9433483923290392,property,0.6451,True,0.1961,0.6451,0.1588,15.9,London,medium
51.44,0.04,0,26,violent,0.07692307692307693,1.0928305535284886,property,0.6409,False,0.1984,0.6409,0.1607,16.1,London,medium
51.44,0.04,1,25,violent,0.08,1.0509134745090587,property,0.6341,False,0.2022,0.6341,0.1637,16.4,London,medium
51.44,0.04,2,31,property,0.25806451612903225,0.9827988945770123,property,0.643,True,0.1972,0.643,0.1597,16.0,London,medium
51.44,0.04,3,35,violent,0.0,1.0549201679861442,property,0.6494,False,0.1937,0.6494,0.1569,15.7,London,medium
51.44,0.05,0,47,property,0.0851063829787234,1.0861170640995161,property,0.5514,True,0.2215,0.5514,0.2271,22.7,London,medium
51.44,0.05,1,40,violent,0.05,1.080527626604172,property,0.6339,False,0.202,0.6339,0.1641,16.4,London,medium
51.44,0.05,2,40,property,0.2,1.0552034657418137,violent,0.5627,False,0.2103,0.2269,0.5627,56.3,London,medium
51.44,0.05,3,48,property,0.10416666666666667,1.0820397581034547,property,0.6496,True,0.1936,0.6496,0.1568,15.7,London,medium
51.44,0.06,0,11,property,0.0,1.0900596587107838,property,0.648,True,0.1945,0.648,0.1575,15.8,London,medium
51.44,0.06,1,8,property,0.25,0.6615632592196847,property,0.6472,True,0.1947,0.6472,0.1582,15.8,London,medium
51.44,0.06,2,11,other,0.09090909090909091,1.0361987848192837,violent,0.5111,False,0.2177,0.2712,0.5111,51.1,London,uncertain
51.44,0.06,3,11,other,0.45454545454545453,0.9075352941050093,property,0.647,False,0.1948,0.647,0.1583,15.8,London,medium
51.44,0.07,0,62,property,0.532258064516129,0.7964478860681116,property,0.6453,True,0.196,0.6453,0.1587,15.9,London,medium
51.44,0.07,1,51,property,0.49019607843137253,0.77636078508351,property,0.6493,True,0.1935,0.6493,0.1572,15.7,London,medium
51.44,0.07,2,60,property,0.16666666666666666,1.0374312377016655,property,0.6508,True,0.1929,0.6508,0.1563,15.6,London,medium
51.44,0.07,3,57,property,0.47368421052631576,0.8633906642587006,property,0.6498,True,0.1932,0.6498,0.157,15.7,London,medium
51.44,0.08,0,24,violent,0.0,1.0281838593329258,property,0.3994,False,0.3948,0.3994,0.2057,20.6,London,uncertain
51.44,0.08,1,24,other,0.25,0.9901000747284985,other,0.498,True,0.498,0.3261,0.1759,17.6,London,uncertain
51.44,0.08,2,21,violent,0.0,1.0986122886681096,other,0.6095,False,0.6095,0.224,0.1665,16.7,London,medium
51.44,0.08,3,19,violent,0.0,1.087074155537762,other,0.6096,False,0.6096,0.2262,0.1642,16.4,London,medium
51.44,0.09,0,28,property,0.21428571428571427,0.9771705224238222,property,0.5644,True,0.2423,0.5644,0.1933,19.3,London,medium
51.44,0.09,1,34,violent,0.029411764705882353,1.0870004469549273,violent,0.5502,True,0.2141,0.2357,0.5502,55.0,London,medium
51.44,0.09,2,24,property,0.16666666666666666,1.0114042647073518,property,0.65,True,0.1931,0.65,0.1569,15.7,London,medium
51.44,0.09,3,25,property,0.12,1.068358338884637,property,0.6501,True,0.1933,0.6501,0.1566,15.7,London,medium
51.44,0.1,0,18,other,0.05555555555555555,1.0893096789558299,violent,0.5571,False,0.2132,0.2297,0.5571,55.7,London,medium
51.44,0.1,1,13,property,0.38461538461538464,0.9251290835720822,property,0.6481,True,0.194,0.6481,0.1579,15.8,London,medium
51.44,0.1,2,30,other,0.06666666666666667,1.0851886129676505,violent,0.5537,False,0.213,0.2333,0.5537,55.4,London,medium
51.44,0.1,3,21,other,0.2857142857142857,0.9556998911125343,property,0.6473,False,0.1949,0.6473,0.1578,15.8,London,medium
51.44,0.11,0,4,other,0.25,1.0397207708399179,property,0.6465,False,0.1953,0.6465,0.1582,15.8,London,medium
51.44,0.11,1,5,property,0.6,0.5004024447610512,other,0.6192,False,0.6192,0.2177,0.1631,16.3,London,medium
51.44,0.11,2,7,violent,0.2857142857142857,0.9556998911125343,property,0.6465,False,0.1953,0.6465,0.1582,15.8,London,medium
51.44,0.11,3,3,other,0.3333333333333333,0.6365141893815645,violent,0.5605,False,0.2115,0.228,0.5605,56.1,London,medium
51.44,0.12,0,18,other,0.16666666666666666,1.0114042647073518,property,0.634,False,0.2018,0.634,0.1642,16.4,London,medium
51.44,0.12,1,12,other,0.3333333333333333,0.9596147939120492,property,0.5754,False,0.241,0.5754,0.1836,18.4,London,medium
51.44,0.12,2,26,other,0.19230769230769232,1.0262864017672835,other,0.5213,True,0.5213,0.2772,0.2016,20.2,London,uncertain
51.44,0.12,3,21,property,0.047619047619047616,1.0917862380951273,violent,0.5127,False,0.2225,0.2648,0.5127,51.3,London,uncertain
51.44,0.13,0,15,property,0.06666666666666667,1.0851886129676505,property,0.4466,True,0.2713,0.4466,0.2821,28.2,London,uncertain
51.44,0.13,1,20,property,0.45,0.8864644756797975,property,0.6449,True,0.1962,0.6449,0.1589,15.9,London,medium
51.44,0.13,2,26,property,0.6923076923076923,0.6189772142016319,property,0.6481,True,0.1942,0.6481,0.1578,15.8,London,medium
51.44,0.13,3,17,property,0.23529411764705882,1.0027399543973452,property,0.65,True,0.1934,0.65,0.1566,15.7,London,medium
51.44,0.14,0,12,property,0.16666666666666666,1.0114042647073518,property,0.6479,True,0.1946,0.6479,0.1576,15.8,London,medium
51.44,0.14,1,6,property,0.6666666666666666,0.4505612301390093,property,0.6464,True,0.1954,0.6464,0.1582,15.8,London,medium
51.44,0.14,2,6,property,0.3333333333333333,0.6365141893815645,property,0.6484,True,0.1943,0.6484,0.1573,15.7,London,medium
51.44,0.14,3,8,property,0.0,1.0821955300387671,property,0.6454,True,0.196,0.6454,0.1587,15.9,London,medium
51.44,0.15,0,18,violent,0.0,0.9649629230074277,property,0.6489,False,0.194,0.6489,0.1571,15.7,London,medium
51.44,0.15,1,23,violent,0.0,1.096692663308951,property,0.646,False,0.1956,0.646,0.1584,15.8,London,medium
51.44,0.15,2,24,other,0.125,1.0835291213181606,property,0.6495,False,0.1932,0.6495,0.1574,15.7,London,medium
51.44,0.15,3,21,property,0.14285714285714285,1.0789922078775833,property,0.6473,True,0.1946,0.6473,0.1581,15.8,London,medium
51.44,0.16,0,6,violent,0.0,1.0986122886681096,property,0.645,False,0.1962,0.645,0.1588,15.9,London,medium
51.44,0.16,1,5,property,0.4,0.9502705392332347,property,0.6413,True,0.1982,0.6413,0.1605,16.0,London,medium
51.44,0.16,2,3,property,0.3333333333333333,0.6365141893815645,other,0.4457,False,0.4457,0.3773,0.177,17.7,London,uncertain
51.44,0.16,3,3,other,0.3333333333333333,0.6365141893815645,property,0.6491,False,0.1939,0.6491,0.157,15.7,London,medium
51.44,0.17,2,7,other,0.2857142857142857,0.9556998911125343,violent,0.4399,False,0.2246,0.3354,0.4399,44.0,London,uncertain
51.44,0.17,3,4,property,0.25,1.0397207708399179,property,0.6338,True,0.202,0.6338,0.1642,16.4,London,medium
51.44,0.18,0,4,property,0.25,1.0397207708399179,other,0.4312,False,0.4312,0.356,0.2128,21.3,London,uncertain
51.44,0.18,1,5,property,0.6,0.5004024447610513,property,0.5017,True,0.2304,0.5017,0.2679,26.8,London,uncertain
51.44,0.18,2,6,other,0.6666666666666666,0.4505612301390093,violent,0.552,False,0.2156,0.2324,0.552,55.2,London,medium
51.44,0.18,3,5,property,0.6,0.5004024447610513,violent,0.3716,False,0.3599,0.2685,0.3716,37.2,London,uncertain
51.44,0.21,3,3,violent,0.3333333333333333,0.6365141893815645,property,0.6358,False,0.2013,0.6358,0.163,16.3,London,medium
51.44,0.22,3,3,violent,0.3333333333333333,0.6365141893815645,property,0.6448,False,0.1962,0.6448,0.1589,15.9,London,medium
51.44,0.23,2,4,violent,1.0,4.3446531758480495e-08,violent,0.5046,True,0.2202,0.2752,0.5046,50.5,London,uncertain
51.44,0.26,1,3,violent,0.3333333333333333,0.6365141893815645,property,0.6105,False,0.2152,0.6105,0.1743,17.4,London,medium
51.44,0.37,1,3,violent,0.3333333333333333,0.6365141893815645,property,0.6186,False,0.2107,0.6186,0.1706,17.1,London,medium
51.45,-0.45,0,10,violent,0.1,1.0888999753452238,other,0.6138,False,0.6138,0.2205,0.1656,16.6,London,medium
51.45,-0.45,1,8,property,0.125,0.9743147528693494,other,0.4382,False,0.4382,0.3836,0.1782,17.8,London,uncertain
51.45,-0.45,2,21,property,0.047619047619047616,0.9403716526240742,other,0.6157,False,0.6157,0.2194,0.1649,16.5,London,medium
51.45,-0.45,3,9,property,0.5555555555555556,0.5297062202512142,other,0.6148,False,0.6148,0.22,0.1652,16.5,London,medium
51.45,-0.44,0,75,other,0.05333333333333334,1.0816111529685029,violent,0.5196,False,0.2383,0.2421,0.5196,52.0,London,uncertain
51.45,-0.44,1,73,other,0.0547945205479452,1.0916924629915652,violent,0.4484,False,0.2936,0.258,0.4484,44.8,London,uncertain
51.45,-0.44,2,64,other,0.140625,1.062211559028098,violent,0.5582,False,0.2128,0.229,0.5582,55.8,London,medium
51.45,-0.44,3,78,other,0.2564102564102564,1.016287730754912,violent,0.4086,False,0.3237,0.2677,0.4086,40.9,London,uncertain
51.45,-0.43,0,87,other,0.022988505747126436,1.0781520506231743,other,0.5766,True,0.5766,0.2439,0.1795,18.0,London,medium
51.45,-0.43,1,99,other,0.09090909090909091,1.0361987848192837,other,0.3807,True,0.3807,0.2657,0.3536,35.4,London,uncertain
51.45,-0.43,2,82,violent,0.04878048780487805,1.09312789788002,other,0.3965,False,0.3965,0.2663,0.3372,33.7,London,uncertain
51.45,-0.43,3,79,other,0.05063291139240506,1.0862051953360303,other,0.4808,True,0.4808,0.2553,0.2639,26.4,London,uncertain
51.45,-0.42,0,67,violent,0.14925373134328357,1.068644951183501,violent,0.4379,True,0.3021,0.26,0.4379,43.8,London,uncertain
51.45,-0.42,1,82,violent,0.21951219512195122,1.0359934747840331,violent,0.5127,True,0.2476,0.2397,0.5127,51.3,London,uncertain
51.45,-0.42,2,84,other,0.03571428571428571,1.0813448682427136,violent,0.4636,False,0.291,0.2454,0.4636,46.4,London,uncertain
51.45,-0.42,3,81,violent,0.07407407407407407,1.089135255357374,violent,0.489,True,0.2605,0.2505,0.489,48.9,London,uncertain
51.45,-0.41000000000000003,0,212,property,0.0047169811320754715,1.0984561772366337,property,0.5125,True,0.2792,0.5125,0.2083,20.8,London,uncertain
51.45,-0.41000000000000003,1,241,violent,0.08713692946058091,1.0798768886089143,property,0.6461,False,0.1952,0.6461,0.1587,15.9,London,medium
51.45,-0.41000000000000003,2,206,violent,0.014563106796116505,1.0967320235956284,property,0.3875,False,0.3276,0.3875,0.2849,28.5,London,uncertain
51.45,-0.41000000000000003,3,205,violent,0.07804878048780488,1.084563632142807,violent,0.4761,True,0.2353,0.2887,0.4761,47.6,London,uncertain
51.45,-0.4,0,59,other,0.01694915254237288,1.096583065848047,violent,0.4979,False,0.2216,0.2805,0.4979,49.8,London,uncertain
51.45,-0.4,1,53,violent,0.24528301886792453,1.0090026639034555,property,0.5724,False,0.2222,0.5724,0.2054,20.5,London,medium
51.45,-0.4,2,45,violent,0.08888888888888889,1.0884883585759961,violent,0.5591,True,0.2121,0.2288,0.5591,55.9,London,medium
51.45,-0.4,3,52,violent,0.17307692307692307,1.0433559651521276,violent,0.5565,True,0.2132,0.2303,0.5565,55.7,London,medium
51.45,-0.39,0,20,other,0.15,0.9985793315873921,other,0.6157,True,0.6157,0.2199,0.1644,16.4,London,medium
51.45,-0.39,1,16,violent,0.0,0.9832739442463889,other,0.4548,False,0.4548,0.2568,0.2885,28.8,London,uncertain
51.45,-0.39,2,18,other,0.16666666666666666,1.0114042647073518,violent,0.4355,False,0.3071,0.2574,0.4355,43.5,London,uncertain
51.45,-0.39,3,24,other,0.20833333333333334,0.9582325450794875,violent,0.472,False,0.2725,0.2555,0.472,47.2,London,uncertain
51.45,-0.38,0,53,other,0.1320754716981132,1.0754883449328658,property,0.4831,False,0.2942,0.4831,0.2227,22.3,London,uncertain
51.45,-0.38,1,57,other,0.08771929824561403,1.0868323526707273,property,0.6458,False,0.1954,0.6458,0.1588,15.9,London,medium
51.45,-0.38,2,63,property,0.09523809523809523,1.082979451651945,property,0.6467,True,0.1949,0.6467,0.1584,15.8,London,medium
51.45,-0.38,3,77,violent,0.0,1.0808508927189062,property,0.648,False,0.1945,0.648,0.1575,15.8,London,medium
51.45,-0.37,0,49,other,0.02040816326530612,1.0574358694334298,property,0.4442,False,0.3694,0.4442,0.1863,18.6,London,uncertain
51.45,-0.37,1,39,violent,0.0,1.0733942812811266,property,0.6471,False,0.1947,0.6471,0.1582,15.8,London,medium
51.45,-0.37,2,49,violent,0.12244897959183673,1.0775332398305242,property,0.5047,False,0.2789,0.5047,0.2164,21.6,London,uncertain
51.45,-0.37,3,40,property,0.05,1.080527626604172,violent,0.4881,False,0.2307,0.2811,0.4881,48.8,London,uncertain
51.45,-0.36,0,63,property,0.14285714285714285,1.0556263588470696,property,0.6469,True,0.1951,0.6469,0.158,15.8,London,medium
51.45,-0.36,1,56,property,0.08928571428571429,1.0688878661009877,property,0.6465,True,0.1953,0.6465,0.1582,15.8,London,medium
51.45,-0.36,2,70,other,0.04285714285714286,1.0884205575546455,property,0.6487,False,0.1941,0.6487,0.1572,15.7,London,medium
51.45,-0.36,3,69,property,0.0,1.0213527924233818,property,0.6476,True,0.1947,0.6476,0.1577,15.8,London,medium
51.45,-0.35000000000000003,0,22,property,0.18181818181818182,1.0670895187820832,property,0.6483,True,0.1941,0.6483,0.1577,15.8,London,medium
51.45,-0.35000000000000003,1,17,violent,0.29411764705882354,1.017602986115916,violent,0.5584,True,0.2125,0.2291,0.5584,55.8,London,medium
51.45,-0.35000000000000003,2,20,property,0.2,1.0296530140645737,property,0.6085,True,0.2105,0.6085,0.181,18.1,London,medium
51.45,-0.35000000000000003,3,21,property,0.47619047619047616,0.8641502031949699,property,0.6372,True,0.2012,0.6372,0.1616,16.2,London,medium
51.45,-0.34,0,62,property,0.27419354838709675,1.012771308734925,property,0.5095,True,0.2776,0.5095,0.2129,21.3,London,uncertain
51.45,-0.34,1,57,property,0.15789473684210525,1.0637189967445884,property,0.6477,True,0.1944,0.6477,0.1579,15.8,London,medium
51.45,-0.34,2,56,property,0.10714285714285714,1.056867476032946,property,0.6494,True,0.1937,0.6494,0.1569,15.7,London,medium
51.45,-0.34,3,57,property,0.24561403508771928,1.0322324304110262,property,0.4395,True,0.2887,0.4395,0.2717,27.2,London,uncertain
51.45,-0.33,0,155,other,0.01935483870967742,1.0739045871728965,property,0.5564,False,0.2691,0.5564,0.1746,17.5,London,medium
51.45,-0.33,1,139,property,0.15827338129496402,0.9827199296665444,property,0.6438,True,0.1968,0.6438,0.1594,15.9,London,medium
51.45,-0.33,2,136,property,0.21323529411764705,1.0342945385254696,property,0.6506,True,0.1931,0.6506,0.1564,15.6,London,medium
51.45,-0.33,3,141,property,0.14893617021276595,1.0692826314066222,property,0.6506,True,0.1931,0.6506,0.1564,15.6,London,medium
51.45,-0.32,0,48,property,0.1875,1.0495339779544297,property,0.6486,True,0.1941,0.6486,0.1572,15.7,London,medium
51.45,-0.32,1,36,property,0.3055555555555556,0.9915456687201936,property,0.6045,True,0.2316,0.6045,0.1639,16.4,London,medium
51.45,-0.32,2,29,property,0.1724137931034483,1.0406620152965456,property,0.6445,True,0.1964,0.6445,0.1591,15.9,London,medium
51.45,-0.32,3,49,property,0.1836734693877551,1.004700961151847,other,0.4388,False,0.4388,0.3788,0.1824,18.2,London,uncertain
51.45,-0.31,0,21,property,0.047619047619047616,1.0917862380951273,violent,0.5551,False,0.2141,0.2308,0.5551,55.5,London,medium
51.45,-0.31,1,15,other,0.4,0.9502705392332347,violent,0.4139,False,0.2296,0.3564,0.4139,41.4,London,uncertain
51.45,-0.31,2,11,other,0.18181818181818182,1.0670895187820832,other,0.5937,True,0.5937,0.2365,0.1698,17.0,London,medium
51.45,-0.31,3,18,violent,0.0,1.0688206728265008,property,0.5564,False,0.2178,0.5564,0.2258,22.6,London,medium
51.45,-0.3,0,15,property,0.2,0.9701157839869381,property,0.6484,True,0.1943,0.6484,0.1573,15.7,London,medium
51.45,-0.3,1,10,violent,0.2,1.0296530140645737,property,0.5413,False,0.2709,0.5413,0.1878,18.8,London,uncertain
51.45,-0.3,2,11,violent,0.2727272727272727,0.9949236325717751,other,0.5656,False,0.5656,0.2643,0.1702,17.0,London,medium
51.45,-0.3,3,22,property,0.13636363636363635,0.9861234897117208,property,0.65,True,0.1934,0.65,0.1566,15.7,London,medium
51.45,-0.29,0,12,property,0.16666666666666666,1.0114042647073518,property,0.5932,True,0.2367,0.5932,0.1701,17.0,London,medium
51.45,-0.29,1,9,violent,0.0,1.0986122886681096,other,0.6118,False,0.6118,0.2219,0.1663,16.6,London,medium
51.45,-0.29,2,9,other,0.2222222222222222,0.9368883075390159,property,0.5485,False,0.2727,0.5485,0.1788,17.9,London,uncertain
51.45,-0.29,3,6,other,0.6666666666666666,0.4505612301390093,other,0.4364,True,0.4364,0.3857,0.1779,17.8,London,uncertain
51.45,-0.25,0,64,violent,0.25,1.0397207708399179,violent,0.4362,True,0.3029,0.2608,0.4362,43.6,London,uncertain
51.45,-0.25,1,78,violent,0.14102564102564102,1.0161932997829313,other,0.4839,False,0.4839,0.2486,0.2675,26.7,London,uncertain
51.45,-0.25,2,65,violent,0.2923076923076923,1.0090733572405663,violent,0.5533,True,0.2149,0.2318,0.5533,55.3,London,medium
51.45,-0.25,3,70,violent,0.08571428571428572,1.050319505258528,violent,0.5533,True,0.2149,0.2318,0.5533,55.3,London,medium
51.45,-0.24,0,132,other,0.1590909090909091,1.065193381216855,other,0.6109,True,0.6109,0.2255,0.1636,16.4,London,medium
51.45,-0.24,1,112,other,0.008928571428571428,1.09756708182377,property,0.5241,False,0.291,0.5241,0.1848,18.5,London,uncertain
51.45,-0.24,2,94,other,0.031914893617021274,1.0964709498700385,other,0.4094,True,0.4094,0.3618,0.2288,22.9,London,uncertain
51.45,-0.24,3,74,other,0.05405405405405406,1.0873337396583238,other,0.6104,True,0.6104,0.2235,0.1661,16.6,London,medium
51.45,-0.23,0,49,other,0.061224489795918366,0.9172602865795625,violent,0.4929,False,0.2586,0.2484,0.4929,49.3,London,uncertain
51.45,-0.23,1,48,other,0.14583333333333334,1.0586898652579289,other,0.3672,True,0.3672,0.361,0.2718,27.2,London,uncertain
51.45,-0.23,2,59,other,0.22033898305084745,1.0443204737352472,violent,0.5624,False,0.2105,0.2271,0.5624,56.2,London,medium
51.45,-0.23,3,58,other,0.22413793103448276,1.016005143311895,violent,0.5624,False,0.2105,0.2271,0.5624,56.2,London,medium
51.45,-0.22,0,59,other,0.01694915254237288,1.0894132960767138,other,0.6144,True,0.6144,0.2218,0.1637,16.4,London,medium
51.45,-0.22,1,54,other,0.12962962962962962,1.0797518328839024,other,0.6148,True,0.6148,0.2215,0.1637,16.4,London,medium
51.45,-0.22,2,59,violent,0.03389830508474576,1.0830952205990163,other,0.5534,False,0.5534,0.2374,0.2091,20.9,London,medium
51.45,-0.22,3,69,violent,0.08695652173913043,1.0855702602066648,other,0.6208,False,0.6208,0.2171,0.1621,16.2,London,medium
51.45,-0.21,0,77,property,0.07792207792207792,1.076813220784695,property,0.6481,True,0.1944,0.6481,0.1575,15.7,London,medium
51.45,-0.21,1,80,property,0.1875,1.0627532854999924,property,0.603,True,0.2279,0.603,0.1692,16.9,London,medium
51.45,-0.21,2,101,property,0.21782178217821782,1.0491929365319268,property,0.6465,True,0.1953,0.6465,0.1582,15.8,London,medium
51.45,-0.21,3,85,property,0.08235294117647059,1.0878613135795274,property,0.6505,True,0.1931,0.6505,0.1564,15.6,London,medium
51.45,-0.2,0,64,property,0.203125,1.0076917864806758,property,0.6511,True,0.1928,0.6511,0.1561,15.6,London,medium
51.45,-0.2,1,54,property,0.018518518518518517,1.0912111004202867,property,0.6339,True,0.2023,0.6339,0.1638,16.4,London,medium
51.45,-0.2,2,47,property,0.23404255319148937,1.027945803725141,property,0.6445,True,0.1964,0.6445,0.1591,15.9,London,medium
51.45,-0.2,3,56,property,0.17857142857142858,1.0437248687971392,property,0.5972,True,0.2371,0.5972,0.1657,16.6,London,medium
51.45,-0.19,0,143,property,0.07692307692307693,1.087833408793997,property,0.649,True,0.194,0.649,0.1571,15.7,London,medium
51.45,-0.19,1,176,property,0.10795454545454546,1.0860036583542934,property,0.6485,True,0.1942,0.6485,0.1573,15.7,London,medium
51.45,-0.19,2,155,property,0.16129032258064516,1.0504093390846607,property,0.6492,True,0.1938,0.6492,0.157,15.7,London,medium
51.45,-0.19,3,154,property,0.09090909090909091,1.0875738732657205,property,0.6505,True,0.1931,0.6505,0.1564,15.6,London,medium
51.45,-0.18,0,48,property,0.020833333333333332,1.0892080913644198,violent,0.5602,False,0.2113,0.2286,0.5602,56.0,London,medium
51.45,-0.18,1,61,violent,0.08196721311475409,1.0484245337887894,violent,0.559,True,0.2121,0.2288,0.559,55.9,London,medium
51.45,-0.18,2,66,violent,0.21212121212121213,1.048872013427051,violent,0.5604,True,0.2115,0.2281,0.5604,56.0,London,medium
51.45,-0.18,3,56,violent,0.0,1.0933747175566466,violent,0.5515,True,0.2155,0.2331,0.5515,55.1,London,medium
51.45,-0.17,0,46,other,0.06521739130434782,1.0746716538634222,property,0.6467,False,0.1949,0.6467,0.1584,15.8,London,medium
51.45,-0.17,1,24,other,0.08333333333333333,1.0775563270668007,property,0.6495,False,0.1934,0.6495,0.1572,15.7,London,medium
51.45,-0.17,2,37,other,0.13513513513513514,1.013037099009109,property,0.4153,False,0.2283,0.4153,0.3564,35.6,London,uncertain
51.45,-0.17,3,35,property,0.14285714285714285,1.058953778916349,property,0.6485,True,0.1939,0.6485,0.1576,15.8,London,medium
51.45,-0.16,0,58,property,0.3103448275862069,0.9971804018970938,property,0.6478,True,0.1946,0.6478,0.1576,15.8,London,medium
51.45,-0.16,1,65,property,0.16923076923076924,1.0464634018228223,property,0.6456,True,0.1958,0.6456,0.1586,15.9,London,medium
51.45,-0.16,2,64,property,0.390625,0.9096494524672254,property,0.6486,True,0.1942,0.6486,0.1572,15.7,London,medium
51.45,-0.16,3,55,property,0.34545454545454546,0.9659924312955313,property,0.6438,True,0.1968,0.6438,0.1594,15.9,London,medium
51.45,-0.15,0,163,property,0.2331288343558282,1.029328331856385,property,0.6476,True,0.1947,0.6476,0.1577,15.8,London,medium
51.45,-0.15,1,179,property,0.11731843575418995,1.0792477747059739,property,0.6459,True,0.1957,0.6459,0.1585,15.8,London,medium
51.45,-0.15,2,148,property,0.19594594594594594,1.018045326900341,property,0.6496,True,0.1936,0.6496,0.1568,15.7,London,medium
51.45,-0.15,3,191,property,0.2198952879581152,1.0387897573914622,property,0.6496,True,0.1936,0.6496,0.1568,15.7,London,medium
51.45,-0.14,0,88,property,0.17045454545454544,1.0464952240897891,property,0.6486,True,0.1942,0.6486,0.1573,15.7,London,medium
51.45,-0.14,1,81,property,0.09876543209876543,1.0861403631110893,property,0.5924,True,0.2399,0.5924,0.1677,16.8,London,medium
51.45,-0.14,2,106,other,0.04716981132075472,1.0931941539637042,property,0.65,False,0.1934,0.65,0.1566,15.7,London,medium
51.45,-0.14,3,94,other,0.0425531914893617,1.0738536558823966,property,0.6444,False,0.1964,0.6444,0.1591,15.9,London,medium
51.45,-0.13,0,111,property,0.07207207207207207,1.0671181553561722,property,0.639,True,0.1992,0.639,0.1619,16.2,London,medium
51.45,-0.13,1,118,property,0.0,1.0838659021379389,property,0.6484,True,0.194,0.6484,0.1576,15.8,London,medium
51.45,-0.13,2,124,property,0.08870967741935484,1.0612143166420458,property,0.6505,True,0.1931,0.6505,0.1564,15.6,London,medium
51.45,-0.13,3,124,violent,0.0,1.0983507099569692,property,0.6492,False,0.1938,0.6492,0.157,15.7,London,medium
51.45,-0.12,0,174,other,0.13793103448275862,1.0744696011312316,other,0.6199,True,0.6199,0.2176,0.1625,16.2,London,medium
51.45,-0.12,1,170,other,0.047058823529411764,1.0952955763638696,other,0.6166,True,0.6166,0.2208,0.1626,16.3,London,medium
51.45,-0.12,2,165,violent,0.012121212121212121,1.0971667068593607,other,0.6166,False,0.6166,0.2209,0.1625,16.2,London,medium
51.45,-0.12,3,176,other,0.03409090909090909,1.0892603601668707,other,0.6203,True,0.6203,0.2173,0.1624,16.2,London,medium
51.45,-0.11,0,75,property,0.12,1.068358338884637,property,0.6487,True,0.1941,0.6487,0.1572,15.7,London,medium
51.45,-0.11,1,85,violent,0.2,1.05824561996313,property,0.6241,False,0.2022,0.6241,0.1738,17.4,London,medium
51.45,-0.11,2,63,violent,0.06349206349206349,1.0934160279218044,property,0.6506,False,0.193,0.6506,0.1563,15.6,London,medium
51.45,-0.11,3,80,violent,0.15,1.0670938948757507,property,0.6433,False,0.1968,0.6433,0.1599,16.0,London,medium
51.45,-0.1,0,84,property,0.36904761904761907,0.9334109132835469,property,0.6487,True,0.1941,0.6487,0.1572,15.7,London,medium
51.45,-0.1,1,109,property,0.21100917431192662,1.0475689569384496,property,0.6459,True,0.1956,0.6459,0.1584,15.8,London,medium
51.45,-0.1,2,111,property,0.13513513513513514,1.076752548142629,property,0.6436,True,0.1969,0.6436,0.1595,15.9,London,medium
51.45,-0.1,3,98,property,0.30612244897959184,0.9972830305695379,property,0.6486,True,0.1942,0.6486,0.1573,15.7,London,medium
51.45,-0.09,0,30,property,0.43333333333333335,0.9097944822721155,property,0.6474,True,0.1948,0.6474,0.1578,15.8,London,medium
51.45,-0.09,1,27,property,0.4444444444444444,0.9158736818081559,property,0.64,True,0.1989,0.64,0.1611,16.1,London,medium
51.45,-0.09,2,31,property,0.4838709677419355,0.8458999318387017,property,0.6443,True,0.1965,0.6443,0.1592,15.9,London,medium
51.45,-0.09,3,34,property,0.47058823529411764,0.841568893609185,property,0.6335,True,0.2025,0.6335,0.164,16.4,London,medium
51.45,-0.08,0,30,property,0.36666666666666664,0.9446889734058667,property,0.6484,True,0.1943,0.6484,0.1573,15.7,London,medium
51.45,-0.08,1,20,property,0.6,0.7305880613711224,property,0.6293,True,0.2048,0.6293,0.1658,16.6,London,medium
51.45,-0.08,2,21,property,0.47619047619047616,0.8641502031949699,property,0.6409,True,0.1984,0.6409,0.1607,16.1,London,medium
51.45,-0.08,3,30,property,0.5333333333333333,0.8169527750340905,property,0.6487,True,0.1941,0.6487,0.1572,15.7,London,medium
51.45,-0.07,0,103,property,0.2621359223300971,1.0192370671571052,property,0.646,True,0.1953,0.646,0.1587,15.9,London,medium
51.45,-0.07,1,100,property,0.25,1.0397207708399179,property,0.647,True,0.1945,0.647,0.1585,15.8,London,medium
51.45,-0.07,2,91,property,0.2967032967032967,0.9971868814629081,property,0.6503,True,0.1929,0.6503,0.1568,15.7,London,medium
51.45,-0.07,3,128,property,0.1796875,1.0313696268186092,property,0.6506,True,0.1931,0.6506,0.1563,15.6,London,medium
51.45,-0.06,0,44,property,0.18181818181818182,1.0670895187820832,property,0.648,True,0.1945,0.648,0.1575,15.8,London,medium
51.45,-0.06,1,53,property,0.18867924528301888,1.037296110812931,property,0.6511,True,0.1928,0.6511,0.1561,15.6,London,medium
51.45,-0.06,2,51,property,0.17647058823529413,1.0551016181686423,property,0.6496,True,0.1936,0.6496,0.1568,15.7,London,medium
51.45,-0.06,3,50,property,0.2,1.0296530140645737,property,0.6364,True,0.2009,0.6364,0.1627,16.3,London,medium
51.45,-0.05,0,34,other,0.08823529411764706,1.0822819419272887,property,0.6491,False,0.1939,0.6491,0.157,15.7,London,medium
51.45,-0.05,1,33,violent,0.0,1.0628695512426272,other,0.6151,False,0.6151,0.22,0.1649,16.5,London,medium
51.45,-0.05,2,33,violent,0.18181818181818182,1.0417002424008999,property,0.6315,False,0.208,0.6315,0.1605,16.1,London,medium
51.45,-0.05,3,34,property,0.029411764705882353,1.097755354056745,other,0.621,False,0.621,0.2168,0.1621,16.2,London,medium
51.45,-0.04,0,105,property,0.08571428571428572,1.0882194459083807,property,0.6477,True,0.1944,0.6477,0.1579,15.8,London,medium
51.45,-0.04,1,91,property,0.21978021978021978,1.0504858495154803,property,0.6493,True,0.1935,0.6493,0.1572,15.7,London,medium
51.45,-0.04,2,103,property,0.08737864077669903,1.0891374826535918,property,0.6498,True,0.1932,0.6498,0.157,15.7,London,medium
51.45,-0.04,3,115,property,0.34782608695652173,0.9767226507226148,property,0.6506,True,0.193,0.6506,0.1563,15.6,London,medium
51.45,-0.03,0,62,other,0.04838709677419355,1.0952738521158556,property,0.6502,False,0.193,0.6502,0.1568,15.7,London,medium
51.45,-0.03,1,56,violent,0.03571428571428571,1.037814604446326,property,0.6479,False,0.1943,0.6479,0.1579,15.8,London,medium
51.45,-0.03,2,57,property,0.08771929824561403,1.0868323526707273,property,0.65,True,0.1931,0.65,0.1569,15.7,London,medium
51.45,-0.03,3,57,property,0.21052631578947367,1.0429199084004768,property,0.6477,True,0.1946,0.6477,0.1576,15.8,London,medium
51.45,-0.02,0,384,violent,0.044270833333333336,1.0937162540625194,property,0.6194,False,0.2045,0.6194,0.1761,17.6,London,medium
51.45,-0.02,1,376,violent,0.02925531914893617,1.096872761486836,violent,0.458,True,0.2411,0.3009,0.458,45.8,London,uncertain
51.45,-0.02,2,346,violent,0.16184971098265896,1.0699870196406163,property,0.6437,False,0.1966,0.6437,0.1597,16.0,London,medium
51.45,-0.02,3,395,violent,0.11139240506329114,1.0857247857710752,property,0.6407,False,0.1995,0.6407,0.1599,16.0,London,medium
51.45,-0.01,0,142,other,0.09154929577464789,1.0848100797814515,property,0.5028,False,0.2862,0.5028,0.211,21.1,London,uncertain
51.45,-0.01,1,134,violent,0.16417910447761194,1.0702604746721902,property,0.4388,False,0.3789,0.4388,0.1823,18.2,London,uncertain
51.45,-0.01,2,137,violent,0.0948905109489051,1.075442498906182,other,0.5242,False,0.5242,0.2898,0.186,18.6,London,uncertain
51.45,-0.01,3,126,violent,0.0,1.0933747175566468,property,0.5815,False,0.2468,0.5815,0.1717,17.2,London,medium
51.45,0.0,0,103,violent,0.1262135922330097,1.0832392030398057,property,0.6491,False,0.1936,0.6491,0.1573,15.7,London,medium
51.45,0.0,1,94,violent,0.0425531914893617,1.0738536558823966,property,0.6485,False,0.1942,0.6485,0.1573,15.7,London,medium
51.45,0.0,2,127,violent,0.07086614173228346,1.0851202433578704,property,0.6505,False,0.1931,0.6505,0.1564,15.6,London,medium
51.45,0.0,3,112,property,0.07142857142857142,1.060944240790747,property,0.5165,True,0.2239,0.5165,0.2596,26.0,London,uncertain
51.45,0.01,0,79,property,0.05063291139240506,1.0927035688620388,property,0.6484,True,0.194,0.6484,0.1576,15.8,London,medium
51.45,0.01,1,76,violent,0.02631578947368421,1.0936916265054468,property,0.6484,False,0.1943,0.6484,0.1573,15.7,London,medium
51.45,0.01,2,71,violent,0.014084507042253521,1.0972133767041512,property,0.6506,False,0.193,0.6506,0.1563,15.6,London,medium
51.45,0.01,3,69,property,0.30434782608695654,0.9972992070150571,property,0.6497,True,0.1935,0.6497,0.1567,15.7,London,medium
51.45,0.02,0,42,property,0.09523809523809523,1.087006563678329,property,0.5354,True,0.2867,0.5354,0.1778,17.8,London,uncertain
51.45,0.02,1,48,other,0.08333333333333333,1.089703172672284,property,0.6281,False,0.2065,0.6281,0.1654,16.5,London,medium
51.45,0.02,2,41,property,0.12195121951219512,1.084245568073389,property,0.4139,True,0.3677,0.4139,0.2184,21.8,London,uncertain
51.45,0.02,3,44,property,0.045454545454545456,1.0965754342577216,violent,0.5446,False,0.2172,0.2382,0.5446,54.5,London,uncertain
51.45,0.03,0,40,other,0.025,1.097992306398597,violent,0.5505,False,0.2147,0.2348,0.5505,55.0,London,medium
51.45,0.03,1,33,property,0.0,1.0900596587107838,property,0.6286,True,0.2092,0.6286,0.1622,16.2,London,medium
51.45,0.03,2,35,property,0.08571428571428572,1.0674862001343324,property,0.6144,True,0.2141,0.6144,0.1715,17.2,London,medium
51.45,0.03,3,32,violent,0.0,1.0976250611902076,property,0.6375,False,0.2015,0.6375,0.161,16.1,London,medium
51.45,0.04,0,66,violent,0.015151515151515152,1.084960584465647,violent,0.5586,True,0.2122,0.2292,0.5586,55.9,London,medium
51.45,0.04,1,49,violent,0.061224489795918366,1.0553404253705594,violent,0.5524,True,0.2154,0.2323,0.5524,55.2,London,medium
51.45,0.04,2,47,violent,0.2978723404255319,0.9926069425177073,violent,0.5518,True,0.2154,0.2328,0.5518,55.2,London,medium
51.45,0.04,3,48,violent,0.10416666666666667,1.0011087264935452,violent,0.5598,True,0.2117,0.2284,0.5598,56.0,London,medium
51.45,0.05,0,107,property,0.14953271028037382,1.074117435499102,property,0.6362,True,0.2023,0.6362,0.1615,16.1,London,medium
51.45,0.05,1,103,other,0.038834951456310676,1.0971225627478494,property,0.649,False,0.1936,0.649,0.1574,15.7,London,medium
51.45,0.05,2,104,property,0.09615384615384616,1.0566301299413605,property,0.6452,True,0.196,0.6452,0.1588,15.9,London,medium
51.45,0.05,3,106,property,0.018867924528301886,1.0960947097383513,property,0.6452,True,0.196,0.6452,0.1588,15.9,London,medium
51.45,0.06,0,76,other,0.06578947368421052,1.0880650736578896,property,0.5248,False,0.3013,0.5248,0.1739,17.4,London,uncertain
51.45,0.06,1,71,other,0.08450704225352113,1.0836335863351103,property,0.647,False,0.195,0.647,0.1579,15.8,London,medium
51.45,0.06,2,69,other,0.043478260869565216,1.0727290920980241,property,0.6333,False,0.2066,0.6333,0.1601,16.0,London,medium
51.45,0.06,3,65,other,0.046153846153846156,1.0634997325866955,property,0.6501,False,0.1933,0.6501,0.1566,15.7,London,medium
51.45,0.07,0,5,violent,0.0,1.0549201679861442,other,0.4798,False,0.4798,0.2559,0.2643,26.4,London,uncertain
51.45,0.07,1,9,violent,0.1111111111111111,1.0608569471580214,violent,0.5585,True,0.2124,0.229,0.5585,55.9,London,medium
51.45,0.07,2,8,other,0.25,1.0397207708399179,other,0.6195,True,0.6195,0.2177,0.1628,16.3,London,medium
51.45,0.07,3,11,other,0.09090909090909091,1.0361987848192837,violent,0.5607,False,0.2115,0.2279,0.5607,56.1,London,medium
51.45,0.08,0,32,property,0.0625,1.094780226007948,violent,0.5607,False,0.2114,0.2279,0.5607,56.1,London,medium
51.45,0.08,1,37,property,0.13513513513513514,1.0536465888644848,violent,0.4741,False,0.2683,0.2576,0.4741,47.4,London,uncertain
51.45,0.08,2,28,property,0.03571428571428571,1.0973511772469036,property,0.5508,True,0.2168,0.5508,0.2324,23.2,London,medium
51.45,0.08,3,39,violent,0.07692307692307693,1.0806997965712637,violent,0.4768,True,0.233,0.2903,0.4768,47.7,London,uncertain
51.45,0.09,0,33,property,0.12121212121212122,1.0535084081118615,property,0.6292,True,0.2045,0.6292,0.1663,16.6,London,medium
51.45,0.09,1,40,other,0.1,1.0755089684665335,violent,0.552,False,0.2155,0.2325,0.552,55.2,London,medium
51.45,0.09,2,40,property,0.125,1.0798705879340924,violent,0.5625,False,0.2105,0.227,0.5625,56.3,London,medium
51.45,0.09,3,31,other,0.06451612903225806,1.0680981499312994,violent,0.5026,False,0.2324,0.265,0.5026,50.3,London,uncertain
51.45,0.1,0,55,property,0.07272727272727272,1.0864172100952514,property,0.6492,True,0.1938,0.6492,0.157,15.7,London,medium
51.45,0.1,1,46,property,0.10869565217391304,1.0843917254939652,property,0.6455,True,0.1959,0.6455,0.1586,15.9,London,medium
51.45,0.1,2,30,property,0.16666666666666666,1.0564242198612623,property,0.618,True,0.2044,0.618,0.1777,17.8,London,medium
51.45,0.1,3,40,other,0.175,1.0168705000772615,property,0.6428,False,0.1974,0.6428,0.1598,16.0,London,medium
51.45,0.11,0,27,other,0.07407407407407407,1.0820131534045054,property,0.6099,False,0.2039,0.6099,0.1862,18.6,London,medium
51.45,0.11,1,39,property,0.10256410256410256,1.0851732524354265,other,0.6193,False,0.6193,0.2179,0.1628,16.3,London,medium
51.45,0.11,2,30,other,0.1,1.0888999753452238,violent,0.5488,False,0.2141,0.2371,0.5488,54.9,London,uncertain
51.45,0.11,3,28,property,0.0,1.0933747175566468,violent,0.4635,False,0.2358,0.3008,0.4635,46.3,London,uncertain
51.45,0.12,0,17,other,0.47058823529411764,0.7529746827658886,property,0.6356,False,0.2014,0.6356,0.163,16.3,London,medium
51.45,0.12,1,35,property,0.02857142857142857,1.0928031365066584,property,0.648,True,0.1945,0.648,0.1575,15.8,London,medium
51.45,0.12,2,32,other,0.125,0.9743147528693494,property,0.6365,False,0.2008,0.6365,0.1626,16.3,London,medium
51.45,0.12,3,17,other,0.058823529411764705,1.073383620336505,property,0.6338,False,0.2023,0.6338,0.1638,16.4,London,medium
51.45,0.13,0,17,violent,0.17647058823529413,1.0551016181686423,property,0.6449,False,0.1962,0.6449,0.1589,15.9,London,medium
51.45,0.13,1,21,violent,0.2857142857142857,1.0220830508128003,violent,0.5563,True,0.2135,0.2302,0.5563,55.6,London,medium
51.45,0.13,2,21,violent,0.0,1.0042424730540764,violent,0.4534,True,0.2265,0.3201,0.4534,45.3,London,uncertain
51.45,0.13,3,17,violent,0.058823529411764705,1.073383620336505,property,0.6064,False,0.2171,0.6064,0.1765,17.7,London,medium
51.45,0.14,0,19,other,0.21052631578947367,0.9932682101499608,property,0.5845,False,0.2355,0.5845,0.18,18.0,London,medium
51.45,0.14,1,22,violent,0.22727272727272727,1.0376517997982746,property,0.6304,False,0.2042,0.6304,0.1653,16.5,London,medium
51.45,0.14,2,21,other,0.047619047619047616,1.0917862380951273,violent,0.5235,False,0.2357,0.2408,0.5235,52.4,London,uncertain
51.45,0.14,3,16,other,0.125,1.0717300941124526,property,0.5042,False,0.3156,0.5042,0.1802,18.0,London,uncertain
51.45,0.15,0,28,violent,0.07142857142857142,1.0897973126663918,property,0.6468,False,0.1949,0.6468,0.1583,15.8,London,medium
51.45,0.15,1,28,property,0.10714285714285714,1.074516223144162,property,0.6453,True,0.196,0.6453,0.1587,15.9,London,medium
51.45,0.15,2,27,property,0.1111111111111111,1.0866549153502754,property,0.4644,True,0.2216,0.4644,0.3141,31.4,London,uncertain
51.45,0.15,3,28,property,0.07142857142857142,1.0897973126663918,property,0.6505,True,0.1931,0.6505,0.1564,15.6,London,medium
51.45,0.16,0,26,violent,0.038461538461538464,1.0880102622771117,violent,0.453,True,0.2594,0.2877,0.453,45.3,London,uncertain
51.45,0.16,1,13,property,0.23076923076923078,0.9839614460010255,violent,0.5512,False,0.2155,0.2334,0.5512,55.1,London,medium
51.45,0.16,2,23,property,0.17391304347826086,0.8259567010149779,other,0.5193,False,0.5193,0.2456,0.2351,23.5,London,uncertain
51.45,0.16,3,16,other,0.125,1.0717300941124526,other,0.5744,True,0.5744,0.2555,0.1702,17.0,London,medium
51.45,0.17,0,13,violent,0.5384615384615384,0.8305178252872478,property,0.6461,False,0.1952,0.6461,0.1587,15.9,London,medium
51.45,0.17,1,10,violent,0.0,1.0549201679861442,violent,0.5489,True,0.2174,0.2338,0.5489,54.9,London,uncertain
51.45,0.17,2,7,violent,0.42857142857142855,0.5982696097102534,property,0.65,False,0.1934,0.65,0.1566,15.7,London,medium
51.45,0.17,3,11,property,0.09090909090909091,1.0361987848192837,property,0.6481,True,0.1941,0.6481,0.1578,15.8,London,medium
51.45,0.18,0,92,property,0.03260869565217391,1.0942075275044107,property,0.5997,True,0.2322,0.5997,0.1681,16.8,London,medium
51.45,0.18,1,127,property,0.06299212598425197,1.0917491958276178,property,0.6469,True,0.1951,0.6469,0.158,15.8,London,medium
51.45,0.18,2,113,property,0.07079646017699115,1.0541841345648382,property,0.4215,True,0.3958,0.4215,0.1827,18.3,London,uncertain
51.45,0.18,3,95,other,0.010526315789473684,1.0618044462477116,property,0.6496,False,0.1936,0.6496,0.1568,15.7,London,medium
51.45,0.19,0,13,property,0.0,1.0733942812811266,property,0.4977,True,0.2256,0.4977,0.2767,27.7,London,uncertain
51.45,0.19,1,16,property,0.125,0.9743147528693494,property,0.6474,True,0.1948,0.6474,0.1578,15.8,London,medium
51.45,0.19,2,20,property,0.15,0.9985793315873921,property,0.4824,True,0.3377,0.4824,0.1799,18.0,London,uncertain
51.45,0.19,3,18,violent,0.05555555555555555,1.0893096789558299,property,0.6461,False,0.195,0.6461,0.1589,15.9,London,medium
51.45,0.2,0,8,property,0.625,0.7356219397587946,property,0.6472,True,0.1949,0.6472,0.1578,15.8,London,medium
51.45,0.2,2,4,violent,0.5,0.562335165779739,violent,0.56,True,0.2118,0.2282,0.56,56.0,London,medium
51.45,0.21,0,4,violent,0.5,0.562335165779739,property,0.6469,False,0.1951,0.6469,0.158,15.8,London,medium
51.45,0.21,1,3,property,1.0,4.3446531758480495e-08,violent,0.5567,False,0.2133,0.23,0.5567,55.7,London,medium
51.45,0.21,2,3,violent,0.3333333333333333,0.6365141893815645,violent,0.5596,True,0.212,0.2285,0.5596,56.0,London,medium
51.45,0.22,1,3,violent,0.0,1.0986122886681096,property,0.6377,False,0.2002,0.6377,0.1621,16.2,London,medium
51.45,0.23,2,3,violent,1.0,4.3446531758480495e-08,property,0.6501,False,0.1933,0.6501,0.1566,15.7,London,medium
51.46,-0.48,0,7,violent,0.0,1.0042424730540764,other,0.6136,False,0.6136,0.2206,0.1657,16.6,London,medium
51.46,-0.48,1,6,violent,0.0,1.0986122886681096,violent,0.5595,True,0.212,0.2285,0.5595,55.9,London,medium
51.46,-0.47000000000000003,0,3,property,0.3333333333333333,0.6365141893815645,property,0.4567,True,0.3555,0.4567,0.1877,18.8,London,uncertain
51.46,-0.47000000000000003,2,4,property,0.0,0.6931472015900639,property,0.4754,True,0.3392,0.4754,0.1855,18.5,London,uncertain
51.46,-0.46,1,5,property,0.4,0.9502705392332347,property,0.6339,True,0.2023,0.6339,0.1638,16.4,London,medium
51.46,-0.46,3,4,property,0.5,0.5623351657797391,other,0.6159,False,0.6159,0.2195,0.1646,16.5,London,medium
51.46,-0.45,0,75,other,0.06666666666666667,1.0192652241494673,other,0.4392,True,0.4392,0.3756,0.1852,18.5,London,uncertain
51.46,-0.45,1,76,other,0.2894736842105263,0.9421395403359772,other,0.4631,True,0.4631,0.359,0.1779,17.8,London,uncertain
51.46,-0.45,2,76,other,0.25,0.993842151394758,other,0.6086,True,0.6086,0.2267,0.1648,16.5,London,medium
51.46,-0.45,3,74,other,0.17567567567567569,0.9613024528847005,other,0.4461,True,0.4461,0.3781,0.1757,17.6,London,uncertain
51.46,-0.44,0,29,other,0.10344827586206896,1.0835222669892097,property,0.5008,False,0.3157,0.5008,0.1835,18.4,London,uncertain
51.46,-0.44,1,28,violent,0.17857142857142858,0.9414030525867062,property,0.5178,False,0.2889,0.5178,0.1933,19.3,London,uncertain
51.46,-0.44,2,26,violent,0.15384615384615385,1.0579054247036734,property,0.5613,False,0.2156,0.5613,0.223,22.3,London,medium
51.46,-0.44,3,22,violent,0.13636363636363635,1.0594782926538544,other,0.6162,False,0.6162,0.2194,0.1643,16.4,London,medium
51.46,-0.43,0,28,other,0.07142857142857142,1.0897973126663918,violent,0.4411,False,0.2844,0.2746,0.4411,44.1,London,uncertain
51.46,-0.43,1,32,violent,0.0,1.0976250611902076,violent,0.4423,True,0.3039,0.2538,0.4423,44.2,London,uncertain
51.46,-0.43,2,25,violent,0.24,1.0183597347658937,other,0.5635,False,0.5635,0.252,0.1845,18.5,London,medium
51.46,-0.43,3,29,violent,0.034482758620689655,1.0588032571034944,other,0.6142,False,0.6142,0.222,0.1638,16.4,London,medium
51.46,-0.42,0,26,violent,0.11538461538461539,1.0798753311904068,other,0.6071,False,0.6071,0.224,0.1689,16.9,London,medium
51.46,-0.42,1,19,violent,0.3157894736842105,0.9591824302739718,violent,0.4636,True,0.2776,0.2589,0.4636,46.4,London,uncertain
51.46,-0.42,2,15,violent,0.13333333333333333,0.8823109245150756,violent,0.558,True,0.2127,0.2293,0.558,55.8,London,medium
51.46,-0.42,3,23,violent,0.17391304347826086,1.0465634069578553,violent,0.5435,True,0.2173,0.2392,0.5435,54.3,London,uncertain
51.46,-0.41000000000000003,0,46,other,0.08695652173913043,1.061208440905252,property,0.6457,False,0.1958,0.6457,0.1585,15.9,London,medium
51.46,-0.41000000000000003,1,54,other,0.14814814814814814,1.0708078595494446,property,0.643,False,0.1973,0.643,0.1598,16.0,London,medium
51.46,-0.41000000000000003,2,46,violent,0.0,1.0862906683289353,property,0.641,False,0.1984,0.641,0.1606,16.1,London,medium
51.46,-0.41000000000000003,3,52,property,0.2692307692307692,1.0252664719165645,property,0.649,True,0.194,0.649,0.1571,15.7,London,medium
51.46,-0.4,0,37,property,0.05405405405405406,1.0935522258103947,property,0.6485,True,0.1942,0.6485,0.1573,15.7,London,medium
51.46,-0.4,1,25,violent,0.04,1.0768186672148103,property,0.6467,False,0.1949,0.6467,0.1584,15.8,London,medium
51.46,-0.4,2,30,property,0.16666666666666666,1.0114042647073518,property,0.5533,True,0.2175,0.5533,0.2292,22.9,London,medium
51.46,-0.4,3,37,violent,0.0,1.0793334146644078,property,0.6475,False,0.1945,0.6475,0.1581,15.8,London,medium
51.46,-0.39,0,19,other,0.21052631578947367,1.0565758044102838,other,0.6062,True,0.6062,0.2254,0.1684,16.8,London,medium
51.46,-0.39,1,35,violent,0.02857142857142857,1.0319734201604107,other,0.6135,False,0.6135,0.2209,0.1656,16.6,London,medium
51.46,-0.39,2,34,other,0.29411764705882354,0.983127624158612,other,0.6151,True,0.6151,0.22,0.1649,16.5,London,medium
51.46,-0.39,3,41,other,0.3170731707317073,0.9477014143994029,other,0.6159,True,0.6159,0.2199,0.1642,16.4,London,medium
51.46,-0.38,0,63,violent,0.047619047619047616,1.0917862380951273,violent,0.5465,True,0.2159,0.2376,0.5465,54.6,London,uncertain
51.46,-0.38,1,75,violent,0.06666666666666667,1.091784047245092,violent,0.5255,True,0.234,0.2404,0.5255,52.6,London,uncertain
51.46,-0.38,2,101,violent,0.12871287128712872,1.0797813811027095,other,0.3521,False,0.3521,0.3016,0.3463,34.6,London,uncertain
51.46,-0.38,3,71,property,0.09859154929577464,1.0856494754276462,violent,0.4158,False,0.2695,0.3147,0.4158,41.6,London,uncertain
51.46,-0.37,0,88,property,0.125,1.075834127909002,property,0.5529,True,0.2313,0.5529,0.2158,21.6,London,medium
51.46,-0.37,1,98,property,0.01020408163265306,1.0978796143401344,violent,0.5536,False,0.2147,0.2318,0.5536,55.4,London,medium
51.46,-0.37,2,94,violent,0.10638297872340426,1.0832842157038072,property,0.6482,False,0.1941,0.6482,0.1577,15.8,London,medium
51.46,-0.37,3,92,violent,0.010869565217391304,1.0977806281551432,violent,0.4973,True,0.2331,0.2696,0.4973,49.7,London,uncertain
51.46,-0.36,0,57,violent,0.0,1.0986122886681096,property,0.6251,False,0.2081,0.6251,0.1669,16.7,London,medium
51.46,-0.36,1,60,violent,0.13333333333333333,1.0630322522072195,violent,0.3668,True,0.3184,0.3148,0.3668,36.7,London,uncertain
51.46,-0.36,2,59,other,0.05084745762711865,1.0556101660575166,violent,0.5582,False,0.2125,0.2293,0.5582,55.8,London,medium
51.46,-0.36,3,54,other,0.018518518518518517,1.0975829522078113,property,0.5509,False,0.2231,0.5509,0.226,22.6,London,medium
51.46,-0.35000000000000003,0,33,violent,0.24242424242424243,1.0249615284856062,violent,0.542,True,0.2188,0.2392,0.542,54.2,London,uncertain
51.46,-0.35000000000000003,1,37,property,0.02702702702702703,1.088836961521142,property,0.6011,True,0.206,0.6011,0.1929,19.3,London,medium
51.46,-0.35000000000000003,2,45,violent,0.1111111111111111,1.079773089409609,property,0.4583,False,0.2265,0.4583,0.3152,31.5,London,uncertain
51.46,-0.35000000000000003,3,36,violent,0.1388888888888889,1.0389390026283636,property,0.6498,False,0.1932,0.6498,0.157,15.7,London,medium
51.46,-0.34,0,45,other,0.06666666666666667,1.0851886129676505,property,0.6477,False,0.1947,0.6477,0.1577,15.8,London,medium
51.46,-0.34,1,50,violent,0.0,1.098209540353189,property,0.6492,False,0.1938,0.6492,0.157,15.7,London,medium
51.46,-0.34,2,46,property,0.2826086956521739,1.0011240787676385,property,0.6494,True,0.1937,0.6494,0.1569,15.7,London,medium
51.46,-0.34,3,61,property,0.29508196721311475,1.0067780577482788,property,0.6501,True,0.1933,0.6501,0.1566,15.7,London,medium
51.46,-0.33,0,92,property,0.15217391304347827,1.0621496180632781,property,0.648,True,0.1942,0.648,0.1578,15.8,London,medium
51.46,-0.33,1,77,property,0.23376623376623376,1.0323963018510376,property,0.6015,True,0.2093,0.6015,0.1892,18.9,London,medium
51.46,-0.33,2,62,property,0.12903225806451613,0.9786585360314035,property,0.6443,True,0.1965,0.6443,0.1592,15.9,London,medium
51.46,-0.33,3,77,property,0.2987012987012987,1.0151062267999365,property,0.6505,True,0.1926,0.6505,0.1569,15.7,London,medium
51.46,-0.32,0,46,property,0.30434782608695654,1.0052806453493657,property,0.6434,True,0.197,0.6434,0.1596,16.0,London,medium
51.46,-0.32,1,50,property,0.38,0.7994752252479101,property,0.6394,True,0.1993,0.6394,0.1614,16.1,London,medium
51.46,-0.32,2,50,property,0.54,0.818141294849039,property,0.6501,True,0.1933,0.6501,0.1566,15.7,London,medium
51.46,-0.32,3,44,property,0.45454545454545453,0.9075352941050092,property,0.6508,True,0.1929,0.6508,0.1562,15.6,London,medium
51.46,-0.31,0,76,property,0.19736842105263158,1.0442659246195558,property,0.6478,True,0.1946,0.6478,0.1576,15.8,London,medium
51.46,-0.31,1,61,property,0.36065573770491804,0.8942990335368136,property,0.6456,True,0.1958,0.6456,0.1586,15.9,London,medium
51.46,-0.31,2,70,property,0.22857142857142856,1.0378817804475253,property,0.6499,True,0.1935,0.6499,0.1567,15.7,London,medium
51.46,-0.31,3,57,property,0.24561403508771928,1.032232430411026,property,0.6496,True,0.1936,0.6496,0.1568,15.7,London,medium
51.46,-0.3,0,164,property,0.21341463414634146,1.0185163726455486,property,0.65,True,0.1934,0.65,0.1566,15.7,London,medium
51.46,-0.3,1,147,property,0.19727891156462585,1.0329917395263506,property,0.6459,True,0.1957,0.6459,0.1585,15.8,London,medium
51.46,-0.3,2,167,property,0.10179640718562874,1.03314583238128,property,0.6496,True,0.1936,0.6496,0.1568,15.7,London,medium
51.46,-0.3,3,140,property,0.15714285714285714,1.0682093920238533,property,0.6496,True,0.1936,0.6496,0.1568,15.7,London,medium
51.46,-0.29,0,34,property,0.029411764705882353,1.0870004469549273,property,0.4798,True,0.3004,0.4798,0.2198,22.0,London,uncertain
51.46,-0.29,1,43,property,0.16279069767441862,1.0569015564372775,property,0.6119,True,0.2187,0.6119,0.1694,16.9,London,medium
51.46,-0.29,2,40,other,0.15,1.0407740894989104,property,0.6453,False,0.196,0.6453,0.1587,15.9,London,medium
51.46,-0.29,3,34,other,0.11764705882352941,1.0852280400722045,property,0.637,False,0.2019,0.637,0.1611,16.1,London,medium
51.46,-0.28,0,18,property,0.3333333333333333,0.9950269901795212,other,0.4276,False,0.4276,0.3928,0.1796,18.0,London,uncertain
51.46,-0.28,1,16,other,0.0625,1.0433534269422904,property,0.4976,False,0.3202,0.4976,0.1822,18.2,London,uncertain
51.46,-0.28,2,20,property,0.15,1.0670938948757507,property,0.6431,True,0.1972,0.6431,0.1597,16.0,London,medium
51.46,-0.28,3,19,property,0.2631578947368421,1.0171643509248343,property,0.638,True,0.2008,0.638,0.1612,16.1,London,medium
51.46,-0.27,0,43,property,0.27906976744186046,1.010776018875458,property,0.6492,True,0.1938,0.6492,0.157,15.7,London,medium
51.46,-0.27,1,43,property,0.2558139534883721,0.9619398740489346,property,0.6486,True,0.1942,0.6486,0.1572,15.7,London,medium
51.46,-0.27,2,41,property,0.4878048780487805,0.7691223805667944,property,0.6501,True,0.1933,0.6501,0.1566,15.7,London,medium
51.46,-0.27,3,43,property,0.32558139534883723,0.9920335097792107,property,0.6488,True,0.194,0.6488,0.1571,15.7,London,medium
51.46,-0.26,0,21,property,0.5714285714285714,0.6680178186607534,property,0.6479,True,0.1945,0.6479,0.1575,15.8,London,medium
51.46,-0.26,1,15,property,0.13333333333333333,0.8823109245150756,property,0.6467,True,0.1952,0.6467,0.1581,15.8,London,medium
51.46,-0.26,2,19,property,0.2631578947368421,0.9174021803627407,other,0.4539,False,0.4539,0.3732,0.1729,17.3,London,uncertain
51.46,-0.26,3,11,other,0.2727272727272727,0.9949236325717752,other,0.4265,True,0.4265,0.3998,0.1738,17.4,London,uncertain
51.46,-0.25,0,25,violent,0.0,0.9768945101654615,violent,0.5613,True,0.2111,0.2276,0.5613,56.1,London,medium
51.46,-0.25,1,25,other,0.16,1.038811757145593,other,0.4565,True,0.4565,0.255,0.2885,28.9,London,uncertain
51.46,-0.25,2,30,violent,0.0,0.993402023712838,other,0.62,False,0.62,0.2174,0.1626,16.3,London,medium
51.46,-0.25,3,32,violent,0.15625,1.0752094963414274,violent,0.4546,True,0.2974,0.248,0.4546,45.5,London,uncertain
51.46,-0.24,0,46,violent,0.043478260869565216,1.0953330817042592,violent,0.4719,True,0.2343,0.2938,0.4719,47.2,London,uncertain
51.46,-0.24,1,46,property,0.1956521739130435,1.052030013409421,other,0.5174,False,0.5174,0.2948,0.1879,18.8,London,uncertain
51.46,-0.24,2,42,property,0.09523809523809523,1.042416619375411,property,0.5564,True,0.2138,0.5564,0.2298,23.0,London,medium
51.46,-0.24,3,60,property,0.06666666666666667,1.0928879086777044,other,0.6175,False,0.6175,0.22,0.1624,16.2,London,medium
51.46,-0.23,0,78,property,0.10256410256410256,1.0851732524354265,property,0.432,True,0.392,0.432,0.176,17.6,London,uncertain
51.46,-0.23,1,66,other,0.030303030303030304,1.0958536606125853,property,0.6107,False,0.2274,0.6107,0.1619,16.2,London,medium
51.46,-0.23,2,64,property,0.078125,1.0912130568448717,other,0.4758,False,0.4758,0.3535,0.1707,17.1,London,uncertain
51.46,-0.23,3,59,property,0.0,1.0838659021379389,other,0.4472,False,0.4472,0.377,0.1758,17.6,London,uncertain
51.46,-0.22,0,197,property,0.30456852791878175,1.005634045780527,property,0.6486,True,0.1942,0.6486,0.1572,15.7,London,medium
51.46,-0.22,1,163,property,0.4294478527607362,0.877393164288413,property,0.6474,True,0.1948,0.6474,0.1578,15.8,London,medium
51.46,-0.22,2,141,property,0.3404255319148936,0.9833892610653348,property,0.6499,True,0.1934,0.6499,0.1567,15.7,London,medium
51.46,-0.22,3,186,property,0.3172043010752688,1.0013634120750536,property,0.6499,True,0.1934,0.6499,0.1567,15.7,London,medium
51.46,-0.21,0,73,property,0.2054794520547945,1.0523975334040039,property,0.6482,True,0.1944,0.6482,0.1574,15.7,London,medium
51.46,-0.21,1,57,property,0.22807017543859648,1.0453445675529278,property,0.6501,True,0.1933,0.6501,0.1566,15.7,London,medium
51.46,-0.21,2,73,property,0.2602739726027397,0.9577849255497608,property,0.6502,True,0.1933,0.6502,0.1565,15.7,London,medium
51.46,-0.21,3,75,property,0.21333333333333335,1.0261286327360604,property,0.6493,True,0.1938,0.6493,0.1569,15.7,London,medium
51.46,-0.2,0,168,other,0.05952380952380952,1.0619386295882272,property,0.6477,False,0.1947,0.6477,0.1577,15.8,London,medium
51.46,-0.2,1,150,property,0.06,1.0910586661366808,property,0.5606,True,0.2612,0.5606,0.1781,17.8,London,medium
51.46,-0.2,2,148,violent,0.060810810810810814,1.091785410487282,property,0.6449,False,0.1962,0.6449,0.1589,15.9,London,medium
51.46,-0.2,3,139,other,0.1510791366906475,1.0504779771200115,property,0.649,False,0.194,0.649,0.1571,15.7,London,medium
51.46,-0.19,0,190,property,0.021052631578947368,1.0615938887335195,property,0.4828,True,0.341,0.4828,0.1762,17.6,London,uncertain
51.46,-0.19,1,226,property,0.13274336283185842,1.0462210633419249,property,0.482,True,0.3425,0.482,0.1755,17.5,London,uncertain
51.46,-0.19,2,217,property,0.1336405529953917,1.051395998207552,property,0.6189,True,0.2196,0.6189,0.1615,16.2,London,medium
51.46,-0.19,3,214,property,0.11682242990654206,1.0469949071322637,property,0.6506,True,0.1931,0.6506,0.1564,15.6,London,medium
51.46,-0.18,0,128,property,0.015625,1.0921597084160461,property,0.5672,True,0.262,0.5672,0.1708,17.1,London,medium
51.46,-0.18,1,118,property,0.01694915254237288,1.093698882544908,property,0.452,True,0.361,0.452,0.187,18.7,London,uncertain
51.46,-0.18,2,151,violent,0.0,1.0975031214980953,property,0.6464,False,0.1953,0.6464,0.1582,15.8,London,medium
51.46,-0.18,3,121,property,0.01652892561983471,1.0981359478156243,property,0.5617,True,0.266,0.5617,0.1723,17.2,London,medium
51.46,-0.17,0,257,property,0.22957198443579765,1.0398391341860838,property,0.6489,True,0.194,0.6489,0.1571,15.7,London,medium
51.46,-0.17,1,288,property,0.24305555555555555,1.0366947679200367,property,0.649,True,0.1939,0.649,0.1571,15.7,London,medium
51.46,-0.17,2,296,property,0.25675675675675674,1.018739166012663,property,0.6499,True,0.1934,0.6499,0.1567,15.7,London,medium
51.46,-0.17,3,270,property,0.17777777777777778,1.0521096018560887,property,0.6499,True,0.1934,0.6499,0.1567,15.7,London,medium
51.46,-0.16,0,122,property,0.23770491803278687,1.0452679266069853,property,0.6483,True,0.1943,0.6483,0.1574,15.7,London,medium
51.46,-0.16,1,128,property,0.234375,0.9694010705591208,property,0.6495,True,0.1937,0.6495,0.1568,15.7,London,medium
51.46,-0.16,2,145,property,0.1793103448275862,1.0432674377661044,property,0.6496,True,0.1936,0.6496,0.1568,15.7,London,medium
51.46,-0.16,3,104,property,0.16346153846153846,1.050937913916542,property,0.6496,True,0.1936,0.6496,0.1568,15.7,London,medium
51.46,-0.15,0,41,property,0.07317073170731707,1.0760774229601675,property,0.6472,True,0.1949,0.6472,0.1579,15.8,London,medium
51.46,-0.15,1,50,property,0.06,1.0652527887260477,property,0.6469,True,0.1951,0.6469,0.158,15.8,London,medium
51.46,-0.15,2,48,property,0.10416666666666667,1.0820397581034547,property,0.6234,True,0.2106,0.6234,0.166,16.6,London,medium
51.46,-0.15,3,56,property,0.03571428571428571,1.0813448682427136,property,0.6274,True,0.2059,0.6274,0.1668,16.7,London,medium
51.46,-0.14,0,310,property,0.38387096774193546,0.9531602013383157,property,0.6486,True,0.1942,0.6486,0.1572,15.7,London,medium
51.46,-0.14,1,334,property,0.38023952095808383,0.9611403732041448,property,0.649,True,0.1939,0.649,0.1571,15.7,London,medium
51.46,-0.14,2,304,property,0.40460526315789475,0.9314642142184284,property,0.6502,True,0.1933,0.6502,0.1565,15.7,London,medium
51.46,-0.14,3,319,property,0.438871473354232,0.9150923112456109,property,0.6502,True,0.1933,0.6502,0.1565,15.7,London,medium
51.46,-0.13,0,309,property,0.22653721682847897,1.0420004625806167,property,0.6493,True,0.1938,0.6493,0.1569,15.7,London,medium
51.46,-0.13,1,298,property,0.1610738255033557,1.0688797645154313,property,0.6494,True,0.1937,0.6494,0.1569,15.7,London,medium
51.46,-0.13,2,303,property,0.22442244224422442,1.044617556934539,property,0.6506,True,0.1931,0.6506,0.1564,15.6,London,medium
51.46,-0.13,3,299,property,0.23076923076923078,1.0475495328759306,property,0.6502,True,0.1933,0.6502,0.1565,15.7,London,medium
51.46,-0.12,0,325,property,0.015384615384615385,1.085277266943294,property,0.6468,True,0.1952,0.6468,0.158,15.8,London,medium
51.46,-0.12,1,312,property,0.04807692307692308,1.0916538733955874,property,0.5145,True,0.3118,0.5145,0.1736,17.4,London,uncertain
51.46,-0.12,2,338,property,0.029585798816568046,1.0757453685529679,property,0.6481,True,0.1944,0.6481,0.1575,15.7,London,medium
51.46,-0.12,3,337,property,0.04451038575667656,1.0869963373630056,property,0.6505,True,0.1931,0.6505,0.1564,15.6,London,medium
51.46,-0.11,0,547,property,0.029250457038391225,1.0871298668273346,other,0.463,False,0.463,0.3562,0.1808,18.1,London,uncertain
51.46,-0.11,1,561,other,0.0427807486631016,1.0828904710771101,property,0.4855,False,0.34,0.4855,0.1746,17.5,London,uncertain
51.46,-0.11,2,593,other,0.026981450252951095,1.090163407474892,other,0.4157,True,0.4157,0.4033,0.1809,18.1,London,uncertain
51.46,-0.11,3,578,property,0.006920415224913495,1.0772636420022015,property,0.4878,True,0.3385,0.4878,0.1738,17.4,London,uncertain
51.46,-0.1,0,90,property,0.2111111111111111,1.0540178495575505,property,0.6505,True,0.1931,0.6505,0.1564,15.6,London,medium
51.46,-0.1,1,75,property,0.16,1.066241014669713,property,0.648,True,0.1942,0.648,0.1578,15.8,London,medium
51.46,-0.1,2,83,property,0.1686746987951807,1.0401621137957346,property,0.6489,True,0.194,0.6489,0.1571,15.7,London,medium
51.46,-0.1,3,79,property,0.0379746835443038,1.090632019481395,property,0.6504,True,0.1932,0.6504,0.1565,15.6,London,medium
51.46,-0.09,0,66,property,0.25757575757575757,1.010742386855813,property,0.4709,True,0.2403,0.4709,0.2889,28.9,London,uncertain
51.46,-0.09,1,54,property,0.3333333333333333,0.9737285666387194,property,0.3846,True,0.2402,0.3846,0.3752,37.5,London,uncertain
51.46,-0.09,2,65,property,0.27692307692307694,0.9834607863982063,property,0.6434,True,0.1968,0.6434,0.1599,16.0,London,medium
51.46,-0.09,3,68,property,0.38235294117647056,0.9445652412221983,property,0.6492,True,0.1938,0.6492,0.157,15.7,London,medium
51.46,-0.08,0,150,property,0.28,1.0250576137587353,property,0.6491,True,0.1939,0.6491,0.157,15.7,London,medium
51.46,-0.08,1,134,property,0.08955223880597014,1.087276094339158,property,0.6469,True,0.1951,0.6469,0.158,15.8,London,medium
51.46,-0.08,2,145,property,0.15862068965517243,1.0695229108293982,property,0.6504,True,0.1932,0.6504,0.1565,15.6,London,medium
51.46,-0.08,3,135,property,0.2222222222222222,1.0236462717837331,property,0.6504,True,0.1932,0.6504,0.1565,15.6,London,medium
51.46,-0.07,0,86,property,0.10465116279069768,1.0724791538705554,property,0.6491,True,0.1939,0.6491,0.157,15.7,London,medium
51.46,-0.07,1,120,property,0.08333333333333333,1.0701476737093547,property,0.6467,True,0.1952,0.6467,0.1581,15.8,London,medium
51.46,-0.07,2,107,property,0.18691588785046728,1.042131738927365,property,0.6509,True,0.1929,0.6509,0.1562,15.6,London,medium
51.46,-0.07,3,93,property,0.17204301075268819,1.0684647665063203,property,0.6469,True,0.1951,0.6469,0.158,15.8,London,medium
51.46,-0.06,0,68,violent,0.0,1.0756483002797306,property,0.6478,False,0.1943,0.6478,0.1579,15.8,London,medium
51.46,-0.06,1,67,other,0.014925373134328358,1.0886944224926574,property,0.5835,False,0.2224,0.5835,0.1941,19.4,London,medium
51.46,-0.06,2,58,property,0.08620689655172414,1.0896208474868145,property,0.4062,True,0.2429,0.4062,0.3509,35.1,London,uncertain
51.46,-0.06,3,60,violent,0.0,1.0986122886681096,violent,0.5203,True,0.2195,0.2602,0.5203,52.0,London,uncertain
51.46,-0.05,0,44,other,0.13636363636363635,1.029842894323631,property,0.6511,False,0.1928,0.6511,0.1561,15.6,London,medium
51.46,-0.05,1,39,other,0.1282051282051282,1.073578118530874,property,0.6182,False,0.2117,0.6182,0.17,17.0,London,medium
51.46,-0.05,2,44,violent,0.18181818181818182,1.0670895187820832,violent,0.4427,True,0.2241,0.3332,0.4427,44.3,London,uncertain
51.46,-0.05,3,40,violent,0.025,1.035194017909452,property,0.6326,False,0.2002,0.6326,0.1673,16.7,London,medium
51.46,-0.04,0,139,property,0.07913669064748201,1.089417478132513,property,0.6492,True,0.1938,0.6492,0.157,15.7,London,medium
51.46,-0.04,1,117,other,0.07692307692307693,1.0928305535284886,property,0.648,False,0.194,0.648,0.158,15.8,London,medium
51.46,-0.04,2,154,property,0.08441558441558442,1.0896748993109333,property,0.6489,True,0.1937,0.6489,0.1574,15.7,London,medium
51.46,-0.04,3,142,property,0.014084507042253521,1.088384432553333,property,0.6489,True,0.1937,0.6489,0.1574,15.7,London,medium
51.46,-0.03,0,59,other,0.03389830508474576,1.0930932694325255,property,0.6469,False,0.1951,0.6469,0.158,15.8,London,medium
51.46,-0.03,1,57,property,0.08771929824561403,1.0569912522162896,property,0.6487,True,0.1941,0.6487,0.1572,15.7,London,medium
51.46,-0.03,2,62,other,0.1774193548387097,1.0183425009982943,property,0.6509,False,0.1929,0.6509,0.1562,15.6,London,medium
51.46,-0.03,3,64,violent,0.046875,1.093998650161157,property,0.6228,False,0.2033,0.6228,0.1739,17.4,London,medium
51.46,-0.02,0,108,violent,0.018518518518518517,1.0779848185962804,property,0.6484,False,0.194,0.6484,0.1576,15.8,London,medium
51.46,-0.02,1,108,violent,0.1111111111111111,1.0773581867505757,property,0.6481,False,0.1939,0.6481,0.158,15.8,London,medium
51.46,-0.02,2,117,other,0.03418803418803419,1.0970939279145047,property,0.6512,False,0.1927,0.6512,0.1561,15.6,London,medium
51.46,-0.02,3,93,other,0.11827956989247312,1.0670585237056835,property,0.6505,False,0.1931,0.6505,0.1564,15.6,London,medium
51.46,-0.01,0,436,other,0.0481651376146789,1.0885229887174737,property,0.5655,False,0.239,0.5655,0.1955,19.5,London,medium
51.46,-0.01,1,430,other,0.05116279069767442,1.0887337086607944,property,0.6484,False,0.194,0.6484,0.1576,15.8,London,medium
51.46,-0.01,2,445,other,0.029213483146067417,1.0941038819832114,property,0.6489,False,0.1937,0.6489,0.1574,15.7,London,medium
51.46,-0.01,3,421,other,0.026128266033254157,1.094669895359602,property,0.648,False,0.1942,0.648,0.1578,15.8,London,medium
51.46,0.0,0,182,property,0.21428571428571427,1.0404768390903059,property,0.6509,True,0.1929,0.6509,0.1562,15.6,London,medium
51.46,0.0,1,151,property,0.17880794701986755,1.0496240060482365,property,0.6501,True,0.1933,0.6501,0.1566,15.7,London,medium
51.46,0.0,2,168,property,0.20833333333333334,1.0549547663770795,property,0.6512,True,0.1927,0.6512,0.1561,15.6,London,medium
51.46,0.0,3,153,property,0.1568627450980392,1.0623586145310642,property,0.6498,True,0.1932,0.6498,0.157,15.7,London,medium
51.46,0.01,0,42,violent,0.023809523809523808,1.0969101592798742,property,0.4325,False,0.3018,0.4325,0.2657,26.6,London,uncertain
51.46,0.01,1,53,property,0.09433962264150944,1.0653496794774537,property,0.6359,True,0.2012,0.6359,0.1629,16.3,London,medium
51.46,0.01,2,46,property,0.2391304347826087,1.0392480320410837,property,0.6498,True,0.1932,0.6498,0.157,15.7,London,medium
51.46,0.01,3,60,property,0.15,1.0511710866209665,property,0.4536,True,0.2261,0.4536,0.3203,32.0,London,uncertain
51.46,0.02,0,32,property,0.125,1.0361059705283655,property,0.6479,True,0.1945,0.6479,0.1575,15.8,London,medium
51.46,0.02,1,27,violent,0.07407407407407407,1.0820131534045052,property,0.6487,False,0.1941,0.6487,0.1572,15.7,London,medium
51.46,0.02,2,34,property,0.08823529411764706,1.0822819419272887,property,0.6498,True,0.1932,0.6498,0.157,15.7,London,medium
51.46,0.02,3,36,violent,0.1388888888888889,1.0389390026283636,property,0.6507,False,0.193,0.6507,0.1563,15.6,London,medium
51.46,0.03,0,91,violent,0.02197802197802198,1.0951897455327813,property,0.6472,False,0.1949,0.6472,0.1579,15.8,London,medium
51.46,0.03,1,85,violent,0.011764705882352941,1.0755577989719056,property,0.6463,False,0.1952,0.6463,0.1586,15.9,London,medium
51.46,0.03,2,88,violent,0.11363636363636363,1.0811453363156622,property,0.6489,False,0.194,0.6489,0.1571,15.7,London,medium
51.46,0.03,3,88,property,0.011363636363636364,1.0499676010065575,property,0.6492,True,0.1938,0.6492,0.157,15.7,London,medium
51.46,0.04,0,62,violent,0.0967741935483871,1.078963820279368,property,0.6479,False,0.194,0.6479,0.1581,15.8,London,medium
51.46,0.04,1,73,property,0.0136986301369863,1.0902847720832507,property,0.6488,True,0.1941,0.6488,0.1572,15.7,London,medium
51.46,0.04,2,67,violent,0.1791044776119403,1.0488874346565746,property,0.4537,False,0.2261,0.4537,0.3202,32.0,London,uncertain
51.46,0.04,3,77,violent,0.012987012987012988,1.0974236387494485,property,0.6484,False,0.194,0.6484,0.1576,15.8,London,medium
51.46,0.05,0,67,property,0.23880597014925373,1.0147543447149685,property,0.6483,True,0.1943,0.6483,0.1574,15.7,London,medium
51.46,0.05,1,74,property,0.22972972972972974,1.003711311853641,property,0.6504,True,0.1932,0.6504,0.1564,15.6,London,medium
51.46,0.05,2,72,property,0.25,0.9901000747284985,property,0.65,True,0.1931,0.65,0.1569,15.7,London,medium
51.46,0.05,3,75,property,0.30666666666666664,1.0022272344317227,property,0.6506,True,0.1925,0.6506,0.1569,15.7,London,medium
51.46,0.06,0,27,property,0.25925925925925924,0.969856762506129,property,0.6462,True,0.1955,0.6462,0.1583,15.8,London,medium
51.46,0.06,1,28,property,0.17857142857142858,1.019025461146272,property,0.6474,True,0.1943,0.6474,0.1583,15.8,London,medium
51.46,0.06,2,35,property,0.05714285714285714,1.0827565298295394,property,0.6338,True,0.2023,0.6338,0.1638,16.4,London,medium
51.46,0.06,3,28,violent,0.07142857142857142,1.0897973126663918,property,0.6501,False,0.1933,0.6501,0.1566,15.7,London,medium
51.46,0.07,0,9,violent,0.1111111111111111,1.0608569471580214,property,0.4836,False,0.3324,0.4836,0.184,18.4,London,uncertain
51.46,0.07,1,11,property,0.45454545454545453,0.9075352941050092,other,0.4696,False,0.4696,0.3557,0.1747,17.5,London,uncertain
51.46,0.07,2,13,other,0.23076923076923078,0.9839614460010255,other,0.4439,True,0.4439,0.3792,0.1768,17.7,London,uncertain
51.46,0.07,3,11,property,0.18181818181818182,0.9164648855394713,property,0.5014,True,0.3243,0.5014,0.1744,17.4,London,uncertain
51.46,0.08,0,11,property,0.36363636363636365,0.8599672810355049,property,0.5512,True,0.2169,0.5512,0.2319,23.2,London,medium
51.46,0.08,1,15,property,0.5333333333333333,0.7298712099831164,property,0.645,True,0.1959,0.645,0.1592,15.9,London,medium
51.46,0.08,2,16,property,0.25,0.9470571522825083,property,0.447,True,0.2264,0.447,0.3266,32.7,London,uncertain
51.46,0.08,3,20,violent,0.0,1.0960673284468552,property,0.6473,False,0.1949,0.6473,0.1578,15.8,London,medium
51.46,0.09,0,17,property,0.11764705882352941,1.0852280400722045,other,0.4604,False,0.4604,0.3623,0.1772,17.7,London,uncertain
51.46,0.09,1,29,violent,0.0,1.0974088280586503,property,0.6333,False,0.2023,0.6333,0.1644,16.4,London,medium
51.46,0.09,2,28,violent,0.03571428571428571,1.0973511772469036,property,0.6502,False,0.1933,0.6502,0.1565,15.7,London,medium
51.46,0.09,3,16,violent,0.125,1.0717300941124526,property,0.6442,False,0.1966,0.6442,0.1592,15.9,London,medium
51.46,0.1,0,39,property,0.20512820512820512,0.8880341216552645,property,0.6482,True,0.1941,0.6482,0.1577,15.8,London,medium
51.46,0.1,1,44,other,0.13636363636363635,1.0594782926538544,property,0.6348,False,0.2018,0.6348,0.1634,16.3,London,medium
51.46,0.1,2,46,property,0.17391304347826086,1.0465634069578553,property,0.6508,True,0.1929,0.6508,0.1562,15.6,London,medium
51.46,0.1,3,27,property,0.037037037037037035,1.0944885526930284,property,0.6508,True,0.1929,0.6508,0.1562,15.6,London,medium
51.46,0.11,0,74,property,0.2702702702702703,1.0299886424762699,property,0.6479,True,0.1946,0.6479,0.1576,15.8,London,medium
51.46,0.11,1,89,property,0.42696629213483145,0.9148482872621122,property,0.65,True,0.1934,0.65,0.1566,15.7,London,medium
51.46,0.11,2,71,property,0.28169014084507044,1.010909190727699,property,0.65,True,0.1931,0.65,0.1569,15.7,London,medium
51.46,0.11,3,80,property,0.2875,1.0093906684881482,property,0.6509,True,0.1929,0.6509,0.1562,15.6,London,medium
51.46,0.12,0,22,property,0.13636363636363635,1.0594782926538544,property,0.6484,True,0.194,0.6484,0.1576,15.8,London,medium
51.46,0.12,1,28,property,0.0,1.064195480999044,violent,0.4834,False,0.2256,0.291,0.4834,48.3,London,uncertain
51.46,0.12,2,22,other,0.13636363636363635,1.0594782926538544,property,0.5639,False,0.2582,0.5639,0.1779,17.8,London,medium
51.46,0.12,3,28,other,0.03571428571428571,1.0813448682427136,property,0.6474,False,0.1945,0.6474,0.1581,15.8,London,medium
51.46,0.13,0,79,property,0.02531645569620253,1.0875159673156007,property,0.6479,True,0.1946,0.6479,0.1576,15.8,London,medium
51.46,0.13,1,63,violent,0.0,1.0986122886681096,property,0.6474,False,0.1948,0.6474,0.1578,15.8,London,medium
51.46,0.13,2,64,violent,0.109375,1.079713275513541,property,0.6499,False,0.1934,0.6499,0.1567,15.7,London,medium
51.46,0.13,3,63,property,0.1746031746031746,1.0024304246181424,property,0.6506,True,0.193,0.6506,0.1563,15.6,London,medium
51.46,0.14,0,87,other,0.10344827586206896,1.0835222669892097,property,0.6426,False,0.1972,0.6426,0.1602,16.0,London,medium
51.46,0.14,1,92,violent,0.09782608695652174,1.0881659201484,property,0.6498,False,0.193,0.6498,0.1572,15.7,London,medium
51.46,0.14,2,109,other,0.09174311926605505,1.0871808632530655,property,0.6502,False,0.1928,0.6502,0.157,15.7,London,medium
51.46,0.14,3,89,other,0.033707865168539325,1.09698632204557,property,0.6479,False,0.194,0.6479,0.1581,15.8,London,medium
51.46,0.15,0,186,other,0.06989247311827956,1.0871056528496466,other,0.6151,True,0.6151,0.2217,0.1632,16.3,London,medium
51.46,0.15,1,177,property,0.04519774011299435,1.094520472665926,property,0.4187,True,0.3548,0.4187,0.2265,22.7,London,uncertain
51.46,0.15,2,175,property,0.02857142857142857,1.0966241402730588,other,0.5242,False,0.5242,0.2898,0.186,18.6,London,uncertain
51.46,0.15,3,205,other,0.02926829268292683,1.0950672325676465,other,0.61,True,0.61,0.226,0.164,16.4,London,medium
51.46,0.16,0,27,property,0.037037037037037035,1.0679385050380008,violent,0.5036,False,0.2456,0.2507,0.5036,50.4,London,uncertain
51.46,0.16,1,17,violent,0.23529411764705882,0.8463658296262874,violent,0.5491,True,0.2168,0.2341,0.5491,54.9,London,uncertain
51.46,0.16,2,24,other,0.041666666666666664,1.05938459334224,violent,0.5372,False,0.2274,0.2354,0.5372,53.7,London,uncertain
51.46,0.16,3,27,other,0.037037037037037035,1.0679385050380008,violent,0.4249,False,0.3172,0.2579,0.4249,42.5,London,uncertain
51.46,0.17,0,15,violent,0.0,1.0986122886681096,property,0.4261,False,0.2868,0.4261,0.2872,28.7,London,uncertain
51.46,0.17,1,16,other,0.125,1.0717300941124526,violent,0.5585,False,0.2125,0.229,0.5585,55.9,London,medium
51.46,0.17,2,14,property,0.2857142857142857,0.9556998911125343,property,0.6489,True,0.194,0.6489,0.1571,15.7,London,medium
51.46,0.17,3,13,other,0.15384615384615385,0.8981370031878679,violent,0.5592,False,0.2122,0.2286,0.5592,55.9,London,medium
51.46,0.18,0,25,property,0.32,0.9890938651821026,property,0.585,True,0.214,0.585,0.201,20.1,London,medium
51.46,0.18,1,22,violent,0.09090909090909091,1.0361987848192837,violent,0.5366,True,0.2204,0.243,0.5366,53.7,London,uncertain
51.46,0.18,2,28,violent,0.17857142857142858,1.019025461146272,other,0.5166,False,0.5166,0.2885,0.1949,19.5,London,uncertain
51.46,0.18,3,24,property,0.20833333333333334,1.032743813555708,violent,0.5625,False,0.2105,0.227,0.5625,56.2,London,medium
51.46,0.19,0,53,property,0.16981132075471697,1.0523259706276402,violent,0.4762,False,0.2624,0.2614,0.4762,47.6,London,uncertain
51.46,0.19,1,45,property,0.35555555555555557,0.9403110580750719,other,0.5947,False,0.5947,0.2331,0.1722,17.2,London,medium
51.46,0.19,2,49,property,0.3877551020408163,0.9591002791414703,other,0.6052,False,0.6052,0.2281,0.1667,16.7,London,medium
51.46,0.19,3,58,property,0.27586206896551724,1.0105596285976488,violent,0.5618,False,0.2109,0.2273,0.5618,56.2,London,medium
51.47,-0.49,0,232,other,0.28879310344827586,0.9240562998584183,other,0.6119,True,0.6119,0.2216,0.1665,16.6,London,medium
51.47,-0.49,1,237,other,0.16877637130801687,0.9011876615023104,other,0.6123,True,0.6123,0.2214,0.1663,16.6,London,medium
51.47,-0.49,2,211,other,0.2132701421800948,0.9004685400186659,other,0.6076,True,0.6076,0.2272,0.1652,16.5,London,medium
51.47,-0.49,3,261,other,0.24521072796934865,0.884173855464808,other,0.6076,True,0.6076,0.2272,0.1652,16.5,London,medium
51.47,-0.46,0,185,other,0.22162162162162163,0.9605658906856549,other,0.6141,True,0.6141,0.2203,0.1655,16.6,London,medium
51.47,-0.46,1,189,other,0.37037037037037035,0.8556179667257695,other,0.614,True,0.614,0.2205,0.1656,16.6,London,medium
51.47,-0.46,2,173,other,0.32947976878612717,0.922213416665649,other,0.6132,True,0.6132,0.2209,0.1659,16.6,London,medium
51.47,-0.46,3,173,other,0.32947976878612717,0.8374507139968141,other,0.6123,True,0.6123,0.2214,0.1663,16.6,London,medium
51.47,-0.45,0,237,other,0.2616033755274262,0.9181829640238173,other,0.6059,True,0.6059,0.2282,0.1659,16.6,London,medium
51.47,-0.45,1,218,other,0.04128440366972477,0.9560760408412959,other,0.4816,True,0.4816,0.3394,0.179,17.9,London,uncertain
51.47,-0.45,2,234,other,0.1623931623931624,0.8459069809765328,other,0.5749,True,0.5749,0.2561,0.169,16.9,London,medium
51.47,-0.45,3,240,other,0.20416666666666666,0.9192997061640662,other,0.5864,True,0.5864,0.2444,0.1692,16.9,London,medium
51.47,-0.42,0,18,other,0.16666666666666666,1.0114042647073518,property,0.636,False,0.2011,0.636,0.1629,16.3,London,medium
51.47,-0.42,1,19,property,0.10526315789473684,1.0795295733255184,property,0.6289,True,0.2088,0.6289,0.1623,16.2,London,medium
51.47,-0.42,2,18,violent,0.3333333333333333,0.9950269901795212,property,0.5304,False,0.2878,0.5304,0.1818,18.2,London,uncertain
51.47,-0.42,3,15,other,0.13333333333333333,1.0437570363314084,other,0.4497,True,0.4497,0.3723,0.1779,17.8,London,uncertain
51.47,-0.41000000000000003,0,12,other,0.08333333333333333,1.0775563270668007,violent,0.502,False,0.2267,0.2713,0.502,50.2,London,uncertain
51.47,-0.41000000000000003,1,7,violent,0.14285714285714285,1.0789922078775833,violent,0.4816,True,0.2342,0.2842,0.4816,48.2,London,uncertain
51.47,-0.41000000000000003,2,11,property,0.2727272727272727,0.6554817949691768,property,0.6457,True,0.1957,0.6457,0.1585,15.9,London,medium
51.47,-0.41000000000000003,3,10,other,0.1,0.9433483923290393,property,0.6466,False,0.1952,0.6466,0.1581,15.8,London,medium
51.47,-0.4,0,70,other,0.02857142857142857,1.0717287302022056,other,0.6185,True,0.6185,0.2186,0.1629,16.3,London,medium
51.47,-0.4,1,55,other,0.03636363636363636,1.089150188634518,other,0.5237,True,0.5237,0.2495,0.2268,22.7,London,uncertain
51.47,-0.4,2,68,violent,0.0,1.0087869835708723,other,0.5879,False,0.5879,0.2334,0.1787,17.9,London,medium
51.47,-0.4,3,62,violent,0.08064516129032258,1.057217110803159,other,0.5879,False,0.5879,0.2334,0.1787,17.9,London,medium
51.47,-0.39,0,114,other,0.017543859649122806,1.0919804569730027,property,0.4582,False,0.3519,0.4582,0.1899,19.0,London,uncertain
51.47,-0.39,1,113,property,0.07079646017699115,1.0937066746496666,other,0.6134,False,0.6134,0.2213,0.1653,16.5,London,medium
51.47,-0.39,2,120,violent,0.03333333333333333,1.0739607536079796,property,0.4633,False,0.2884,0.4633,0.2483,24.8,London,uncertain
51.47,-0.39,3,104,violent,0.0673076923076923,1.0925300238337685,other,0.6114,False,0.6114,0.224,0.1646,16.5,London,medium
51.47,-0.38,0,93,other,0.11827956989247312,1.082157122480993,other,0.3852,True,0.3852,0.2697,0.3451,34.5,London,uncertain
51.47,-0.38,1,87,violent,0.08045977011494253,1.0687296164846898,other,0.6183,False,0.6183,0.2184,0.1632,16.3,London,medium
51.47,-0.38,2,114,property,0.10526315789473684,1.0878649403910101,violent,0.4649,False,0.2724,0.2627,0.4649,46.5,London,uncertain
51.47,-0.38,3,116,violent,0.0603448275862069,1.093715287551457,other,0.6176,False,0.6176,0.219,0.1635,16.3,London,medium
51.47,-0.37,0,294,other,0.034013605442176874,1.0890857832776042,other,0.6108,True,0.6108,0.2228,0.1664,16.6,London,medium
51.47,-0.37,1,289,other,0.28027681660899656,1.009359616303028,other,0.6164,True,0.6164,0.2195,0.1641,16.4,London,medium
51.47,-0.37,2,309,other,0.1488673139158576,1.0435643411990632,other,0.6159,True,0.6159,0.2198,0.1643,16.4,London,medium
51.47,-0.37,3,294,other,0.14625850340136054,1.0543689174523814,other,0.6159,True,0.6159,0.2198,0.1643,16.4,London,medium
51.47,-0.36,0,436,property,0.22477064220183487,1.034810153376714,property,0.6475,True,0.1948,0.6475,0.1577,15.8,London,medium
51.47,-0.36,1,430,property,0.2,1.052022061210394,property,0.6471,True,0.195,0.6471,0.1579,15.8,London,medium
51.47,-0.36,2,436,property,0.18577981651376146,1.0571728737485246,property,0.6492,True,0.1938,0.6492,0.157,15.7,London,medium
51.47,-0.36,3,420,property,0.25476190476190474,1.0325680025502126,property,0.6492,True,0.1938,0.6492,0.157,15.7,London,medium
51.47,-0.35000000000000003,0,111,other,0.10810810810810811,1.0836980804610963,property,0.5065,False,0.312,0.5065,0.1815,18.2,London,uncertain
51.47,-0.35000000000000003,1,106,other,0.02830188679245283,1.0835115074460655,other,0.5074,True,0.5074,0.3149,0.1778,17.8,London,uncertain
51.47,-0.35000000000000003,2,99,other,0.1414141414141414,1.0762230882502686,violent,0.4404,False,0.3069,0.2527,0.4404,44.0,London,uncertain
51.47,-0.35000000000000003,3,110,other,0.045454545454545456,1.0789272433053565,other,0.6193,True,0.6193,0.2179,0.1628,16.3,London,medium
51.47,-0.34,0,60,other,0.11666666666666667,1.0730845020678665,violent,0.4629,False,0.2811,0.256,0.4629,46.3,London,uncertain
51.47,-0.34,1,73,other,0.0821917808219178,1.0890496161049654,violent,0.5533,False,0.2135,0.2333,0.5533,55.3,London,medium
51.47,-0.34,2,59,property,0.13559322033898305,1.0714704159866915,other,0.5529,False,0.5529,0.2539,0.1932,19.3,London,medium
51.47,-0.34,3,81,property,0.04938271604938271,1.091269331369638,violent,0.4906,False,0.2233,0.286,0.4906,49.1,London,uncertain
51.47,-0.33,0,114,violent,0.20175438596491227,1.0303515442726596,violent,0.5592,True,0.2119,0.2288,0.5592,55.9,London,medium
51.47,-0.33,1,87,violent,0.27586206896551724,1.0271753091827658,violent,0.5561,True,0.2135,0.2304,0.5561,55.6,London,medium
51.47,-0.33,2,89,violent,0.10112359550561797,1.0742230313827763,violent,0.5594,True,0.2119,0.2287,0.5594,55.9,London,medium
51.47,-0.33,3,86,violent,0.27906976744186046,1.0223771950565763,violent,0.5604,True,0.2115,0.2281,0.5604,56.0,London,medium
51.47,-0.32,0,67,violent,0.3582089552238806,0.9465814892241597,violent,0.5592,True,0.2117,0.2291,0.5592,55.9,London,medium
51.47,-0.32,1,62,violent,0.1935483870967742,1.046337357519136,violent,0.5572,True,0.213,0.2298,0.5572,55.7,London,medium
51.47,-0.32,2,77,violent,0.35064935064935066,0.9636326128094115,violent,0.5596,True,0.2118,0.2285,0.5596,56.0,London,medium
51.47,-0.32,3,69,violent,0.2463768115942029,1.0337399343059992,violent,0.5532,True,0.2146,0.2322,0.5532,55.3,London,medium
51.47,-0.3,0,11,violent,0.0,1.0900596587107838,property,0.6479,False,0.1946,0.6479,0.1576,15.8,London,medium
51.47,-0.3,1,14,property,0.14285714285714285,0.9922819748525737,property,0.6454,True,0.196,0.6454,0.1587,15.9,London,medium
51.47,-0.3,2,17,violent,0.0,1.0950778621205006,property,0.6462,False,0.1955,0.6462,0.1583,15.8,London,medium
51.47,-0.3,3,24,violent,0.041666666666666664,1.0933903064791184,property,0.6475,False,0.1948,0.6475,0.1578,15.8,London,medium
51.47,-0.29,0,71,property,0.014084507042253521,1.0301956472254223,property,0.6488,True,0.194,0.6488,0.1572,15.7,London,medium
51.47,-0.29,1,53,property,0.16981132075471697,1.0523259706276402,property,0.5988,True,0.232,0.5988,0.1693,16.9,London,medium
51.47,-0.29,2,65,property,0.07692307692307693,1.0928305535284886,property,0.6511,True,0.1927,0.6511,0.1561,15.6,London,medium
51.47,-0.29,3,55,property,0.01818181818181818,1.0837619256345559,property,0.6506,True,0.1931,0.6506,0.1564,15.6,London,medium
51.47,-0.28,0,44,property,0.0,1.0900596587107838,property,0.6046,True,0.2275,0.6046,0.1679,16.8,London,medium
51.47,-0.28,1,59,other,0.01694915254237288,1.0764170446706853,property,0.5669,False,0.2641,0.5669,0.1691,16.9,London,medium
51.47,-0.28,2,47,property,0.0,1.0981562798333317,property,0.644,True,0.1962,0.644,0.1598,16.0,London,medium
51.47,-0.28,3,50,property,0.1,1.0888999753452238,other,0.4309,False,0.4309,0.3962,0.1729,17.3,London,uncertain
51.47,-0.27,0,52,property,0.1346153846153846,1.0509597420797265,property,0.65,True,0.1934,0.65,0.1566,15.7,London,medium
51.47,-0.27,1,37,violent,0.02702702702702703,1.088836961521142,property,0.6483,False,0.1939,0.6483,0.1578,15.8,London,medium
51.47,-0.27,2,56,property,0.10714285714285714,1.085308594821531,property,0.5261,True,0.301,0.5261,0.1729,17.3,London,uncertain
51.47,-0.27,3,41,property,0.04878048780487805,1.0304139632566334,property,0.5971,True,0.2306,0.5971,0.1723,17.2,London,medium
51.47,-0.26,0,49,property,0.22448979591836735,1.0461771680533476,property,0.6489,True,0.194,0.6489,0.1571,15.7,London,medium
51.47,-0.26,1,33,property,0.15151515151515152,1.0271492471638468,property,0.6137,True,0.2189,0.6137,0.1674,16.7,London,medium
51.47,-0.26,2,48,property,0.375,0.9680045912248363,property,0.6462,True,0.1955,0.6462,0.1584,15.8,London,medium
51.47,-0.26,3,49,property,0.2653061224489796,1.0324395794041568,property,0.5921,True,0.2332,0.5921,0.1746,17.5,London,medium
51.47,-0.25,0,69,property,0.057971014492753624,1.078459474710128,property,0.6481,True,0.1945,0.6481,0.1575,15.7,London,medium
51.47,-0.25,1,59,property,0.2542372881355932,1.033410713719085,property,0.6476,True,0.1947,0.6476,0.1577,15.8,London,medium
51.47,-0.25,2,49,property,0.12244897959183673,1.0775332398305242,property,0.6412,True,0.1983,0.6412,0.1606,16.1,London,medium
51.47,-0.25,3,59,property,0.2542372881355932,1.033410713719085,property,0.6505,True,0.1931,0.6505,0.1564,15.6,London,medium
51.47,-0.24,0,25,property,0.44,0.9007243623687382,property,0.6278,True,0.2057,0.6278,0.1665,16.7,London,medium
51.47,-0.24,1,14,violent,0.21428571428571427,1.0346012329101812,property,0.6448,False,0.1963,0.6448,0.1589,15.9,London,medium
51.47,-0.24,2,19,property,0.47368421052631576,0.8246593237664703,property,0.643,True,0.1972,0.643,0.1597,16.0,London,medium
51.47,-0.24,3,22,property,0.09090909090909091,1.0843629508682477,property,0.6489,True,0.194,0.6489,0.1571,15.7,London,medium
51.47,-0.23,0,29,property,0.1724137931034483,1.0702128536458757,property,0.6477,True,0.1947,0.6477,0.1577,15.8,London,medium
51.47,-0.23,1,20,property,0.2,0.926506603289533,property,0.643,True,0.1969,0.643,0.16,16.0,London,medium
51.47,-0.23,2,30,property,0.16666666666666666,1.0564242198612623,property,0.6497,True,0.1935,0.6497,0.1567,15.7,London,medium
51.47,-0.23,3,27,property,0.1111111111111111,1.0608569471580214,property,0.6473,True,0.1949,0.6473,0.1578,15.8,London,medium
51.47,-0.22,0,66,property,0.19696969696969696,1.0046838779366762,property,0.6485,True,0.1942,0.6485,0.1573,15.7,London,medium
51.47,-0.22,1,93,property,0.12903225806451613,1.0599864113257504,property,0.6501,True,0.1933,0.6501,0.1566,15.7,London,medium
51.47,-0.22,2,99,property,0.26262626262626265,0.9903573082322444,property,0.6503,True,0.1932,0.6503,0.1565,15.6,London,medium
51.47,-0.22,3,70,property,0.3,0.9877818493609711,property,0.6506,True,0.193,0.6506,0.1563,15.6,London,medium
51.47,-0.21,0,100,other,0.1,1.0159469899476359,property,0.6472,False,0.1949,0.6472,0.1579,15.8,London,medium
51.47,-0.21,1,95,other,0.010526315789473684,1.083169987759487,property,0.6461,False,0.1955,0.6461,0.1584,15.8,London,medium
51.47,-0.21,2,97,property,0.05154639175257732,1.0868394982296197,property,0.6502,True,0.1933,0.6502,0.1565,15.7,London,medium
51.47,-0.21,3,103,property,0.009708737864077669,1.083100946897428,property,0.6503,True,0.1932,0.6503,0.1565,15.6,London,medium
51.47,-0.2,0,108,property,0.17592592592592593,1.043559098781641,property,0.6481,True,0.1944,0.6481,0.1574,15.7,London,medium
51.47,-0.2,1,98,property,0.04081632653061224,1.0922079013120427,property,0.6478,True,0.1946,0.6478,0.1576,15.8,London,medium
51.47,-0.2,2,90,property,0.17777777777777778,1.0350012056698188,property,0.6496,True,0.1936,0.6496,0.1568,15.7,London,medium
51.47,-0.2,3,97,property,0.1134020618556701,1.0509610930201132,property,0.6506,True,0.1931,0.6506,0.1564,15.6,London,medium
51.47,-0.19,0,102,violent,0.0,1.0977383702073082,property,0.6429,False,0.1973,0.6429,0.1598,16.0,London,medium
51.47,-0.19,1,105,property,0.0761904761904762,1.0870083418293452,other,0.4684,False,0.4684,0.3481,0.1835,18.3,London,uncertain
51.47,-0.19,2,96,other,0.010416666666666666,1.0922540730178794,property,0.6506,False,0.1931,0.6506,0.1564,15.6,London,medium
51.47,-0.19,3,103,property,0.11650485436893204,1.0701031902707694,property,0.6492,True,0.1938,0.6492,0.157,15.7,London,medium
51.47,-0.18,0,122,property,0.00819672131147541,1.083767605247992,other,0.4404,False,0.4404,0.3661,0.1935,19.3,London,uncertain
51.47,-0.18,1,109,violent,0.01834862385321101,1.0928427852273122,other,0.6202,False,0.6202,0.2173,0.1625,16.3,London,medium
51.47,-0.18,2,113,other,0.02654867256637168,1.0956976714430593,other,0.6166,True,0.6166,0.2209,0.1625,16.2,London,medium
51.47,-0.18,3,122,property,0.07377049180327869,1.0898101031368266,other,0.6116,False,0.6116,0.2251,0.1633,16.3,London,medium
51.47,-0.17,0,213,violent,0.004694835680751174,1.0835755007644672,other,0.6162,False,0.6162,0.2197,0.1641,16.4,London,medium
51.47,-0.17,1,196,other,0.10714285714285714,1.0814832540850927,other,0.6151,True,0.6151,0.2202,0.1647,16.5,London,medium
51.47,-0.17,2,208,other,0.004807692307692308,1.0874800194499685,other,0.6174,True,0.6174,0.219,0.1636,16.4,London,medium
51.47,-0.17,3,203,other,0.17733990147783252,1.0677499743252064,other,0.6182,True,0.6182,0.2185,0.1632,16.3,London,medium
51.47,-0.16,0,155,property,0.06451612903225806,1.0745372548719814,property,0.5841,True,0.2438,0.5841,0.1721,17.2,London,medium
51.47,-0.16,1,119,violent,0.06722689075630252,1.0881941569113378,other,0.6006,False,0.6006,0.2341,0.1653,16.5,London,medium
51.47,-0.16,2,128,property,0.1328125,1.0780554091577574,property,0.5583,True,0.2684,0.5583,0.1733,17.3,London,medium
51.47,-0.16,3,126,other,0.10317460317460317,1.087429969599259,other,0.5745,True,0.5745,0.2573,0.1681,16.8,London,medium
51.47,-0.15,0,178,other,0.056179775280898875,1.078937278750764,property,0.553,False,0.2714,0.553,0.1755,17.6,London,medium
51.47,-0.15,1,165,other,0.006060606060606061,1.0985020897586104,property,0.6233,False,0.2122,0.6233,0.1644,16.4,London,medium
51.47,-0.15,2,161,other,0.031055900621118012,1.0809176535626224,property,0.6221,False,0.2114,0.6221,0.1665,16.6,London,medium
51.47,-0.15,3,172,other,0.011627906976744186,1.094330779851075,property,0.6382,False,0.2012,0.6382,0.1606,16.1,London,medium
51.47,-0.14,0,130,property,0.007692307692307693,1.093085186711679,property,0.6389,True,0.1995,0.6389,0.1616,16.2,London,medium
51.47,-0.14,1,129,property,0.12403100775193798,1.0827784869050072,property,0.4969,True,0.3235,0.4969,0.1796,18.0,London,uncertain
51.47,-0.14,2,129,property,0.046511627906976744,1.0765892962704153,property,0.6054,True,0.2303,0.6054,0.1643,16.4,London,medium
51.47,-0.14,3,130,property,0.07692307692307693,1.0905510960446603,property,0.6462,True,0.1955,0.6462,0.1584,15.8,London,medium
51.47,-0.13,0,184,other,0.1358695652173913,1.0676275370551678,other,0.6078,True,0.6078,0.2273,0.1649,16.5,London,medium
51.47,-0.13,1,181,property,0.11049723756906077,1.0861687062390752,property,0.6166,True,0.2174,0.6166,0.1661,16.6,London,medium
51.47,-0.13,2,205,property,0.01951219512195122,1.047621478995966,property,0.6189,True,0.2168,0.6189,0.1643,16.4,London,medium
51.47,-0.13,3,193,property,0.03626943005181347,1.0710948332358439,property,0.5422,True,0.282,0.5422,0.1758,17.6,London,uncertain
51.47,-0.12,0,289,property,0.03460207612456748,1.0974281015582519,property,0.6493,True,0.1938,0.6493,0.1569,15.7,London,medium
51.47,-0.12,1,296,violent,0.08445945945945946,1.0886773754325803,property,0.6501,False,0.1933,0.6501,0.1566,15.7,London,medium
51.47,-0.12,2,278,violent,0.025179856115107913,1.0941106346060523,property,0.6506,False,0.1931,0.6506,0.1564,15.6,London,medium
51.47,-0.12,3,275,violent,0.02181818181818182,1.0969284838487363,property,0.6505,False,0.1931,0.6505,0.1564,15.6,London,medium
51.47,-0.11,0,171,other,0.03508771929824561,1.0862384176328672,property,0.5062,False,0.2899,0.5062,0.2039,20.4,London,uncertain
51.47,-0.11,1,174,other,0.08620689655172414,1.0804708459076915,property,0.6409,False,0.1982,0.6409,0.161,16.1,London,medium
51.47,-0.11,2,177,other,0.07909604519774012,1.0894973659435236,other,0.6027,True,0.6027,0.2329,0.1644,16.4,London,medium
51.47,-0.11,3,202,other,0.054455445544554455,1.081197619476139,property,0.5652,False,0.2535,0.5652,0.1813,18.1,London,medium
51.47,-0.1,0,173,property,0.05202312138728324,1.0942191055346633,property,0.6398,True,0.1987,0.6398,0.1615,16.1,London,medium
51.47,-0.1,1,135,property,0.02962962962962963,1.0851303040536704,property,0.6405,True,0.1984,0.6405,0.1612,16.1,London,medium
51.47,-0.1,2,137,other,0.10218978102189781,1.0773004830819548,property,0.6238,False,0.2021,0.6238,0.174,17.4,London,medium
51.47,-0.1,3,182,other,0.038461538461538464,1.0800784170106592,property,0.6489,False,0.1937,0.6489,0.1574,15.7,London,medium
51.47,-0.09,0,318,violent,0.03773584905660377,1.070195687487255,property,0.6484,False,0.194,0.6484,0.1576,15.8,London,medium
51.47,-0.09,1,281,property,0.042704626334519574,1.0724862614505266,property,0.6477,True,0.1944,0.6477,0.158,15.8,London,medium
51.47,-0.09,2,297,violent,0.026936026936026935,1.0799605095044282,property,0.6497,False,0.1933,0.6497,0.1571,15.7,London,medium
51.47,-0.09,3,311,property,0.07395498392282958,1.0835241522460912,property,0.6498,True,0.1932,0.6498,0.157,15.7,London,medium
51.47,-0.08,0,134,violent,0.029850746268656716,1.0970628120114805,property,0.5958,False,0.2386,0.5958,0.1656,16.6,London,medium
51.47,-0.08,1,131,property,0.11450381679389313,1.0769346724149342,property,0.6484,True,0.1943,0.6484,0.1573,15.7,London,medium
51.47,-0.08,2,125,property,0.0,1.0920192874506351,property,0.6506,True,0.193,0.6506,0.1563,15.6,London,medium
51.47,-0.08,3,148,property,0.10810810810810811,1.0847444242902107,property,0.6506,True,0.193,0.6506,0.1563,15.6,London,medium
51.47,-0.07,0,402,property,0.16666666666666666,1.0674415200212837,property,0.649,True,0.194,0.649,0.1571,15.7,London,medium
51.47,-0.07,1,408,property,0.11274509803921569,1.0789108548998172,property,0.6501,True,0.1933,0.6501,0.1566,15.7,London,medium
51.47,-0.07,2,435,property,0.022988505747126436,1.0838669265853471,property,0.6503,True,0.1932,0.6503,0.1565,15.7,London,medium
51.47,-0.07,3,370,property,0.15405405405405406,1.0381488137376056,property,0.6503,True,0.1932,0.6503,0.1565,15.7,London,medium
51.47,-0.06,0,172,property,0.09883720930232558,1.079918326833184,property,0.6467,True,0.1949,0.6467,0.1584,15.8,London,medium
51.47,-0.06,1,174,property,0.08620689655172414,1.0913687084760222,property,0.642,True,0.1978,0.642,0.1602,16.0,London,medium
51.47,-0.06,2,201,property,0.03980099502487562,1.0861734312257139,property,0.6505,True,0.1931,0.6505,0.1564,15.6,London,medium
51.47,-0.06,3,216,violent,0.0,1.0968504909980972,property,0.6506,False,0.193,0.6506,0.1563,15.6,London,medium
51.47,-0.05,0,101,property,0.019801980198019802,1.0934103783306304,other,0.4928,False,0.4928,0.3228,0.1844,18.4,London,uncertain
51.47,-0.05,1,87,violent,0.20689655172413793,1.038921438186876,property,0.641,False,0.198,0.641,0.1609,16.1,London,medium
51.47,-0.05,2,110,violent,0.1,1.0804234070630017,property,0.5071,False,0.2912,0.5071,0.2016,20.2,London,uncertain
51.47,-0.05,3,112,property,0.008928571428571428,1.0951164436878846,violent,0.4581,False,0.2264,0.3155,0.4581,45.8,London,uncertain
51.47,-0.04,0,66,violent,0.0,1.0965126298473238,property,0.6487,False,0.1938,0.6487,0.1575,15.7,London,medium
51.47,-0.04,1,60,other,0.05,1.0961509758519727,property,0.6464,False,0.1951,0.6464,0.1585,15.9,London,medium
51.47,-0.04,2,72,property,0.16666666666666666,1.0635215028672123,property,0.6506,True,0.193,0.6506,0.1563,15.6,London,medium
51.47,-0.04,3,74,property,0.02702702702702703,1.088836961521142,property,0.6448,True,0.196,0.6448,0.1592,15.9,London,medium
51.47,-0.03,0,142,violent,0.04225352112676056,1.0941049965693121,property,0.6459,False,0.1954,0.6459,0.1588,15.9,London,medium
51.47,-0.03,1,132,property,0.08333333333333333,1.090377435463893,property,0.633,True,0.2049,0.633,0.1621,16.2,London,medium
51.47,-0.03,2,140,property,0.04285714285714286,1.0947545542333468,property,0.6505,True,0.1931,0.6505,0.1564,15.6,London,medium
51.47,-0.03,3,138,violent,0.0,1.0981361601343858,property,0.6381,False,0.2009,0.6381,0.161,16.1,London,medium
51.47,-0.02,0,187,other,0.026737967914438502,1.0935310517920158,property,0.6476,False,0.1944,0.6476,0.158,15.8,London,medium
51.47,-0.02,1,165,other,0.006060606060606061,1.094442126472044,property,0.6485,False,0.1942,0.6485,0.1573,15.7,London,medium
51.47,-0.02,2,183,other,0.00546448087431694,1.096886700497957,property,0.6497,False,0.1933,0.6497,0.1571,15.7,London,medium
51.47,-0.02,3,159,other,0.012578616352201259,1.0952300843917535,property,0.6484,False,0.194,0.6484,0.1576,15.8,London,medium
51.47,-0.01,0,126,violent,0.1349206349206349,1.0684072861636675,property,0.6473,False,0.1946,0.6473,0.1581,15.8,London,medium
51.47,-0.01,1,120,violent,0.125,1.0798705879340924,violent,0.5427,True,0.2171,0.2402,0.5427,54.3,London,uncertain
51.47,-0.01,2,132,violent,0.18181818181818182,1.0670895187820832,violent,0.4921,True,0.2255,0.2824,0.4921,49.2,London,uncertain
51.47,-0.01,3,123,violent,0.016260162601626018,1.0828318947295177,violent,0.4629,True,0.2386,0.2984,0.4629,46.3,London,uncertain
51.47,0.0,0,12,other,0.16666666666666666,1.0114042647073518,other,0.5963,True,0.5963,0.2344,0.1693,16.9,London,medium
51.47,0.0,1,16,violent,0.125,1.0717300941124526,other,0.6097,False,0.6097,0.2235,0.1668,16.7,London,medium
51.47,0.0,2,14,violent,0.21428571428571427,1.0346012329101812,property,0.5983,False,0.2175,0.5983,0.1842,18.4,London,medium
51.47,0.0,3,15,property,0.0,1.0549201679861442,other,0.4152,False,0.4152,0.3624,0.2224,22.2,London,uncertain
51.47,0.01,0,63,property,0.38095238095238093,0.943897826629654,property,0.5523,True,0.2652,0.5523,0.1826,18.3,London,medium
51.47,0.01,1,60,property,0.18333333333333332,1.0217260613086157,property,0.6416,True,0.198,0.6416,0.1604,16.0,London,medium
51.47,0.01,2,63,property,0.2222222222222222,1.0441032469545746,property,0.6487,True,0.1941,0.6487,0.1572,15.7,London,medium
51.47,0.01,3,79,property,0.31645569620253167,0.9533547483132716,property,0.6502,True,0.1933,0.6502,0.1565,15.7,London,medium
51.47,0.02,0,25,property,0.2,1.0512435186197395,property,0.6484,True,0.194,0.6484,0.1576,15.8,London,medium
51.47,0.02,1,37,property,0.3783783783783784,0.9552466328953371,property,0.6478,True,0.1946,0.6478,0.1576,15.8,London,medium
51.47,0.02,2,22,property,0.18181818181818182,1.0208880675106418,property,0.6505,True,0.1931,0.6505,0.1564,15.6,London,medium
51.47,0.02,3,28,property,0.14285714285714285,1.0789922078775833,property,0.6492,True,0.1938,0.6492,0.157,15.7,London,medium
51.47,0.03,0,58,violent,0.017241379310344827,1.0946801913700852,property,0.6319,False,0.2031,0.6319,0.165,16.5,London,medium
51.47,0.03,1,43,other,0.046511627906976744,1.0830087699663322,violent,0.5595,False,0.2119,0.2286,0.5595,56.0,London,medium
51.47,0.03,2,49,violent,0.2857142857142857,1.0161827922576345,violent,0.5433,True,0.2153,0.2414,0.5433,54.3,London,uncertain
51.47,0.03,3,56,violent,0.07142857142857142,1.0354817310237678,property,0.649,False,0.1936,0.649,0.1573,15.7,London,medium
51.47,0.04,0,51,violent,0.0196078431372549,0.9735931277121352,property,0.5986,False,0.2098,0.5986,0.1917,19.2,London,medium
51.47,0.04,1,52,violent,0.17307692307692307,1.0620439764298153,violent,0.5603,True,0.2115,0.2282,0.5603,56.0,London,medium
51.47,0.04,2,38,violent,0.3684210526315789,0.9364823445220503,violent,0.5525,True,0.2153,0.2322,0.5525,55.2,London,medium
51.47,0.04,3,75,violent,0.04,1.0871316531463626,property,0.461,False,0.2313,0.461,0.3077,30.8,London,uncertain
51.47,0.05,0,59,property,0.01694915254237288,1.057053737258649,property,0.6402,True,0.1985,0.6402,0.1613,16.1,London,medium
51.47,0.05,1,56,violent,0.05357142857142857,1.0945250892480327,property,0.634,False,0.2017,0.634,0.1643,16.4,London,medium
51.47,0.05,2,46,other,0.21739130434782608,1.0354553194605978,property,0.6474,False,0.1944,0.6474,0.1582,15.8,London,medium
51.47,0.05,3,56,property,0.14285714285714285,1.0789922078775833,property,0.6476,True,0.1947,0.6476,0.1577,15.8,London,medium
51.47,0.06,0,17,property,0.11764705882352941,1.0283941667143721,violent,0.5574,False,0.213,0.2295,0.5574,55.7,London,medium
51.47,0.06,1,20,other,0.05,1.080527626604172,other,0.6206,True,0.6206,0.217,0.1624,16.2,London,medium
51.47,0.06,2,23,property,0.21739130434782608,1.0538437102109437,property,0.6479,True,0.1943,0.6479,0.1578,15.8,London,medium
51.47,0.06,3,31,property,0.06451612903225806,1.0914145617941,property,0.6341,True,0.2029,0.6341,0.163,16.3,London,medium
51.47,0.07,0,25,other,0.36,0.942216333812959,other,0.472,True,0.472,0.3523,0.1757,17.6,London,uncertain
51.47,0.07,1,26,violent,0.0,1.0971128947333808,violent,0.3487,True,0.3256,0.3257,0.3487,34.9,London,uncertain
51.47,0.07,2,35,other,0.2857142857142857,1.0027556945301126,other,0.6208,True,0.6208,0.2169,0.1622,16.2,London,medium
51.47,0.07,3,27,other,0.2222222222222222,1.0518708017904639,other,0.4616,True,0.4616,0.3589,0.1795,18.0,London,uncertain
51.47,0.08,0,4,violent,0.25,1.0397207708399179,property,0.6476,False,0.1947,0.6476,0.1577,15.8,London,medium
51.47,0.08,1,3,violent,0.0,1.0986122886681096,property,0.6457,False,0.1958,0.6457,0.1585,15.9,London,medium
51.47,0.08,2,5,other,0.4,0.9502705392332347,property,0.6479,False,0.1945,0.6479,0.1575,15.8,London,medium
51.47,0.08,3,5,violent,0.2,0.6730116880595105,violent,0.4959,True,0.2256,0.2785,0.4959,49.6,London,uncertain
51.47,0.09,0,32,property,0.0,1.0457596493819676,violent,0.5596,False,0.2119,0.2285,0.5596,56.0,London,medium
51.47,0.09,1,54,property,0.037037037037037035,1.0679385050380008,other,0.6157,False,0.6157,0.221,0.1634,16.3,London,medium
51.47,0.09,2,35,property,0.11428571428571428,1.0761302839653792,other,0.6161,False,0.6161,0.2208,0.1631,16.3,London,medium
51.47,0.09,3,42,property,0.07142857142857142,1.0251188753456049,violent,0.5618,False,0.2109,0.2273,0.5618,56.2,London,medium
51.47,0.1,0,26,property,0.15384615384615385,1.0579054247036734,property,0.6441,True,0.1962,0.6441,0.1598,16.0,London,medium
51.47,0.1,1,16,property,0.25,1.0397207708399179,property,0.608,True,0.2063,0.608,0.1857,18.6,London,medium
51.47,0.1,2,28,violent,0.0,1.0933747175566468,property,0.6505,False,0.1931,0.6505,0.1564,15.6,London,medium
51.47,0.1,3,25,violent,0.08,1.0875656525975472,violent,0.4721,True,0.2314,0.2965,0.4721,47.2,London,uncertain
51.47,0.11,0,45,violent,0.022222222222222223,1.0971297078373583,other,0.4731,False,0.4731,0.2567,0.2703,27.0,London,uncertain
51.47,0.11,1,51,violent,0.13725490196078433,1.0632635480250523,violent,0.5596,True,0.2119,0.2285,0.5596,56.0,London,medium
51.47,0.11,2,52,other,0.07692307692307693,1.0849667828937124,violent,0.5603,False,0.2115,0.2282,0.5603,56.0,London,medium
51.47,0.11,3,54,violent,0.05555555555555555,1.0761763386930652,violent,0.5603,True,0.2115,0.2282,0.5603,56.0,London,medium
51.47,0.12,0,45,property,0.17777777777777778,0.9986960225194133,property,0.6491,True,0.1939,0.6491,0.157,15.7,London,medium
51.47,0.12,1,42,property,0.16666666666666666,1.0114042647073518,property,0.5782,True,0.2152,0.5782,0.2066,20.7,London,medium
51.47,0.12,2,35,property,0.2571428571428571,1.028569628015253,property,0.6488,True,0.1936,0.6488,0.1576,15.8,London,medium
51.47,0.12,3,51,property,0.23529411764705882,0.9654625565649257,property,0.6489,True,0.1935,0.6489,0.1575,15.8,London,medium
51.47,0.13,0,27,property,0.037037037037037035,1.067938505038001,property,0.6484,True,0.1942,0.6484,0.1573,15.7,London,medium
51.47,0.13,1,31,property,0.2903225806451613,0.9968673335895757,property,0.6508,True,0.1929,0.6508,0.1563,15.6,London,medium
51.47,0.13,2,23,other,0.043478260869565216,1.08501115745815,property,0.5429,False,0.2152,0.5429,0.2419,24.2,London,uncertain
51.47,0.13,3,23,property,0.4782608695652174,0.8871851765599204,property,0.5896,True,0.2117,0.5896,0.1987,19.9,London,medium
51.47,0.14,0,27,violent,0.18518518518518517,0.9896516343332492,other,0.6181,False,0.6181,0.2185,0.1633,16.3,London,medium
51.47,0.14,1,27,violent,0.037037037037037035,1.067938505038001,property,0.6426,False,0.1975,0.6426,0.1599,16.0,London,medium
51.47,0.14,2,34,other,0.23529411764705882,1.0388552193685043,property,0.5585,False,0.2137,0.5585,0.2279,22.8,London,medium
51.47,0.14,3,28,violent,0.2857142857142857,1.0110373360577514,property,0.6432,False,0.1971,0.6432,0.1597,16.0,London,medium
51.47,0.15,0,41,property,0.0,0.9794117533766874,property,0.6316,True,0.2033,0.6316,0.1651,16.5,London,medium
51.47,0.15,1,40,property,0.3,0.957785159550915,property,0.5146,True,0.2205,0.5146,0.2649,26.5,London,uncertain
51.47,0.15,2,36,property,0.027777777777777776,1.0504931974968332,property,0.6053,True,0.2063,0.6053,0.1884,18.8,London,medium
51.47,0.15,3,33,property,0.06060606060606061,1.0875314752904792,property,0.5147,True,0.2225,0.5147,0.2628,26.3,London,uncertain
51.47,0.16,0,59,other,0.1016949152542373,1.0769105075938459,property,0.6399,False,0.2002,0.6399,0.1599,16.0,London,medium
51.47,0.16,1,65,violent,0.2153846153846154,1.0428335229994006,property,0.6483,False,0.1938,0.6483,0.1579,15.8,London,medium
51.47,0.16,2,56,violent,0.19642857142857142,1.0281516704736589,property,0.6473,False,0.1946,0.6473,0.1581,15.8,London,medium
51.47,0.16,3,64,violent,0.078125,1.071206796288844,property,0.6268,False,0.2072,0.6268,0.1661,16.6,London,medium
51.47,0.17,0,40,violent,0.35,0.9376369622724492,violent,0.5466,True,0.218,0.2355,0.5466,54.7,London,uncertain
51.47,0.17,1,27,violent,0.1111111111111111,1.0866549153502754,property,0.4294,False,0.2374,0.4294,0.3332,33.3,London,uncertain
51.47,0.17,2,36,violent,0.2777777777777778,1.0181052125220258,violent,0.5495,True,0.2139,0.2367,0.5495,54.9,London,uncertain
51.47,0.17,3,36,violent,0.3611111111111111,0.9670779782056165,violent,0.5519,True,0.2131,0.2349,0.5519,55.2,London,medium
51.47,0.18,0,83,violent,0.03614457831325301,1.0774512529852927,violent,0.5572,True,0.2127,0.2301,0.5572,55.7,London,medium
51.47,0.18,1,104,violent,0.23076923076923078,1.046110008375834,violent,0.5244,True,0.2182,0.2574,0.5244,52.4,London,uncertain
51.47,0.18,2,99,violent,0.13131313131313133,1.0806205640495905,violent,0.4569,True,0.2401,0.303,0.4569,45.7,London,uncertain
51.47,0.18,3,86,violent,0.10465116279069768,1.0610427178421964,violent,0.5489,True,0.2146,0.2365,0.5489,54.9,London,uncertain
51.47,0.19,0,83,property,0.012048192771084338,1.0975898205306704,violent,0.5432,False,0.2196,0.2371,0.5432,54.3,London,uncertain
51.47,0.19,1,94,violent,0.05319148936170213,1.0780884996703555,violent,0.5551,True,0.2126,0.2323,0.5551,55.5,London,medium
51.47,0.19,2,93,violent,0.17204301075268819,1.0684647665063203,property,0.6475,False,0.1945,0.6475,0.158,15.8,London,medium
51.47,0.19,3,94,other,0.031914893617021274,1.0929934373355612,property,0.5345,False,0.2259,0.5345,0.2396,24.0,London,uncertain
51.47,0.2,0,17,violent,0.4117647058823529,0.8739004142690672,violent,0.5596,True,0.212,0.2284,0.5596,56.0,London,medium
51.47,0.2,1,12,property,0.08333333333333333,1.077556327066801,property,0.5811,True,0.2164,0.5811,0.2025,20.3,London,medium
51.47,0.2,2,12,violent,0.16666666666666666,1.0114042647073518,violent,0.56,True,0.2118,0.2282,0.56,56.0,London,medium
51.47,0.2,3,19,other,0.05263157894736842,0.9551311954514641,violent,0.5353,False,0.2283,0.2364,0.5353,53.5,London,uncertain
51.480000000000004,-0.61,2,3,violent,0.3333333333333333,0.6365141893815645,violent,0.5588,True,0.2123,0.2288,0.5588,55.9,London,medium
51.480000000000004,-0.51,0,4,other,0.5,0.5623351657797391,other,0.6121,True,0.6121,0.2215,0.1664,16.6,London,medium
51.480000000000004,-0.51,1,3,other,1.0,4.34465315364359e-08,other,0.3824,True,0.3824,0.261,0.3566,35.7,London,uncertain
51.480000000000004,-0.51,3,4,property,0.5,0.5623351657797391,violent,0.4489,False,0.2882,0.2629,0.4489,44.9,London,uncertain
51.480000000000004,-0.49,0,10,property,0.2,1.0296530140645737,property,0.4619,True,0.3461,0.4619,0.192,19.2,London,uncertain
51.480000000000004,-0.49,1,12,other,0.5,0.8675632284814612,other,0.6174,True,0.6174,0.2187,0.1639,16.4,London,medium
51.480000000000004,-0.49,2,11,other,0.36363636363636365,0.8599672810355049,other,0.6159,True,0.6159,0.2193,0.1648,16.5,London,medium
51.480000000000004,-0.49,3,13,other,0.3076923076923077,1.0100997593541636,other,0.4292,True,0.4292,0.3953,0.1755,17.5,London,uncertain
51.480000000000004,-0.48,0,89,violent,0.48314606741573035,0.8719742196098077,violent,0.5464,True,0.2156,0.238,0.5464,54.6,London,uncertain
51.480000000000004,-0.48,1,99,violent,0.5858585858585859,0.7748056599247962,violent,0.5565,True,0.2133,0.2302,0.5565,55.6,London,medium
51.480000000000004,-0.48,2,86,violent,0.32558139534883723,0.959569542068579,violent,0.5588,True,0.2122,0.229,0.5588,55.9,London,medium
51.480000000000004,-0.48,3,82,violent,0.3048780487804878,0.9996572428776691,violent,0.5588,True,0.2122,0.229,0.5588,55.9,London,medium
51.480000000000004,-0.47000000000000003,0,38,violent,0.07894736842105263,1.0723024123879004,property,0.6473,False,0.1944,0.6473,0.1583,15.8,London,medium
51.480000000000004,-0.47000000000000003,1,39,property,0.1282051282051282,1.048008681448374,property,0.6464,True,0.1954,0.6464,0.1582,15.8,London,medium
51.480000000000004,-0.47000000000000003,2,33,other,0.09090909090909091,1.073502017562408,other,0.6047,True,0.6047,0.2309,0.1644,16.4,London,medium
51.480000000000004,-0.47000000000000003,3,32,other,0.09375,1.0130227035447372,property,0.4929,False,0.2368,0.4929,0.2704,27.0,London,uncertain
51.480000000000004,-0.46,0,15,property,0.13333333333333333,0.8823109245150756,other,0.4484,False,0.4484,0.2637,0.2879,28.8,London,uncertain
51.480000000000004,-0.46,1,27,other,0.37037037037037035,0.8853985416210997,other,0.6025,True,0.6025,0.2274,0.1702,17.0,London,medium
51.480000000000004,-0.46,2,19,other,0.42105263157894735,0.9097077103274986,other,0.6089,True,0.6089,0.2238,0.1673,16.7,London,medium
51.480000000000004,-0.46,3,18,other,0.05555555555555555,1.0263306332944864,other,0.6092,True,0.6092,0.2234,0.1674,16.7,London,medium
51.480000000000004,-0.45,0,51,property,0.3137254901960784,0.9755326540452337,property,0.6465,True,0.1953,0.6465,0.1582,15.8,London,medium
51.480000000000004,-0.45,1,42,property,0.30952380952380953,0.9693003094138454,property,0.6485,True,0.1942,0.6485,0.1573,15.7,London,medium
51.480000000000004,-0.45,2,32,other,0.0625,0.9810398994243299,property,0.6397,False,0.1991,0.6397,0.1612,16.1,London,medium
51.480000000000004,-0.45,3,34,property,0.29411764705882354,0.983127624158612,property,0.649,True,0.1939,0.649,0.1571,15.7,London,medium
51.480000000000004,-0.44,0,55,other,0.2545454545454545,1.0329173571139378,property,0.6342,False,0.2018,0.6342,0.164,16.4,London,medium
51.480000000000004,-0.44,1,52,property,0.07692307692307693,1.0457329781877107,property,0.6394,True,0.1993,0.6394,0.1614,16.1,London,medium
51.480000000000004,-0.44,2,58,other,0.1896551724137931,1.0464655143246717,property,0.5211,False,0.3004,0.5211,0.1786,17.9,London,uncertain
51.480000000000004,-0.44,3,57,property,0.07017543859649122,1.0468457447700066,property,0.6435,True,0.197,0.6435,0.1595,16.0,London,medium
51.480000000000004,-0.43,0,46,property,0.10869565217391304,1.044480267270522,property,0.648,True,0.1945,0.648,0.1575,15.7,London,medium
51.480000000000004,-0.43,1,50,property,0.08,1.0180982073487161,property,0.6462,True,0.1955,0.6462,0.1583,15.8,London,medium
51.480000000000004,-0.43,2,46,property,0.10869565217391304,1.0843917254939652,property,0.6493,True,0.1938,0.6493,0.1569,15.7,London,medium
51.480000000000004,-0.43,3,38,property,0.21052631578947367,1.0565758044102838,property,0.6494,True,0.1937,0.6494,0.1569,15.7,London,medium
51.480000000000004,-0.42,0,20,property,0.3,0.9972715231823841,property,0.5856,True,0.2378,0.5856,0.1766,17.7,London,medium
51.480000000000004,-0.42,1,24,property,0.041666666666666664,1.0933903064791184,other,0.6083,False,0.6083,0.2246,0.1671,16.7,London,medium
51.480000000000004,-0.42,2,30,other,0.06666666666666667,1.0851886129676505,property,0.6486,False,0.1942,0.6486,0.1573,15.7,London,medium
51.480000000000004,-0.42,3,17,property,0.29411764705882354,1.017602986115916,other,0.6096,False,0.6096,0.2239,0.1665,16.6,London,medium
51.480000000000004,-0.41000000000000003,0,103,violent,0.05825242718446602,1.067234476491481,property,0.4239,False,0.2725,0.4239,0.3036,30.4,London,uncertain
51.480000000000004,-0.41000000000000003,1,95,violent,0.031578947368421054,1.0731569948045925,property,0.6461,False,0.1952,0.6461,0.1587,15.9,London,medium
51.480000000000004,-0.41000000000000003,2,112,property,0.03571428571428571,1.0924814880174574,property,0.6415,True,0.1975,0.6415,0.1609,16.1,London,medium
51.480000000000004,-0.41000000000000003,3,89,other,0.033707865168539325,1.055749715272401,violent,0.5164,False,0.2287,0.2548,0.5164,51.6,London,uncertain
51.480000000000004,-0.4,0,57,property,0.03508771929824561,1.0711972361580184,other,0.4076,False,0.4076,0.2911,0.3013,30.1,London,uncertain
51.480000000000004,-0.4,1,57,other,0.03508771929824561,1.0949119933554285,violent,0.551,False,0.2149,0.234,0.551,55.1,London,medium
51.480000000000004,-0.4,2,45,violent,0.044444444444444446,1.053684964233786,violent,0.5512,True,0.2133,0.2355,0.5512,55.1,London,medium
51.480000000000004,-0.4,3,54,property,0.07407407407407407,1.0915577947682733,property,0.6409,True,0.1984,0.6409,0.1607,16.1,London,medium
51.480000000000004,-0.39,0,97,other,0.14432989690721648,1.0627869340844283,other,0.6115,True,0.6115,0.2224,0.1661,16.6,London,medium
51.480000000000004,-0.39,1,107,violent,0.14018691588785046,1.0462749428972358,other,0.6156,False,0.6156,0.2199,0.1645,16.4,London,medium
51.480000000000004,-0.39,2,79,other,0.10126582278481013,1.0872553488681305,other,0.6169,True,0.6169,0.2193,0.1639,16.4,London,medium
51.480000000000004,-0.39,3,91,other,0.0989010989010989,1.0865056708981626,other,0.6164,True,0.6164,0.2196,0.1641,16.4,London,medium
51.480000000000004,-0.38,0,74,violent,0.013513513513513514,1.0846912787286973,other,0.6077,False,0.6077,0.2235,0.1689,16.9,London,medium
51.480000000000004,-0.38,1,60,other,0.03333333333333333,1.0952733774372052,violent,0.4501,False,0.2968,0.2531,0.4501,45.0,London,uncertain
51.480000000000004,-0.38,2,90,violent,0.06666666666666667,1.0521391662238093,violent,0.534,True,0.2229,0.2431,0.534,53.4,London,uncertain
51.480000000000004,-0.38,3,78,other,0.038461538461538464,1.0971509096599028,other,0.6189,True,0.6189,0.2181,0.163,16.3,London,medium
51.480000000000004,-0.37,0,57,property,0.017543859649122806,1.0919804569730027,violent,0.5493,False,0.2157,0.235,0.5493,54.9,London,uncertain
51.480000000000004,-0.37,1,62,property,0.016129032258064516,1.0902968400578485,other,0.5672,False,0.5672,0.2584,0.1744,17.4,London,medium
51.480000000000004,-0.37,2,83,property,0.012048192771084338,1.0876061648714517,violent,0.5587,False,0.2126,0.2287,0.5587,55.9,London,medium
51.480000000000004,-0.37,3,83,property,0.03614457831325301,1.0967438991153922,property,0.6003,True,0.2139,0.6003,0.1858,18.6,London,medium
51.480000000000004,-0.36,0,72,property,0.027777777777777776,1.0909142235313092,property,0.6489,True,0.194,0.6489,0.1571,15.7,London,medium
51.480000000000004,-0.36,1,77,other,0.025974025974025976,1.0804029758935185,property,0.6467,False,0.1952,0.6467,0.1581,15.8,London,medium
51.480000000000004,-0.36,2,79,property,0.11392405063291139,1.074728878672916,property,0.6499,True,0.1934,0.6499,0.1567,15.7,London,medium
51.480000000000004,-0.36,3,83,other,0.060240963855421686,1.0915582439404674,property,0.6491,False,0.1939,0.6491,0.157,15.7,London,medium
51.480000000000004,-0.35000000000000003,0,35,other,0.17142857142857143,1.0649968705807584,violent,0.5452,False,0.2168,0.2379,0.5452,54.5,London,uncertain
51.480000000000004,-0.35000000000000003,1,35,property,0.05714285714285714,1.0528776127202617,property,0.4486,True,0.2278,0.4486,0.3237,32.4,London,uncertain
51.480000000000004,-0.35000000000000003,2,28,property,0.10714285714285714,1.074516223144162,property,0.4621,True,0.32,0.4621,0.2179,21.8,London,uncertain
51.480000000000004,-0.35000000000000003,3,32,violent,0.0,1.0821955300387673,violent,0.5613,True,0.2111,0.2276,0.5613,56.1,London,medium
51.480000000000004,-0.34,0,54,other,0.037037037037037035,1.0679385050380008,other,0.6098,True,0.6098,0.2222,0.168,16.8,London,medium
51.480000000000004,-0.34,1,55,other,0.03636363636363636,1.0963156586476261,violent,0.4914,False,0.2579,0.2507,0.4914,49.1,London,uncertain
51.480000000000004,-0.34,2,60,other,0.03333333333333333,1.0874652669821203,other,0.6076,True,0.6076,0.2264,0.1661,16.6,London,medium
51.480000000000004,-0.34,3,46,other,0.021739130434782608,1.0923286127544831,violent,0.5483,False,0.2176,0.2341,0.5483,54.8,London,uncertain
51.480000000000004,-0.33,0,55,other,0.12727272727272726,1.0829839838134994,other,0.4752,True,0.4752,0.3468,0.178,17.8,London,uncertain
51.480000000000004,-0.33,1,58,other,0.08620689655172414,1.0896208474868145,other,0.6162,True,0.6162,0.2207,0.1631,16.3,London,medium
51.480000000000004,-0.33,2,55,other,0.10909090909090909,1.081846879198666,other,0.5765,True,0.5765,0.2565,0.167,16.7,London,medium
51.480000000000004,-0.33,3,55,other,0.07272727272727272,1.093438187230594,other,0.6197,True,0.6197,0.2176,0.1627,16.3,London,medium
51.480000000000004,-0.32,0,58,other,0.10344827586206896,1.052787230251689,other,0.6143,True,0.6143,0.222,0.1637,16.4,London,medium
51.480000000000004,-0.32,1,63,violent,0.031746031746031744,1.095584269840347,other,0.6196,False,0.6196,0.2177,0.1627,16.3,London,medium
51.480000000000004,-0.32,2,56,other,0.017857142857142856,1.0963586028030445,other,0.6116,True,0.6116,0.2241,0.1643,16.4,London,medium
51.480000000000004,-0.32,3,51,other,0.17647058823529413,1.0688850014380966,other,0.6186,True,0.6186,0.2183,0.1631,16.3,London,medium
51.480000000000004,-0.31,0,91,property,0.2857142857142857,0.9556998911125343,property,0.6478,True,0.1946,0.6478,0.1576,15.8,London,medium
51.480000000000004,-0.31,1,77,property,0.3246753246753247,0.8945144661693412,property,0.649,True,0.1939,0.649,0.1571,15.7,London,medium
51.480000000000004,-0.31,2,90,property,0.3,1.0037377904917537,property,0.6499,True,0.1934,0.6499,0.1567,15.7,London,medium
51.480000000000004,-0.31,3,91,property,0.25274725274725274,1.0357297792778195,property,0.6486,True,0.1942,0.6486,0.1572,15.7,London,medium
51.480000000000004,-0.3,0,21,other,0.047619047619047616,1.0466304865832219,other,0.6039,True,0.6039,0.2266,0.1695,16.9,London,medium
51.480000000000004,-0.3,1,26,property,0.038461538461538464,1.0484854421409806,other,0.5951,False,0.5951,0.2315,0.1734,17.3,London,medium
51.480000000000004,-0.3,2,31,other,0.3225806451612903,0.9594899935903025,other,0.4523,True,0.4523,0.3633,0.1843,18.4,London,uncertain
51.480000000000004,-0.3,3,33,other,0.21212121212121213,1.0134459070948298,other,0.4336,True,0.4336,0.3926,0.1738,17.4,London,uncertain
51.480000000000004,-0.29,0,35,property,0.08571428571428572,1.0674862001343326,property,0.6478,True,0.1946,0.6478,0.1576,15.8,London,medium
51.480000000000004,-0.29,1,23,property,0.13043478260869565,1.0242960516378312,property,0.6477,True,0.1947,0.6477,0.1577,15.8,London,medium
51.480000000000004,-0.29,2,24,property,0.5,0.7781325481710262,property,0.5735,True,0.2554,0.5735,0.1711,17.1,London,medium
51.480000000000004,-0.29,3,28,property,0.0,1.0042424730540764,property,0.5024,True,0.3201,0.5024,0.1775,17.8,London,uncertain
51.480000000000004,-0.28,0,56,property,0.32142857142857145,0.9424760679071904,property,0.6324,True,0.2031,0.6324,0.1645,16.4,London,medium
51.480000000000004,-0.28,1,48,property,0.3333333333333333,0.988069879390403,property,0.6461,True,0.1955,0.6461,0.1584,15.8,London,medium
51.480000000000004,-0.28,2,47,property,0.10638297872340426,1.0560573532426365,property,0.6481,True,0.1945,0.6481,0.1575,15.7,London,medium
51.480000000000004,-0.28,3,65,property,0.36923076923076925,0.9663962186461563,property,0.6498,True,0.1935,0.6498,0.1567,15.7,London,medium
51.480000000000004,-0.27,0,35,property,0.2,1.046033486851276,property,0.6352,True,0.2016,0.6352,0.1632,16.3,London,medium
51.480000000000004,-0.27,1,56,other,0.10714285714285714,1.0568674760329457,property,0.6472,False,0.1947,0.6472,0.1582,15.8,London,medium
51.480000000000004,-0.27,2,37,property,0.13513513513513514,1.076752548142629,property,0.6503,True,0.1932,0.6503,0.1565,15.6,London,medium
51.480000000000004,-0.27,3,47,property,0.06382978723404255,1.0928231916403195,property,0.6489,True,0.194,0.6489,0.1571,15.7,London,medium
51.480000000000004,-0.26,0,27,other,0.2222222222222222,1.0518708017904639,property,0.4305,False,0.3937,0.4305,0.1757,17.6,London,uncertain
51.480000000000004,-0.26,1,29,other,0.06896551724137931,1.030455167574317,property,0.6472,False,0.1949,0.6472,0.1579,15.8,London,medium
51.480000000000004,-0.26,2,26,property,0.0,1.0158321747121084,property,0.6442,True,0.1966,0.6442,0.1592,15.9,London,medium
51.480000000000004,-0.26,3,32,other,0.0625,1.0795883408865783,property,0.6429,False,0.1973,0.6429,0.1598,16.0,London,medium
51.480000000000004,-0.25,0,21,violent,0.0,1.0769865220544765,property,0.6498,False,0.1935,0.6498,0.1567,15.7,London,medium
51.480000000000004,-0.25,1,15,property,0.06666666666666667,1.0851886129676505,property,0.6241,True,0.212,0.6241,0.164,16.4,London,medium
51.480000000000004,-0.25,2,21,property,0.047619047619047616,1.0466304865832217,property,0.6479,True,0.1945,0.6479,0.1575,15.8,London,medium
51.480000000000004,-0.25,3,21,violent,0.23809523809523808,1.0124947110267577,property,0.646,False,0.1956,0.646,0.1584,15.8,London,medium
51.480000000000004,-0.24,0,53,other,0.20754716981132076,0.9872374707728753,property,0.6441,False,0.1966,0.6441,0.1593,15.9,London,medium
51.480000000000004,-0.24,1,47,other,0.23404255319148937,1.027945803725141,other,0.5739,True,0.5739,0.253,0.1731,17.3,London,medium
51.480000000000004,-0.24,2,30,other,0.2,1.0296530140645737,property,0.5971,False,0.2306,0.5971,0.1723,17.2,London,medium
51.480000000000004,-0.24,3,50,other,0.1,1.061134828955732,other,0.5748,True,0.5748,0.2572,0.168,16.8,London,medium
51.480000000000004,-0.23,0,5,property,0.2,0.6730116880595105,property,0.6454,True,0.196,0.6454,0.1587,15.9,London,medium
51.480000000000004,-0.23,1,6,violent,0.0,0.6931472015900639,property,0.6461,False,0.1956,0.6461,0.1584,15.8,London,medium
51.480000000000004,-0.23,2,8,property,0.25,1.0397207708399179,property,0.6472,True,0.195,0.6472,0.1579,15.8,London,medium
51.480000000000004,-0.23,3,4,property,0.0,0.6931472015900639,property,0.6477,True,0.1946,0.6477,0.1576,15.8,London,medium
51.480000000000004,-0.22,0,102,property,0.19607843137254902,1.0502270720550637,property,0.6481,True,0.1944,0.6481,0.1574,15.7,London,medium
51.480000000000004,-0.22,1,97,property,0.2268041237113402,1.0422931900651586,property,0.6446,True,0.1964,0.6446,0.159,15.9,London,medium
51.480000000000004,-0.22,2,119,property,0.16806722689075632,1.0668966049564046,property,0.6496,True,0.1936,0.6496,0.1568,15.7,London,medium
51.480000000000004,-0.22,3,127,property,0.2755905511811024,0.987220290636012,property,0.6491,True,0.1939,0.6491,0.157,15.7,London,medium
51.480000000000004,-0.21,0,170,other,0.011764705882352941,1.080887941322118,property,0.6482,False,0.1944,0.6482,0.1574,15.7,London,medium
51.480000000000004,-0.21,1,185,property,0.05945945945945946,1.0691539092708697,property,0.6498,True,0.1935,0.6498,0.1567,15.7,London,medium
51.480000000000004,-0.21,2,187,property,0.0053475935828877,1.08842934925783,other,0.4745,False,0.4745,0.3502,0.1753,17.5,London,uncertain
51.480000000000004,-0.21,3,149,property,0.06711409395973154,1.0725088066759332,property,0.6491,True,0.1939,0.6491,0.157,15.7,London,medium
51.480000000000004,-0.2,0,283,other,0.024734982332155476,1.074228087306366,property,0.649,False,0.1939,0.649,0.157,15.7,London,medium
51.480000000000004,-0.2,1,260,other,0.015384615384615385,1.0599195253156124,property,0.6498,False,0.1935,0.6498,0.1567,15.7,London,medium
51.480000000000004,-0.2,2,278,property,0.05755395683453238,1.0858104422242532,property,0.6503,True,0.1932,0.6503,0.1565,15.6,London,medium
51.480000000000004,-0.2,3,261,other,0.011494252873563218,1.0801046952588762,property,0.6503,False,0.1932,0.6503,0.1565,15.6,London,medium
51.480000000000004,-0.19,0,165,property,0.09090909090909091,1.073502017562408,property,0.6489,True,0.194,0.6489,0.1571,15.7,London,medium
51.480000000000004,-0.19,1,146,property,0.10273972602739725,1.0764611975918656,property,0.6498,True,0.1935,0.6498,0.1567,15.7,London,medium
51.480000000000004,-0.19,2,156,other,0.01282051282051282,1.0969941794955171,property,0.6495,False,0.1934,0.6495,0.1571,15.7,London,medium
51.480000000000004,-0.19,3,163,property,0.08588957055214724,1.0858870205635556,property,0.649,True,0.1939,0.649,0.157,15.7,London,medium
51.480000000000004,-0.18,0,248,property,0.1975806451612903,1.0387530281022712,property,0.635,True,0.2013,0.635,0.1636,16.4,London,medium
51.480000000000004,-0.18,1,265,property,0.1169811320754717,1.0803252385044333,property,0.6498,True,0.1935,0.6498,0.1567,15.7,London,medium
51.480000000000004,-0.18,2,278,property,0.08633093525179857,1.082979709576231,property,0.6494,True,0.1934,0.6494,0.1572,15.7,London,medium
51.480000000000004,-0.18,3,244,property,0.14754098360655737,1.0743806452477043,property,0.6494,True,0.1934,0.6494,0.1572,15.7,London,medium
51.480000000000004,-0.17,0,130,property,0.05384615384615385,1.0674294130367261,property,0.649,True,0.1939,0.649,0.157,15.7,London,medium
51.480000000000004,-0.17,1,122,other,0.11475409836065574,1.077820255180567,property,0.6498,False,0.1935,0.6498,0.1567,15.7,London,medium
51.480000000000004,-0.17,2,112,other,0.008928571428571428,1.0693216883582044,property,0.6503,False,0.1932,0.6503,0.1565,15.6,London,medium
51.480000000000004,-0.17,3,134,other,0.03731343283582089,1.0727805726305304,property,0.6471,False,0.195,0.6471,0.1579,15.8,London,medium
51.480000000000004,-0.16,0,33,property,0.2727272727272727,0.9949236325717752,property,0.6475,True,0.1947,0.6475,0.1577,15.8,London,medium
51.480000000000004,-0.16,1,26,property,0.23076923076923078,1.0382400185693472,other,0.5692,False,0.5692,0.2527,0.178,17.8,London,medium
51.480000000000004,-0.16,2,24,other,0.08333333333333333,1.0775563270668007,property,0.6504,False,0.1932,0.6504,0.1564,15.6,London,medium
51.480000000000004,-0.16,3,29,other,0.034482758620689655,1.0588032571034944,property,0.637,False,0.2003,0.637,0.1628,16.3,London,medium
51.480000000000004,-0.15,0,102,property,0.23529411764705882,1.0463240853575617,property,0.6483,True,0.1943,0.6483,0.1574,15.7,London,medium
51.480000000000004,-0.15,1,123,property,0.2845528455284553,1.0180963856326875,property,0.6462,True,0.1955,0.6462,0.1583,15.8,London,medium
51.480000000000004,-0.15,2,106,property,0.3584905660377358,0.964662968902386,property,0.65,True,0.1934,0.65,0.1566,15.7,London,medium
51.480000000000004,-0.15,3,117,property,0.3076923076923077,0.9920618101892551,property,0.65,True,0.1934,0.65,0.1566,15.7,London,medium
51.480000000000004,-0.14,0,181,property,0.30386740331491713,0.9608308743430127,property,0.6493,True,0.1938,0.6493,0.1569,15.7,London,medium
51.480000000000004,-0.14,1,185,property,0.22702702702702704,1.028932651571996,property,0.6477,True,0.1946,0.6477,0.1576,15.8,London,medium
51.480000000000004,-0.14,2,171,property,0.4093567251461988,0.9410924402684722,property,0.6506,True,0.1931,0.6506,0.1564,15.6,London,medium
51.480000000000004,-0.14,3,179,property,0.3854748603351955,0.9586976017729596,property,0.6493,True,0.1938,0.6493,0.1569,15.7,London,medium
51.480000000000004,-0.13,0,268,property,0.1455223880597015,1.061614496677866,property,0.6243,True,0.2116,0.6243,0.1641,16.4,London,medium
51.480000000000004,-0.13,1,289,property,0.18339100346020762,1.0465849527560764,property,0.6438,True,0.1968,0.6438,0.1594,15.9,London,medium
51.480000000000004,-0.13,2,277,property,0.20577617328519857,1.04566407331371,property,0.6506,True,0.1931,0.6506,0.1564,15.6,London,medium
51.480000000000004,-0.13,3,294,property,0.16666666666666666,1.0653909968954083,property,0.6505,True,0.1931,0.6505,0.1564,15.6,London,medium
51.480000000000004,-0.12,0,271,property,0.22509225092250923,1.0353537038736036,property,0.6485,True,0.1942,0.6485,0.1573,15.7,London,medium
51.480000000000004,-0.12,1,219,property,0.1689497716894977,1.0680448273150742,property,0.6481,True,0.1944,0.6481,0.1575,15.7,London,medium
51.480000000000004,-0.12,2,277,property,0.11552346570397112,1.0756421514106085,property,0.6506,True,0.1931,0.6506,0.1564,15.6,London,medium
51.480000000000004,-0.12,3,254,property,0.16141732283464566,1.0570645333172786,property,0.6506,True,0.1931,0.6506,0.1564,15.6,London,medium
51.480000000000004,-0.11,0,183,other,0.08743169398907104,1.0863734819248008,property,0.473,False,0.3183,0.473,0.2087,20.9,London,uncertain
51.480000000000004,-0.11,1,202,violent,0.009900990099009901,1.0936166821266589,other,0.6191,False,0.6191,0.2179,0.163,16.3,London,medium
51.480000000000004,-0.11,2,201,other,0.024875621890547265,1.0967541720334717,other,0.61,True,0.61,0.226,0.164,16.4,London,medium
51.480000000000004,-0.11,3,173,violent,0.046242774566473986,1.0936834899964705,other,0.5023,False,0.5023,0.3039,0.1938,19.4,London,uncertain
51.480000000000004,-0.1,0,209,property,0.0861244019138756,1.082029387765946,property,0.5036,True,0.2398,0.5036,0.2566,25.7,London,uncertain
51.480000000000004,-0.1,1,206,property,0.08737864077669903,1.074048472616926,violent,0.4923,False,0.2275,0.2802,0.4923,49.2,London,uncertain
51.480000000000004,-0.1,2,189,property,0.14814814814814814,1.0740739838223718,violent,0.548,False,0.215,0.2369,0.548,54.8,London,uncertain
51.480000000000004,-0.1,3,196,property,0.17857142857142858,1.0607314736099946,property,0.6407,True,0.1995,0.6407,0.1599,16.0,London,medium
51.480000000000004,-0.09,0,263,other,0.06463878326996197,1.0945159267988218,other,0.5336,True,0.5336,0.2841,0.1823,18.2,London,uncertain
51.480000000000004,-0.09,1,263,other,0.019011406844106463,1.0823372582020094,property,0.6346,False,0.2029,0.6346,0.1626,16.3,London,medium
51.480000000000004,-0.09,2,263,property,0.0038022813688212928,1.0923485906091703,property,0.6497,True,0.1933,0.6497,0.1571,15.7,London,medium
51.480000000000004,-0.09,3,235,other,0.01702127659574468,1.0972293865022658,property,0.5933,False,0.2329,0.5933,0.1738,17.4,London,medium
51.480000000000004,-0.08,0,198,other,0.10606060606060606,1.083632640906522,violent,0.5129,False,0.228,0.2591,0.5129,51.3,London,uncertain
51.480000000000004,-0.08,1,212,other,0.05660377358490566,1.0880969523666193,property,0.5496,False,0.2674,0.5496,0.183,18.3,London,uncertain
51.480000000000004,-0.08,2,191,other,0.02617801047120419,1.0961081884449428,property,0.6407,False,0.1995,0.6407,0.1599,16.0,London,medium
51.480000000000004,-0.08,3,204,property,0.08333333333333333,1.090948796534662,other,0.4738,False,0.4738,0.3273,0.1989,19.9,London,uncertain
51.480000000000004,-0.07,0,211,other,0.0995260663507109,1.0838158874647623,other,0.5756,True,0.5756,0.2547,0.1697,17.0,London,medium
51.480000000000004,-0.07,1,199,other,0.020100502512562814,1.0952083739125893,property,0.4899,False,0.2983,0.4899,0.2118,21.2,London,uncertain
51.480000000000004,-0.07,2,237,other,0.05485232067510549,1.0915283794186892,property,0.6083,False,0.2236,0.6083,0.1681,16.8,London,medium
51.480000000000004,-0.07,3,226,other,0.10619469026548672,1.0848995169028934,property,0.648,False,0.1942,0.648,0.1578,15.8,London,medium
51.480000000000004,-0.06,0,182,other,0.016483516483516484,1.0888369557437603,other,0.6176,True,0.6176,0.2188,0.1636,16.4,London,medium
51.480000000000004,-0.06,1,162,property,0.15432098765432098,1.071494465946261,other,0.6188,False,0.6188,0.218,0.1631,16.3,London,medium
51.480000000000004,-0.06,2,165,other,0.04242424242424243,1.090462524310682,other,0.6195,True,0.6195,0.2177,0.1628,16.3,London,medium
51.480000000000004,-0.06,3,168,other,0.03571428571428571,1.0894894783008202,other,0.6165,True,0.6165,0.2209,0.1626,16.3,London,medium
51.480000000000004,-0.05,0,149,property,0.06711409395973154,1.0835387341079454,property,0.6216,True,0.2033,0.6216,0.1751,17.5,London,medium
51.480000000000004,-0.05,1,149,other,0.006711409395973154,1.0982959296774948,property,0.6484,False,0.1939,0.6484,0.1576,15.8,London,medium
51.480000000000004,-0.05,2,138,violent,0.13768115942028986,1.0708579472252993,violent,0.4375,True,0.249,0.3135,0.4375,43.8,London,uncertain
51.480000000000004,-0.05,3,120,violent,0.09166666666666666,1.0730762052561642,property,0.6228,False,0.2024,0.6228,0.1747,17.5,London,medium
51.480000000000004,-0.04,0,189,other,0.031746031746031744,1.0914247122479372,violent,0.5502,False,0.2147,0.2351,0.5502,55.0,London,medium
51.480000000000004,-0.04,1,170,violent,0.058823529411764705,1.0870582487898943,property,0.6492,False,0.1935,0.6492,0.1573,15.7,London,medium
51.480000000000004,-0.04,2,161,property,0.043478260869565216,1.0920506477947662,property,0.648,True,0.1942,0.648,0.1578,15.8,London,medium
51.480000000000004,-0.04,3,185,violent,0.0,1.0971614632588256,property,0.5071,False,0.2912,0.5071,0.2016,20.2,London,uncertain
51.480000000000004,-0.03,0,305,property,0.09508196721311475,1.086190182132403,property,0.6493,True,0.1938,0.6493,0.1569,15.7,London,medium
51.480000000000004,-0.03,1,257,violent,0.011673151750972763,1.095267058216491,property,0.6501,False,0.1933,0.6501,0.1566,15.7,London,medium
51.480000000000004,-0.03,2,293,property,0.08532423208191127,1.0869182853792858,property,0.6506,True,0.193,0.6506,0.1563,15.6,London,medium
51.480000000000004,-0.03,3,253,property,0.12648221343873517,1.080999903460403,property,0.6506,True,0.193,0.6506,0.1563,15.6,London,medium
51.480000000000004,-0.02,0,166,property,0.04216867469879518,1.0957736227060406,property,0.6492,True,0.1938,0.6492,0.157,15.7,London,medium
51.480000000000004,-0.02,1,206,property,0.009708737864077669,1.0981633869406084,property,0.65,True,0.1934,0.65,0.1566,15.7,London,medium
51.480000000000004,-0.02,2,192,property,0.06770833333333333,1.0811534156088998,property,0.6457,True,0.1957,0.6457,0.1586,15.9,London,medium
51.480000000000004,-0.02,3,174,property,0.08045977011494253,1.091260265693378,property,0.6506,True,0.193,0.6506,0.1563,15.6,London,medium
51.480000000000004,-0.01,0,186,property,0.03225806451612903,1.0803947976834933,property,0.649,True,0.1939,0.649,0.1571,15.7,London,medium
51.480000000000004,-0.01,1,201,property,0.16417910447761194,1.0702604746721902,property,0.6474,True,0.1948,0.6474,0.1578,15.8,London,medium
51.480000000000004,-0.01,2,197,property,0.17766497461928935,1.0684884295750339,property,0.6513,True,0.1926,0.6513,0.156,15.6,London,medium
51.480000000000004,-0.01,3,192,property,0.036458333333333336,1.0900671241327864,property,0.649,True,0.1939,0.649,0.1571,15.7,London,medium
51.480000000000004,0.0,0,58,property,0.1206896551724138,1.0085168265270474,property,0.639,True,0.1995,0.639,0.1615,16.2,London,medium
51.480000000000004,0.0,1,56,property,0.32142857142857145,0.9964798196013007,property,0.6496,True,0.1936,0.6496,0.1568,15.7,London,medium
51.480000000000004,0.0,2,60,property,0.13333333333333333,1.0760342091133341,property,0.6502,True,0.1933,0.6502,0.1565,15.7,London,medium
51.480000000000004,0.0,3,55,property,0.14545454545454545,0.9739196797893306,property,0.6338,True,0.2023,0.6338,0.1638,16.4,London,medium
51.480000000000004,0.01,0,47,property,0.06382978723404255,1.0815382409131464,violent,0.5375,False,0.2194,0.243,0.5375,53.8,London,uncertain
51.480000000000004,0.01,1,44,violent,0.1590909090909091,1.0651933812168548,property,0.5719,False,0.2294,0.5719,0.1986,19.9,London,medium
51.480000000000004,0.01,2,40,other,0.05,1.080527626604172,property,0.4085,False,0.2357,0.4085,0.3559,35.6,London,uncertain
51.480000000000004,0.01,3,44,violent,0.0,1.098091710107354,property,0.6491,False,0.1934,0.6491,0.1575,15.7,London,medium
51.480000000000004,0.02,0,54,property,0.05555555555555555,1.0893096789558299,property,0.6491,True,0.1939,0.6491,0.157,15.7,London,medium
51.480000000000004,0.02,1,48,property,0.1875,1.0651256511603302,property,0.6419,True,0.1974,0.6419,0.1608,16.1,London,medium
51.480000000000004,0.02,2,56,property,0.03571428571428571,1.0813448682427136,property,0.6435,True,0.1967,0.6435,0.1598,16.0,London,medium
51.480000000000004,0.02,3,57,other,0.03508771929824561,1.0949119933554285,property,0.4193,False,0.24,0.4193,0.3407,34.1,London,uncertain
51.480000000000004,0.03,0,103,violent,0.009708737864077669,1.0637137758673347,other,0.6184,False,0.6184,0.2183,0.1632,16.3,London,medium
51.480000000000004,0.03,1,111,other,0.07207207207207207,1.012058677954501,violent,0.5242,False,0.2346,0.2412,0.5242,52.4,London,uncertain
51.480000000000004,0.03,2,105,violent,0.009523809523809525,1.0721991613214779,violent,0.5547,True,0.2122,0.233,0.5547,55.5,London,medium
51.480000000000004,0.03,3,96,other,0.10416666666666667,1.0869293419514854,violent,0.5342,False,0.2259,0.24,0.5342,53.4,London,uncertain
51.480000000000004,0.04,0,69,violent,0.0,1.0213527924233814,property,0.4553,False,0.2334,0.4553,0.3113,31.1,London,uncertain
51.480000000000004,0.04,1,54,violent,0.3333333333333333,0.9429491606819863,property,0.5553,False,0.2222,0.5553,0.2225,22.2,London,medium
51.480000000000004,0.04,2,68,violent,0.10294117647058823,1.0844924392752249,property,0.54,False,0.2206,0.54,0.2395,23.9,London,uncertain
51.480000000000004,0.04,3,69,property,0.028985507246376812,1.0960886237238197,violent,0.4959,False,0.2269,0.2772,0.4959,49.6,London,uncertain
51.480000000000004,0.05,0,95,violent,0.2631578947368421,1.0037683768675922,violent,0.5532,True,0.2148,0.232,0.5532,55.3,London,medium
51.480000000000004,0.05,1,91,violent,0.2857142857142857,1.008003438627251,violent,0.5604,True,0.2115,0.2281,0.5604,56.0,London,medium
51.480000000000004,0.05,2,85,violent,0.23529411764705882,1.0333299324273049,violent,0.5575,True,0.2129,0.2297,0.5575,55.7,London,medium
51.480000000000004,0.05,3,85,violent,0.3764705882352941,0.9474959519063619,violent,0.5278,True,0.2166,0.2556,0.5278,52.8,London,uncertain
51.480000000000004,0.06,0,67,violent,0.16417910447761194,1.059473688555804,violent,0.5565,True,0.2133,0.2302,0.5565,55.6,London,medium
51.480000000000004,0.06,1,74,violent,0.0,1.0793334146644078,other,0.5835,False,0.5835,0.2426,0.1739,17.4,London,medium
51.480000000000004,0.06,2,59,violent,0.2033898305084746,1.055776446324781,other,0.6149,False,0.6149,0.2216,0.1634,16.3,London,medium
51.480000000000004,0.06,3,64,violent,0.03125,1.0815442998610476,other,0.5853,False,0.5853,0.2405,0.1742,17.4,London,medium
51.480000000000004,0.07,0,149,violent,0.08053691275167785,1.0821919131867417,violent,0.511,True,0.2294,0.2596,0.511,51.1,London,uncertain
51.480000000000004,0.07,1,152,violent,0.006578947368421052,1.0953909026068183,violent,0.5516,True,0.214,0.2345,0.5516,55.2,London,medium
51.480000000000004,0.07,2,133,violent,0.15789473684210525,1.0675232953696354,violent,0.56,True,0.2113,0.2286,0.56,56.0,London,medium
51.480000000000004,0.07,3,146,violent,0.2602739726027397,1.0294160112973154,violent,0.5511,True,0.2133,0.2356,0.5511,55.1,London,medium
51.480000000000004,0.08,0,92,property,0.15217391304347827,1.0705131200344293,property,0.4624,True,0.3551,0.4624,0.1825,18.3,London,uncertain
51.480000000000004,0.08,1,98,property,0.11224489795918367,1.0864130265912562,property,0.4681,True,0.3486,0.4681,0.1834,18.3,London,uncertain
51.480000000000004,0.08,2,87,property,0.13793103448275862,1.0744696011312316,violent,0.5417,False,0.2153,0.2431,0.5417,54.2,London,uncertain
51.480000000000004,0.08,3,105,violent,0.01904761904761905,1.097523260173146,violent,0.5579,True,0.2127,0.2294,0.5579,55.8,London,medium
51.480000000000004,0.09,0,99,property,0.050505050505050504,1.094681131879113,violent,0.5569,False,0.2131,0.23,0.5569,55.7,London,medium
51.480000000000004,0.09,1,86,property,0.023255813953488372,1.0840997748428527,other,0.5816,False,0.5816,0.239,0.1794,17.9,London,medium
51.480000000000004,0.09,2,81,violent,0.012345679012345678,1.0981549367023014,violent,0.5512,True,0.2155,0.2332,0.5512,55.1,London,medium
51.480000000000004,0.09,3,100,violent,0.03,1.0609731860213798,violent,0.5597,True,0.2116,0.2287,0.5597,56.0,London,medium
51.480000000000004,0.1,0,101,other,0.019801980198019802,1.0881645640081952,other,0.6184,True,0.6184,0.2185,0.1631,16.3,London,medium
51.480000000000004,0.1,1,114,other,0.07017543859649122,1.0688007582480503,other,0.5939,True,0.5939,0.2304,0.1757,17.6,London,medium
51.480000000000004,0.1,2,108,other,0.19444444444444445,1.0132060083381296,other,0.6166,True,0.6166,0.2195,0.164,16.4,London,medium
51.480000000000004,0.1,3,114,other,0.12280701754385964,1.0621845885231318,violent,0.4244,False,0.2916,0.284,0.4244,42.4,London,uncertain
51.480000000000004,0.11,0,20,violent,0.15,0.9985793315873921,other,0.614,False,0.614,0.2204,0.1656,16.6,London,medium
51.480000000000004,0.11,1,23,property,0.17391304347826086,1.0465634069578553,property,0.6446,True,0.1964,0.6446,0.159,15.9,London,medium
51.480000000000004,0.11,2,18,other,0.05555555555555555,0.8675632284814612,other,0.6175,True,0.6175,0.2189,0.1636,16.4,London,medium
51.480000000000004,0.11,3,22,violent,0.09090909090909091,1.0361987848192837,other,0.6186,False,0.6186,0.2182,0.1632,16.3,London,medium
51.480000000000004,0.12,0,25,violent,0.12,1.068358338884637,violent,0.5486,True,0.2157,0.2357,0.5486,54.9,London,uncertain
51.480000000000004,0.12,1,21,violent,0.2857142857142857,0.9556998911125343,violent,0.5603,True,0.2116,0.2281,0.5603,56.0,London,medium
51.480000000000004,0.12,2,32,violent,0.0,1.0976250611902076,violent,0.4092,True,0.225,0.3659,0.4092,40.9,London,uncertain
51.480000000000004,0.12,3,23,violent,0.043478260869565216,1.0334920606923674,violent,0.5541,True,0.2122,0.2337,0.5541,55.4,London,medium
51.480000000000004,0.13,0,13,violent,0.3076923076923077,1.0100997593541636,property,0.4397,False,0.225,0.4397,0.3353,33.5,London,uncertain
51.480000000000004,0.13,1,11,other,0.09090909090909091,1.0361987848192837,other,0.5942,True,0.5942,0.2385,0.1674,16.7,London,medium
51.480000000000004,0.13,2,14,violent,0.07142857142857142,1.060944240790747,property,0.6458,False,0.1957,0.6458,0.1585,15.9,London,medium
51.480000000000004,0.13,3,13,other,0.07692307692307693,1.0123308391031733,property,0.6449,False,0.1962,0.6449,0.1589,15.9,London,medium
51.480000000000004,0.14,0,43,violent,0.3023255813953488,0.9462854125649729,violent,0.4735,True,0.2616,0.2649,0.4735,47.3,London,uncertain
51.480000000000004,0.14,1,42,violent,0.16666666666666666,1.0114042647073518,violent,0.4722,True,0.2219,0.3059,0.4722,47.2,London,uncertain
51.480000000000004,0.14,2,37,other,0.02702702702702703,1.0235468481107657,violent,0.5597,False,0.2119,0.2284,0.5597,56.0,London,medium
51.480000000000004,0.14,3,41,violent,0.12195121951219512,1.084245568073389,violent,0.5516,True,0.2138,0.2346,0.5516,55.2,London,medium
51.480000000000004,0.15,0,50,property,0.18,1.0466051465148276,property,0.6397,True,0.1988,0.6397,0.1615,16.2,London,medium
51.480000000000004,0.15,1,48,property,0.14583333333333334,1.0586898652579289,property,0.6483,True,0.1941,0.6483,0.1577,15.8,London,medium
51.480000000000004,0.15,2,49,property,0.1836734693877551,1.057492759775115,property,0.6487,True,0.1938,0.6487,0.1575,15.7,London,medium
51.480000000000004,0.15,3,46,property,0.06521739130434782,1.0116189208867028,property,0.6495,True,0.1937,0.6495,0.1568,15.7,London,medium
51.480000000000004,0.16,0,59,other,0.03389830508474576,1.0974755388122173,violent,0.5587,False,0.2122,0.2291,0.5587,55.9,London,medium
51.480000000000004,0.16,1,54,property,0.05555555555555555,1.0893096789558299,violent,0.5586,False,0.2123,0.2291,0.5586,55.9,London,medium
51.480000000000004,0.16,2,66,violent,0.07575757575757576,1.0898089574065348,violent,0.5594,True,0.2119,0.2286,0.5594,55.9,London,medium
51.480000000000004,0.16,3,48,other,0.2916666666666667,1.0054668293254954,violent,0.5534,False,0.2149,0.2317,0.5534,55.3,London,medium
51.480000000000004,0.17,0,58,violent,0.017241379310344827,1.0696905521454994,property,0.637,False,0.2006,0.637,0.1625,16.2,London,medium
51.480000000000004,0.17,1,46,other,0.10869565217391304,1.069679516306594,violent,0.5482,False,0.2164,0.2354,0.5482,54.8,London,uncertain
51.480000000000004,0.17,2,47,other,0.14893617021276595,1.0692826314066224,violent,0.5601,False,0.2117,0.2282,0.5601,56.0,London,medium
51.480000000000004,0.17,3,55,other,0.18181818181818182,1.0054524739040591,violent,0.5508,False,0.2162,0.233,0.5508,55.1,London,medium
51.480000000000004,0.18,0,122,other,0.14754098360655737,1.0659619512456593,property,0.6477,False,0.1946,0.6477,0.1576,15.8,London,medium
51.480000000000004,0.18,1,105,other,0.047619047619047616,1.0951154841994573,property,0.6469,False,0.1951,0.6469,0.158,15.8,London,medium
51.480000000000004,0.18,2,135,property,0.037037037037037035,1.0914311815714544,property,0.649,True,0.1939,0.649,0.1571,15.7,London,medium
51.480000000000004,0.18,3,123,other,0.008130081300813009,1.0972087211258539,property,0.6483,False,0.1943,0.6483,0.1574,15.7,London,medium
51.480000000000004,0.19,0,21,violent,0.09523809523809523,1.071018542409915,violent,0.558,True,0.2128,0.2292,0.558,55.8,London,medium
51.480000000000004,0.19,1,29,other,0.034482758620689655,1.0901154415671217,property,0.6472,False,0.1945,0.6472,0.1583,15.8,London,medium
51.480000000000004,0.19,2,16,violent,0.0,1.0821955300387671,property,0.4652,False,0.2245,0.4652,0.3103,31.0,London,uncertain
51.480000000000004,0.19,3,14,property,0.21428571428571427,1.034601232910181,property,0.648,True,0.1945,0.648,0.1575,15.7,London,medium
51.480000000000004,0.2,0,5,violent,0.4,0.9502705392332347,violent,0.4974,True,0.232,0.2706,0.4974,49.7,London,uncertain
51.480000000000004,0.2,1,3,violent,1.0,4.3446531758480495e-08,violent,0.5505,True,0.2139,0.2356,0.5505,55.1,London,medium
51.480000000000004,0.2,2,3,violent,0.3333333333333333,0.6365141893815645,violent,0.469,True,0.2507,0.2803,0.469,46.9,London,uncertain
51.480000000000004,0.2,3,4,property,0.5,0.562335165779739,violent,0.5592,False,0.2122,0.2286,0.5592,55.9,London,medium
51.480000000000004,0.21,0,7,other,0.2857142857142857,0.9556998911125343,violent,0.5575,False,0.213,0.2295,0.5575,55.8,London,medium
51.480000000000004,0.21,2,5,other,0.2,0.6730116880595106,other,0.6148,True,0.6148,0.2199,0.1652,16.5,London,medium
51.480000000000004,0.21,3,9,other,0.5555555555555556,0.5297062202512142,other,0.6056,True,0.6056,0.2227,0.1718,17.2,London,medium
51.480000000000004,0.28,0,3,property,0.3333333333333333,0.6365141893815645,property,0.6157,True,0.2123,0.6157,0.1719,17.2,London,medium
51.480000000000004,0.28,1,3,property,0.3333333333333333,0.6365141893815645,property,0.6312,True,0.2038,0.6312,0.165,16.5,London,medium
51.480000000000004,0.32,0,4,violent,0.5,0.5623351657797391,property,0.6293,False,0.2048,0.6293,0.1659,16.6,London,medium
51.49,-0.48,0,18,property,0.16666666666666666,1.072043343575071,property,0.4812,True,0.3405,0.4812,0.1783,17.8,London,uncertain
51.49,-0.48,1,22,other,0.22727272727272727,1.0376517997982746,property,0.6456,False,0.1958,0.6456,0.1586,15.9,London,medium
51.49,-0.48,2,19,property,0.05263157894736842,1.0601189359398382,property,0.6457,True,0.1955,0.6457,0.1588,15.9,London,medium
51.49,-0.48,3,13,violent,0.15384615384615385,1.0579054247036734,other,0.4292,False,0.4292,0.3953,0.1755,17.5,London,uncertain
51.49,-0.47000000000000003,0,6,other,0.3333333333333333,0.6365141893815645,property,0.6424,False,0.1976,0.6424,0.16,16.0,London,medium
51.49,-0.47000000000000003,1,6,violent,0.0,1.0986122886681096,property,0.6423,False,0.1977,0.6423,0.1601,16.0,London,medium
51.49,-0.47000000000000003,2,3,property,0.3333333333333333,0.6365141893815645,property,0.6471,True,0.195,0.6471,0.1579,15.8,London,medium
51.49,-0.46,0,18,property,0.2222222222222222,1.0366279688586069,property,0.5895,True,0.2267,0.5895,0.1838,18.4,London,medium
51.49,-0.46,1,28,property,0.10714285714285714,1.074516223144162,violent,0.5369,False,0.2229,0.2402,0.5369,53.7,London,uncertain
51.49,-0.46,2,32,property,0.09375,1.086197972394526,other,0.6057,False,0.6057,0.2257,0.1685,16.9,London,medium
51.49,-0.46,3,28,other,0.07142857142857142,1.0897973126663918,other,0.606,True,0.606,0.2256,0.1683,16.8,London,medium
51.49,-0.44,0,30,property,0.1,1.0888999753452238,property,0.6414,True,0.1981,0.6414,0.1605,16.0,London,medium
51.49,-0.44,1,22,property,0.18181818181818182,1.0670895187820832,property,0.6426,True,0.1975,0.6426,0.1599,16.0,London,medium
51.49,-0.44,2,16,property,0.0625,1.0433534269422904,property,0.6365,True,0.2009,0.6365,0.1627,16.3,London,medium
51.49,-0.44,3,20,property,0.05,1.0104127537805414,property,0.6428,True,0.1974,0.6428,0.1599,16.0,London,medium
51.49,-0.43,0,33,violent,0.06060606060606061,1.0875314752904792,property,0.6288,False,0.2073,0.6288,0.164,16.4,London,medium
51.49,-0.43,1,35,other,0.17142857142857143,0.9100760867132229,other,0.5184,True,0.5184,0.3071,0.1745,17.4,London,uncertain
51.49,-0.43,2,35,other,0.02857142857142857,1.0928031365066584,violent,0.5589,False,0.2125,0.2286,0.5589,55.9,London,medium
51.49,-0.43,3,51,other,0.09803921568627451,1.046160739813701,property,0.6343,False,0.2021,0.6343,0.1636,16.4,London,medium
51.49,-0.42,0,12,violent,0.25,1.0397207708399179,other,0.4111,False,0.4111,0.2665,0.3224,32.2,London,uncertain
51.49,-0.42,1,14,property,0.14285714285714285,0.9922819748525739,violent,0.4576,False,0.2811,0.2613,0.4576,45.8,London,uncertain
51.49,-0.42,2,20,other,0.1,1.0888999753452238,violent,0.4996,False,0.234,0.2664,0.4996,50.0,London,uncertain
51.49,-0.42,3,30,violent,0.13333333333333333,1.0437570363314086,violent,0.5612,True,0.2112,0.2276,0.5612,56.1,London,medium
51.49,-0.41000000000000003,0,13,property,0.0,0.9110175397125628,violent,0.4888,False,0.2311,0.2801,0.4888,48.9,London,uncertain
51.49,-0.41000000000000003,1,13,property,0.07692307692307693,1.0928305535284886,property,0.4698,True,0.2763,0.4698,0.2539,25.4,London,uncertain
51.49,-0.41000000000000003,2,10,violent,0.0,1.0549201679861442,other,0.6177,False,0.6177,0.2188,0.1635,16.4,London,medium
51.49,-0.41000000000000003,3,12,property,0.25,1.0397207708399179,other,0.4443,False,0.4443,0.3445,0.2112,21.1,London,uncertain
51.49,-0.4,0,22,violent,0.13636363636363635,1.0594782926538544,property,0.4393,False,0.2394,0.4393,0.3213,32.1,London,uncertain
51.49,-0.4,1,23,property,0.391304347826087,0.9381390150046416,other,0.6179,False,0.6179,0.2187,0.1635,16.3,London,medium
51.49,-0.4,2,23,property,0.0,1.096692663308951,violent,0.5382,False,0.2246,0.2371,0.5382,53.8,London,uncertain
51.49,-0.4,3,24,property,0.16666666666666666,1.0635215028672123,property,0.6494,True,0.1937,0.6494,0.1569,15.7,London,medium
51.49,-0.39,0,60,violent,0.06666666666666667,1.0928879086777044,property,0.3873,False,0.2367,0.3873,0.376,37.6,London,uncertain
51.49,-0.39,1,57,other,0.017543859649122806,1.0919804569730027,property,0.6488,False,0.1941,0.6488,0.1572,15.7,London,medium
51.49,-0.39,2,59,other,0.1016949152542373,1.0611052895559172,violent,0.548,False,0.2158,0.2362,0.548,54.8,London,uncertain
51.49,-0.39,3,48,other,0.041666666666666664,1.0933903064791184,property,0.6434,False,0.1968,0.6434,0.1599,16.0,London,medium
51.49,-0.38,0,101,violent,0.06930693069306931,1.0736096450751045,property,0.3794,False,0.2964,0.3794,0.3242,32.4,London,uncertain
51.49,-0.38,1,101,other,0.019801980198019802,1.0967389033718635,property,0.6479,False,0.1942,0.6479,0.1578,15.8,London,medium
51.49,-0.38,2,93,property,0.053763440860215055,1.0941604621113221,other,0.6155,False,0.6155,0.2213,0.1632,16.3,London,medium
51.49,-0.38,3,95,other,0.021052631578947368,1.0867733627260727,violent,0.4261,False,0.3208,0.2532,0.4261,42.6,London,uncertain
51.49,-0.37,0,81,property,0.2839506172839506,1.0157708572893034,other,0.478,False,0.478,0.2953,0.2267,22.7,London,uncertain
51.49,-0.37,1,87,property,0.034482758620689655,1.0825426571618024,property,0.4224,True,0.3107,0.4224,0.2669,26.7,London,uncertain
51.49,-0.37,2,65,other,0.07692307692307693,1.076664978944309,other,0.5993,True,0.5993,0.2317,0.1689,16.9,London,medium
51.49,-0.37,3,61,other,0.03278688524590164,1.0797758491115603,property,0.6429,False,0.1973,0.6429,0.1598,16.0,London,medium
51.49,-0.35000000000000003,0,4,other,0.5,0.5623351657797391,violent,0.4406,False,0.2732,0.2862,0.4406,44.1,London,uncertain
51.49,-0.35000000000000003,2,4,other,1.0,4.34465315364359e-08,other,0.6184,True,0.6184,0.2178,0.1637,16.4,London,medium
51.49,-0.34,0,8,other,0.75,0.3767701826029325,other,0.4639,True,0.4639,0.3599,0.1762,17.6,London,uncertain
51.49,-0.34,1,8,other,0.5,0.5623351657797391,property,0.6434,False,0.1967,0.6434,0.1598,16.0,London,medium
51.49,-0.34,2,7,other,0.14285714285714285,1.0789922078775833,other,0.4171,True,0.4171,0.3777,0.2052,20.5,London,uncertain
51.49,-0.34,3,6,other,0.16666666666666666,1.0114042647073518,other,0.6185,True,0.6185,0.2178,0.1637,16.4,London,medium
51.49,-0.33,0,32,property,0.21875,1.0358042841981745,property,0.6483,True,0.1944,0.6483,0.1574,15.7,London,medium
51.49,-0.33,1,27,property,0.2962962962962963,0.9888252503713348,property,0.6331,True,0.2027,0.6331,0.1642,16.4,London,medium
51.49,-0.33,2,19,property,0.05263157894736842,0.955131195451464,property,0.6363,True,0.2009,0.6363,0.1627,16.3,London,medium
51.49,-0.33,3,29,property,0.3793103448275862,0.816738336927131,property,0.6364,True,0.2009,0.6364,0.1627,16.3,London,medium
51.49,-0.32,0,28,other,0.10714285714285714,1.074516223144162,property,0.6476,False,0.1947,0.6476,0.1577,15.8,London,medium
51.49,-0.32,1,26,property,0.2692307692307692,1.003659491091816,property,0.6464,True,0.1954,0.6464,0.1582,15.8,London,medium
51.49,-0.32,2,32,property,0.1875,1.0585075732372948,property,0.6501,True,0.1933,0.6501,0.1566,15.7,London,medium
51.49,-0.32,3,29,property,0.3103448275862069,0.8435714438045143,property,0.6483,True,0.194,0.6483,0.1577,15.8,London,medium
51.49,-0.31,0,86,violent,0.0,1.0742991040690018,property,0.6477,False,0.1944,0.6477,0.158,15.8,London,medium
51.49,-0.31,1,82,property,0.21951219512195122,1.0359934747840331,property,0.6474,True,0.1944,0.6474,0.1582,15.8,London,medium
51.49,-0.31,2,82,property,0.07317073170731707,1.0760774229601675,property,0.6365,True,0.2008,0.6365,0.1626,16.3,London,medium
51.49,-0.31,3,102,property,0.30392156862745096,1.0093553222793001,property,0.6506,True,0.1931,0.6506,0.1564,15.6,London,medium
51.49,-0.3,0,110,property,0.03636363636363636,1.0963156586476264,property,0.6447,True,0.196,0.6447,0.1593,15.9,London,medium
51.49,-0.3,1,134,property,0.05970149253731343,1.074975536087106,property,0.6469,True,0.1951,0.6469,0.158,15.8,London,medium
51.49,-0.3,2,116,property,0.02586206896551724,1.073963427352585,property,0.6502,True,0.1933,0.6502,0.1565,15.7,London,medium
51.49,-0.3,3,157,property,0.006369426751592357,1.0985718043882386,property,0.6502,True,0.1933,0.6502,0.1565,15.7,London,medium
51.49,-0.29,0,68,property,0.1323529411764706,1.0704559479553388,property,0.6488,True,0.194,0.6488,0.1572,15.7,London,medium
51.49,-0.29,1,74,property,0.013513513513513514,1.0973249232496562,property,0.629,True,0.205,0.629,0.166,16.6,London,medium
51.49,-0.29,2,68,violent,0.08823529411764706,1.0705464464729495,property,0.6506,False,0.1931,0.6506,0.1564,15.6,London,medium
51.49,-0.29,3,66,property,0.0,1.0900596587107838,property,0.6471,True,0.195,0.6471,0.1579,15.8,London,medium
51.49,-0.28,0,106,property,0.16981132075471697,1.041639181176054,property,0.6476,True,0.1947,0.6476,0.1577,15.8,London,medium
51.49,-0.28,1,110,property,0.21818181818181817,1.0356601798362695,property,0.6459,True,0.1957,0.6459,0.1585,15.8,London,medium
51.49,-0.28,2,100,property,0.12,1.081972468961373,property,0.65,True,0.1934,0.65,0.1566,15.7,London,medium
51.49,-0.28,3,98,property,0.16326530612244897,1.06226663134789,property,0.6407,True,0.1985,0.6407,0.1608,16.1,London,medium
51.49,-0.27,0,75,property,0.02666666666666667,1.0707911190866297,property,0.6498,True,0.1935,0.6498,0.1567,15.7,London,medium
51.49,-0.27,1,79,property,0.0379746835443038,1.0365786905606589,property,0.6457,True,0.1958,0.6457,0.1585,15.9,London,medium
51.49,-0.27,2,76,other,0.02631578947368421,1.0936916265054468,property,0.5241,False,0.2992,0.5241,0.1767,17.7,London,uncertain
51.49,-0.27,3,84,property,0.17857142857142858,0.9977492642393985,property,0.65,True,0.1934,0.65,0.1566,15.7,London,medium
51.49,-0.26,0,176,property,0.42045454545454547,0.9278837097841892,property,0.65,True,0.1934,0.65,0.1566,15.7,London,medium
51.49,-0.26,1,149,property,0.4429530201342282,0.9050081892114716,property,0.6488,True,0.1941,0.6488,0.1572,15.7,London,medium
51.49,-0.26,2,170,property,0.36470588235294116,0.9440094287887393,property,0.6496,True,0.1936,0.6496,0.1568,15.7,London,medium
51.49,-0.26,3,152,property,0.506578947368421,0.8124282189091545,property,0.6496,True,0.1936,0.6496,0.1568,15.7,London,medium
51.49,-0.25,0,70,property,0.2714285714285714,0.9982530088955732,property,0.6475,True,0.1948,0.6475,0.1578,15.8,London,medium
51.49,-0.25,1,76,property,0.2631578947368421,1.0300762817948899,property,0.6459,True,0.1957,0.6459,0.1585,15.8,London,medium
51.49,-0.25,2,68,property,0.4411764705882353,0.8889636252208484,property,0.6496,True,0.1936,0.6496,0.1568,15.7,London,medium
51.49,-0.25,3,66,property,0.3939393939393939,0.9423689757138941,property,0.6496,True,0.1936,0.6496,0.1568,15.7,London,medium
51.49,-0.24,0,87,property,0.41379310344827586,0.9062298722298914,property,0.6474,True,0.1948,0.6474,0.1578,15.8,London,medium
51.49,-0.24,1,82,property,0.18292682926829268,1.0215031772646395,property,0.6488,True,0.1941,0.6488,0.1572,15.7,London,medium
51.49,-0.24,2,71,property,0.352112676056338,0.9276918834230816,property,0.6478,True,0.1946,0.6478,0.1576,15.8,London,medium
51.49,-0.24,3,75,property,0.2,1.0379105629022338,property,0.6496,True,0.1936,0.6496,0.1568,15.7,London,medium
51.49,-0.23,0,274,property,0.23722627737226276,1.0358214074165617,property,0.6483,True,0.1943,0.6483,0.1574,15.7,London,medium
51.49,-0.23,1,259,property,0.277992277992278,1.00844291257744,property,0.6488,True,0.1941,0.6488,0.1572,15.7,London,medium
51.49,-0.23,2,253,property,0.17786561264822134,1.0589758256303794,property,0.6503,True,0.1932,0.6503,0.1565,15.6,London,medium
51.49,-0.23,3,262,property,0.14122137404580154,1.0386802757957763,property,0.65,True,0.1934,0.65,0.1566,15.7,London,medium
51.49,-0.22,0,395,violent,0.0,1.0982963310603995,property,0.6447,False,0.196,0.6447,0.1593,15.9,London,medium
51.49,-0.22,1,360,other,0.022222222222222223,1.0964948747361913,property,0.6369,False,0.2006,0.6369,0.1625,16.2,London,medium
51.49,-0.22,2,379,other,0.0316622691292876,1.097426899496144,property,0.6502,False,0.1933,0.6502,0.1565,15.7,London,medium
51.49,-0.22,3,406,other,0.019704433497536946,1.0950613465586638,property,0.6502,False,0.1933,0.6502,0.1565,15.7,London,medium
51.49,-0.21,0,193,other,0.11398963730569948,1.0815991933755205,property,0.5784,False,0.2521,0.5784,0.1695,17.0,London,medium
51.49,-0.21,1,197,other,0.02030456852791878,1.0769423380428669,property,0.6493,False,0.1938,0.6493,0.157,15.7,London,medium
51.49,-0.21,2,210,other,0.08095238095238096,1.0748264916081536,other,0.5182,True,0.5182,0.3056,0.1762,17.6,London,uncertain
51.49,-0.21,3,223,other,0.013452914798206279,1.0787288277857237,property,0.6505,False,0.1931,0.6505,0.1564,15.6,London,medium
51.49,-0.2,0,271,other,0.2066420664206642,1.0549871301649438,other,0.6166,True,0.6166,0.2194,0.164,16.4,London,medium
51.49,-0.2,1,259,other,0.16988416988416988,1.0703929497017475,other,0.6094,True,0.6094,0.2263,0.1643,16.4,London,medium
51.49,-0.2,2,235,other,0.14468085106382977,1.076568818611447,other,0.6178,True,0.6178,0.219,0.1632,16.3,London,medium
51.49,-0.2,3,237,other,0.12236286919831224,1.0575932755847248,other,0.6182,True,0.6182,0.2185,0.1632,16.3,London,medium
51.49,-0.19,0,298,other,0.10067114093959731,1.0688138480173666,property,0.647,False,0.1951,0.647,0.158,15.8,London,medium
51.49,-0.19,1,344,other,0.05813953488372093,1.0659214156997652,property,0.6498,False,0.1935,0.6498,0.1567,15.7,London,medium
51.49,-0.19,2,296,other,0.07094594594594594,1.0558463976223478,property,0.6502,False,0.1933,0.6502,0.1565,15.7,London,medium
51.49,-0.19,3,302,other,0.07947019867549669,1.0729806387753678,property,0.6503,False,0.1932,0.6503,0.1565,15.6,London,medium
51.49,-0.18,0,272,property,0.21323529411764705,1.008902935729754,property,0.6483,True,0.1943,0.6483,0.1574,15.7,London,medium
51.49,-0.18,1,241,property,0.36929460580912865,0.9428829687740199,property,0.6459,True,0.1957,0.6459,0.1585,15.8,London,medium
51.49,-0.18,2,274,property,0.2846715328467153,0.9732347541038966,property,0.6496,True,0.1936,0.6496,0.1568,15.7,London,medium
51.49,-0.18,3,289,property,0.24567474048442905,0.9846897913789221,property,0.6496,True,0.1936,0.6496,0.1568,15.7,London,medium
51.49,-0.17,0,254,property,0.3031496062992126,0.952325526987963,property,0.6483,True,0.1943,0.6483,0.1574,15.7,London,medium
51.49,-0.17,1,258,property,0.27906976744186046,0.9700715615907132,property,0.6488,True,0.1941,0.6488,0.1572,15.7,London,medium
51.49,-0.17,2,260,property,0.3269230769230769,0.9397277373357351,property,0.6496,True,0.1936,0.6496,0.1568,15.7,London,medium
51.49,-0.17,3,261,property,0.4099616858237548,0.9299275126274147,property,0.6496,True,0.1936,0.6496,0.1568,15.7,London,medium
51.49,-0.16,0,248,property,0.4798387096774194,0.880194547137634,property,0.6483,True,0.1943,0.6483,0.1574,15.7,London,medium
51.49,-0.16,1,248,property,0.5604838709677419,0.7805706151986098,property,0.6488,True,0.1941,0.6488,0.1572,15.7,London,medium
51.49,-0.16,2,225,property,0.6177777777777778,0.7415259404521493,property,0.6496,True,0.1936,0.6496,0.1568,15.7,London,medium
51.49,-0.16,3,239,property,0.5564853556485355,0.8003411839148911,property,0.6496,True,0.1936,0.6496,0.1568,15.7,London,medium
51.49,-0.15,0,262,property,0.21374045801526717,0.9873871552235349,property,0.6023,True,0.2311,0.6023,0.1666,16.7,London,medium
51.49,-0.15,1,281,property,0.24199288256227758,1.0149265704399564,property,0.6466,True,0.1952,0.6466,0.1581,15.8,London,medium
51.49,-0.15,2,276,property,0.2644927536231884,1.0143717778917187,property,0.65,True,0.1934,0.65,0.1566,15.7,London,medium
51.49,-0.15,3,246,property,0.36585365853658536,0.9543941158389118,property,0.6315,True,0.2081,0.6315,0.1605,16.0,London,medium
51.49,-0.14,0,453,other,0.0772626931567329,1.0689023763004266,other,0.582,True,0.582,0.2497,0.1683,16.8,London,medium
51.49,-0.14,1,466,other,0.11158798283261803,1.0564271176038884,other,0.6143,True,0.6143,0.2207,0.165,16.5,London,medium
51.49,-0.14,2,430,other,0.023255813953488372,1.0664120967969142,other,0.6157,True,0.6157,0.2198,0.1645,16.4,London,medium
51.49,-0.14,3,430,other,0.11162790697674418,1.053194697158709,other,0.6173,True,0.6173,0.2191,0.1636,16.4,London,medium
51.49,-0.13,0,174,other,0.10344827586206896,1.0714250995036434,other,0.616,True,0.616,0.2198,0.1642,16.4,London,medium
51.49,-0.13,1,200,other,0.125,1.0602280919850133,other,0.6061,True,0.6061,0.2282,0.1657,16.6,London,medium
51.49,-0.13,2,180,other,0.19444444444444445,1.0346360831765016,other,0.6161,True,0.6161,0.2196,0.1643,16.4,London,medium
51.49,-0.13,3,187,other,0.1711229946524064,1.0419777658360179,other,0.6177,True,0.6177,0.2189,0.1635,16.3,London,medium
51.49,-0.12,0,348,property,0.20977011494252873,1.0332187629120382,property,0.6482,True,0.1941,0.6482,0.1577,15.8,London,medium
51.49,-0.12,1,364,property,0.19230769230769232,1.0180549239807795,property,0.649,True,0.1936,0.649,0.1574,15.7,London,medium
51.49,-0.12,2,403,property,0.17121588089330025,1.061764725021616,property,0.6442,True,0.1963,0.6442,0.1595,15.9,London,medium
51.49,-0.12,3,335,property,0.19402985074626866,1.0158850249641396,property,0.6495,True,0.1934,0.6495,0.1571,15.7,London,medium
51.49,-0.11,0,202,property,0.0,1.0979943559683296,property,0.6439,True,0.1968,0.6439,0.1594,15.9,London,medium
51.49,-0.11,1,225,property,0.12,1.0829775916817796,other,0.4413,False,0.4413,0.3454,0.2134,21.3,London,uncertain
51.49,-0.11,2,218,property,0.17889908256880735,1.0646131977434445,property,0.6433,True,0.1968,0.6433,0.1599,16.0,London,medium
51.49,-0.11,3,211,property,0.10426540284360189,1.086428320550035,property,0.6351,True,0.2013,0.6351,0.1636,16.4,London,medium
51.49,-0.1,0,557,property,0.16337522441651706,1.0604233011863866,property,0.649,True,0.194,0.649,0.1571,15.7,London,medium
51.49,-0.1,1,521,property,0.1785028790786948,1.0558402243116842,property,0.6501,True,0.1933,0.6501,0.1566,15.7,London,medium
51.49,-0.1,2,573,property,0.10471204188481675,1.0746887335557256,property,0.6499,True,0.1934,0.6499,0.1567,15.7,London,medium
51.49,-0.1,3,584,property,0.1917808219178082,1.0413900538888994,property,0.6503,True,0.1932,0.6503,0.1565,15.7,London,medium
51.49,-0.09,0,381,property,0.1837270341207349,1.0278140188789924,property,0.6423,True,0.1976,0.6423,0.1601,16.0,London,medium
51.49,-0.09,1,351,property,0.1623931623931624,1.062505244118279,property,0.6242,True,0.209,0.6242,0.1668,16.7,London,medium
51.49,-0.09,2,382,property,0.1387434554973822,1.0438850143549652,property,0.603,True,0.2321,0.603,0.1649,16.5,London,medium
51.49,-0.09,3,355,property,0.15492957746478872,1.0487020877277824,property,0.6463,True,0.1954,0.6463,0.1583,15.8,London,medium
51.49,-0.08,0,249,property,0.11646586345381527,1.0784377381018286,property,0.6488,True,0.194,0.6488,0.1571,15.7,London,medium
51.49,-0.08,1,243,property,0.04526748971193416,1.0961574958108786,property,0.6477,True,0.1944,0.6477,0.158,15.8,London,medium
51.49,-0.08,2,258,property,0.08914728682170543,1.0888091001278721,property,0.6506,True,0.193,0.6506,0.1563,15.6,London,medium
51.49,-0.08,3,254,property,0.18110236220472442,1.0578005396291656,property,0.6506,True,0.193,0.6506,0.1563,15.6,London,medium
51.49,-0.07,0,200,other,0.005,1.093196596019743,property,0.6452,False,0.196,0.6452,0.1588,15.9,London,medium
51.49,-0.07,1,202,property,0.06930693069306931,1.0921663134896542,property,0.6433,True,0.1971,0.6433,0.1596,16.0,London,medium
51.49,-0.07,2,204,property,0.09803921568627451,1.0882475238354394,property,0.6235,True,0.2106,0.6235,0.1659,16.6,London,medium
51.49,-0.07,3,190,property,0.015789473684210527,1.0972470615044274,other,0.4793,False,0.4793,0.3443,0.1764,17.6,London,uncertain
51.49,-0.06,0,145,property,0.041379310344827586,1.0773713277305328,property,0.6479,True,0.1943,0.6479,0.1579,15.8,London,medium
51.49,-0.06,1,159,violent,0.05660377358490566,1.0940524441960464,property,0.6484,False,0.1943,0.6484,0.1573,15.7,London,medium
51.49,-0.06,2,139,property,0.1079136690647482,1.0777420276108292,property,0.6506,True,0.193,0.6506,0.1563,15.6,London,medium
51.49,-0.06,3,145,property,0.05517241379310345,1.0951995714368947,property,0.6299,True,0.2016,0.6299,0.1685,16.8,London,medium
51.49,-0.05,0,143,property,0.20279720279720279,1.0495244567024398,property,0.5933,True,0.2329,0.5933,0.1738,17.4,London,medium
51.49,-0.05,1,142,property,0.08450704225352113,1.08745443456752,property,0.6484,True,0.1943,0.6484,0.1573,15.7,London,medium
51.49,-0.05,2,148,property,0.0472972972972973,1.089701954352944,property,0.648,True,0.1942,0.648,0.1578,15.8,London,medium
51.49,-0.05,3,133,other,0.06015037593984962,1.0790153516701522,property,0.4671,False,0.3288,0.4671,0.2042,20.4,London,uncertain
51.49,-0.04,0,167,property,0.1497005988023952,1.0432167064507971,property,0.6477,True,0.1947,0.6477,0.1577,15.8,London,medium
51.49,-0.04,1,193,property,0.20725388601036268,1.050699714490958,property,0.6507,True,0.193,0.6507,0.1563,15.6,London,medium
51.49,-0.04,2,197,property,0.2182741116751269,1.0475664377595444,property,0.6505,True,0.1931,0.6505,0.1564,15.6,London,medium
51.49,-0.04,3,215,property,0.23255813953488372,1.0442672835913376,property,0.6506,True,0.193,0.6506,0.1563,15.6,London,medium
51.49,-0.03,0,75,other,0.22666666666666666,1.0304925826345632,property,0.6293,False,0.2057,0.6293,0.165,16.5,London,medium
51.49,-0.03,1,75,other,0.013333333333333334,1.0980788130214538,violent,0.3709,False,0.2937,0.3354,0.3709,37.1,London,uncertain
51.49,-0.03,2,80,other,0.0125,1.0975114185647865,property,0.6509,False,0.1929,0.6509,0.1562,15.6,London,medium
51.49,-0.03,3,79,other,0.012658227848101266,1.0984527213374777,other,0.5989,True,0.5989,0.2319,0.1691,16.9,London,medium
51.49,-0.02,0,82,other,0.14634146341463414,0.9954154228503462,other,0.6183,True,0.6183,0.2184,0.1633,16.3,London,medium
51.49,-0.02,1,102,other,0.10784313725490197,1.0724140971813068,other,0.4562,True,0.4562,0.2585,0.2854,28.5,London,uncertain
51.49,-0.02,2,86,other,0.06976744186046512,1.0884022259022763,other,0.62,True,0.62,0.2175,0.1626,16.3,London,medium
51.49,-0.02,3,70,other,0.22857142857142856,1.0378817804475255,other,0.5994,True,0.5994,0.2287,0.1719,17.2,London,medium
51.49,-0.01,0,82,other,0.012195121951219513,1.0984641612991375,other,0.6151,True,0.6151,0.2217,0.1633,16.3,London,medium
51.49,-0.01,1,101,other,0.10891089108910891,1.0770446371088538,other,0.6189,True,0.6189,0.218,0.1631,16.3,London,medium
51.49,-0.01,2,120,other,0.15833333333333333,1.044540976466404,other,0.6114,True,0.6114,0.2252,0.1634,16.3,London,medium
51.49,-0.01,3,107,other,0.11214953271028037,1.0746853068211142,other,0.6201,True,0.6201,0.2174,0.1625,16.3,London,medium
51.49,0.0,0,48,property,0.020833333333333332,1.0973093562969467,other,0.6081,False,0.6081,0.2248,0.1671,16.7,London,medium
51.49,0.0,1,47,other,0.0425531914893617,1.089882647561815,other,0.6063,True,0.6063,0.2252,0.1685,16.8,London,medium
51.49,0.0,2,49,violent,0.02040816326530612,1.0930831326881725,other,0.618,False,0.618,0.2181,0.1639,16.4,London,medium
51.49,0.0,3,56,other,0.08928571428571429,1.083140768859532,other,0.6189,True,0.6189,0.2179,0.1632,16.3,London,medium
51.49,0.01,0,148,property,0.02027027027027027,1.0689747507911445,property,0.6485,True,0.1942,0.6485,0.1573,15.7,London,medium
51.49,0.01,1,136,violent,0.007352941176470588,1.0962501758917274,property,0.6484,False,0.1943,0.6484,0.1573,15.7,London,medium
51.49,0.01,2,154,property,0.09090909090909091,1.0753516031814234,property,0.648,True,0.1942,0.648,0.1578,15.8,London,medium
51.49,0.01,3,139,property,0.06474820143884892,1.0933808447956743,other,0.4727,False,0.4727,0.3475,0.1797,18.0,London,uncertain
51.49,0.02,0,148,property,0.2702702702702703,0.952566324667347,property,0.6486,True,0.1941,0.6486,0.1572,15.7,London,medium
51.49,0.02,1,143,property,0.26573426573426573,1.0265352022184921,property,0.6478,True,0.1946,0.6478,0.1576,15.8,London,medium
51.49,0.02,2,152,property,0.3355263157894737,0.9765629736293258,property,0.6508,True,0.1929,0.6508,0.1562,15.6,London,medium
51.49,0.02,3,131,property,0.3511450381679389,0.9786264608580377,property,0.649,True,0.194,0.649,0.1571,15.7,London,medium
51.49,0.03,0,100,property,0.23,0.9803752372876562,property,0.6488,True,0.194,0.6488,0.1571,15.7,London,medium
51.49,0.03,1,104,property,0.22115384615384615,1.052310696875593,property,0.65,True,0.1934,0.65,0.1566,15.7,London,medium
51.49,0.03,2,99,property,0.0707070707070707,1.0531710397272873,property,0.6498,True,0.1932,0.6498,0.157,15.7,London,medium
51.49,0.03,3,88,property,0.07954545454545454,1.0924339894647603,property,0.6459,True,0.1956,0.6459,0.1585,15.8,London,medium
51.49,0.04,0,72,violent,0.06944444444444445,1.0372843701451093,property,0.4968,False,0.2415,0.4968,0.2617,26.2,London,uncertain
51.49,0.04,1,53,other,0.09433962264150944,1.0653496794774537,violent,0.554,False,0.2133,0.2327,0.554,55.4,London,medium
51.49,0.04,2,60,violent,0.03333333333333333,1.0874652669821203,violent,0.5599,True,0.2118,0.2283,0.5599,56.0,London,medium
51.49,0.04,3,52,other,0.057692307692307696,1.0603952074501315,violent,0.5535,False,0.2125,0.234,0.5535,55.3,London,medium
51.49,0.05,0,117,other,0.08547008547008547,1.082690807171936,other,0.6108,True,0.6108,0.2242,0.1649,16.5,London,medium
51.49,0.05,1,112,violent,0.008928571428571428,1.0783084755375807,other,0.4098,False,0.4098,0.2532,0.337,33.7,London,uncertain
51.49,0.05,2,115,violent,0.05217391304347826,1.0917376284467282,other,0.6163,False,0.6163,0.2196,0.1641,16.4,London,medium
51.49,0.05,3,105,other,0.01904761904761905,1.097523260173146,other,0.5913,True,0.5913,0.2371,0.1717,17.2,London,medium
51.49,0.06,0,201,property,0.13432835820895522,1.0696127734801533,other,0.612,False,0.612,0.2235,0.1644,16.4,London,medium
51.49,0.06,1,213,property,0.07981220657276995,1.0899994498651586,other,0.4357,False,0.4357,0.3793,0.185,18.5,London,uncertain
51.49,0.06,2,191,property,0.08900523560209424,1.089288413735808,other,0.5917,False,0.5917,0.2354,0.1729,17.3,London,medium
51.49,0.06,3,199,property,0.09045226130653267,1.0877853025472282,other,0.5592,False,0.5592,0.2552,0.1855,18.6,London,medium
51.49,0.07,0,409,property,0.017114914425427872,1.0981420727910463,other,0.5622,False,0.5622,0.2557,0.1821,18.2,London,medium
51.49,0.07,1,372,other,0.02956989247311828,1.0891040819518707,other,0.4475,True,0.4475,0.352,0.2005,20.0,London,uncertain
51.49,0.07,2,436,other,0.01834862385321101,1.0928427852273122,other,0.4161,True,0.4161,0.3709,0.2129,21.3,London,uncertain
51.49,0.07,3,398,other,0.022613065326633167,1.0946886699014633,other,0.5734,True,0.5734,0.2511,0.1755,17.5,London,medium
51.49,0.08,0,116,violent,0.07758620689655173,1.0920067775183144,violent,0.5562,True,0.2134,0.2304,0.5562,55.6,London,medium
51.49,0.08,1,138,violent,0.09420289855072464,1.0864551064974384,violent,0.5585,True,0.2124,0.2292,0.5585,55.8,London,medium
51.49,0.08,2,138,violent,0.050724637681159424,1.0819047296246385,violent,0.5591,True,0.2121,0.2288,0.5591,55.9,London,medium
51.49,0.08,3,158,other,0.006329113924050633,1.0857794726661667,property,0.3886,False,0.2901,0.3886,0.3213,32.1,London,uncertain
51.49,0.09,0,148,property,0.006756756756756757,1.0821650937858005,violent,0.4566,False,0.2404,0.303,0.4566,45.7,London,uncertain
51.49,0.09,1,159,violent,0.006289308176100629,1.0984936154342724,violent,0.5568,True,0.2132,0.23,0.5568,55.7,London,medium
51.49,0.09,2,154,violent,0.012987012987012988,1.095742856669819,violent,0.4979,True,0.2492,0.2529,0.4979,49.8,London,uncertain
51.49,0.09,3,153,property,0.05228758169934641,1.09313951013254,property,0.4186,True,0.2913,0.4186,0.2902,29.0,London,uncertain
51.49,0.1,0,119,other,0.008403361344537815,1.088875612802135,other,0.4576,True,0.4576,0.3012,0.2413,24.1,London,uncertain
51.49,0.1,1,124,other,0.04032258064516129,1.0966211268689234,property,0.4144,False,0.3594,0.4144,0.2263,22.6,London,uncertain
51.49,0.1,2,118,property,0.00847457627118644,1.091883959456186,property,0.3805,True,0.351,0.3805,0.2685,26.9,London,uncertain
51.49,0.1,3,119,other,0.03361344537815126,1.0787863391215824,property,0.5668,False,0.2169,0.5668,0.2163,21.6,London,medium
51.49,0.11,0,89,violent,0.011235955056179775,1.08095163558353,property,0.6476,False,0.1944,0.6476,0.158,15.8,London,medium
51.49,0.11,1,103,violent,0.13592233009708737,1.06683628192095,property,0.6475,False,0.1945,0.6475,0.1581,15.8,London,medium
51.49,0.11,2,115,violent,0.14782608695652175,1.0763282267163596,violent,0.5481,True,0.2172,0.2348,0.5481,54.8,London,uncertain
51.49,0.11,3,114,violent,0.03508771929824561,1.0862384176328674,violent,0.548,True,0.2162,0.2358,0.548,54.8,London,uncertain
51.49,0.12,0,147,other,0.027210884353741496,1.082382542883035,property,0.6509,False,0.1929,0.6509,0.1562,15.6,London,medium
51.49,0.12,1,149,property,0.006711409395973154,1.097199427598659,property,0.6508,True,0.1929,0.6508,0.1562,15.6,London,medium
51.49,0.12,2,128,property,0.0078125,1.085160456635669,property,0.6084,True,0.2274,0.6084,0.1642,16.4,London,medium
51.49,0.12,3,141,property,0.07092198581560284,1.0781178670632707,property,0.6497,True,0.1933,0.6497,0.1571,15.7,London,medium
51.49,0.13,0,35,violent,0.4,0.9502705392332347,property,0.4132,False,0.2329,0.4132,0.3539,35.4,London,uncertain
51.49,0.13,1,34,property,0.23529411764705882,1.0027399543973452,property,0.6444,True,0.1961,0.6444,0.1596,16.0,London,medium
51.49,0.13,2,49,property,0.16326530612244897,1.069492170855595,property,0.6496,True,0.1936,0.6496,0.1568,15.7,London,medium
51.49,0.13,3,44,violent,0.09090909090909091,0.9921406599065365,property,0.648,False,0.1942,0.648,0.1578,15.8,London,medium
51.49,0.14,0,39,other,0.02564102564102564,1.096637952307349,violent,0.5577,False,0.2127,0.2296,0.5577,55.8,London,medium
51.49,0.14,1,48,violent,0.0625,1.094780226007948,property,0.6399,False,0.1985,0.6399,0.1617,16.2,London,medium
51.49,0.14,2,42,violent,0.023809523809523808,1.0638346754067458,violent,0.5616,True,0.2107,0.2277,0.5616,56.2,London,medium
51.49,0.14,3,34,violent,0.14705882352941177,0.9185114024063005,violent,0.525,True,0.2163,0.2587,0.525,52.5,London,uncertain
51.49,0.15,0,105,property,0.11428571428571428,1.0859716677489304,other,0.4545,False,0.4545,0.3496,0.1959,19.6,London,uncertain
51.49,0.15,1,121,property,0.2644628099173554,1.0144354890156233,violent,0.478,False,0.231,0.2909,0.478,47.8,London,uncertain
51.49,0.15,2,92,property,0.13043478260869565,1.055128893474628,property,0.6418,True,0.1976,0.6418,0.1606,16.1,London,medium
51.49,0.15,3,129,property,0.23255813953488372,1.04751018095505,property,0.6463,True,0.1954,0.6463,0.1583,15.8,London,medium
51.49,0.16,0,37,violent,0.0,1.0470563700373732,violent,0.5532,True,0.215,0.2318,0.5532,55.3,London,medium
51.49,0.16,1,24,violent,0.2916666666666667,1.0054668293254951,violent,0.5621,True,0.2107,0.2272,0.5621,56.2,London,medium
51.49,0.16,2,36,violent,0.08333333333333333,1.046654153838786,violent,0.5549,True,0.2118,0.2333,0.5549,55.5,London,medium
51.49,0.16,3,31,violent,0.16129032258064516,1.0676208772568145,violent,0.5627,True,0.2104,0.2269,0.5627,56.3,London,medium
51.49,0.17,0,42,property,0.11904761904761904,1.077005778047344,violent,0.3756,False,0.3533,0.2711,0.3756,37.6,London,uncertain
51.49,0.17,1,54,other,0.037037037037037035,1.084796742657462,other,0.6038,True,0.6038,0.2273,0.1689,16.9,London,medium
51.49,0.17,2,44,other,0.11363636363636363,1.073553469837396,other,0.6102,True,0.6102,0.2241,0.1657,16.6,London,medium
51.49,0.17,3,54,violent,0.037037037037037035,1.067938505038001,other,0.5999,False,0.5999,0.2323,0.1678,16.8,London,medium
51.49,0.28,3,4,violent,0.25,1.0397207708399179,violent,0.5452,True,0.2188,0.236,0.5452,54.5,London,uncertain
51.49,0.38,1,3,property,0.3333333333333333,0.6365141893815645,property,0.6186,True,0.2107,0.6186,0.1706,17.1,London,medium
51.49,0.38,2,5,violent,0.6,0.5004024447610513,property,0.6252,False,0.2071,0.6252,0.1677,16.8,London,medium
51.5,-0.55,0,3,violent,0.3333333333333333,0.6365141893815645,property,0.634,False,0.2022,0.634,0.1638,16.4,London,medium
51.5,-0.53,0,5,violent,0.6,0.5004024447610512,property,0.6465,False,0.1953,0.6465,0.1582,15.8,London,medium
51.5,-0.49,0,5,property,0.0,1.0549201679861442,property,0.485,True,0.326,0.485,0.1891,18.9,London,uncertain
51.5,-0.49,1,3,property,0.3333333333333333,0.6365141893815645,other,0.6145,False,0.6145,0.2205,0.165,16.5,London,medium
51.5,-0.49,2,12,other,0.16666666666666666,1.0114042647073518,other,0.6067,True,0.6067,0.222,0.1713,17.1,London,medium
51.5,-0.49,3,3,other,0.3333333333333333,0.6365141893815645,other,0.6136,True,0.6136,0.221,0.1654,16.5,London,medium
51.5,-0.48,0,31,property,0.0,1.0943511658532066,property,0.4683,True,0.3508,0.4683,0.181,18.1,London,uncertain
51.5,-0.48,1,34,violent,0.11764705882352941,1.0283941667143721,violent,0.4306,True,0.2585,0.3109,0.4306,43.1,London,uncertain
51.5,-0.48,2,32,property,0.0625,1.0795883408865785,property,0.6484,True,0.194,0.6484,0.1576,15.8,London,medium
51.5,-0.48,3,30,property,0.0,1.0882231038287273,violent,0.547,False,0.2162,0.2369,0.547,54.7,London,uncertain
51.5,-0.47000000000000003,0,87,property,0.2413793103448276,1.034467241299943,other,0.4192,False,0.4192,0.3929,0.1879,18.8,London,uncertain
51.5,-0.47000000000000003,1,92,property,0.0,1.096692663308951,other,0.6075,False,0.6075,0.2251,0.1674,16.7,London,medium
51.5,-0.47000000000000003,2,87,property,0.08045977011494253,1.0789978332763002,property,0.6404,True,0.1987,0.6404,0.1609,16.1,London,medium
51.5,-0.47000000000000003,3,66,violent,0.015151515151515152,1.0936850526494026,property,0.6497,False,0.1935,0.6497,0.1567,15.7,London,medium
51.5,-0.46,0,114,other,0.23684210526315788,1.020456123426082,violent,0.5534,False,0.215,0.2316,0.5534,55.3,London,medium
51.5,-0.46,1,105,other,0.05714285714285714,1.0929599754856523,violent,0.5565,False,0.2133,0.2302,0.5565,55.6,London,medium
51.5,-0.46,2,118,other,0.11016949152542373,1.0723544515152323,violent,0.4549,False,0.2854,0.2597,0.4549,45.5,London,uncertain
51.5,-0.46,3,128,other,0.09375,1.076320800076152,violent,0.546,False,0.2174,0.2366,0.546,54.6,London,uncertain
51.5,-0.44,0,51,other,0.058823529411764705,1.088177104593951,violent,0.444,False,0.2323,0.3237,0.444,44.4,London,uncertain
51.5,-0.44,1,48,property,0.125,1.0717300941124526,property,0.5281,True,0.2324,0.5281,0.2395,24.0,London,uncertain
51.5,-0.44,2,63,property,0.1111111111111111,1.0608569471580214,other,0.609,False,0.609,0.2239,0.1671,16.7,London,medium
51.5,-0.44,3,51,property,0.0392156862745098,1.083086833504507,other,0.6086,False,0.6086,0.2241,0.1673,16.7,London,medium
51.5,-0.43,0,109,property,0.14678899082568808,1.0668383453673873,property,0.6415,True,0.1981,0.6415,0.1604,16.0,London,medium
51.5,-0.43,1,103,property,0.14563106796116504,1.0688880409859811,property,0.6448,True,0.196,0.6448,0.1592,15.9,London,medium
51.5,-0.43,2,105,property,0.0,1.0769865220544765,property,0.6492,True,0.1938,0.6492,0.157,15.7,London,medium
51.5,-0.43,3,93,property,0.07526881720430108,1.0879715984622935,property,0.6492,True,0.1938,0.6492,0.157,15.7,London,medium
51.5,-0.42,0,181,property,0.022099447513812154,1.081305362995861,property,0.6148,True,0.217,0.6148,0.1682,16.8,London,medium
51.5,-0.42,1,204,property,0.0392156862745098,1.0955300630245415,property,0.4346,True,0.3728,0.4346,0.1925,19.3,London,uncertain
51.5,-0.42,2,170,property,0.029411764705882353,1.0870004469549273,other,0.6146,False,0.6146,0.2222,0.1633,16.3,London,medium
51.5,-0.42,3,193,property,0.046632124352331605,1.0945910026690573,property,0.4597,True,0.3281,0.4597,0.2123,21.2,London,uncertain
51.5,-0.41000000000000003,0,54,property,0.14814814814814814,1.0304089991452012,property,0.6474,True,0.1948,0.6474,0.1578,15.8,London,medium
51.5,-0.41000000000000003,1,44,property,0.1590909090909091,0.9540765410915011,property,0.6339,True,0.2023,0.6339,0.1638,16.4,London,medium
51.5,-0.41000000000000003,2,59,property,0.2711864406779661,1.0195934099638098,property,0.6487,True,0.1941,0.6487,0.1572,15.7,London,medium
51.5,-0.41000000000000003,3,68,property,0.4852941176470588,0.8483773069183961,property,0.649,True,0.1939,0.649,0.1571,15.7,London,medium
51.5,-0.4,0,82,property,0.2804878048780488,1.0214681368976022,property,0.6468,True,0.1952,0.6468,0.1581,15.8,London,medium
51.5,-0.4,1,101,property,0.06930693069306931,1.0632272422558526,property,0.6463,True,0.1954,0.6463,0.1583,15.8,London,medium
51.5,-0.4,2,90,property,0.08888888888888889,0.988835593392391,property,0.6472,True,0.1949,0.6472,0.1579,15.8,London,medium
51.5,-0.4,3,80,property,0.0,1.0355728637813653,property,0.6485,True,0.1942,0.6485,0.1573,15.7,London,medium
51.5,-0.39,0,184,other,0.17391304347826086,1.061846994247911,violent,0.4466,False,0.2875,0.266,0.4466,44.7,London,uncertain
51.5,-0.39,1,168,other,0.17261904761904762,1.0680563414163642,other,0.4656,True,0.4656,0.2523,0.2821,28.2,London,uncertain
51.5,-0.39,2,175,other,0.1657142857142857,1.0596592375657812,violent,0.5407,False,0.2229,0.2364,0.5407,54.1,London,uncertain
51.5,-0.39,3,169,other,0.20710059171597633,1.0478685745644998,other,0.384,True,0.384,0.2578,0.3582,35.8,London,uncertain
51.5,-0.38,0,328,property,0.051829268292682924,1.0705608971299982,other,0.613,False,0.613,0.223,0.164,16.4,London,medium
51.5,-0.38,1,301,property,0.0,1.0953570260182488,other,0.6186,False,0.6186,0.2182,0.1632,16.3,London,medium
51.5,-0.38,2,312,property,0.041666666666666664,1.0954623980055695,other,0.6185,False,0.6185,0.2184,0.1631,16.3,London,medium
51.5,-0.38,3,293,other,0.013651877133105802,1.0817235123675832,other,0.6185,True,0.6185,0.2184,0.1631,16.3,London,medium
51.5,-0.37,0,104,other,0.028846153846153848,1.085287665348001,other,0.6161,True,0.6161,0.2198,0.1641,16.4,London,medium
51.5,-0.37,1,95,other,0.37894736842105264,0.948050362045626,other,0.619,True,0.619,0.218,0.1631,16.3,London,medium
51.5,-0.37,2,108,other,0.1388888888888889,1.0755380304615183,other,0.6163,True,0.6163,0.2196,0.1641,16.4,London,medium
51.5,-0.37,3,101,property,0.019801980198019802,1.0934103783306304,other,0.6176,False,0.6176,0.2187,0.1637,16.4,London,medium
51.5,-0.36,0,11,other,0.18181818181818182,0.9164648855394713,other,0.6138,True,0.6138,0.2212,0.1651,16.5,London,medium
51.5,-0.36,1,8,property,0.125,0.9743147528693494,other,0.5587,False,0.5587,0.2479,0.1934,19.3,London,medium
51.5,-0.36,2,12,other,0.08333333333333333,0.9184277849930977,property,0.4718,False,0.3433,0.4718,0.1848,18.5,London,uncertain
51.5,-0.36,3,8,property,0.25,1.0397207708399179,other,0.603,False,0.603,0.2276,0.1695,16.9,London,medium
51.5,-0.35000000000000003,0,3,violent,0.3333333333333333,0.6365141893815645,other,0.6136,False,0.6136,0.2201,0.1663,16.6,London,medium
51.5,-0.35000000000000003,1,7,property,0.2857142857142857,0.9556998911125343,property,0.6458,True,0.1957,0.6458,0.1585,15.8,London,medium
51.5,-0.35000000000000003,2,5,violent,0.4,0.9502705392332347,property,0.6468,False,0.1952,0.6468,0.158,15.8,London,medium
51.5,-0.35000000000000003,3,7,violent,0.0,1.0042424730540764,property,0.6472,False,0.195,0.6472,0.1579,15.8,London,medium
51.5,-0.34,0,37,other,0.4594594594594595,0.8907768373170294,other,0.6181,True,0.6181,0.2185,0.1634,16.3,London,medium
51.5,-0.34,1,20,other,0.3,0.8979457248567797,other,0.6007,True,0.6007,0.2341,0.1652,16.5,London,medium
51.5,-0.34,2,18,other,0.1111111111111111,1.0608569471580214,property,0.5211,False,0.2968,0.5211,0.1821,18.2,London,uncertain
51.5,-0.34,3,29,other,0.27586206896551724,0.9864633661435193,other,0.6212,True,0.6212,0.2167,0.1621,16.2,London,medium
51.5,-0.33,0,36,property,0.027777777777777776,1.0962947871994975,property,0.6486,True,0.1942,0.6486,0.1572,15.7,London,medium
51.5,-0.33,1,28,property,0.10714285714285714,0.9529371001252029,property,0.6479,True,0.1945,0.6479,0.1575,15.8,London,medium
51.5,-0.33,2,36,violent,0.0,1.0688206728265008,property,0.6488,False,0.194,0.6488,0.1571,15.7,London,medium
51.5,-0.33,3,35,property,0.2857142857142857,1.0027556945301126,property,0.6499,True,0.1931,0.6499,0.1569,15.7,London,medium
51.5,-0.32,0,53,property,0.1320754716981132,1.0597862800660394,property,0.6347,True,0.2018,0.6347,0.1634,16.3,London,medium
51.5,-0.32,1,35,property,0.08571428571428572,1.0882194459083807,property,0.633,True,0.2028,0.633,0.1642,16.4,London,medium
51.5,-0.32,2,50,property,0.04,1.053919750902252,property,0.6399,True,0.199,0.6399,0.1611,16.1,London,medium
51.5,-0.32,3,42,property,0.3333333333333333,0.9773202089564674,property,0.6493,True,0.1938,0.6493,0.1569,15.7,London,medium
51.5,-0.31,0,82,property,0.036585365853658534,1.0196976258031094,property,0.6488,True,0.194,0.6488,0.1572,15.7,London,medium
51.5,-0.31,1,71,other,0.028169014084507043,1.0948098332511589,property,0.6498,False,0.1935,0.6498,0.1567,15.7,London,medium
51.5,-0.31,2,70,property,0.11428571428571428,1.0467289072985653,property,0.6506,True,0.1931,0.6506,0.1564,15.6,London,medium
51.5,-0.31,3,77,property,0.09090909090909091,1.0875738732657205,property,0.6506,True,0.1931,0.6506,0.1564,15.6,London,medium
51.5,-0.3,0,51,property,0.0392156862745098,1.083086833504507,property,0.5201,True,0.2951,0.5201,0.1849,18.5,London,uncertain
51.5,-0.3,1,60,other,0.03333333333333333,1.0542255224632429,property,0.3466,False,0.3455,0.3466,0.3079,30.8,London,uncertain
51.5,-0.3,2,67,violent,0.029850746268656716,1.0922657060739835,other,0.6147,False,0.6147,0.2215,0.1638,16.4,London,medium
51.5,-0.3,3,50,violent,0.12,1.0458861105228145,other,0.5998,False,0.5998,0.231,0.1692,16.9,London,medium
51.5,-0.29,0,35,property,0.6285714285714286,0.5824256871958697,property,0.6416,True,0.198,0.6416,0.1604,16.0,London,medium
51.5,-0.29,1,42,property,0.6666666666666666,0.6667858912585133,property,0.6464,True,0.1954,0.6464,0.1582,15.8,London,medium
51.5,-0.29,2,39,property,0.46153846153846156,0.8586069824330381,property,0.6486,True,0.1942,0.6486,0.1573,15.7,London,medium
51.5,-0.29,3,46,property,0.6304347826086957,0.7148386023658708,property,0.6486,True,0.1942,0.6486,0.1573,15.7,London,medium
51.5,-0.28,0,61,property,0.01639344262295082,1.0865997576800344,property,0.65,True,0.1934,0.65,0.1566,15.7,London,medium
51.5,-0.28,1,60,property,0.03333333333333333,1.027517014774606,property,0.6372,True,0.2004,0.6372,0.1624,16.2,London,medium
51.5,-0.28,2,72,property,0.20833333333333334,1.0327438135557083,property,0.4874,True,0.3326,0.4874,0.18,18.0,London,uncertain
51.5,-0.28,3,68,property,0.014705882352941176,1.0917205264376055,property,0.6453,True,0.196,0.6453,0.1587,15.9,London,medium
51.5,-0.27,0,107,other,0.1308411214953271,1.0536443136589095,property,0.6483,False,0.1943,0.6483,0.1574,15.7,London,medium
51.5,-0.27,1,118,other,0.1271186440677966,1.0806585062289646,property,0.6462,False,0.1955,0.6462,0.1583,15.8,London,medium
51.5,-0.27,2,121,other,0.04132231404958678,1.0944544134592056,property,0.6503,False,0.1932,0.6503,0.1565,15.6,London,medium
51.5,-0.27,3,130,other,0.12307692307692308,1.080696672215105,property,0.6487,False,0.1941,0.6487,0.1572,15.7,London,medium
51.5,-0.26,0,64,property,0.28125,1.015063083244053,property,0.6481,True,0.1944,0.6481,0.1574,15.7,London,medium
51.5,-0.26,1,69,property,0.17391304347826086,1.0604424290954224,property,0.6478,True,0.1946,0.6478,0.1576,15.8,London,medium
51.5,-0.26,2,72,property,0.125,1.0306592425486318,property,0.6486,True,0.1942,0.6486,0.1572,15.7,London,medium
51.5,-0.26,3,80,property,0.25,1.0293001650588882,property,0.6499,True,0.1935,0.6499,0.1567,15.7,London,medium
51.5,-0.25,0,66,property,0.21212121212121213,1.048872013427051,property,0.6485,True,0.1942,0.6485,0.1573,15.7,London,medium
51.5,-0.25,1,65,property,0.2153846153846154,1.0255652425178494,property,0.6492,True,0.1935,0.6492,0.1573,15.7,London,medium
51.5,-0.25,2,60,property,0.15,1.0670938948757507,property,0.6506,True,0.1931,0.6506,0.1564,15.6,London,medium
51.5,-0.25,3,63,property,0.30158730158730157,1.0087884808661953,property,0.6502,True,0.1933,0.6502,0.1565,15.7,London,medium
51.5,-0.24,0,127,other,0.015748031496062992,1.0943775518228576,other,0.478,True,0.478,0.3451,0.1769,17.7,London,uncertain
51.5,-0.24,1,145,property,0.0896551724137931,1.0853724210861382,property,0.4773,True,0.3408,0.4773,0.1819,18.2,London,uncertain
51.5,-0.24,2,111,other,0.036036036036036036,1.0969262184194792,property,0.5074,False,0.3118,0.5074,0.1807,18.1,London,uncertain
51.5,-0.24,3,113,property,0.05309734513274336,1.082871931028019,other,0.4745,False,0.4745,0.3502,0.1753,17.5,London,uncertain
51.5,-0.23,0,187,property,0.0,1.097890735247766,property,0.4512,True,0.3662,0.4512,0.1826,18.3,London,uncertain
51.5,-0.23,1,186,property,0.0,1.0983507099569692,other,0.6115,False,0.6115,0.225,0.1634,16.3,London,medium
51.5,-0.23,2,186,other,0.06451612903225806,1.0860461412330316,other,0.6029,True,0.6029,0.2328,0.1643,16.4,London,medium
51.5,-0.23,3,188,property,0.06382978723404255,1.0908463062721014,other,0.5869,False,0.5869,0.2471,0.166,16.6,London,medium
51.5,-0.22,0,411,other,0.019464720194647202,1.0874949114744972,other,0.5344,True,0.5344,0.2952,0.1704,17.0,London,uncertain
51.5,-0.22,1,376,other,0.06648936170212766,1.0858080703095934,other,0.4664,True,0.4664,0.3531,0.1805,18.0,London,uncertain
51.5,-0.22,2,409,other,0.07334963325183375,1.079328743135481,property,0.6077,False,0.2289,0.6077,0.1634,16.3,London,medium
51.5,-0.22,3,400,other,0.0325,1.0843759943841953,property,0.561,False,0.2671,0.561,0.1719,17.2,London,medium
51.5,-0.21,0,134,property,0.17164179104477612,1.0373555320909502,property,0.649,True,0.1939,0.649,0.157,15.7,London,medium
51.5,-0.21,1,121,property,0.0743801652892562,1.0701132107062634,property,0.6498,True,0.1935,0.6498,0.1567,15.7,London,medium
51.5,-0.21,2,119,violent,0.008403361344537815,1.0981158715229853,property,0.4936,False,0.332,0.4936,0.1743,17.4,London,uncertain
51.5,-0.21,3,114,property,0.02631578947368421,1.0893529529697572,property,0.6502,True,0.1933,0.6502,0.1565,15.7,London,medium
51.5,-0.2,0,105,property,0.20952380952380953,1.038560714134006,property,0.6487,True,0.1941,0.6487,0.1572,15.7,London,medium
51.5,-0.2,1,122,property,0.20491803278688525,1.031546592924265,property,0.6446,True,0.1964,0.6446,0.159,15.9,London,medium
51.5,-0.2,2,120,other,0.075,1.0667181876240546,property,0.65,False,0.1934,0.65,0.1566,15.7,London,medium
51.5,-0.2,3,109,property,0.14678899082568808,1.0732490154146688,property,0.65,True,0.1934,0.65,0.1566,15.7,London,medium
51.5,-0.19,0,246,property,0.3861788617886179,0.9572467040389545,property,0.6476,True,0.1947,0.6476,0.1577,15.8,London,medium
51.5,-0.19,1,231,property,0.29004329004329005,1.010513006309667,property,0.6488,True,0.1941,0.6488,0.1572,15.7,London,medium
51.5,-0.19,2,234,property,0.31196581196581197,1.0064220986355887,property,0.6484,True,0.1943,0.6484,0.1574,15.7,London,medium
51.5,-0.19,3,223,property,0.2645739910313901,1.0238913467681234,property,0.6496,True,0.1936,0.6496,0.1568,15.7,London,medium
51.5,-0.18,0,90,property,0.26666666666666666,0.993892894941796,property,0.6476,True,0.1947,0.6476,0.1577,15.8,London,medium
51.5,-0.18,1,108,property,0.37962962962962965,0.9578733058873556,property,0.6459,True,0.1957,0.6459,0.1585,15.8,London,medium
51.5,-0.18,2,103,property,0.42718446601941745,0.9257241007513719,property,0.6496,True,0.1936,0.6496,0.1568,15.7,London,medium
51.5,-0.18,3,111,property,0.3333333333333333,0.9921651614668261,property,0.6496,True,0.1936,0.6496,0.1568,15.7,London,medium
51.5,-0.17,0,137,property,0.24817518248175183,1.036949681319116,property,0.6401,True,0.1988,0.6401,0.161,16.1,London,medium
51.5,-0.17,1,133,property,0.2932330827067669,1.006090208052915,property,0.6462,True,0.1955,0.6462,0.1583,15.8,London,medium
51.5,-0.17,2,125,property,0.28,0.9412309941596708,property,0.6491,True,0.1939,0.6491,0.157,15.7,London,medium
51.5,-0.17,3,139,property,0.28776978417266186,1.007133143656156,property,0.6503,True,0.1932,0.6503,0.1565,15.6,London,medium
51.5,-0.16,0,332,property,0.48493975903614456,0.8678526254294705,property,0.6476,True,0.1947,0.6476,0.1577,15.8,London,medium
51.5,-0.16,1,322,property,0.48757763975155277,0.8481079605213755,property,0.6488,True,0.1941,0.6488,0.1572,15.7,London,medium
51.5,-0.16,2,330,property,0.5212121212121212,0.8255150636335753,property,0.6496,True,0.1936,0.6496,0.1568,15.7,London,medium
51.5,-0.16,3,340,property,0.49117647058823527,0.8700663699226778,property,0.6496,True,0.1936,0.6496,0.1568,15.7,London,medium
51.5,-0.15,0,145,property,0.3724137931034483,0.9225213958655275,property,0.6483,True,0.1943,0.6483,0.1574,15.7,London,medium
51.5,-0.15,1,165,property,0.4,0.934939816793281,property,0.6488,True,0.1941,0.6488,0.1572,15.7,London,medium
51.5,-0.15,2,151,property,0.3973509933774834,0.9047602471038467,property,0.6496,True,0.1936,0.6496,0.1568,15.7,London,medium
51.5,-0.15,3,134,property,0.291044776119403,0.9804169845328987,property,0.6483,True,0.1943,0.6483,0.1574,15.7,London,medium
51.5,-0.14,0,453,property,0.25165562913907286,0.9763530192443782,property,0.6483,True,0.1943,0.6483,0.1574,15.7,London,medium
51.5,-0.14,1,499,property,0.1462925851703407,1.0094134415202811,property,0.6488,True,0.1941,0.6488,0.1572,15.7,London,medium
51.5,-0.14,2,487,property,0.23408624229979466,0.9567944269880426,property,0.6496,True,0.1936,0.6496,0.1568,15.7,London,medium
51.5,-0.14,3,505,property,0.2099009900990099,0.9881732569226888,property,0.6496,True,0.1936,0.6496,0.1568,15.7,London,medium
51.5,-0.13,0,446,property,0.226457399103139,1.045376320451143,property,0.6479,True,0.1945,0.6479,0.1575,15.8,London,medium
51.5,-0.13,1,460,property,0.14782608695652175,1.069932536768412,property,0.6498,True,0.1935,0.6498,0.1567,15.7,London,medium
51.5,-0.13,2,433,property,0.28868360277136257,1.013692782304278,property,0.65,True,0.1934,0.65,0.1566,15.7,London,medium
51.5,-0.13,3,472,property,0.15677966101694915,1.0737206543768223,property,0.6503,True,0.1932,0.6503,0.1565,15.6,London,medium
51.5,-0.12,0,393,property,0.28498727735368956,1.0217893748023734,property,0.6487,True,0.1941,0.6487,0.1572,15.7,London,medium
51.5,-0.12,1,405,property,0.21975308641975308,1.0443860134318428,property,0.6491,True,0.1939,0.6491,0.157,15.7,London,medium
51.5,-0.12,2,349,property,0.21203438395415472,1.0469718330145348,property,0.65,True,0.1934,0.65,0.1566,15.7,London,medium
51.5,-0.12,3,353,property,0.19830028328611898,1.0440809257383838,property,0.6496,True,0.1936,0.6496,0.1568,15.7,London,medium
51.5,-0.11,0,463,property,0.3434125269978402,0.9666281071037311,property,0.6484,True,0.1943,0.6484,0.1573,15.7,London,medium
51.5,-0.11,1,516,property,0.42829457364341084,0.9197169545339908,property,0.6459,True,0.1956,0.6459,0.1584,15.8,London,medium
51.5,-0.11,2,472,property,0.4025423728813559,0.9256598633416527,property,0.6499,True,0.1935,0.6499,0.1567,15.7,London,medium
51.5,-0.11,3,427,property,0.3372365339578454,0.9781192918762405,property,0.6497,True,0.1936,0.6497,0.1568,15.7,London,medium
51.5,-0.1,0,460,property,0.33260869565217394,0.9941184812757762,property,0.6484,True,0.1943,0.6484,0.1573,15.7,London,medium
51.5,-0.1,1,493,property,0.34685598377281945,0.981081731294325,property,0.6488,True,0.1941,0.6488,0.1572,15.7,London,medium
51.5,-0.1,2,509,property,0.28094302554027506,1.0213456754604646,property,0.6497,True,0.1936,0.6497,0.1568,15.7,London,medium
51.5,-0.1,3,505,property,0.27920792079207923,1.0173529131292143,property,0.6497,True,0.1936,0.6497,0.1568,15.7,London,medium
51.5,-0.09,0,526,property,0.33079847908745247,0.9953974900806282,property,0.6484,True,0.1943,0.6484,0.1573,15.7,London,medium
51.5,-0.09,1,490,property,0.2530612244897959,1.011531943246957,property,0.6459,True,0.1956,0.6459,0.1584,15.8,London,medium
51.5,-0.09,2,542,property,0.1881918819188192,1.0453894708922935,property,0.6497,True,0.1936,0.6497,0.1568,15.7,London,medium
51.5,-0.09,3,517,property,0.2862669245647969,1.00445142492365,property,0.6497,True,0.1936,0.6497,0.1568,15.7,London,medium
51.5,-0.08,0,411,property,0.3260340632603406,0.9783616401039112,property,0.6487,True,0.1941,0.6487,0.1572,15.7,London,medium
51.5,-0.08,1,416,property,0.19951923076923078,1.0355526333275857,property,0.6459,True,0.1956,0.6459,0.1584,15.8,London,medium
51.5,-0.08,2,410,property,0.28780487804878047,1.0129455710141955,property,0.65,True,0.1934,0.65,0.1566,15.7,London,medium
51.5,-0.08,3,408,property,0.33578431372549017,0.9813363987740077,property,0.6497,True,0.1936,0.6497,0.1568,15.7,London,medium
51.5,-0.07,0,186,property,0.016129032258064516,1.006600085582166,property,0.6485,True,0.1942,0.6485,0.1573,15.7,London,medium
51.5,-0.07,1,203,property,0.1625615763546798,1.0540033149366375,property,0.6499,True,0.1935,0.6499,0.1567,15.7,London,medium
51.5,-0.07,2,155,property,0.03225806451612903,1.0888317512882162,property,0.6504,True,0.1932,0.6504,0.1565,15.6,London,medium
51.5,-0.07,3,185,property,0.04864864864864865,1.0699111584358527,property,0.65,True,0.1934,0.65,0.1566,15.7,London,medium
51.5,-0.06,0,159,property,0.0880503144654088,1.0898248333494138,other,0.6184,False,0.6184,0.2183,0.1633,16.3,London,medium
51.5,-0.06,1,108,violent,0.06481481481481481,1.093821392862924,other,0.6188,False,0.6188,0.218,0.1631,16.3,London,medium
51.5,-0.06,2,126,property,0.05555555555555555,1.071075046034761,other,0.4792,False,0.4792,0.3463,0.1745,17.5,London,uncertain
51.5,-0.06,3,131,property,0.11450381679389313,1.0769346724149342,other,0.6089,False,0.6089,0.2264,0.1646,16.5,London,medium
51.5,-0.05,0,179,property,0.27932960893854747,1.0254027733664581,property,0.6496,True,0.1936,0.6496,0.1568,15.7,London,medium
51.5,-0.05,1,185,property,0.11351351351351352,1.0730350456034798,property,0.6494,True,0.1937,0.6494,0.1569,15.7,London,medium
51.5,-0.05,2,174,property,0.16091954022988506,1.072906674997672,property,0.6503,True,0.1932,0.6503,0.1565,15.7,London,medium
51.5,-0.05,3,171,property,0.1286549707602339,1.0791864585310462,property,0.6503,True,0.1932,0.6503,0.1565,15.7,London,medium
51.5,-0.04,0,54,violent,0.12962962962962962,1.0797518328839022,property,0.6479,False,0.1942,0.6479,0.1578,15.8,London,medium
51.5,-0.04,1,78,violent,0.02564102564102564,1.0842435291786918,property,0.6481,False,0.1944,0.6481,0.1575,15.7,London,medium
51.5,-0.04,2,57,property,0.017543859649122806,1.0919804569730027,property,0.6441,True,0.1966,0.6441,0.1592,15.9,London,medium
51.5,-0.04,3,71,other,0.1267605633802817,1.0727752438715485,property,0.6506,False,0.193,0.6506,0.1563,15.6,London,medium
51.5,-0.03,0,84,property,0.09523809523809523,1.0584092574198016,property,0.6476,True,0.1944,0.6476,0.158,15.8,London,medium
51.5,-0.03,1,83,violent,0.04819277108433735,1.094586459087424,property,0.6493,False,0.1938,0.6493,0.1569,15.7,London,medium
51.5,-0.03,2,106,other,0.018867924528301886,1.0925071279162448,property,0.5925,False,0.2411,0.5925,0.1664,16.6,London,medium
51.5,-0.03,3,100,property,0.0,1.0960673284468552,property,0.6479,True,0.1942,0.6479,0.1578,15.8,London,medium
51.5,-0.02,0,343,property,0.014577259475218658,1.0866704336749657,property,0.6467,True,0.1952,0.6467,0.1581,15.8,London,medium
51.5,-0.02,1,342,other,0.005847953216374269,1.08705094913058,property,0.6484,False,0.1943,0.6484,0.1573,15.7,London,medium
51.5,-0.02,2,331,property,0.03625377643504532,1.0949876416672517,property,0.6437,True,0.1982,0.6437,0.1582,15.8,London,medium
51.5,-0.02,3,315,property,0.08888888888888889,1.0772301383907175,property,0.6505,True,0.1931,0.6505,0.1564,15.6,London,medium
51.5,-0.01,0,169,property,0.047337278106508875,1.0947275893645347,property,0.4128,True,0.339,0.4128,0.2482,24.8,London,uncertain
51.5,-0.01,1,185,other,0.16216216216216217,1.0696075198199422,property,0.5429,False,0.2715,0.5429,0.1856,18.6,London,uncertain
51.5,-0.01,2,197,other,0.08121827411167512,1.0895004667016779,other,0.603,True,0.603,0.2327,0.1643,16.4,London,medium
51.5,-0.01,3,200,other,0.04,1.0768186672148103,other,0.5944,True,0.5944,0.2358,0.1698,17.0,London,medium
51.5,0.0,0,81,property,0.14814814814814814,0.9835246879407542,property,0.6462,True,0.1952,0.6462,0.1586,15.9,London,medium
51.5,0.0,1,112,property,0.026785714285714284,1.0304470751575452,property,0.3988,True,0.242,0.3988,0.3592,35.9,London,uncertain
51.5,0.0,2,101,property,0.1782178217821782,1.0104424609373965,violent,0.5051,False,0.2195,0.2753,0.5051,50.5,London,uncertain
51.5,0.0,3,101,property,0.09900990099009901,1.00455937219062,property,0.4619,True,0.2475,0.4619,0.2907,29.1,London,uncertain
51.5,0.01,0,109,property,0.06422018348623854,1.0879147793932922,other,0.6183,False,0.6183,0.2183,0.1633,16.3,London,medium
51.5,0.01,1,114,property,0.05263157894736842,1.0902671602225884,violent,0.5463,False,0.217,0.2367,0.5463,54.6,London,uncertain
51.5,0.01,2,96,property,0.041666666666666664,1.0963616608320688,other,0.3746,False,0.3746,0.3431,0.2822,28.2,London,uncertain
51.5,0.01,3,89,property,0.033707865168539325,1.0883762224923679,property,0.5071,True,0.2912,0.5071,0.2016,20.2,London,uncertain
51.5,0.02,0,20,property,0.0,1.0960673284468552,other,0.4321,False,0.4321,0.3824,0.1855,18.5,London,uncertain
51.5,0.02,1,31,violent,0.0967741935483871,0.9828642929216391,other,0.6125,False,0.6125,0.2215,0.1661,16.6,London,medium
51.5,0.02,2,21,other,0.09523809523809523,1.0710185424099148,other,0.4306,True,0.4306,0.3946,0.1748,17.5,London,uncertain
51.5,0.02,3,29,other,0.034482758620689655,1.0901154415671217,other,0.5958,True,0.5958,0.2314,0.1728,17.3,London,medium
51.5,0.03,0,98,property,0.15306122448979592,1.0359386340366294,property,0.6485,True,0.1942,0.6485,0.1573,15.7,London,medium
51.5,0.03,1,111,property,0.24324324324324326,1.035820437894905,property,0.6491,True,0.1936,0.6491,0.1573,15.7,London,medium
51.5,0.03,2,135,property,0.21481481481481482,1.0516591327748306,property,0.6497,True,0.1932,0.6497,0.157,15.7,London,medium
51.5,0.03,3,117,property,0.1623931623931624,1.0719775947616936,property,0.6504,True,0.1931,0.6504,0.1564,15.6,London,medium
51.5,0.04,0,55,property,0.2727272727272727,1.017928431020155,property,0.6396,True,0.1991,0.6396,0.1613,16.1,London,medium
51.5,0.04,1,59,property,0.2542372881355932,1.033410713719085,property,0.5754,True,0.2488,0.5754,0.1759,17.6,London,medium
51.5,0.04,2,49,property,0.32653061224489793,0.9755830067149596,property,0.6501,True,0.1933,0.6501,0.1566,15.7,London,medium
51.5,0.04,3,61,property,0.21311475409836064,0.9981895949324247,property,0.6494,True,0.1937,0.6494,0.1569,15.7,London,medium
51.5,0.05,0,49,other,0.24489795918367346,0.9687647992935404,other,0.6203,True,0.6203,0.2173,0.1624,16.2,London,medium
51.5,0.05,1,47,other,0.1702127659574468,1.0307403425838975,other,0.6189,True,0.6189,0.218,0.1631,16.3,London,medium
51.5,0.05,2,44,other,0.36363636363636365,0.9179396294121864,other,0.6184,True,0.6184,0.2181,0.1635,16.4,London,medium
51.5,0.05,3,43,other,0.4186046511627907,0.8687636790187561,other,0.6171,True,0.6171,0.2186,0.1643,16.4,London,medium
51.5,0.06,0,29,other,0.10344827586206896,1.0835222669892097,other,0.6189,True,0.6189,0.2181,0.1631,16.3,London,medium
51.5,0.06,1,45,violent,0.1111111111111111,1.079773089409609,violent,0.517,True,0.227,0.2561,0.517,51.7,London,uncertain
51.5,0.06,2,52,other,0.1346153846153846,1.070048946096679,violent,0.4536,False,0.2848,0.2616,0.4536,45.4,London,uncertain
51.5,0.06,3,40,other,0.075,1.0321590615626535,other,0.6159,True,0.6159,0.221,0.1631,16.3,London,medium
51.5,0.07,0,24,violent,0.2916666666666667,1.0054668293254954,violent,0.4917,True,0.2618,0.2465,0.4917,49.2,London,uncertain
51.5,0.07,1,22,violent,0.2727272727272727,0.9949236325717751,violent,0.562,True,0.2108,0.2272,0.562,56.2,London,medium
51.5,0.07,2,32,other,0.15625,1.003690367837568,violent,0.5625,False,0.2105,0.227,0.5625,56.3,London,medium
51.5,0.07,3,27,violent,0.37037037037037035,0.956608498101539,violent,0.5591,True,0.2122,0.2286,0.5591,55.9,London,medium
51.5,0.08,0,26,violent,0.23076923076923078,0.9839614460010255,violent,0.5053,True,0.2431,0.2516,0.5053,50.5,London,uncertain
51.5,0.08,1,18,violent,0.16666666666666666,1.072043343575071,violent,0.4222,True,0.2235,0.3543,0.4222,42.2,London,uncertain
51.5,0.08,2,19,violent,0.2631578947368421,1.017164350924834,property,0.5998,False,0.2161,0.5998,0.1841,18.4,London,medium
51.5,0.08,3,18,property,0.2222222222222222,1.0366279688586069,other,0.6008,False,0.6008,0.2308,0.1683,16.8,London,medium
51.5,0.09,0,80,violent,0.2125,1.0557989289990513,property,0.4335,False,0.3145,0.4335,0.252,25.2,London,uncertain
51.5,0.09,1,89,violent,0.06741573033707865,1.089078427670991,violent,0.5609,True,0.2112,0.2279,0.5609,56.1,London,medium
51.5,0.09,2,65,violent,0.16923076923076924,1.0614383220515828,other,0.4821,False,0.4821,0.2489,0.2691,26.9,London,uncertain
51.5,0.09,3,89,violent,0.10112359550561797,1.0333394800657987,violent,0.5583,True,0.2126,0.2292,0.5583,55.8,London,medium
51.5,0.1,0,32,violent,0.25,1.0397207708399179,violent,0.5616,True,0.211,0.2274,0.5616,56.2,London,medium
51.5,0.1,1,23,violent,0.30434782608695654,0.9772300460661989,violent,0.562,True,0.2107,0.2273,0.562,56.2,London,medium
51.5,0.1,2,47,violent,0.23404255319148937,0.9979299300130942,other,0.5976,False,0.5976,0.2327,0.1697,17.0,London,medium
51.5,0.1,3,23,violent,0.0,1.0660493483542606,violent,0.5604,True,0.2115,0.228,0.5604,56.0,London,medium
51.5,0.11,0,45,violent,0.17777777777777778,0.9986960225194134,violent,0.5477,True,0.2163,0.236,0.5477,54.8,London,uncertain
51.5,0.11,1,62,violent,0.11290322580645161,1.0703119032752553,violent,0.5413,True,0.2193,0.2394,0.5413,54.1,London,uncertain
51.5,0.11,2,59,violent,0.01694915254237288,1.057053737258649,other,0.5755,False,0.5755,0.2472,0.1773,17.7,London,medium
51.5,0.11,3,53,violent,0.05660377358490566,1.0852265277231319,violent,0.5614,True,0.211,0.2276,0.5614,56.1,London,medium
51.5,0.12,0,100,property,0.04,1.097032390352067,other,0.6019,False,0.6019,0.2299,0.1682,16.8,London,medium
51.5,0.12,1,102,violent,0.0196078431372549,1.0948054959329923,property,0.6458,False,0.1954,0.6458,0.1588,15.9,London,medium
51.5,0.12,2,97,violent,0.010309278350515464,1.0939360684623036,property,0.5707,False,0.2558,0.5707,0.1735,17.4,London,medium
51.5,0.12,3,115,property,0.16521739130434782,1.0724955627273969,other,0.5073,False,0.5073,0.3137,0.179,17.9,London,uncertain
51.5,0.13,0,52,violent,0.11538461538461539,1.0798753311904068,violent,0.549,True,0.2142,0.2368,0.549,54.9,London,uncertain
51.5,0.13,1,63,property,0.031746031746031744,1.095584269840347,property,0.6461,True,0.1952,0.6461,0.1587,15.9,London,medium
51.5,0.13,2,48,violent,0.08333333333333333,1.077556327066801,property,0.6498,False,0.1935,0.6498,0.1567,15.7,London,medium
51.5,0.13,3,49,other,0.08163265306122448,1.0657703788875728,violent,0.4904,False,0.2227,0.2869,0.4904,49.0,London,uncertain
51.5,0.14,0,3,other,0.3333333333333333,0.6365141893815645,violent,0.56,False,0.2118,0.2282,0.56,56.0,London,medium
51.5,0.15,0,5,property,0.6,0.5004024447610513,other,0.6119,False,0.6119,0.2217,0.1664,16.6,London,medium
51.5,0.15,2,9,other,0.1111111111111111,1.0608569471580214,property,0.4824,False,0.3377,0.4824,0.1799,18.0,London,uncertain
51.5,0.15,3,3,other,0.3333333333333333,0.6365141893815645,property,0.645,False,0.1962,0.645,0.1589,15.9,London,medium
51.5,0.16,0,25,property,0.08,1.0875656525975472,property,0.6489,True,0.194,0.6489,0.1571,15.7,London,medium
51.5,0.16,1,26,property,0.11538461538461539,1.0798753311904068,property,0.6468,True,0.1952,0.6468,0.1581,15.8,London,medium
51.5,0.16,2,16,property,0.25,1.0397207708399179,property,0.6456,True,0.1955,0.6456,0.1589,15.9,London,medium
51.5,0.16,3,10,property,0.0,1.0549201679861442,property,0.6466,True,0.1953,0.6466,0.1582,15.8,London,medium
51.5,0.17,0,3,property,0.3333333333333333,0.6365141893815645,property,0.6461,True,0.1956,0.6461,0.1584,15.8,London,medium
51.5,0.17,1,4,property,1.0,4.3446531758480495e-08,violent,0.4022,False,0.2399,0.3579,0.4022,40.2,London,uncertain
51.5,0.18,1,3,violent,0.3333333333333333,0.6365141893815645,property,0.6432,False,0.1972,0.6432,0.1597,16.0,London,medium
51.5,0.29,1,3,violent,0.3333333333333333,0.6365141893815645,property,0.6177,False,0.2113,0.6177,0.1711,17.1,London,medium
51.51,-0.6,2,3,violent,1.0,4.3446531758480495e-08,violent,0.4296,True,0.229,0.3413,0.4296,43.0,London,uncertain
51.51,-0.6,3,3,violent,1.0,4.3446531758480495e-08,violent,0.5568,True,0.2133,0.2299,0.5568,55.7,London,medium
51.51,-0.59,3,3,violent,0.3333333333333333,0.6365141893815645,property,0.6486,False,0.1942,0.6486,0.1572,15.7,London,medium
51.51,-0.48,0,36,other,0.027777777777777776,1.0816810090772329,violent,0.442,False,0.2737,0.2843,0.442,44.2,London,uncertain
51.51,-0.48,1,37,violent,0.02702702702702703,1.0978881493493058,property,0.6321,False,0.203,0.6321,0.1649,16.5,London,medium
51.51,-0.48,2,27,violent,0.037037037037037035,1.0091366718296015,violent,0.5587,True,0.2123,0.229,0.5587,55.9,London,medium
51.51,-0.48,3,40,other,0.025,1.090269363315715,property,0.6296,False,0.2086,0.6296,0.1618,16.2,London,medium
51.51,-0.47000000000000003,0,184,property,0.10326086956521739,1.0838881304499033,property,0.6455,True,0.1959,0.6455,0.1586,15.9,London,medium
51.51,-0.47000000000000003,1,190,property,0.05789473684210526,1.0864807399542604,property,0.6422,True,0.1977,0.6422,0.1601,16.0,London,medium
51.51,-0.47000000000000003,2,198,property,0.005050505050505051,1.0914308840941551,property,0.6246,True,0.2085,0.6246,0.1669,16.7,London,medium
51.51,-0.47000000000000003,3,192,property,0.020833333333333332,1.094310087661284,property,0.6462,True,0.1955,0.6462,0.1583,15.8,London,medium
51.51,-0.46,0,57,other,0.19298245614035087,1.0554053458596906,property,0.4683,False,0.298,0.4683,0.2337,23.4,London,uncertain
51.51,-0.46,1,73,other,0.0410958904109589,1.079654226075826,violent,0.3943,False,0.3013,0.3044,0.3943,39.4,London,uncertain
51.51,-0.46,2,59,other,0.15254237288135594,1.0612477890097622,other,0.6024,True,0.6024,0.2306,0.167,16.7,London,medium
51.51,-0.46,3,48,violent,0.041666666666666664,1.0933903064791184,other,0.6159,False,0.6159,0.2198,0.1643,16.4,London,medium
51.51,-0.45,0,26,other,0.5,0.8207996891635669,other,0.6142,True,0.6142,0.2196,0.1662,16.6,London,medium
51.51,-0.45,1,27,other,0.1111111111111111,1.0608569471580214,other,0.6169,True,0.6169,0.2191,0.1639,16.4,London,medium
51.51,-0.45,2,25,other,0.2,0.9978737678714716,other,0.5751,True,0.5751,0.2368,0.188,18.8,London,medium
51.51,-0.45,3,29,other,0.3448275862068966,0.9592548832791166,other,0.5348,True,0.5348,0.2446,0.2207,22.1,London,uncertain
51.51,-0.44,0,7,property,0.42857142857142855,0.5982696097102534,property,0.6446,True,0.1964,0.6446,0.159,15.9,London,medium
51.51,-0.44,1,8,property,0.25,0.6615632592196847,property,0.4667,True,0.3437,0.4667,0.1897,19.0,London,uncertain
51.51,-0.44,2,8,property,0.25,0.6615632592196847,property,0.6461,True,0.1955,0.6461,0.1584,15.8,London,medium
51.51,-0.44,3,8,violent,0.0,1.0821955300387673,property,0.6435,False,0.197,0.6435,0.1595,16.0,London,medium
51.51,-0.43,0,31,other,0.3548387096774194,0.9695156076823563,other,0.6172,True,0.6172,0.219,0.1638,16.4,London,medium
51.51,-0.43,1,39,other,0.07692307692307693,1.0546651897961086,other,0.6127,True,0.6127,0.2214,0.166,16.6,London,medium
51.51,-0.43,2,46,other,0.10869565217391304,1.044480267270522,other,0.6191,True,0.6191,0.2181,0.1628,16.3,London,medium
51.51,-0.43,3,35,other,0.05714285714285714,1.0827565298295394,other,0.6072,True,0.6072,0.2247,0.1681,16.8,London,medium
51.51,-0.42,0,212,property,0.12735849056603774,1.0747794500516632,property,0.6478,True,0.1946,0.6478,0.1576,15.8,London,medium
51.51,-0.42,1,220,property,0.1318181818181818,1.0792266927561398,property,0.6471,True,0.195,0.6471,0.1579,15.8,London,medium
51.51,-0.42,2,237,property,0.1350210970464135,1.0695618915114604,property,0.6491,True,0.1939,0.6491,0.157,15.7,London,medium
51.51,-0.42,3,230,property,0.16956521739130434,1.0543880360323734,property,0.6492,True,0.1938,0.6492,0.157,15.7,London,medium
51.51,-0.41000000000000003,0,112,violent,0.017857142857142856,1.0931514800136295,other,0.4445,False,0.4445,0.3641,0.1913,19.1,London,uncertain
51.51,-0.41000000000000003,1,91,property,0.12087912087912088,1.0830970950852228,property,0.6395,True,0.1992,0.6395,0.1613,16.1,London,medium
51.51,-0.41000000000000003,2,105,property,0.02857142857142857,1.0928031365066584,property,0.6419,True,0.1975,0.6419,0.1605,16.1,London,medium
51.51,-0.41000000000000003,3,85,property,0.1411764705882353,1.0756838993619426,other,0.4899,False,0.4899,0.3284,0.1817,18.2,London,uncertain
51.51,-0.4,0,14,violent,0.0,1.0042424730540764,violent,0.4113,True,0.2343,0.3545,0.4113,41.1,London,uncertain
51.51,-0.4,1,12,property,0.08333333333333333,0.9184277849930976,violent,0.3958,False,0.2415,0.3627,0.3958,39.6,London,uncertain
51.51,-0.4,2,11,property,0.45454545454545453,0.9075352941050092,property,0.6394,True,0.199,0.6394,0.1617,16.2,London,medium
51.51,-0.4,3,10,property,0.1,0.9433483923290391,property,0.519,True,0.2294,0.519,0.2516,25.2,London,uncertain
51.51,-0.39,0,123,property,0.10569105691056911,1.078467880129477,property,0.6403,True,0.1984,0.6403,0.1612,16.1,London,medium
51.51,-0.39,1,114,property,0.2543859649122807,1.0331732811715397,violent,0.3977,False,0.2327,0.3695,0.3977,39.8,London,uncertain
51.51,-0.39,2,112,property,0.017857142857142856,1.0980564717298045,property,0.3921,True,0.2352,0.3921,0.3727,37.3,London,uncertain
51.51,-0.39,3,94,property,0.0851063829787234,1.0702983883547736,property,0.63,True,0.2048,0.63,0.1652,16.5,London,medium
51.51,-0.38,0,336,property,0.03869047619047619,1.0929644078643683,property,0.647,True,0.195,0.647,0.158,15.8,London,medium
51.51,-0.38,1,353,property,0.0764872521246459,1.0873502649502649,property,0.647,True,0.1951,0.647,0.158,15.8,London,medium
51.51,-0.38,2,326,other,0.046012269938650305,1.0950812305801763,property,0.6478,False,0.1946,0.6478,0.1576,15.8,London,medium
51.51,-0.38,3,338,property,0.005917159763313609,1.098154600173177,property,0.641,True,0.1983,0.641,0.1607,16.1,London,medium
51.51,-0.37,0,141,other,0.07092198581560284,1.083406540627967,other,0.6171,True,0.6171,0.2191,0.1638,16.4,London,medium
51.51,-0.37,1,124,property,0.04032258064516129,1.0966211268689237,other,0.6175,False,0.6175,0.2188,0.1637,16.4,London,medium
51.51,-0.37,2,136,other,0.09558823529411764,1.087181699304114,other,0.6187,True,0.6187,0.2182,0.1631,16.3,London,medium
51.51,-0.37,3,133,other,0.022556390977443608,1.0975415707730491,other,0.6093,True,0.6093,0.2238,0.1669,16.7,London,medium
51.51,-0.36,0,27,other,0.37037037037037035,0.956608498101539,other,0.616,True,0.616,0.2197,0.1642,16.4,London,medium
51.51,-0.36,1,29,other,0.06896551724137931,0.8167753243474005,other,0.6062,True,0.6062,0.2252,0.1686,16.9,London,medium
51.51,-0.36,2,35,other,0.37142857142857144,0.9461749088894451,other,0.6144,True,0.6144,0.2204,0.1652,16.5,London,medium
51.51,-0.36,3,36,other,0.08333333333333333,0.995779521074449,other,0.6153,True,0.6153,0.2202,0.1645,16.5,London,medium
51.51,-0.35000000000000003,0,118,violent,0.3389830508474576,0.9827584142142893,violent,0.5533,True,0.2147,0.232,0.5533,55.3,London,medium
51.51,-0.35000000000000003,1,117,violent,0.26495726495726496,1.0304305237905809,violent,0.5538,True,0.2146,0.2317,0.5538,55.4,London,medium
51.51,-0.35000000000000003,2,119,violent,0.226890756302521,1.0233852117680657,violent,0.5578,True,0.2127,0.2295,0.5578,55.8,London,medium
51.51,-0.35000000000000003,3,122,violent,0.18032786885245902,1.0426343074641395,violent,0.5561,True,0.2135,0.2304,0.5561,55.6,London,medium
51.51,-0.34,0,104,other,0.08653846153846154,1.0865211629307663,other,0.6172,True,0.6172,0.219,0.1637,16.4,London,medium
51.51,-0.34,1,120,other,0.058333333333333334,1.0830941878029217,other,0.6181,True,0.6181,0.2183,0.1636,16.4,London,medium
51.51,-0.34,2,114,other,0.03508771929824561,1.0970133669284177,other,0.6203,True,0.6203,0.2173,0.1624,16.2,London,medium
51.51,-0.34,3,100,other,0.1,1.071273721672414,other,0.6194,True,0.6194,0.2178,0.1628,16.3,London,medium
51.51,-0.33,0,138,other,0.14492753623188406,1.0602055574247338,other,0.6166,True,0.6166,0.2194,0.164,16.4,London,medium
51.51,-0.33,1,140,other,0.16428571428571428,1.0640556067376963,other,0.6196,True,0.6196,0.2176,0.1628,16.3,London,medium
51.51,-0.33,2,154,other,0.14935064935064934,1.0727786366570298,other,0.6201,True,0.6201,0.2174,0.1625,16.2,London,medium
51.51,-0.33,3,145,other,0.006896551724137931,1.0979899554045305,other,0.6194,True,0.6194,0.2178,0.1628,16.3,London,medium
51.51,-0.32,0,275,other,0.2,1.0165658386178922,other,0.5837,True,0.5837,0.249,0.1673,16.7,London,medium
51.51,-0.32,1,304,other,0.2631578947368421,1.013281595604374,other,0.6196,True,0.6196,0.2176,0.1628,16.3,London,medium
51.51,-0.32,2,290,other,0.20689655172413793,1.040159992258784,other,0.5616,True,0.5616,0.269,0.1694,16.9,London,medium
51.51,-0.32,3,295,other,0.15593220338983052,1.0000788969779586,property,0.4557,False,0.363,0.4557,0.1813,18.1,London,uncertain
51.51,-0.31,0,146,property,0.0684931506849315,1.0905039948943394,property,0.6409,True,0.1984,0.6409,0.1607,16.1,London,medium
51.51,-0.31,1,147,other,0.061224489795918366,1.0829214743199105,property,0.5049,False,0.3186,0.5049,0.1765,17.6,London,uncertain
51.51,-0.31,2,126,other,0.007936507936507936,1.0972751365841535,property,0.6505,False,0.1931,0.6505,0.1564,15.6,London,medium
51.51,-0.31,3,128,property,0.0390625,1.0702084692616898,property,0.6343,True,0.206,0.6343,0.1598,16.0,London,medium
51.51,-0.3,0,285,property,0.21754385964912282,1.0294056623561934,property,0.6486,True,0.1942,0.6486,0.1572,15.7,London,medium
51.51,-0.3,1,297,property,0.31313131313131315,0.9970631243047279,property,0.649,True,0.1939,0.649,0.1571,15.7,London,medium
51.51,-0.3,2,267,property,0.2846441947565543,1.006788118030567,property,0.6499,True,0.1934,0.6499,0.1567,15.7,London,medium
51.51,-0.3,3,288,property,0.17708333333333334,1.0288667910380354,property,0.6499,True,0.1934,0.6499,0.1567,15.7,London,medium
51.51,-0.29,0,76,property,0.013157894736842105,1.0529665270568924,other,0.4295,False,0.4295,0.3846,0.1858,18.6,London,uncertain
51.51,-0.29,1,60,other,0.03333333333333333,1.0542255224632429,property,0.4873,False,0.3364,0.4873,0.1764,17.6,London,uncertain
51.51,-0.29,2,60,other,0.18333333333333332,1.0217260613086157,other,0.4745,True,0.4745,0.3502,0.1753,17.5,London,uncertain
51.51,-0.29,3,62,property,0.06451612903225806,1.0206687537032066,property,0.4627,True,0.3606,0.4627,0.1767,17.7,London,uncertain
51.51,-0.28,0,96,other,0.052083333333333336,1.01663327416618,property,0.6393,False,0.1993,0.6393,0.1614,16.1,London,medium
51.51,-0.28,1,100,other,0.35,0.9812519116616495,property,0.6475,False,0.1948,0.6475,0.1577,15.8,London,medium
51.51,-0.28,2,91,other,0.1978021978021978,1.0567950278036782,property,0.6496,False,0.1936,0.6496,0.1568,15.7,London,medium
51.51,-0.28,3,91,other,0.27472527472527475,0.9896016444404894,property,0.6499,False,0.1935,0.6499,0.1567,15.7,London,medium
51.51,-0.27,0,296,other,0.08783783783783784,1.0875349284917526,other,0.6162,True,0.6162,0.2197,0.1641,16.4,London,medium
51.51,-0.27,1,291,other,0.15120274914089346,1.0756397209315396,other,0.6139,True,0.6139,0.2209,0.1652,16.5,London,medium
51.51,-0.27,2,267,other,0.1760299625468165,1.0655376362424378,other,0.5846,True,0.5846,0.2481,0.1673,16.7,London,medium
51.51,-0.27,3,287,other,0.13588850174216027,1.064272479019709,other,0.6161,True,0.6161,0.2196,0.1643,16.4,London,medium
51.51,-0.26,0,77,property,0.11688311688311688,1.0837684110764807,property,0.6246,True,0.2114,0.6246,0.164,16.4,London,medium
51.51,-0.26,1,65,other,0.015384615384615385,1.0647071433590654,property,0.5641,False,0.2611,0.5641,0.1748,17.5,London,medium
51.51,-0.26,2,82,property,0.0,1.0796234893476813,other,0.4501,False,0.4501,0.3724,0.1775,17.7,London,uncertain
51.51,-0.26,3,73,other,0.0821917808219178,1.0700467588237306,property,0.5634,False,0.2672,0.5634,0.1694,16.9,London,medium
51.51,-0.25,0,202,other,0.04950495049504951,1.0647341731816484,property,0.6291,False,0.2057,0.6291,0.1651,16.5,London,medium
51.51,-0.25,1,220,property,0.022727272727272728,1.0883467821735286,property,0.6487,True,0.1941,0.6487,0.1572,15.7,London,medium
51.51,-0.25,2,218,property,0.15137614678899083,1.0386302473970737,property,0.6496,True,0.1933,0.6496,0.1571,15.7,London,medium
51.51,-0.25,3,210,property,0.0,1.0977878444695828,violent,0.5457,False,0.2172,0.2371,0.5457,54.6,London,uncertain
51.51,-0.24,0,125,other,0.04,1.0954958729584798,other,0.6164,True,0.6164,0.2195,0.1641,16.4,London,medium
51.51,-0.24,1,159,property,0.0440251572327044,1.0860879693366903,other,0.619,False,0.619,0.2179,0.1631,16.3,London,medium
51.51,-0.24,2,151,property,0.046357615894039736,1.0951845154434845,other,0.6203,False,0.6203,0.2173,0.1624,16.2,London,medium
51.51,-0.24,3,149,other,0.06711409395973154,1.0908258488307325,other,0.6203,True,0.6203,0.2173,0.1624,16.2,London,medium
51.51,-0.23,0,266,other,0.24060150375939848,1.0422422083789913,other,0.6185,True,0.6185,0.2183,0.1632,16.3,London,medium
51.51,-0.23,1,286,other,0.08741258741258741,1.0874587806801141,other,0.6202,True,0.6202,0.2173,0.1625,16.3,London,medium
51.51,-0.23,2,254,other,0.09448818897637795,1.0663405570710571,other,0.6197,True,0.6197,0.2176,0.1627,16.3,London,medium
51.51,-0.23,3,257,other,0.2140077821011673,1.0535803158814974,other,0.6203,True,0.6203,0.2173,0.1624,16.2,London,medium
51.51,-0.22,0,639,property,0.46322378716744916,0.8900811079885649,property,0.6486,True,0.1942,0.6486,0.1572,15.7,London,medium
51.51,-0.22,1,600,property,0.44,0.9083827564668028,property,0.649,True,0.1939,0.649,0.1571,15.7,London,medium
51.51,-0.22,2,638,property,0.4843260188087774,0.8743819325213668,property,0.6499,True,0.1934,0.6499,0.1567,15.7,London,medium
51.51,-0.22,3,629,property,0.48012718600953896,0.8811621867400024,property,0.6499,True,0.1934,0.6499,0.1567,15.7,London,medium
51.51,-0.21,0,157,property,0.12101910828025478,1.0690943839583662,property,0.649,True,0.1939,0.649,0.157,15.7,London,medium
51.51,-0.21,1,157,property,0.18471337579617833,1.0560617097662979,property,0.6498,True,0.1935,0.6498,0.1567,15.7,London,medium
51.51,-0.21,2,160,property,0.2375,1.000898687940356,property,0.649,True,0.194,0.649,0.1571,15.7,London,medium
51.51,-0.21,3,182,property,0.14285714285714285,1.0478070164080207,property,0.6502,True,0.1933,0.6502,0.1565,15.7,London,medium
51.51,-0.2,0,277,property,0.18411552346570398,1.0134174173965738,property,0.6475,True,0.1948,0.6475,0.1578,15.8,London,medium
51.51,-0.2,1,287,property,0.2613240418118467,0.9673731871638347,property,0.6459,True,0.1957,0.6459,0.1585,15.8,London,medium
51.51,-0.2,2,269,property,0.17100371747211895,1.0482966537735225,property,0.6496,True,0.1936,0.6496,0.1568,15.7,London,medium
51.51,-0.2,3,268,property,0.20149253731343283,1.0252140328097756,property,0.6496,True,0.1936,0.6496,0.1568,15.7,London,medium
51.51,-0.19,0,309,property,0.20064724919093851,1.0133711578460984,property,0.6483,True,0.1943,0.6483,0.1574,15.7,London,medium
51.51,-0.19,1,286,property,0.2867132867132867,0.994987130856991,property,0.6459,True,0.1957,0.6459,0.1585,15.8,London,medium
51.51,-0.19,2,306,property,0.1895424836601307,1.033966343471655,property,0.6496,True,0.1936,0.6496,0.1568,15.7,London,medium
51.51,-0.19,3,325,property,0.2246153846153846,0.9856591991429604,property,0.6496,True,0.1936,0.6496,0.1568,15.7,London,medium
51.51,-0.18,0,154,property,0.032467532467532464,1.055155005890928,property,0.6487,True,0.1941,0.6487,0.1572,15.7,London,medium
51.51,-0.18,1,166,property,0.04216867469879518,1.0440818127903269,property,0.6466,True,0.1952,0.6466,0.1581,15.8,London,medium
51.51,-0.18,2,158,property,0.17088607594936708,1.0246331670754696,property,0.65,True,0.1934,0.65,0.1566,15.7,London,medium
51.51,-0.18,3,119,property,0.1092436974789916,1.0363639710142998,property,0.6475,True,0.1948,0.6475,0.1577,15.8,London,medium
51.51,-0.17,0,92,property,0.32608695652173914,0.9838070663724302,property,0.6483,True,0.1943,0.6483,0.1574,15.7,London,medium
51.51,-0.17,1,85,property,0.29411764705882354,1.006425761515949,property,0.6427,True,0.1974,0.6427,0.1599,16.0,London,medium
51.51,-0.17,2,78,property,0.358974358974359,0.9372196256384235,property,0.65,True,0.1934,0.65,0.1566,15.7,London,medium
51.51,-0.17,3,84,property,0.39285714285714285,0.9554548468276154,property,0.6496,True,0.1936,0.6496,0.1568,15.7,London,medium
51.51,-0.16,0,488,property,0.45286885245901637,0.9007049177902428,property,0.6483,True,0.1943,0.6483,0.1574,15.7,London,medium
51.51,-0.16,1,455,property,0.4703296703296703,0.8826578381041781,property,0.6459,True,0.1957,0.6459,0.1585,15.8,London,medium
51.51,-0.16,2,496,property,0.4717741935483871,0.8854171611561628,property,0.6496,True,0.1936,0.6496,0.1568,15.7,London,medium
51.51,-0.16,3,466,property,0.4871244635193133,0.8783256134645412,property,0.6496,True,0.1936,0.6496,0.1568,15.7,London,medium
51.51,-0.15,0,892,property,0.6446188340807175,0.7067023054306455,property,0.6483,True,0.1943,0.6483,0.1574,15.7,London,medium
51.51,-0.15,1,978,property,0.5961145194274029,0.7593451347557463,property,0.6459,True,0.1957,0.6459,0.1585,15.8,London,medium
51.51,-0.15,2,922,property,0.5661605206073753,0.7989964450394541,property,0.6496,True,0.1936,0.6496,0.1568,15.7,London,medium
51.51,-0.15,3,937,property,0.5891141942369263,0.7531536587386678,property,0.6496,True,0.1936,0.6496,0.1568,15.7,London,medium
51.51,-0.14,0,1336,property,0.6197604790419161,0.7339543653385843,property,0.6483,True,0.1943,0.6483,0.1574,15.7,London,medium
51.51,-0.14,1,1299,property,0.5827559661277906,0.7823073500220031,property,0.6488,True,0.1941,0.6488,0.1572,15.7,London,medium
51.51,-0.14,2,1387,property,0.5811103100216294,0.7697106556153126,property,0.6496,True,0.1936,0.6496,0.1568,15.7,London,medium
51.51,-0.14,3,1342,property,0.5834575260804769,0.7745853662306308,property,0.6496,True,0.1936,0.6496,0.1568,15.7,London,medium
51.51,-0.13,0,2735,property,0.47787934186471664,0.8860543746015123,property,0.6483,True,0.1943,0.6483,0.1574,15.7,London,medium
51.51,-0.13,1,2741,property,0.5107624954396206,0.8521081602505243,property,0.6459,True,0.1957,0.6459,0.1585,15.8,London,medium
51.51,-0.13,2,2666,property,0.4973743435858965,0.8626917168585909,property,0.6496,True,0.1936,0.6496,0.1568,15.7,London,medium
51.51,-0.13,3,2685,property,0.4521415270018622,0.9073281917336846,property,0.6496,True,0.1936,0.6496,0.1568,15.7,London,medium
51.51,-0.12,0,884,property,0.39819004524886875,0.9380045521285734,property,0.6476,True,0.1947,0.6476,0.1577,15.8,London,medium
51.51,-0.12,1,966,property,0.4389233954451346,0.9146418852614504,property,0.6488,True,0.1941,0.6488,0.1572,15.7,London,medium
51.51,-0.12,2,949,property,0.4077976817702845,0.9345555167221077,property,0.6496,True,0.1936,0.6496,0.1568,15.7,London,medium
51.51,-0.12,3,907,property,0.3947078280044101,0.9435104370840046,property,0.6496,True,0.1936,0.6496,0.1568,15.7,London,medium
51.51,-0.11,0,209,property,0.5311004784688995,0.8097467781396783,property,0.6484,True,0.1943,0.6484,0.1573,15.7,London,medium
51.51,-0.11,1,207,property,0.43478260869565216,0.9032660044842276,property,0.6459,True,0.1956,0.6459,0.1584,15.8,London,medium
51.51,-0.11,2,196,property,0.3622448979591837,0.9629335295263665,property,0.6497,True,0.1936,0.6497,0.1568,15.7,London,medium
51.51,-0.11,3,195,property,0.4564102564102564,0.88594337651396,property,0.6482,True,0.1944,0.6482,0.1574,15.7,London,medium
51.51,-0.1,0,172,property,0.5116279069767442,0.8003892606057176,property,0.6484,True,0.1943,0.6484,0.1573,15.7,London,medium
51.51,-0.1,1,149,property,0.5570469798657718,0.7555286430854,property,0.6473,True,0.1949,0.6473,0.1578,15.8,London,medium
51.51,-0.1,2,167,property,0.6407185628742516,0.7046911979494865,property,0.6497,True,0.1936,0.6497,0.1568,15.7,London,medium
51.51,-0.1,3,156,property,0.4807692307692308,0.825106898108698,property,0.6497,True,0.1936,0.6497,0.1568,15.7,London,medium
51.51,-0.09,0,257,property,0.6147859922178989,0.7151820292163407,property,0.6476,True,0.1947,0.6476,0.1577,15.8,London,medium
51.51,-0.09,1,278,property,0.6474820143884892,0.6908366371277497,property,0.6488,True,0.1941,0.6488,0.1572,15.7,London,medium
51.51,-0.09,2,282,property,0.7127659574468085,0.6211056731868856,property,0.6482,True,0.1944,0.6482,0.1574,15.7,London,medium
51.51,-0.09,3,274,property,0.5912408759124088,0.7704331094405157,property,0.6484,True,0.1943,0.6484,0.1573,15.7,London,medium
51.51,-0.08,0,98,property,0.7040816326530612,0.6259138820291318,property,0.6477,True,0.1946,0.6477,0.1576,15.8,London,medium
51.51,-0.08,1,110,property,0.7272727272727273,0.577747680090106,property,0.6296,True,0.2047,0.6296,0.1657,16.6,London,medium
51.51,-0.08,2,107,property,0.6074766355140186,0.7164021801231726,property,0.6484,True,0.1943,0.6484,0.1573,15.7,London,medium
51.51,-0.08,3,93,property,0.5376344086021505,0.819693394155949,property,0.6497,True,0.1936,0.6497,0.1568,15.7,London,medium
51.51,-0.07,0,338,property,0.2514792899408284,1.0241584547428668,property,0.5135,True,0.3042,0.5135,0.1823,18.2,London,uncertain
51.51,-0.07,1,315,property,0.25396825396825395,1.0097082619649382,property,0.4862,True,0.3368,0.4862,0.1771,17.7,London,uncertain
51.51,-0.07,2,317,property,0.24290220820189273,1.0186646754460598,property,0.4884,True,0.3353,0.4884,0.1763,17.6,London,uncertain
51.51,-0.07,3,315,property,0.2253968253968254,1.0417672076201943,property,0.5189,True,0.307,0.5189,0.174,17.4,London,uncertain
51.51,-0.06,0,309,property,0.10032362459546926,1.0874131311828852,property,0.5561,True,0.2661,0.5561,0.1778,17.8,London,medium
51.51,-0.06,1,316,other,0.0189873417721519,1.0971243956418304,other,0.412,True,0.412,0.4044,0.1836,18.4,London,uncertain
51.51,-0.06,2,340,other,0.04411764705882353,1.0931469044939428,other,0.4444,True,0.4444,0.3766,0.179,17.9,London,uncertain
51.51,-0.06,3,310,property,0.05806451612903226,1.0779354372628593,property,0.5043,True,0.3158,0.5043,0.1799,18.0,London,uncertain
51.51,-0.05,0,150,other,0.006666666666666667,1.090202504515367,other,0.6061,True,0.6061,0.2253,0.1686,16.9,London,medium
51.51,-0.05,1,155,other,0.09032258064516129,1.0856942308230502,other,0.5866,True,0.5866,0.2405,0.1728,17.3,London,medium
51.51,-0.05,2,151,violent,0.08609271523178808,1.072257940203139,other,0.4747,False,0.4747,0.3426,0.1827,18.3,London,uncertain
51.51,-0.05,3,151,other,0.07947019867549669,1.0853662271667832,property,0.6407,False,0.1995,0.6407,0.1599,16.0,London,medium
51.51,-0.04,0,184,property,0.005434782608695652,1.0556514159308474,property,0.6413,True,0.1982,0.6413,0.1605,16.1,London,medium
51.51,-0.04,1,189,property,0.042328042328042326,1.0845130231111062,property,0.65,True,0.1934,0.65,0.1566,15.7,London,medium
51.51,-0.04,2,205,property,0.024390243902439025,1.0746989356564205,property,0.6505,True,0.1931,0.6505,0.1564,15.6,London,medium
51.51,-0.04,3,210,property,0.1,1.0888999753452238,property,0.6498,True,0.1935,0.6498,0.1567,15.7,London,medium
51.51,-0.03,0,258,other,0.03488372093023256,1.0960547528287803,other,0.601,True,0.601,0.2339,0.1651,16.5,London,medium
51.51,-0.03,1,257,property,0.04669260700389105,1.0847561837033042,property,0.4855,True,0.34,0.4855,0.1746,17.5,London,uncertain
51.51,-0.03,2,248,other,0.04435483870967742,1.0673046847302445,property,0.5347,False,0.291,0.5347,0.1742,17.4,London,uncertain
51.51,-0.03,3,252,other,0.047619047619047616,1.0917862380951273,property,0.4449,False,0.3756,0.4449,0.1796,18.0,London,uncertain
51.51,-0.02,0,343,property,0.13702623906705538,1.0758069030569581,property,0.6452,True,0.196,0.6452,0.1588,15.9,London,medium
51.51,-0.02,1,373,property,0.16085790884718498,1.0428350547063538,property,0.6425,True,0.1975,0.6425,0.16,16.0,London,medium
51.51,-0.02,2,314,property,0.1910828025477707,1.045478797371308,property,0.5583,True,0.2693,0.5583,0.1724,17.2,London,medium
51.51,-0.02,3,339,property,0.12389380530973451,1.067251292712835,property,0.6078,True,0.2286,0.6078,0.1637,16.4,London,medium
51.51,-0.01,0,264,property,0.07196969696969698,1.0771803075557216,property,0.6467,True,0.1949,0.6467,0.1584,15.8,London,medium
51.51,-0.01,1,285,property,0.13333333333333333,1.0805424855571037,property,0.6475,True,0.1945,0.6475,0.1581,15.8,London,medium
51.51,-0.01,2,284,property,0.09859154929577464,1.0742662246967216,property,0.5071,True,0.2912,0.5071,0.2016,20.2,London,uncertain
51.51,-0.01,3,275,property,0.10181818181818182,1.0829089190847623,property,0.413,True,0.3335,0.413,0.2535,25.3,London,uncertain
51.51,0.0,0,122,property,0.09836065573770492,1.0664501231099386,property,0.5578,True,0.2675,0.5578,0.1747,17.5,London,medium
51.51,0.0,1,105,property,0.047619047619047616,1.0797070480213682,property,0.3841,True,0.3308,0.3841,0.2851,28.5,London,uncertain
51.51,0.0,2,97,property,0.20618556701030927,1.0483099514017324,property,0.6457,True,0.1957,0.6457,0.1586,15.9,London,medium
51.51,0.0,3,118,property,0.11016949152542373,1.0549850888340975,property,0.5925,True,0.2349,0.5925,0.1726,17.3,London,medium
51.51,0.01,0,163,property,0.22699386503067484,1.0345019057162526,property,0.649,True,0.194,0.649,0.1571,15.7,London,medium
51.51,0.01,1,175,property,0.3142857142857143,0.9948672843969453,property,0.649,True,0.1939,0.649,0.157,15.7,London,medium
51.51,0.01,2,178,property,0.29775280898876405,1.0140482502649535,property,0.6503,True,0.1932,0.6503,0.1565,15.7,London,medium
51.51,0.01,3,175,property,0.32,0.9956009315375652,property,0.6503,True,0.1932,0.6503,0.1565,15.7,London,medium
51.51,0.02,0,192,property,0.078125,1.0892538888813281,property,0.6485,True,0.1942,0.6485,0.1573,15.7,London,medium
51.51,0.02,1,185,property,0.03783783783783784,1.0912918895520767,property,0.6379,True,0.2014,0.6379,0.1607,16.1,London,medium
51.51,0.02,2,192,property,0.09375,1.0834622500189226,property,0.468,True,0.3523,0.468,0.1797,18.0,London,uncertain
51.51,0.02,3,178,property,0.033707865168539325,1.0914528677911077,property,0.6505,True,0.1931,0.6505,0.1564,15.6,London,medium
51.51,0.03,0,136,property,0.10294117647058823,1.0686984877971322,property,0.6486,True,0.1942,0.6486,0.1573,15.7,London,medium
51.51,0.03,1,123,property,0.17886178861788618,1.0614143736021866,property,0.6475,True,0.1944,0.6475,0.158,15.8,London,medium
51.51,0.03,2,126,property,0.1746031746031746,1.0490543348258081,property,0.6506,True,0.193,0.6506,0.1563,15.6,London,medium
51.51,0.03,3,133,property,0.06015037593984962,1.0438924326969068,property,0.6506,True,0.193,0.6506,0.1563,15.6,London,medium
51.51,0.04,0,69,property,0.3333333333333333,0.9654299131339387,property,0.6481,True,0.1944,0.6481,0.1575,15.7,London,medium
51.51,0.04,1,74,property,0.16216216216216217,0.945929526790497,property,0.6484,True,0.1943,0.6484,0.1573,15.7,London,medium
51.51,0.04,2,75,property,0.14666666666666667,1.0318163799264624,property,0.6512,True,0.1927,0.6512,0.1561,15.6,London,medium
51.51,0.04,3,93,property,0.3225806451612903,0.9766159960178948,property,0.6502,True,0.1933,0.6502,0.1565,15.7,London,medium
51.51,0.05,0,46,violent,0.15217391304347827,1.0763951189873606,other,0.6206,False,0.6206,0.2172,0.1622,16.2,London,medium
51.51,0.05,1,30,property,0.03333333333333333,1.0739607536079796,other,0.6054,False,0.6054,0.2261,0.1685,16.9,London,medium
51.51,0.05,2,41,property,0.2926829268292683,1.0110402106104204,other,0.6199,False,0.6199,0.2176,0.1625,16.2,London,medium
51.51,0.05,3,48,violent,0.041666666666666664,1.0933903064791184,other,0.6205,False,0.6205,0.2173,0.1621,16.2,London,medium
51.51,0.06,0,114,property,0.14912280701754385,1.0617295808464202,property,0.6504,True,0.1932,0.6504,0.1565,15.6,London,medium
51.51,0.06,1,85,violent,0.011764705882352941,1.0984744136736204,property,0.6501,False,0.1933,0.6501,0.1566,15.7,London,medium
51.51,0.06,2,94,property,0.1702127659574468,1.0447199250322172,property,0.6506,True,0.193,0.6506,0.1563,15.6,London,medium
51.51,0.06,3,102,property,0.0784313725490196,1.0907115534410028,property,0.6505,True,0.1931,0.6505,0.1564,15.6,London,medium
51.51,0.07,0,87,violent,0.1724137931034483,1.0049572499577462,property,0.5856,False,0.2156,0.5856,0.1987,19.9,London,medium
51.51,0.07,1,81,violent,0.16049382716049382,1.0719061580715332,property,0.6501,False,0.1928,0.6501,0.1571,15.7,London,medium
51.51,0.07,2,111,violent,0.07207207207207207,1.075896204103164,property,0.6481,False,0.1941,0.6481,0.1577,15.8,London,medium
51.51,0.07,3,82,violent,0.06097560975609756,1.0574786320087677,property,0.6486,False,0.1939,0.6486,0.1576,15.8,London,medium
51.51,0.08,0,16,violent,0.25,0.9470571522825082,other,0.5391,False,0.5391,0.253,0.2079,20.8,London,uncertain
51.51,0.08,1,13,violent,0.0,1.0733942812811266,property,0.644,False,0.1962,0.644,0.1598,16.0,London,medium
51.51,0.08,2,22,other,0.3181818181818182,1.0040761387311792,other,0.6183,True,0.6183,0.2183,0.1634,16.3,London,medium
51.51,0.08,3,13,property,0.38461538461538464,0.9251290835720822,other,0.6061,False,0.6061,0.2283,0.1657,16.6,London,medium
51.51,0.1,0,21,property,0.23809523809523808,1.012494711026758,property,0.6484,True,0.1942,0.6484,0.1573,15.7,London,medium
51.51,0.1,1,23,property,0.13043478260869565,0.9189639831203728,property,0.6492,True,0.1938,0.6492,0.157,15.7,London,medium
51.51,0.1,2,18,property,0.2777777777777778,0.9809896824453154,property,0.6501,True,0.1933,0.6501,0.1566,15.7,London,medium
51.51,0.1,3,27,property,0.2222222222222222,0.936888307539016,property,0.6402,True,0.1988,0.6402,0.161,16.1,London,medium
51.51,0.11,0,57,property,0.3333333333333333,0.9666055998880954,property,0.6479,True,0.1942,0.6479,0.1578,15.8,London,medium
51.51,0.11,1,38,property,0.05263157894736842,0.9551311954514641,property,0.6495,True,0.1934,0.6495,0.1571,15.7,London,medium
51.51,0.11,2,37,property,0.43243243243243246,0.9255365868835534,property,0.6507,True,0.193,0.6507,0.1563,15.6,London,medium
51.51,0.11,3,48,property,0.10416666666666667,1.0820397581034547,property,0.6452,True,0.196,0.6452,0.1588,15.9,London,medium
51.51,0.12,0,59,violent,0.0847457627118644,1.0718875505599827,property,0.5153,False,0.2268,0.5153,0.2579,25.8,London,uncertain
51.51,0.12,1,83,violent,0.14457831325301204,1.0767160213009221,violent,0.5393,True,0.2271,0.2337,0.5393,53.9,London,uncertain
51.51,0.12,2,62,violent,0.12903225806451613,1.039950029250646,violent,0.5581,True,0.2126,0.2293,0.5581,55.8,London,medium
51.51,0.12,3,73,violent,0.0958904109589041,1.0896724957049166,violent,0.5553,True,0.2124,0.2323,0.5553,55.5,London,medium
51.51,0.13,0,31,violent,0.12903225806451613,1.0599864113257504,violent,0.5313,True,0.2255,0.2432,0.5313,53.1,London,uncertain
51.51,0.13,1,31,violent,0.12903225806451613,1.0131875083727033,violent,0.5544,True,0.2128,0.2328,0.5544,55.4,London,medium
51.51,0.13,2,55,violent,0.2,1.056822901237829,violent,0.5371,True,0.2226,0.2403,0.5371,53.7,London,uncertain
51.51,0.13,3,30,property,0.26666666666666666,0.951703198680115,violent,0.5393,False,0.2238,0.2369,0.5393,53.9,London,uncertain
51.51,0.2,0,11,violent,0.2727272727272727,0.9949236325717752,property,0.6453,False,0.1957,0.6453,0.159,15.9,London,medium
51.51,0.2,1,9,property,0.2222222222222222,0.936888307539016,other,0.6184,False,0.6184,0.2182,0.1634,16.3,London,medium
51.51,0.2,2,10,violent,0.1,1.0888999753452238,violent,0.562,True,0.2108,0.2271,0.562,56.2,London,medium
51.51,0.2,3,11,property,0.18181818181818182,0.9164648855394713,violent,0.5619,False,0.2109,0.2272,0.5619,56.2,London,medium
51.51,0.22,0,7,other,0.2857142857142857,0.9556998911125343,other,0.5701,True,0.5701,0.258,0.1719,17.2,London,medium
51.51,0.22,1,3,property,0.3333333333333333,0.6365141893815645,violent,0.4329,False,0.2956,0.2716,0.4329,43.3,London,uncertain
51.51,0.22,2,10,other,0.1,1.0888999753452238,property,0.6491,False,0.1939,0.6491,0.157,15.7,London,medium
51.51,0.22,3,7,other,0.2857142857142857,0.9556998911125343,other,0.6059,True,0.6059,0.2224,0.1717,17.2,London,medium
51.51,0.23,0,13,property,0.6923076923076923,0.42932304322455905,property,0.6486,True,0.1942,0.6486,0.1572,15.7,London,medium
51.51,0.23,1,9,property,0.7777777777777778,0.34883211721746554,property,0.6467,True,0.1952,0.6467,0.1581,15.8,London,medium
51.51,0.23,2,16,property,0.6875,0.6019239717322895,property,0.6485,True,0.1942,0.6485,0.1573,15.7,London,medium
51.51,0.23,3,11,property,0.8181818181818182,0.3046361187678678,property,0.6455,True,0.1959,0.6455,0.1586,15.9,London,medium
51.52,-0.49,0,4,other,1.0,4.34465315364359e-08,other,0.6131,True,0.6131,0.2209,0.1659,16.6,London,medium
51.52,-0.49,2,5,other,1.0,4.34465315364359e-08,property,0.6345,False,0.202,0.6345,0.1636,16.4,London,medium
51.52,-0.49,3,4,property,0.25,1.0397207708399179,other,0.6171,False,0.6171,0.2186,0.1643,16.4,London,medium
51.52,-0.48,0,97,property,0.041237113402061855,1.0509505856489985,property,0.6458,True,0.1957,0.6458,0.1585,15.8,London,medium
51.52,-0.48,1,92,other,0.021739130434782608,1.0859709291264965,property,0.6463,False,0.1954,0.6463,0.1583,15.8,London,medium
51.52,-0.48,2,107,other,0.09345794392523364,1.0772719225561982,property,0.6491,False,0.1939,0.6491,0.157,15.7,London,medium
51.52,-0.48,3,91,property,0.054945054945054944,1.094930240676598,property,0.6492,True,0.1938,0.6492,0.157,15.7,London,medium
51.52,-0.47000000000000003,0,54,violent,0.0,1.0986122886681096,other,0.614,False,0.614,0.2209,0.1652,16.5,London,medium
51.52,-0.47000000000000003,1,61,other,0.06557377049180328,1.077634194821999,violent,0.5558,False,0.214,0.2302,0.5558,55.6,London,medium
51.52,-0.47000000000000003,2,68,violent,0.014705882352941176,1.0917205264376055,violent,0.5464,True,0.2188,0.2349,0.5464,54.6,London,uncertain
51.52,-0.47000000000000003,3,63,other,0.12698412698412698,1.0781099194830417,violent,0.5583,False,0.2125,0.2292,0.5583,55.8,London,medium
51.52,-0.46,0,85,violent,0.32941176470588235,0.9690639763003667,violent,0.5527,True,0.2148,0.2326,0.5527,55.3,London,medium
51.52,-0.46,1,83,violent,0.3253012048192771,0.9960871561726015,violent,0.5541,True,0.2144,0.2315,0.5541,55.4,London,medium
51.52,-0.46,2,69,violent,0.07246376811594203,1.0827328104899099,violent,0.5583,True,0.2124,0.2292,0.5583,55.8,London,medium
51.52,-0.46,3,82,violent,0.17073170731707318,1.0332179337404424,violent,0.5424,True,0.22,0.2376,0.5424,54.2,London,uncertain
51.52,-0.45,0,31,property,0.06451612903225806,1.0914145617941,property,0.6426,True,0.1972,0.6426,0.1602,16.0,London,medium
51.52,-0.45,1,27,violent,0.037037037037037035,1.067938505038001,property,0.6295,False,0.2055,0.6295,0.165,16.5,London,medium
51.52,-0.45,2,32,violent,0.0,1.0976250611902076,violent,0.5588,True,0.2124,0.2289,0.5588,55.9,London,medium
51.52,-0.45,3,28,violent,0.07142857142857142,1.0897973126663918,property,0.4488,False,0.2295,0.4488,0.3217,32.2,London,uncertain
51.52,-0.44,0,69,violent,0.043478260869565216,1.0334920606923674,violent,0.5519,True,0.2154,0.2327,0.5519,55.2,London,medium
51.52,-0.44,1,76,violent,0.02631578947368421,1.0974072490735338,property,0.6334,False,0.2035,0.6334,0.1631,16.3,London,medium
51.52,-0.44,2,59,violent,0.0,1.0677565018762132,violent,0.5577,True,0.2127,0.2296,0.5577,55.8,London,medium
51.52,-0.44,3,57,violent,0.08771929824561403,1.0868323526707273,violent,0.5565,True,0.2132,0.2303,0.5565,55.7,London,medium
51.52,-0.43,0,81,other,0.04938271604938271,1.091269331369638,other,0.569,True,0.569,0.2469,0.1841,18.4,London,medium
51.52,-0.43,1,91,property,0.02197802197802198,1.0829661147927427,property,0.3876,True,0.2858,0.3876,0.3266,32.7,London,uncertain
51.52,-0.43,2,78,property,0.01282051282051282,1.098119070377022,violent,0.464,False,0.2828,0.2533,0.464,46.4,London,uncertain
51.52,-0.43,3,75,property,0.04,1.097032390352067,other,0.6155,False,0.6155,0.2213,0.1632,16.3,London,medium
51.52,-0.42,0,95,property,0.06315789473684211,1.093938130506937,other,0.6116,False,0.6116,0.2223,0.1661,16.6,London,medium
51.52,-0.42,1,93,property,0.043010752688172046,1.087630393199318,violent,0.409,False,0.322,0.269,0.409,40.9,London,uncertain
51.52,-0.42,2,82,property,0.08536585365853659,1.0691186492008682,other,0.3727,False,0.3727,0.2731,0.3542,35.4,London,uncertain
51.52,-0.42,3,92,other,0.03260869565217391,1.094207527504411,other,0.6187,True,0.6187,0.2182,0.1631,16.3,London,medium
51.52,-0.41000000000000003,0,227,property,0.23788546255506607,0.9822662876129106,property,0.6479,True,0.1946,0.6479,0.1576,15.8,London,medium
51.52,-0.41000000000000003,1,249,property,0.3333333333333333,0.9734169121314098,property,0.6467,True,0.1952,0.6467,0.1581,15.8,London,medium
51.52,-0.41000000000000003,2,254,property,0.2755905511811024,1.0180478685555072,property,0.6488,True,0.194,0.6488,0.1571,15.7,London,medium
51.52,-0.41000000000000003,3,255,property,0.2980392156862745,0.9536250185143323,property,0.6488,True,0.194,0.6488,0.1571,15.7,London,medium
51.52,-0.4,0,114,property,0.37719298245614036,0.9525722136061432,property,0.6461,True,0.1956,0.6461,0.1584,15.8,London,medium
51.52,-0.4,1,116,property,0.3706896551724138,0.9646696174852378,property,0.6489,True,0.194,0.6489,0.1571,15.7,London,medium
51.52,-0.4,2,108,property,0.35185185185185186,0.9350554171133882,property,0.6478,True,0.1946,0.6478,0.1576,15.8,London,medium
51.52,-0.4,3,96,property,0.4270833333333333,0.9209144291090438,property,0.6494,True,0.1937,0.6494,0.1569,15.7,London,medium
51.52,-0.39,0,99,property,0.16161616161616163,1.0461752863810125,property,0.6472,True,0.1949,0.6472,0.1579,15.8,London,medium
51.52,-0.39,1,72,property,0.16666666666666666,1.0508242944789867,property,0.6352,True,0.2016,0.6352,0.1632,16.3,London,medium
51.52,-0.39,2,66,property,0.2878787878787879,1.0000236771722495,property,0.6469,True,0.1951,0.6469,0.158,15.8,London,medium
51.52,-0.39,3,106,property,0.12264150943396226,1.029953682381822,property,0.6472,True,0.1949,0.6472,0.1579,15.8,London,medium
51.52,-0.38,0,75,other,0.04,1.0871316531463626,other,0.4465,True,0.4465,0.3374,0.2161,21.6,London,uncertain
51.52,-0.38,1,61,violent,0.0,1.0975249627217352,other,0.5985,False,0.5985,0.2307,0.1708,17.1,London,medium
51.52,-0.38,2,86,other,0.09302325581395349,1.0686474438288114,violent,0.431,False,0.3174,0.2517,0.431,43.1,London,uncertain
51.52,-0.38,3,63,other,0.1111111111111111,1.0754575770417991,other,0.4509,True,0.4509,0.2532,0.2958,29.6,London,uncertain
51.52,-0.37,0,82,other,0.036585365853658534,1.0957995831949048,violent,0.5546,False,0.2145,0.2309,0.5546,55.5,London,medium
51.52,-0.37,1,80,violent,0.1875,1.0534143641721883,violent,0.5581,True,0.2126,0.2294,0.5581,55.8,London,medium
51.52,-0.37,2,81,other,0.09876543209876543,1.0791190433428104,violent,0.5495,False,0.2146,0.2359,0.5495,55.0,London,uncertain
51.52,-0.37,3,62,violent,0.14516129032258066,1.0758615806385832,violent,0.5551,True,0.2139,0.2309,0.5551,55.5,London,medium
51.52,-0.36,0,95,violent,0.08421052631578947,1.050479813610927,other,0.4238,False,0.4238,0.2731,0.3031,30.3,London,uncertain
51.52,-0.36,1,85,violent,0.11764705882352941,1.0717509112886099,other,0.3821,False,0.3821,0.267,0.3509,35.1,London,uncertain
51.52,-0.36,2,100,other,0.01,1.08918778664436,violent,0.4921,False,0.2576,0.2504,0.4921,49.2,London,uncertain
51.52,-0.36,3,99,other,0.030303030303030304,1.0783635075908844,violent,0.4347,False,0.308,0.2573,0.4347,43.5,London,uncertain
51.52,-0.35000000000000003,0,24,other,0.25,1.0397207708399179,other,0.4704,True,0.4704,0.3537,0.1759,17.6,London,uncertain
51.52,-0.35000000000000003,1,20,violent,0.15,1.0670938948757507,other,0.3868,False,0.3868,0.2518,0.3614,36.1,London,uncertain
51.52,-0.35000000000000003,2,28,violent,0.07142857142857142,1.060944240790747,other,0.6202,False,0.6202,0.2173,0.1625,16.3,London,medium
51.52,-0.35000000000000003,3,30,other,0.1,1.0888999753452238,other,0.6195,True,0.6195,0.2177,0.1628,16.3,London,medium
51.52,-0.34,0,63,violent,0.031746031746031744,1.0763249548898086,other,0.6185,False,0.6185,0.2183,0.1632,16.3,London,medium
51.52,-0.34,1,67,other,0.11940298507462686,1.082890942373833,other,0.616,True,0.616,0.2208,0.1632,16.3,London,medium
51.52,-0.34,2,81,violent,0.037037037037037035,1.088791579390609,other,0.4104,False,0.4104,0.3053,0.2843,28.4,London,uncertain
51.52,-0.34,3,63,violent,0.047619047619047616,1.091786238095127,violent,0.4961,True,0.2457,0.2582,0.4961,49.6,London,uncertain
51.52,-0.33,0,76,other,0.11842105263157894,1.0728072605375558,violent,0.5581,False,0.2125,0.2294,0.5581,55.8,London,medium
51.52,-0.33,1,78,property,0.0,1.0925243838217151,other,0.5227,False,0.5227,0.2511,0.2262,22.6,London,uncertain
51.52,-0.33,2,74,violent,0.02702702702702703,1.0788506865304455,other,0.6208,False,0.6208,0.217,0.1622,16.2,London,medium
51.52,-0.33,3,61,property,0.0,1.0975249627217352,violent,0.5148,False,0.2296,0.2556,0.5148,51.5,London,uncertain
51.52,-0.32,0,48,other,0.020833333333333332,1.0072221003524973,property,0.598,False,0.2315,0.598,0.1706,17.1,London,medium
51.52,-0.32,1,49,property,0.0,1.0427527034537774,property,0.6414,True,0.1978,0.6414,0.1607,16.1,London,medium
51.52,-0.32,2,50,property,0.02,1.0673063239076608,property,0.576,True,0.2553,0.576,0.1686,16.9,London,medium
51.52,-0.32,3,62,property,0.06451612903225806,1.0206687537032066,property,0.6477,True,0.1943,0.6477,0.1579,15.8,London,medium
51.52,-0.31,0,32,property,0.28125,0.894922515296378,property,0.4701,True,0.2396,0.4701,0.2903,29.0,London,uncertain
51.52,-0.31,1,25,property,0.12,1.0133126873497391,property,0.6492,True,0.1935,0.6492,0.1573,15.7,London,medium
51.52,-0.31,2,30,property,0.23333333333333334,0.9950763711943895,violent,0.5557,False,0.2136,0.2307,0.5557,55.6,London,medium
51.52,-0.31,3,40,property,0.05,1.094280092589208,other,0.6187,False,0.6187,0.2183,0.163,16.3,London,medium
51.52,-0.3,0,72,other,0.1388888888888889,1.0165555971925762,other,0.617,True,0.617,0.2192,0.1638,16.4,London,medium
51.52,-0.3,1,64,other,0.21875,1.0358042841981745,other,0.4585,True,0.4585,0.362,0.1795,17.9,London,uncertain
51.52,-0.3,2,95,property,0.031578947368421054,1.061242876289425,other,0.6186,False,0.6186,0.2183,0.1631,16.3,London,medium
51.52,-0.3,3,71,other,0.15492957746478872,1.0673952048735111,other,0.6178,True,0.6178,0.2188,0.1634,16.3,London,medium
51.52,-0.29,0,39,property,0.02564102564102564,1.096637952307349,property,0.6501,True,0.1934,0.6501,0.1566,15.7,London,medium
51.52,-0.29,1,36,property,0.3333333333333333,0.9596147939120492,property,0.6501,True,0.1933,0.6501,0.1566,15.7,London,medium
51.52,-0.29,2,25,property,0.04,1.020960769860117,property,0.6504,True,0.1932,0.6504,0.1565,15.6,London,medium
51.52,-0.29,3,31,property,0.03225806451612903,0.9876542462240765,property,0.6484,True,0.194,0.6484,0.1576,15.8,London,medium
51.52,-0.28,0,51,other,0.0392156862745098,1.06405779356479,property,0.648,False,0.1945,0.648,0.1575,15.8,London,medium
51.52,-0.28,1,40,property,0.05,1.094280092589208,property,0.6476,True,0.1947,0.6476,0.1577,15.8,London,medium
51.52,-0.28,2,40,property,0.175,1.0504234141728277,property,0.6365,True,0.2009,0.6365,0.1627,16.3,London,medium
51.52,-0.28,3,44,other,0.06818181818181818,1.0550809667358783,property,0.6365,False,0.2009,0.6365,0.1627,16.3,London,medium
51.52,-0.27,0,67,violent,0.1044776119402985,1.0880226742525103,property,0.6446,False,0.1964,0.6446,0.1591,15.9,London,medium
51.52,-0.27,1,58,property,0.034482758620689655,1.0965463995380533,other,0.4369,False,0.4369,0.3794,0.1837,18.4,London,uncertain
51.52,-0.27,2,61,violent,0.0,1.0975249627217352,property,0.6507,False,0.193,0.6507,0.1563,15.6,London,medium
51.52,-0.27,3,83,property,0.07228915662650602,1.069044200255639,property,0.6247,True,0.2087,0.6247,0.1665,16.7,London,medium
51.52,-0.26,0,125,property,0.056,1.0943906211860381,other,0.5411,False,0.5411,0.2817,0.1772,17.7,London,uncertain
51.52,-0.26,1,138,property,0.036231884057971016,1.091742708014718,violent,0.5409,False,0.2162,0.2429,0.5409,54.1,London,uncertain
51.52,-0.26,2,123,other,0.07317073170731707,1.082418876544164,property,0.4591,False,0.3593,0.4591,0.1816,18.2,London,uncertain
51.52,-0.26,3,118,violent,0.16101694915254236,1.0737848581688687,other,0.5696,False,0.5696,0.2513,0.179,17.9,London,medium
51.52,-0.25,0,46,violent,0.08695652173913043,1.0912436384160904,property,0.4957,False,0.2852,0.4957,0.2191,21.9,London,uncertain
51.52,-0.25,1,58,violent,0.13793103448275862,1.065891213213607,other,0.6097,False,0.6097,0.2238,0.1665,16.7,London,medium
51.52,-0.25,2,58,other,0.05172413793103448,1.0929964342188159,violent,0.5519,False,0.2137,0.2344,0.5519,55.2,London,medium
51.52,-0.25,3,40,property,0.025,1.0902693633157152,property,0.4976,True,0.2876,0.4976,0.2148,21.5,London,uncertain
51.52,-0.24,0,33,violent,0.12121212121212122,1.0047654731191165,violent,0.559,True,0.2121,0.229,0.559,55.9,London,medium
51.52,-0.24,1,32,violent,0.1875,1.0239287996389363,violent,0.5611,True,0.2111,0.2278,0.5611,56.1,London,medium
51.52,-0.24,2,44,violent,0.09090909090909091,1.0662136214038072,violent,0.5533,True,0.2149,0.2318,0.5533,55.3,London,medium
51.52,-0.24,3,36,violent,0.3888888888888889,0.8769476715984439,violent,0.5601,True,0.2116,0.2283,0.5601,56.0,London,medium
51.52,-0.23,0,95,property,0.18947368421052632,1.0624374231514142,property,0.4548,True,0.3658,0.4548,0.1795,17.9,London,uncertain
51.52,-0.23,1,74,property,0.013513513513513514,1.0846912787286973,property,0.6409,True,0.1984,0.6409,0.1607,16.1,London,medium
51.52,-0.23,2,93,property,0.06451612903225806,1.0860461412330318,property,0.5195,True,0.3087,0.5195,0.1719,17.2,London,uncertain
51.52,-0.23,3,88,property,0.13636363636363635,1.0594782926538544,property,0.6506,True,0.1931,0.6506,0.1564,15.6,London,medium
51.52,-0.22,0,158,violent,0.05063291139240506,1.0898537607153342,violent,0.5245,True,0.2361,0.2394,0.5245,52.4,London,uncertain
51.52,-0.22,1,214,violent,0.102803738317757,1.0679237981779566,violent,0.4814,True,0.2646,0.2539,0.4814,48.1,London,uncertain
51.52,-0.22,2,187,violent,0.0962566844919786,1.054756492847152,violent,0.5584,True,0.2124,0.2292,0.5584,55.8,London,medium
51.52,-0.22,3,188,violent,0.06914893617021277,1.0930983882227003,violent,0.515,True,0.2229,0.2621,0.515,51.5,London,uncertain
51.52,-0.21,0,467,other,0.029978586723768737,1.0879250108210443,property,0.6492,False,0.1938,0.6492,0.157,15.7,London,medium
51.52,-0.21,1,503,other,0.041749502982107355,1.092278894411,property,0.65,False,0.1934,0.65,0.1566,15.7,London,medium
51.52,-0.21,2,468,property,0.05128205128205128,1.0896263457936626,property,0.6505,True,0.1931,0.6505,0.1564,15.6,London,medium
51.52,-0.21,3,492,other,0.07317073170731707,1.087382480503087,property,0.6505,False,0.1931,0.6505,0.1564,15.6,London,medium
51.52,-0.2,0,527,property,0.026565464895635674,1.0778575568054698,property,0.6484,True,0.1943,0.6484,0.1573,15.7,London,medium
51.52,-0.2,1,487,other,0.012320328542094456,1.0739364503412343,property,0.6484,False,0.1943,0.6484,0.1573,15.7,London,medium
51.52,-0.2,2,504,property,0.04563492063492063,1.0831146740048123,property,0.6472,True,0.1949,0.6472,0.1579,15.8,London,medium
51.52,-0.2,3,476,property,0.008403361344537815,1.053108816756009,property,0.6505,True,0.1931,0.6505,0.1564,15.6,London,medium
51.52,-0.19,0,400,other,0.1125,1.0452561599415595,property,0.5039,False,0.3161,0.5039,0.1799,18.0,London,uncertain
51.52,-0.19,1,366,other,0.13934426229508196,1.049424460555601,other,0.5745,True,0.5745,0.2573,0.1682,16.8,London,medium
51.52,-0.19,2,364,other,0.14285714285714285,1.0542842481807067,property,0.5402,False,0.2853,0.5402,0.1746,17.5,London,uncertain
51.52,-0.19,3,405,other,0.07407407407407407,1.0514858956237996,property,0.4594,False,0.3613,0.4594,0.1793,17.9,London,uncertain
51.52,-0.18,0,292,property,0.14383561643835616,1.0197482849751465,property,0.6475,True,0.1948,0.6475,0.1578,15.8,London,medium
51.52,-0.18,1,282,property,0.1276595744680851,1.0569895009274102,property,0.6488,True,0.1941,0.6488,0.1572,15.7,London,medium
51.52,-0.18,2,252,property,0.05952380952380952,1.0296257403895903,property,0.6496,True,0.1936,0.6496,0.1568,15.7,London,medium
51.52,-0.18,3,272,property,0.0661764705882353,1.0561296022672098,property,0.6496,True,0.1936,0.6496,0.1568,15.7,London,medium
51.52,-0.17,0,791,property,0.03286978508217446,1.0631239590226165,property,0.641,True,0.1984,0.641,0.1607,16.1,London,medium
51.52,-0.17,1,699,property,0.11587982832618025,1.0779486476745204,property,0.6498,True,0.1935,0.6498,0.1567,15.7,London,medium
51.52,-0.17,2,764,property,0.08769633507853403,1.0770566843772849,property,0.6503,True,0.1932,0.6503,0.1565,15.6,London,medium
51.52,-0.17,3,772,property,0.11787564766839378,1.0622412647642494,property,0.6459,True,0.1956,0.6459,0.1584,15.8,London,medium
51.52,-0.16,0,433,property,0.279445727482679,1.00118153852515,property,0.6483,True,0.1943,0.6483,0.1574,15.7,London,medium
51.52,-0.16,1,446,property,0.35874439461883406,0.9548245456902023,property,0.6459,True,0.1957,0.6459,0.1585,15.8,London,medium
51.52,-0.16,2,437,property,0.3524027459954233,0.9353826180499492,property,0.6496,True,0.1936,0.6496,0.1568,15.7,London,medium
51.52,-0.16,3,419,property,0.30071599045346065,0.9957990861651165,property,0.6496,True,0.1936,0.6496,0.1568,15.7,London,medium
51.52,-0.15,0,356,property,0.601123595505618,0.7550429528672655,property,0.6483,True,0.1943,0.6483,0.1574,15.7,London,medium
51.52,-0.15,1,355,property,0.5464788732394367,0.7761974502433031,property,0.6488,True,0.1941,0.6488,0.1572,15.7,London,medium
51.52,-0.15,2,350,property,0.6,0.7525051928963096,property,0.6496,True,0.1936,0.6496,0.1568,15.7,London,medium
51.52,-0.15,3,368,property,0.6141304347826086,0.7452235525373865,property,0.6496,True,0.1936,0.6496,0.1568,15.7,London,medium
51.52,-0.14,0,1151,property,0.5360556038227628,0.8261003125932385,property,0.6483,True,0.1943,0.6483,0.1574,15.7,London,medium
51.52,-0.14,1,1119,property,0.5862377122430742,0.7791868772278092,property,0.6459,True,0.1957,0.6459,0.1585,15.8,London,medium
51.52,-0.14,2,1155,property,0.5411255411255411,0.8247136994257658,property,0.6496,True,0.1936,0.6496,0.1568,15.7,London,medium
51.52,-0.14,3,1142,property,0.5849387040280211,0.7771401988514266,property,0.6496,True,0.1936,0.6496,0.1568,15.7,London,medium
51.52,-0.13,0,1185,property,0.5459915611814345,0.7943387587390975,property,0.6483,True,0.1943,0.6483,0.1574,15.7,London,medium
51.52,-0.13,1,1253,property,0.533120510774142,0.7935752313387947,property,0.6488,True,0.1941,0.6488,0.1572,15.7,London,medium
51.52,-0.13,2,1235,property,0.5967611336032389,0.735618002072058,property,0.6496,True,0.1936,0.6496,0.1568,15.7,London,medium
51.52,-0.13,3,1273,property,0.5600942655145326,0.7731502128055576,property,0.6496,True,0.1936,0.6496,0.1568,15.7,London,medium
51.52,-0.12,0,460,property,0.3934782608695652,0.9353980959473007,property,0.6476,True,0.1947,0.6476,0.1577,15.8,London,medium
51.52,-0.12,1,479,property,0.3235908141962422,0.9738161207754144,property,0.6488,True,0.1941,0.6488,0.1572,15.7,London,medium
51.52,-0.12,2,498,property,0.35943775100401604,0.9771218040358141,property,0.6496,True,0.1936,0.6496,0.1568,15.7,London,medium
51.52,-0.12,3,474,property,0.3143459915611814,0.9742276689653624,property,0.6496,True,0.1936,0.6496,0.1568,15.7,London,medium
51.52,-0.11,0,341,property,0.39296187683284456,0.9321364671883903,property,0.6484,True,0.1943,0.6484,0.1573,15.7,London,medium
51.52,-0.11,1,392,property,0.36989795918367346,0.960843556311995,property,0.6459,True,0.1956,0.6459,0.1584,15.8,London,medium
51.52,-0.11,2,355,property,0.43380281690140843,0.9047521763169315,property,0.6497,True,0.1936,0.6497,0.1568,15.7,London,medium
51.52,-0.11,3,356,property,0.47191011235955055,0.8791946391424388,property,0.6497,True,0.1936,0.6497,0.1568,15.7,London,medium
51.52,-0.1,0,235,property,0.4978723404255319,0.8165672292141198,property,0.6476,True,0.1947,0.6476,0.1577,15.8,London,medium
51.52,-0.1,1,223,property,0.4170403587443946,0.9218011211764094,property,0.6459,True,0.1956,0.6459,0.1584,15.8,London,medium
51.52,-0.1,2,199,property,0.5125628140703518,0.8427073304196666,property,0.6497,True,0.1936,0.6497,0.1568,15.7,London,medium
51.52,-0.1,3,218,property,0.555045871559633,0.8086737158205924,property,0.6497,True,0.1936,0.6497,0.1568,15.7,London,medium
51.52,-0.09,0,193,property,0.36787564766839376,0.9248692083233989,property,0.6484,True,0.1943,0.6484,0.1573,15.7,London,medium
51.52,-0.09,1,164,property,0.32926829268292684,0.9646439539105782,property,0.6495,True,0.1937,0.6495,0.1568,15.7,London,medium
51.52,-0.09,2,164,property,0.32926829268292684,0.954317279425587,property,0.6497,True,0.1936,0.6497,0.1568,15.7,London,medium
51.52,-0.09,3,173,property,0.30057803468208094,0.9984529134052701,property,0.6497,True,0.1936,0.6497,0.1568,15.7,London,medium
51.52,-0.08,0,318,property,0.39622641509433965,0.9456457282631825,property,0.6484,True,0.1943,0.6484,0.1573,15.7,London,medium
51.52,-0.08,1,332,property,0.3614457831325301,0.9330993715678468,property,0.6488,True,0.1941,0.6488,0.1572,15.7,London,medium
51.52,-0.08,2,376,property,0.3670212765957447,0.9715962100289368,property,0.6497,True,0.1936,0.6497,0.1568,15.7,London,medium
51.52,-0.08,3,363,property,0.35537190082644626,0.9487972802261332,property,0.6497,True,0.1936,0.6497,0.1568,15.7,London,medium
51.52,-0.07,0,590,property,0.09661016949152543,1.0627009966133205,property,0.6033,True,0.2302,0.6033,0.1666,16.7,London,medium
51.52,-0.07,1,536,property,0.10820895522388059,1.055758821953214,property,0.642,True,0.1978,0.642,0.1602,16.0,London,medium
51.52,-0.07,2,541,property,0.031423290203327174,1.0590132356093083,property,0.646,True,0.1956,0.646,0.1584,15.8,London,medium
51.52,-0.07,3,598,property,0.10367892976588629,1.0551560419236643,property,0.5938,True,0.2387,0.5938,0.1676,16.8,London,medium
51.52,-0.06,0,462,other,0.02813852813852814,1.0967472353081555,property,0.5975,False,0.2351,0.5975,0.1674,16.7,London,medium
51.52,-0.06,1,455,property,0.013186813186813187,1.0916758158381201,property,0.6441,True,0.1967,0.6441,0.1593,15.9,London,medium
51.52,-0.06,2,447,other,0.02237136465324385,1.0811747446688549,property,0.6167,False,0.222,0.6167,0.1613,16.1,London,medium
51.52,-0.06,3,420,property,0.02619047619047619,1.0965523429750048,other,0.5764,False,0.5764,0.2559,0.1676,16.8,London,medium
51.52,-0.05,0,334,property,0.17065868263473055,1.0642554086784017,other,0.5747,False,0.5747,0.257,0.1683,16.8,London,medium
51.52,-0.05,1,309,property,0.02912621359223301,1.0925730619730367,other,0.6114,False,0.6114,0.2251,0.1635,16.4,London,medium
51.52,-0.05,2,320,property,0.046875,1.091535158800289,other,0.5365,False,0.5365,0.2931,0.1703,17.0,London,uncertain
51.52,-0.05,3,328,property,0.027439024390243903,1.06129684261152,other,0.5777,False,0.5777,0.2549,0.1674,16.7,London,medium
51.52,-0.04,0,195,other,0.020512820512820513,1.089500279387819,property,0.6484,False,0.194,0.6484,0.1576,15.8,London,medium
51.52,-0.04,1,212,property,0.05188679245283019,1.0919242266225093,property,0.6475,True,0.1944,0.6475,0.158,15.8,London,medium
51.52,-0.04,2,231,other,0.030303030303030304,1.0743006351769475,property,0.648,False,0.1942,0.648,0.1578,15.8,London,medium
51.52,-0.04,3,226,property,0.022123893805309734,1.0888943209972441,property,0.4629,True,0.3565,0.4629,0.1805,18.1,London,uncertain
51.52,-0.03,0,197,other,0.005076142131979695,1.0951138283706872,other,0.6159,True,0.6159,0.2198,0.1643,16.4,London,medium
51.52,-0.03,1,210,other,0.08095238095238096,1.0851751353830805,other,0.6089,True,0.6089,0.2264,0.1647,16.5,London,medium
51.52,-0.03,2,213,other,0.004694835680751174,1.0899212709854151,other,0.6115,True,0.6115,0.2249,0.1636,16.4,London,medium
51.52,-0.03,3,206,property,0.05339805825242718,1.0948289929684922,other,0.603,False,0.603,0.2327,0.1643,16.4,London,medium
51.52,-0.02,0,270,violent,0.003703703703703704,1.0960575302431923,other,0.597,False,0.597,0.2328,0.1702,17.0,London,medium
51.52,-0.02,1,266,other,0.03759398496240601,1.096880124715713,other,0.5582,True,0.5582,0.2517,0.1901,19.0,London,medium
51.52,-0.02,2,288,property,0.010416666666666666,1.0951845732326873,other,0.6168,False,0.6168,0.2208,0.1624,16.2,London,medium
51.52,-0.02,3,294,other,0.05102040816326531,1.0890427952000272,other,0.6164,True,0.6164,0.221,0.1626,16.3,London,medium
51.52,-0.01,0,189,property,0.05291005291005291,1.0872896526201283,property,0.639,True,0.1991,0.639,0.1619,16.2,London,medium
51.52,-0.01,1,218,property,0.13761467889908258,1.0797630788500292,property,0.4369,True,0.2856,0.4369,0.2774,27.7,London,uncertain
51.52,-0.01,2,188,property,0.10106382978723404,1.075365506612634,property,0.6482,True,0.1941,0.6482,0.1577,15.8,London,medium
51.52,-0.01,3,202,property,0.07425742574257425,1.0907943960628328,property,0.6489,True,0.1937,0.6489,0.1574,15.7,London,medium
51.52,0.0,0,40,property,0.05,1.080527626604172,property,0.6466,True,0.1953,0.6466,0.1581,15.8,London,medium
51.52,0.0,1,49,property,0.30612244897959184,0.997283030569538,property,0.6493,True,0.1938,0.6493,0.1569,15.7,London,medium
51.52,0.0,2,40,property,0.325,0.969789730621484,property,0.6338,True,0.2023,0.6338,0.1638,16.4,London,medium
51.52,0.0,3,47,property,0.0851063829787234,0.9542348967589244,property,0.6501,True,0.1933,0.6501,0.1566,15.7,London,medium
51.52,0.01,0,233,property,0.08583690987124463,1.088593399633168,property,0.6452,True,0.196,0.6452,0.1588,15.9,London,medium
51.52,0.01,1,252,property,0.0992063492063492,1.0756149949488865,property,0.6484,True,0.194,0.6484,0.1576,15.8,London,medium
51.52,0.01,2,210,property,0.1619047619047619,1.0636578563367916,property,0.6505,True,0.1931,0.6505,0.1564,15.6,London,medium
51.52,0.01,3,214,property,0.08878504672897196,1.0795898980246483,property,0.6429,True,0.1986,0.6429,0.1585,15.9,London,medium
51.52,0.02,0,250,property,0.112,1.0695890201631655,property,0.649,True,0.194,0.649,0.1571,15.7,London,medium
51.52,0.02,1,273,property,0.19413919413919414,1.0344433408039153,property,0.6501,True,0.1933,0.6501,0.1566,15.7,London,medium
51.52,0.02,2,216,property,0.1388888888888889,1.0755380304615183,property,0.6506,True,0.193,0.6506,0.1563,15.6,London,medium
51.52,0.02,3,263,property,0.23193916349809887,1.0366376869889418,property,0.6506,True,0.193,0.6506,0.1563,15.6,London,medium
51.52,0.03,0,105,other,0.0761904761904762,1.0911526587069518,violent,0.506,False,0.231,0.263,0.506,50.6,London,uncertain
51.52,0.03,1,106,property,0.03773584905660377,1.0972052286073346,other,0.5974,False,0.5974,0.2326,0.17,17.0,London,medium
51.52,0.03,2,120,violent,0.075,1.0906384635978386,violent,0.5588,True,0.2123,0.2289,0.5588,55.9,London,medium
51.52,0.03,3,117,violent,0.008547008547008548,1.0846365816602233,other,0.3758,False,0.3758,0.3433,0.2809,28.1,London,uncertain
51.52,0.04,0,121,violent,0.1652892561983471,1.0711116540280292,violent,0.5431,True,0.2196,0.2373,0.5431,54.3,London,uncertain
51.52,0.04,1,156,violent,0.17307692307692307,1.0620439764298153,violent,0.5574,True,0.2129,0.2297,0.5574,55.7,London,medium
51.52,0.04,2,137,violent,0.17518248175182483,1.033604240746849,violent,0.5473,True,0.2153,0.2374,0.5473,54.7,London,uncertain
51.52,0.04,3,164,violent,0.20121951219512196,1.0548691396758498,violent,0.5579,True,0.2126,0.2294,0.5579,55.8,London,medium
51.52,0.05,0,94,violent,0.07446808510638298,1.0931901022313288,other,0.6193,False,0.6193,0.2181,0.1627,16.3,London,medium
51.52,0.05,1,120,violent,0.09166666666666666,1.0886684640858415,other,0.6188,False,0.6188,0.218,0.1631,16.3,London,medium
51.52,0.05,2,111,property,0.036036036036036036,1.0969262184194792,property,0.5071,True,0.2912,0.5071,0.2016,20.2,London,uncertain
51.52,0.05,3,112,violent,0.017857142857142856,1.088380803595777,property,0.5431,False,0.2857,0.5431,0.1712,17.1,London,uncertain
51.52,0.06,0,131,property,0.24427480916030533,1.0293716230413656,property,0.6486,True,0.1942,0.6486,0.1573,15.7,London,medium
51.52,0.06,1,117,property,0.1794871794871795,1.037952601641004,property,0.6484,True,0.1939,0.6484,0.1576,15.8,London,medium
51.52,0.06,2,111,property,0.1891891891891892,1.05151641485817,property,0.6491,True,0.1939,0.6491,0.157,15.7,London,medium
51.52,0.06,3,90,property,0.2111111111111111,1.0452406624824828,property,0.6497,True,0.1933,0.6497,0.1571,15.7,London,medium
51.52,0.07,0,32,violent,0.09375,1.0861979723945263,property,0.6487,False,0.1941,0.6487,0.1572,15.7,London,medium
51.52,0.07,1,28,property,0.2857142857142857,1.0110373360577514,property,0.65,True,0.1934,0.65,0.1566,15.7,London,medium
51.52,0.07,2,35,property,0.11428571428571428,1.0761302839653792,property,0.6503,True,0.1932,0.6503,0.1565,15.6,London,medium
51.52,0.07,3,35,property,0.0,1.08495650463153,property,0.6412,True,0.1983,0.6412,0.1606,16.1,London,medium
51.52,0.08,0,59,property,0.2542372881355932,0.9911980088466114,property,0.6489,True,0.194,0.6489,0.1571,15.7,London,medium
51.52,0.08,1,64,property,0.421875,0.8585042079249561,property,0.6493,True,0.1938,0.6493,0.1569,15.7,London,medium
51.52,0.08,2,48,property,0.4375,0.8899338169002413,property,0.6502,True,0.1933,0.6502,0.1565,15.7,London,medium
51.52,0.08,3,51,property,0.5294117647058824,0.7519238456212607,property,0.6502,True,0.1933,0.6502,0.1565,15.7,London,medium
51.52,0.09,0,4,property,0.0,0.6931472015900639,property,0.6453,True,0.196,0.6453,0.1587,15.9,London,medium
51.52,0.09,2,3,violent,0.3333333333333333,0.6365141893815645,property,0.6463,False,0.1954,0.6463,0.1583,15.8,London,medium
51.52,0.09,3,4,violent,0.0,0.6931472015900639,violent,0.493,True,0.2276,0.2795,0.493,49.3,London,uncertain
51.52,0.1,0,29,property,0.3448275862068966,0.885983387173578,property,0.6468,True,0.1948,0.6468,0.1583,15.8,London,medium
51.52,0.1,1,35,property,0.05714285714285714,0.9244561548753236,property,0.649,True,0.1939,0.649,0.1571,15.7,London,medium
51.52,0.1,2,34,property,0.11764705882352941,1.066562484888105,violent,0.4167,False,0.2361,0.3471,0.4167,41.7,London,uncertain
51.52,0.1,3,22,property,0.13636363636363635,1.0594782926538544,property,0.646,True,0.1956,0.646,0.1584,15.8,London,medium
51.52,0.11,0,36,violent,0.19444444444444445,1.0566995224860516,violent,0.5419,True,0.2203,0.2378,0.5419,54.2,London,uncertain
51.52,0.11,1,45,other,0.022222222222222223,1.097129707837358,property,0.6424,False,0.1976,0.6424,0.16,16.0,London,medium
51.52,0.11,2,41,violent,0.024390243902439025,1.094390714787167,other,0.5209,False,0.5209,0.2956,0.1835,18.4,London,uncertain
51.52,0.11,3,35,other,0.02857142857142857,1.0928031365066584,violent,0.5527,False,0.215,0.2323,0.5527,55.3,London,medium
51.52,0.12,0,29,property,0.10344827586206896,0.9925086555080169,property,0.6473,True,0.1949,0.6473,0.1578,15.8,London,medium
51.52,0.12,1,24,violent,0.125,1.0505717513316428,property,0.6405,False,0.1987,0.6405,0.1609,16.1,London,medium
51.52,0.12,2,31,property,0.25806451612903225,1.0269445292379726,property,0.6491,True,0.1939,0.6491,0.157,15.7,London,medium
51.52,0.12,3,25,other,0.16,1.038811757145593,property,0.6491,False,0.1939,0.6491,0.157,15.7,London,medium
51.52,0.16,0,4,other,0.5,0.5623351657797391,property,0.6436,False,0.1969,0.6436,0.1595,15.9,London,medium
51.52,0.16,1,4,other,0.25,1.0397207708399179,other,0.595,True,0.595,0.2317,0.1733,17.3,London,medium
51.52,0.16,2,4,property,0.25,1.0397207708399179,property,0.6464,True,0.1954,0.6464,0.1582,15.8,London,medium
51.52,0.17,0,12,property,0.0,1.0281838593329258,property,0.6486,True,0.1941,0.6486,0.1572,15.7,London,medium
51.52,0.17,1,14,property,0.21428571428571427,1.0346012329101812,property,0.6487,True,0.1941,0.6487,0.1572,15.7,London,medium
51.52,0.17,2,20,other,0.2,0.926506603289533,property,0.6493,False,0.1938,0.6493,0.1569,15.7,London,medium
51.52,0.17,3,5,other,0.2,0.6730116880595106,property,0.4764,False,0.3445,0.4764,0.179,17.9,London,uncertain
51.52,0.18,0,16,property,0.625,0.7356219397587946,property,0.6478,True,0.1946,0.6478,0.1576,15.8,London,medium
51.52,0.18,1,12,property,0.5833333333333334,0.7214636866925115,violent,0.4316,False,0.2214,0.347,0.4316,43.2,London,uncertain
51.52,0.18,2,12,property,0.3333333333333333,0.9596147939120492,property,0.6464,True,0.1954,0.6464,0.1582,15.8,London,medium
51.52,0.18,3,15,property,0.06666666666666667,0.6909233303461605,property,0.6466,True,0.1953,0.6466,0.1582,15.8,London,medium
51.52,0.19,0,146,property,0.02054794520547945,1.094851644554275,property,0.6471,True,0.195,0.6471,0.1579,15.8,London,medium
51.52,0.19,1,148,property,0.02027027027027027,1.0689747507911445,property,0.6484,True,0.1943,0.6484,0.1573,15.7,London,medium
51.52,0.19,2,137,property,0.08759124087591241,1.0660739929095135,property,0.6495,True,0.1936,0.6495,0.1568,15.7,London,medium
51.52,0.19,3,106,property,0.14150943396226415,1.0764326163088063,property,0.6312,True,0.2064,0.6312,0.1624,16.2,London,medium
51.52,0.2,0,60,other,0.03333333333333333,1.0739607536079796,violent,0.5501,False,0.2163,0.2335,0.5501,55.0,London,medium
51.52,0.2,1,56,property,0.05357142857142857,1.0866369122605337,other,0.6085,False,0.6085,0.2245,0.167,16.7,London,medium
51.52,0.2,2,61,other,0.14754098360655737,1.0719278546637319,other,0.6063,True,0.6063,0.2252,0.1684,16.8,London,medium
51.52,0.2,3,55,other,0.14545454545454545,1.0754156488557374,other,0.4841,True,0.4841,0.3219,0.1941,19.4,London,uncertain
51.52,0.21,0,28,other,0.25,1.0397207708399179,property,0.6444,False,0.1965,0.6444,0.1591,15.9,London,medium
51.52,0.21,1,30,violent,0.1,1.0221693757432821,violent,0.5586,True,0.2124,0.229,0.5586,55.9,London,medium
51.52,0.21,2,23,violent,0.08695652173913043,1.0912436384160904,violent,0.5627,True,0.2103,0.2269,0.5627,56.3,London,medium
51.52,0.21,3,34,violent,0.029411764705882353,1.0082797836362416,property,0.6507,False,0.193,0.6507,0.1563,15.6,London,medium
51.52,0.22,0,13,other,0.8461538461538461,0.27118939449392054,property,0.6453,False,0.196,0.6453,0.1587,15.9,London,medium
51.52,0.22,1,9,other,0.1111111111111111,0.6869615976336276,property,0.6451,False,0.1961,0.6451,0.1588,15.9,London,medium
51.52,0.22,2,9,other,0.3333333333333333,0.6365141893815645,property,0.6494,False,0.1937,0.6494,0.1569,15.7,London,medium
51.52,0.22,3,11,other,0.5454545454545454,0.7595473914748635,violent,0.5582,False,0.2126,0.2292,0.5582,55.8,London,medium
51.53,-0.49,0,6,other,0.3333333333333333,0.6365141893815645,violent,0.5578,False,0.2129,0.2293,0.5578,55.8,London,medium
51.53,-0.49,2,5,violent,0.0,1.0549201679861442,other,0.6174,False,0.6174,0.2187,0.1638,16.4,London,medium
51.53,-0.49,3,5,violent,0.6,0.5004024447610512,violent,0.4597,True,0.2829,0.2574,0.4597,46.0,London,uncertain
51.53,-0.48,0,81,other,0.08641975308641975,1.0640096475222394,property,0.6405,False,0.1983,0.6405,0.1612,16.1,London,medium
51.53,-0.48,1,89,other,0.16853932584269662,1.0620082944813747,property,0.6179,False,0.2153,0.6179,0.1668,16.7,London,medium
51.53,-0.48,2,85,other,0.11764705882352941,1.0717509112886097,property,0.3684,False,0.3536,0.3684,0.278,27.8,London,uncertain
51.53,-0.48,3,88,other,0.1590909090909091,1.07251759005648,property,0.4998,False,0.2815,0.4998,0.2186,21.9,London,uncertain
51.53,-0.47000000000000003,0,13,other,0.15384615384615385,1.0579054247036734,violent,0.5545,False,0.2144,0.2311,0.5545,55.5,London,medium
51.53,-0.47000000000000003,1,13,property,0.15384615384615385,1.0579054247036734,violent,0.5593,False,0.2121,0.2286,0.5593,55.9,London,medium
51.53,-0.47000000000000003,2,17,other,0.058823529411764705,1.073383620336505,violent,0.4387,False,0.2244,0.3369,0.4387,43.9,London,uncertain
51.53,-0.47000000000000003,3,20,property,0.25,0.9745701894462542,violent,0.5575,False,0.213,0.2295,0.5575,55.8,London,medium
51.53,-0.46,0,93,violent,0.0967741935483871,1.078963820279368,violent,0.5523,True,0.2152,0.2325,0.5523,55.2,London,medium
51.53,-0.46,1,99,violent,0.0707070707070707,1.0834992674930763,violent,0.5523,True,0.2149,0.2327,0.5523,55.2,London,medium
51.53,-0.46,2,81,other,0.012345679012345678,1.095355361056832,violent,0.5551,False,0.2136,0.2312,0.5551,55.5,London,medium
51.53,-0.46,3,87,violent,0.10344827586206896,1.0164045986651413,violent,0.5383,True,0.2222,0.2395,0.5383,53.8,London,uncertain
51.53,-0.45,0,94,property,0.05319148936170213,1.0917215854021702,property,0.6475,True,0.1947,0.6475,0.1577,15.8,London,medium
51.53,-0.45,1,68,property,0.11764705882352941,1.050143397528701,property,0.6453,True,0.1957,0.6453,0.159,15.9,London,medium
51.53,-0.45,2,93,violent,0.0,1.0975599571447587,property,0.6475,False,0.1948,0.6475,0.1578,15.8,London,medium
51.53,-0.45,3,86,property,0.05813953488372093,1.0659214156997652,property,0.6427,True,0.1974,0.6427,0.1599,16.0,London,medium
51.53,-0.44,0,46,other,0.021739130434782608,1.0923286127544831,other,0.5159,True,0.5159,0.246,0.2381,23.8,London,uncertain
51.53,-0.44,1,39,violent,0.0,1.0986122886681096,other,0.4034,False,0.4034,0.2767,0.3199,32.0,London,uncertain
51.53,-0.44,2,50,violent,0.06,1.0835507260874366,violent,0.5598,True,0.2118,0.2284,0.5598,56.0,London,medium
51.53,-0.44,3,49,other,0.02040816326530612,1.0797812768096198,violent,0.4207,False,0.3292,0.2501,0.4207,42.1,London,uncertain
51.53,-0.43,0,32,property,0.09375,1.0612039759627614,violent,0.5493,False,0.2169,0.2338,0.5493,54.9,London,uncertain
51.53,-0.43,1,27,property,0.2962962962962963,0.9888252503713348,violent,0.5508,False,0.2161,0.2331,0.5508,55.1,London,medium
51.53,-0.43,2,35,property,0.14285714285714285,1.0789922078775833,violent,0.5598,False,0.2118,0.2284,0.5598,56.0,London,medium
51.53,-0.43,3,45,property,0.2,1.0606018056124555,violent,0.5481,False,0.2162,0.2357,0.5481,54.8,London,uncertain
51.53,-0.42,0,60,other,0.18333333333333332,1.0595594597155251,violent,0.5492,False,0.2156,0.2353,0.5492,54.9,London,uncertain
51.53,-0.42,1,51,other,0.11764705882352941,1.0747923939651214,violent,0.5289,False,0.2229,0.2482,0.5289,52.9,London,uncertain
51.53,-0.42,2,43,violent,0.023255813953488372,1.0980755053270417,property,0.396,False,0.236,0.396,0.368,36.8,London,uncertain
51.53,-0.42,3,63,violent,0.0,1.0892083647773017,property,0.5547,False,0.2198,0.5547,0.2254,22.5,London,medium
51.53,-0.41000000000000003,0,41,other,0.2682926829268293,1.0309702849464346,violent,0.5451,False,0.2194,0.2355,0.5451,54.5,London,uncertain
51.53,-0.41000000000000003,1,32,other,0.1875,0.9630280186054356,other,0.6181,True,0.6181,0.2184,0.1635,16.3,London,medium
51.53,-0.41000000000000003,2,35,violent,0.17142857142857143,1.0649968705807584,violent,0.5599,True,0.2117,0.2284,0.5599,56.0,London,medium
51.53,-0.41000000000000003,3,34,violent,0.029411764705882353,1.0082797836362416,other,0.4914,False,0.4914,0.2557,0.2529,25.3,London,uncertain
51.53,-0.4,0,105,property,0.0380952380952381,1.0967290983961329,violent,0.3927,False,0.347,0.2603,0.3927,39.3,London,uncertain
51.53,-0.4,1,84,other,0.03571428571428571,1.0894894783008202,other,0.3845,True,0.3845,0.3634,0.252,25.2,London,uncertain
51.53,-0.4,2,92,other,0.13043478260869565,1.0662345794580912,violent,0.5464,False,0.217,0.2366,0.5464,54.6,London,uncertain
51.53,-0.4,3,100,property,0.04,1.0949238485271433,other,0.5262,False,0.5262,0.2468,0.227,22.7,London,uncertain
51.53,-0.39,0,100,property,0.04,1.097032390352067,other,0.5899,False,0.5899,0.23,0.1801,18.0,London,medium
51.53,-0.39,1,104,violent,0.0673076923076923,1.0925300238337685,other,0.6035,False,0.6035,0.2248,0.1716,17.2,London,medium
51.53,-0.39,2,112,other,0.05357142857142857,1.0623677646558083,violent,0.5477,False,0.2154,0.2369,0.5477,54.8,London,uncertain
51.53,-0.39,3,112,other,0.08035714285714286,1.081239531331323,property,0.3852,False,0.3548,0.3852,0.26,26.0,London,uncertain
51.53,-0.38,0,72,violent,0.18055555555555555,1.0545014540424853,other,0.5967,False,0.5967,0.2314,0.1719,17.2,London,medium
51.53,-0.38,1,95,property,0.042105263157894736,1.0917945120623505,violent,0.401,False,0.3448,0.2542,0.401,40.1,London,uncertain
51.53,-0.38,2,83,violent,0.012048192771084338,1.0876061648714517,other,0.5965,False,0.5965,0.2299,0.1736,17.4,London,medium
51.53,-0.38,3,90,violent,0.16666666666666666,1.072043343575071,violent,0.4489,True,0.2877,0.2634,0.4489,44.9,London,uncertain
51.53,-0.37,0,94,other,0.11702127659574468,1.0786282625267036,other,0.6003,True,0.6003,0.2305,0.1692,16.9,London,medium
51.53,-0.37,1,106,property,0.018867924528301886,1.0979918982921117,property,0.6161,True,0.2144,0.6161,0.1695,16.9,London,medium
51.53,-0.37,2,124,other,0.13709677419354838,1.054179180014362,property,0.4372,False,0.3368,0.4372,0.226,22.6,London,uncertain
51.53,-0.37,3,99,other,0.13131313131313133,1.067531575793239,other,0.557,True,0.557,0.2548,0.1882,18.8,London,medium
51.53,-0.36,0,56,violent,0.03571428571428571,1.0973511772469036,other,0.4088,False,0.4088,0.3553,0.2358,23.6,London,uncertain
51.53,-0.36,1,71,other,0.07042253521126761,1.0889793316560201,violent,0.5585,False,0.2124,0.2291,0.5585,55.9,London,medium
51.53,-0.36,2,58,property,0.05172413793103448,1.083688433753602,property,0.642,True,0.1973,0.642,0.1607,16.1,London,medium
51.53,-0.36,3,68,property,0.10294117647058823,1.075108589110719,violent,0.5537,False,0.2138,0.2325,0.5537,55.4,London,medium
51.53,-0.35000000000000003,0,194,property,0.12886597938144329,1.0577822187974935,other,0.61,False,0.61,0.226,0.164,16.4,London,medium
51.53,-0.35000000000000003,1,175,property,0.19428571428571428,1.0627045105565824,other,0.4927,False,0.4927,0.3146,0.1927,19.3,London,uncertain
51.53,-0.35000000000000003,2,185,property,0.15675675675675677,1.0606293635904938,other,0.6201,False,0.6201,0.2174,0.1625,16.2,London,medium
51.53,-0.35000000000000003,3,169,other,0.07692307692307693,1.0520266412625408,other,0.6067,True,0.6067,0.2272,0.1661,16.6,London,medium
51.53,-0.34,0,28,violent,0.25,1.0397207708399179,violent,0.5604,True,0.2115,0.2281,0.5604,56.0,London,medium
51.53,-0.34,1,26,other,0.11538461538461539,1.0798753311904068,violent,0.4992,False,0.2324,0.2685,0.4992,49.9,London,uncertain
51.53,-0.34,2,36,violent,0.08333333333333333,1.0775563270668007,violent,0.5286,True,0.2336,0.2378,0.5286,52.9,London,uncertain
51.53,-0.34,3,35,violent,0.11428571428571428,1.0467289072985653,property,0.649,False,0.1936,0.649,0.1574,15.7,London,medium
51.53,-0.33,0,65,property,0.015384615384615385,1.0969419404905107,property,0.6477,True,0.1943,0.6477,0.1579,15.8,London,medium
51.53,-0.33,1,69,violent,0.0,1.0986122886681096,other,0.5903,False,0.5903,0.2283,0.1813,18.1,London,medium
51.53,-0.33,2,53,property,0.11320754716981132,1.0717006784138936,property,0.6366,True,0.2008,0.6366,0.1626,16.3,London,medium
51.53,-0.33,3,78,other,0.05128205128205128,1.0952118187451885,other,0.5702,True,0.5702,0.2611,0.1686,16.9,London,medium
51.53,-0.32,0,65,property,0.2923076923076923,1.0090733572405666,property,0.6492,True,0.1938,0.6492,0.157,15.7,London,medium
51.53,-0.32,1,61,property,0.18032786885245902,1.051446432593765,property,0.6476,True,0.1947,0.6476,0.1577,15.8,London,medium
51.53,-0.32,2,54,property,0.3148148148148148,0.9934819892004463,property,0.6505,True,0.1931,0.6505,0.1564,15.6,London,medium
51.53,-0.32,3,64,property,0.234375,1.0387435715615458,property,0.6499,True,0.1934,0.6499,0.1567,15.7,London,medium
51.53,-0.31,0,38,property,0.10526315789473684,1.0132690262497301,property,0.6425,True,0.1972,0.6425,0.1603,16.0,London,medium
51.53,-0.31,1,41,other,0.34146341463414637,0.9900011067427861,property,0.6503,False,0.1932,0.6503,0.1565,15.6,London,medium
51.53,-0.31,2,44,property,0.13636363636363635,1.077199587358753,property,0.6508,True,0.1929,0.6508,0.1563,15.6,London,medium
51.53,-0.31,3,43,property,0.06976744186046512,1.0884022259022763,property,0.6306,True,0.2041,0.6306,0.1653,16.5,London,medium
51.53,-0.3,0,33,property,0.09090909090909091,1.0361987848192837,property,0.6489,True,0.194,0.6489,0.1571,15.7,London,medium
51.53,-0.3,1,29,property,0.3793103448275862,0.965028916893635,property,0.6477,True,0.1944,0.6477,0.158,15.8,London,medium
51.53,-0.3,2,27,property,0.18518518518518517,1.0465616513448108,property,0.6411,True,0.1983,0.6411,0.1606,16.1,London,medium
51.53,-0.3,3,31,other,0.06451612903225806,0.9416990906290992,property,0.6493,False,0.1937,0.6493,0.1569,15.7,London,medium
51.53,-0.29,0,93,property,0.0967741935483871,1.0444966422024355,property,0.6473,True,0.1949,0.6473,0.1578,15.8,London,medium
51.53,-0.29,1,81,other,0.1111111111111111,1.026218836723994,property,0.6328,False,0.2029,0.6328,0.1643,16.4,London,medium
51.53,-0.29,2,95,property,0.021052631578947368,1.0678776595351251,property,0.6503,True,0.1932,0.6503,0.1565,15.6,London,medium
51.53,-0.29,3,81,property,0.07407407407407407,1.093246752419975,property,0.6502,True,0.1933,0.6502,0.1565,15.7,London,medium
51.53,-0.28,0,103,property,0.2912621359223301,1.0134514370076808,property,0.6315,True,0.2036,0.6315,0.1649,16.5,London,medium
51.53,-0.28,1,107,property,0.32710280373831774,0.9987980583204218,property,0.649,True,0.1939,0.649,0.1571,15.7,London,medium
51.53,-0.28,2,128,property,0.3203125,0.9952037943734067,property,0.6365,True,0.2008,0.6365,0.1626,16.3,London,medium
51.53,-0.28,3,103,property,0.2815533980582524,1.0005354393523052,property,0.6502,True,0.1933,0.6502,0.1565,15.7,London,medium
51.53,-0.27,0,142,property,0.014084507042253521,1.0972133767041512,property,0.5856,True,0.2185,0.5856,0.1959,19.6,London,medium
51.53,-0.27,1,119,other,0.025210084033613446,1.0826106303956788,property,0.5554,False,0.2329,0.5554,0.2117,21.2,London,medium
51.53,-0.27,2,102,property,0.0196078431372549,1.0974582200395584,violent,0.395,False,0.2295,0.3755,0.395,39.5,London,uncertain
51.53,-0.27,3,121,property,0.008264462809917356,1.0977173821886357,property,0.5674,True,0.2517,0.5674,0.1809,18.1,London,medium
51.53,-0.26,0,34,violent,0.11764705882352941,1.066562484888105,property,0.4848,False,0.2277,0.4848,0.2875,28.8,London,uncertain
51.53,-0.26,1,41,property,0.21951219512195122,1.0472953739774211,property,0.5965,True,0.2367,0.5965,0.1668,16.7,London,medium
51.53,-0.26,2,41,property,0.04878048780487805,1.0871069405766933,property,0.6054,True,0.2281,0.6054,0.1665,16.6,London,medium
51.53,-0.26,3,51,violent,0.0196078431372549,1.0519145034456558,other,0.4491,False,0.4491,0.3666,0.1843,18.4,London,uncertain
51.53,-0.25,0,84,other,0.30952380952380953,1.001544877989633,other,0.6092,True,0.6092,0.2239,0.1669,16.7,London,medium
51.53,-0.25,1,76,other,0.23684210526315788,1.0390279299861542,other,0.617,True,0.617,0.2191,0.1639,16.4,London,medium
51.53,-0.25,2,83,other,0.0963855421686747,1.0663978526943323,other,0.619,True,0.619,0.2181,0.163,16.3,London,medium
51.53,-0.25,3,79,other,0.3670886075949367,0.9688965785013185,other,0.6178,True,0.6178,0.2187,0.1634,16.3,London,medium
51.53,-0.24,0,66,property,0.10606060606060606,1.077513464358952,property,0.6073,True,0.2244,0.6073,0.1683,16.8,London,medium
51.53,-0.24,1,84,property,0.07142857142857142,1.0936195504301194,property,0.6374,True,0.1989,0.6374,0.1637,16.4,London,medium
51.53,-0.24,2,74,other,0.10810810810810811,1.0813000151434968,violent,0.3641,False,0.2808,0.3551,0.3641,36.4,London,uncertain
51.53,-0.24,3,61,other,0.06557377049180328,1.060746231231648,property,0.6347,False,0.204,0.6347,0.1613,16.1,London,medium
51.53,-0.23,0,100,property,0.05,1.0875426118068656,property,0.6476,True,0.1944,0.6476,0.158,15.8,London,medium
51.53,-0.23,1,98,property,0.14285714285714285,1.0448072888831288,property,0.6422,True,0.1977,0.6422,0.1601,16.0,London,medium
51.53,-0.23,2,100,property,0.01,1.0942157559265193,property,0.6506,True,0.1931,0.6506,0.1564,15.6,London,medium
51.53,-0.23,3,102,other,0.029411764705882353,1.097755354056745,property,0.6009,False,0.2321,0.6009,0.167,16.7,London,medium
51.53,-0.22,0,182,property,0.0,1.0872678984945523,property,0.6492,True,0.1938,0.6492,0.157,15.7,London,medium
51.53,-0.22,1,160,property,0.0375,1.0927780871944817,property,0.6469,True,0.1951,0.6469,0.158,15.8,London,medium
51.53,-0.22,2,159,property,0.012578616352201259,1.0742691810003697,property,0.6506,True,0.1931,0.6506,0.1564,15.6,London,medium
51.53,-0.22,3,185,other,0.07567567567567568,1.0869255661627832,property,0.6506,False,0.1931,0.6506,0.1564,15.6,London,medium
51.53,-0.21,0,250,other,0.068,1.0897510550297784,other,0.6189,True,0.6189,0.218,0.1631,16.3,London,medium
51.53,-0.21,1,211,other,0.07582938388625593,1.0929921305618469,other,0.619,True,0.619,0.2179,0.1631,16.3,London,medium
51.53,-0.21,2,211,other,0.17061611374407584,1.0691712322483027,other,0.6166,True,0.6166,0.2209,0.1625,16.3,London,medium
51.53,-0.21,3,199,other,0.04522613065326633,1.0931313769824837,property,0.4415,False,0.3552,0.4415,0.2033,20.3,London,uncertain
51.53,-0.2,0,327,property,0.0,1.0859642417349038,other,0.6186,False,0.6186,0.2182,0.1632,16.3,London,medium
51.53,-0.2,1,286,other,0.04895104895104895,1.0718356949711323,other,0.6189,True,0.6189,0.218,0.1631,16.3,London,medium
51.53,-0.2,2,294,other,0.03741496598639456,1.0969314627768336,other,0.6116,True,0.6116,0.2251,0.1633,16.3,London,medium
51.53,-0.2,3,351,property,0.017094017094017096,1.0874724715554955,other,0.6203,False,0.6203,0.2173,0.1624,16.2,London,medium
51.53,-0.19,0,167,other,0.05389221556886228,1.0888179353935028,property,0.649,False,0.1939,0.649,0.157,15.7,London,medium
51.53,-0.19,1,187,other,0.0213903743315508,1.0668394482982588,property,0.4873,False,0.3364,0.4873,0.1764,17.6,London,uncertain
51.53,-0.19,2,173,property,0.023121387283236993,1.089387458439044,property,0.5944,True,0.2387,0.5944,0.1669,16.7,London,medium
51.53,-0.19,3,196,property,0.05102040816326531,1.0824464821633197,property,0.6462,True,0.1955,0.6462,0.1583,15.8,London,medium
51.53,-0.18,0,124,property,0.03225806451612903,1.0496717767488781,property,0.6479,True,0.1945,0.6479,0.1575,15.8,London,medium
51.53,-0.18,1,143,property,0.1048951048951049,1.0804057502417739,property,0.6502,True,0.1933,0.6502,0.1565,15.7,London,medium
51.53,-0.18,2,137,other,0.0072992700729927005,1.0669405507726655,property,0.65,False,0.1934,0.65,0.1566,15.7,London,medium
51.53,-0.18,3,132,property,0.13636363636363635,1.0510092182356066,property,0.6496,True,0.1936,0.6496,0.1568,15.7,London,medium
51.53,-0.17,0,178,property,0.12359550561797752,1.0603060022574766,property,0.6483,True,0.1943,0.6483,0.1574,15.7,London,medium
51.53,-0.17,1,186,property,0.20967741935483872,1.0493714606039062,property,0.6435,True,0.197,0.6435,0.1595,16.0,London,medium
51.53,-0.17,2,179,property,0.15083798882681565,1.0413649499871842,property,0.6503,True,0.1932,0.6503,0.1565,15.6,London,medium
51.53,-0.17,3,177,property,0.096045197740113,1.0435176626668994,property,0.6487,True,0.1941,0.6487,0.1572,15.7,London,medium
51.53,-0.16,0,84,property,0.34523809523809523,0.9637383096167222,property,0.6477,True,0.1947,0.6477,0.1577,15.8,London,medium
51.53,-0.16,1,58,property,0.43103448275862066,0.9018591525926558,property,0.6468,True,0.1946,0.6468,0.1585,15.9,London,medium
51.53,-0.16,2,63,property,0.5555555555555556,0.7582949001272663,property,0.6497,True,0.1933,0.6497,0.1571,15.7,London,medium
51.53,-0.16,3,51,property,0.43137254901960786,0.8384466680855808,property,0.6489,True,0.194,0.6489,0.1571,15.7,London,medium
51.53,-0.15,0,24,property,0.125,0.9743147528693494,property,0.6482,True,0.1944,0.6482,0.1574,15.7,London,medium
51.53,-0.15,1,19,property,0.631578947368421,0.6330395116644678,property,0.6437,True,0.1969,0.6437,0.1594,15.9,London,medium
51.53,-0.15,2,20,property,0.45,0.8864644756797975,property,0.6337,True,0.2024,0.6337,0.1639,16.4,London,medium
51.53,-0.15,3,25,property,0.44,0.9007243623687382,property,0.4642,True,0.2297,0.4642,0.3061,30.6,London,uncertain
51.53,-0.14,0,349,property,0.1833810888252149,1.0545792407076402,property,0.6483,True,0.1943,0.6483,0.1574,15.7,London,medium
51.53,-0.14,1,353,property,0.0708215297450425,1.08467909918798,property,0.6498,True,0.1935,0.6498,0.1567,15.7,London,medium
51.53,-0.14,2,351,property,0.042735042735042736,1.087334855914045,property,0.6503,True,0.1932,0.6503,0.1565,15.6,London,medium
51.53,-0.14,3,341,property,0.05865102639296188,1.068565682211464,property,0.6487,True,0.1941,0.6487,0.1572,15.7,London,medium
51.53,-0.13,0,523,property,0.3938814531548757,0.9396274178461855,property,0.6487,True,0.1941,0.6487,0.1572,15.7,London,medium
51.53,-0.13,1,522,property,0.3448275862068966,0.9729015643090249,property,0.6495,True,0.1937,0.6495,0.1568,15.7,London,medium
51.53,-0.13,2,490,property,0.3,0.9785445831408641,property,0.65,True,0.1934,0.65,0.1566,15.7,London,medium
51.53,-0.13,3,498,property,0.41566265060240964,0.8988029408274698,property,0.65,True,0.1934,0.65,0.1566,15.7,London,medium
51.53,-0.12,0,629,property,0.17170111287758347,1.021383566946429,property,0.6487,True,0.1941,0.6487,0.1572,15.7,London,medium
51.53,-0.12,1,674,property,0.1572700296735905,1.0300217233830615,property,0.6495,True,0.1937,0.6495,0.1568,15.7,London,medium
51.53,-0.12,2,617,property,0.26418152350081037,1.0130917300278244,property,0.65,True,0.1934,0.65,0.1566,15.7,London,medium
51.53,-0.12,3,620,property,0.17419354838709677,1.0399876593167092,property,0.65,True,0.1934,0.65,0.1566,15.7,London,medium
51.53,-0.11,0,445,property,0.2157303370786517,1.053587144123052,property,0.6484,True,0.1943,0.6484,0.1573,15.7,London,medium
51.53,-0.11,1,474,property,0.09915611814345991,1.0643860433601238,property,0.6488,True,0.1941,0.6488,0.1572,15.7,London,medium
51.53,-0.11,2,438,property,0.19863013698630136,1.0320832712587915,property,0.6497,True,0.1936,0.6497,0.1568,15.7,London,medium
51.53,-0.11,3,422,property,0.14928909952606634,1.055945900757853,property,0.6497,True,0.1936,0.6497,0.1568,15.7,London,medium
51.53,-0.1,0,299,other,0.013377926421404682,1.0955659547243424,property,0.4857,False,0.3356,0.4857,0.1787,17.9,London,uncertain
51.53,-0.1,1,289,other,0.02422145328719723,1.07177416124415,property,0.6422,False,0.1977,0.6422,0.1601,16.0,London,medium
51.53,-0.1,2,330,other,0.03939393939393939,1.095795682498136,property,0.5917,False,0.2399,0.5917,0.1684,16.8,London,medium
51.53,-0.1,3,273,other,0.02564102564102564,1.0842435291786918,property,0.6322,False,0.2072,0.6322,0.1607,16.1,London,medium
51.53,-0.09,0,521,property,0.23416506717850288,1.0302029985134242,property,0.6487,True,0.1941,0.6487,0.1572,15.7,London,medium
51.53,-0.09,1,517,property,0.23210831721470018,1.0356995213156297,property,0.6499,True,0.1935,0.6499,0.1567,15.7,London,medium
51.53,-0.09,2,469,property,0.26652452025586354,1.024058447278492,property,0.6504,True,0.1932,0.6504,0.1565,15.6,London,medium
51.53,-0.09,3,467,property,0.23768736616702354,1.0417032419070942,property,0.6504,True,0.1932,0.6504,0.1565,15.6,London,medium
51.53,-0.08,0,546,property,0.14285714285714285,1.0582065332311685,property,0.6478,True,0.1946,0.6478,0.1576,15.8,London,medium
51.53,-0.08,1,563,property,0.1705150976909414,1.0498709654085907,property,0.6491,True,0.1939,0.6491,0.157,15.7,London,medium
51.53,-0.08,2,528,property,0.14962121212121213,1.0692724342461928,property,0.65,True,0.1934,0.65,0.1566,15.7,London,medium
51.53,-0.08,3,532,property,0.10902255639097744,1.0566072551104013,property,0.65,True,0.1934,0.65,0.1566,15.7,London,medium
51.53,-0.07,0,275,property,0.05090909090909091,1.0744661557102693,property,0.6487,True,0.1941,0.6487,0.1572,15.7,London,medium
51.53,-0.07,1,281,property,0.021352313167259787,1.0829537057951524,property,0.6467,True,0.1952,0.6467,0.1581,15.8,London,medium
51.53,-0.07,2,269,property,0.08921933085501858,1.079355015005766,property,0.6489,True,0.194,0.6489,0.1571,15.7,London,medium
51.53,-0.07,3,324,property,0.033950617283950615,1.089820101588569,property,0.6487,True,0.1941,0.6487,0.1572,15.7,London,medium
51.53,-0.06,0,395,property,0.10632911392405063,1.0831248008920016,property,0.5516,True,0.2734,0.5516,0.175,17.5,London,medium
51.53,-0.06,1,387,property,0.14728682170542637,1.0723825270506526,property,0.5338,True,0.2893,0.5338,0.1768,17.7,London,uncertain
51.53,-0.06,2,357,property,0.06162464985994398,1.0913084526264596,property,0.5697,True,0.2611,0.5697,0.1692,16.9,London,medium
51.53,-0.06,3,369,property,0.0948509485094851,1.0848537050638674,property,0.6506,True,0.193,0.6506,0.1563,15.6,London,medium
51.53,-0.05,0,179,other,0.09497206703910614,1.0694203578856647,other,0.6183,True,0.6183,0.2184,0.1633,16.3,London,medium
51.53,-0.05,1,218,other,0.05504587155963303,1.0331450097920556,other,0.6188,True,0.6188,0.218,0.1631,16.3,London,medium
51.53,-0.05,2,210,violent,0.014285714285714285,1.0745525153461155,other,0.62,False,0.62,0.2175,0.1626,16.3,London,medium
51.53,-0.05,3,223,violent,0.013452914798206279,1.088846323234315,other,0.62,False,0.62,0.2175,0.1626,16.3,London,medium
51.53,-0.04,0,175,violent,0.05714285714285714,1.0827565298295394,violent,0.5475,True,0.2152,0.2373,0.5475,54.8,London,uncertain
51.53,-0.04,1,168,violent,0.02976190476190476,1.095951433780158,property,0.4352,False,0.2505,0.4352,0.3143,31.4,London,uncertain
51.53,-0.04,2,156,violent,0.019230769230769232,1.081948954692155,property,0.6465,False,0.195,0.6465,0.1585,15.8,London,medium
51.53,-0.04,3,181,violent,0.11602209944751381,1.0747693241561247,property,0.553,False,0.2169,0.553,0.2301,23.0,London,medium
51.53,-0.03,0,283,property,0.0812720848056537,1.0918754699474205,other,0.5978,False,0.5978,0.2339,0.1683,16.8,London,medium
51.53,-0.03,1,322,property,0.034161490683229816,1.0968823805262546,property,0.6052,True,0.2246,0.6052,0.1702,17.0,London,medium
51.53,-0.03,2,335,violent,0.0,1.0981725272836667,property,0.6407,False,0.1995,0.6407,0.1599,16.0,London,medium
51.53,-0.03,3,307,property,0.03257328990228013,1.0957374759152134,property,0.523,True,0.28,0.523,0.197,19.7,London,uncertain
51.53,-0.02,0,219,other,0.0410958904109589,1.0864836691994673,property,0.6283,False,0.2062,0.6283,0.1655,16.6,London,medium
51.53,-0.02,1,229,violent,0.004366812227074236,1.0983633884379498,property,0.634,False,0.2044,0.634,0.1616,16.2,London,medium
51.53,-0.02,2,229,property,0.017467248908296942,1.0979080129887189,property,0.4671,True,0.3288,0.4671,0.2042,20.4,London,uncertain
51.53,-0.02,3,222,property,0.018018018018018018,1.0976378669067306,property,0.4815,True,0.3366,0.4815,0.1819,18.2,London,uncertain
51.53,-0.01,0,175,violent,0.04,1.094468599516983,property,0.603,False,0.2299,0.603,0.1672,16.7,London,medium
51.53,-0.01,1,185,property,0.08648648648648649,1.0743805148391452,property,0.6495,True,0.1936,0.6495,0.1568,15.7,London,medium
51.53,-0.01,2,207,property,0.03864734299516908,1.0591498998624078,property,0.6504,True,0.1932,0.6504,0.1565,15.6,London,medium
51.53,-0.01,3,165,other,0.012121212121212121,1.0814773029180644,property,0.6488,False,0.1941,0.6488,0.1572,15.7,London,medium
51.53,0.0,0,33,property,0.15151515151515152,1.0271492471638468,property,0.6091,True,0.2156,0.6091,0.1753,17.5,London,medium
51.53,0.0,1,28,violent,0.03571428571428571,1.0813448682427136,other,0.6122,False,0.6122,0.2217,0.1661,16.6,London,medium
51.53,0.0,2,43,property,0.18604651162790697,1.0037324963474283,other,0.618,False,0.618,0.2186,0.1634,16.3,London,medium
51.53,0.0,3,31,violent,0.0,1.023152596221583,other,0.6148,False,0.6148,0.2207,0.1645,16.5,London,medium
51.53,0.01,0,131,other,0.007633587786259542,1.0942605629837943,property,0.4757,False,0.2954,0.4757,0.2289,22.9,London,uncertain
51.53,0.01,1,104,property,0.009615384615384616,1.085787306345452,violent,0.4717,False,0.2703,0.258,0.4717,47.2,London,uncertain
51.53,0.01,2,146,other,0.0273972602739726,1.0666094760383735,violent,0.5174,False,0.2224,0.2602,0.5174,51.7,London,uncertain
51.53,0.01,3,114,other,0.02631578947368421,1.0936916265054468,violent,0.5506,False,0.2138,0.2355,0.5506,55.1,London,medium
51.53,0.02,0,210,property,0.05238095238095238,1.0847882154600423,property,0.6492,True,0.1938,0.6492,0.157,15.7,London,medium
51.53,0.02,1,229,property,0.12663755458515283,1.0757647728114206,property,0.6484,True,0.1943,0.6484,0.1573,15.7,London,medium
51.53,0.02,2,211,property,0.11848341232227488,1.0672162989422496,property,0.6505,True,0.1931,0.6505,0.1564,15.6,London,medium
51.53,0.02,3,230,property,0.18695652173913044,1.0609666488671936,property,0.6505,True,0.1931,0.6505,0.1564,15.6,London,medium
51.53,0.03,0,244,other,0.028688524590163935,1.0953520187945882,property,0.6492,False,0.1938,0.6492,0.157,15.7,London,medium
51.53,0.03,1,222,violent,0.02252252252252252,1.097089336560504,property,0.6475,False,0.1945,0.6475,0.1581,15.8,London,medium
51.53,0.03,2,223,property,0.10762331838565023,1.0796422393198815,property,0.648,True,0.1942,0.648,0.1578,15.8,London,medium
51.53,0.03,3,213,property,0.051643192488262914,1.095423070542223,property,0.649,True,0.1939,0.649,0.157,15.7,London,medium
51.53,0.04,0,204,property,0.10294117647058823,1.0883278874480755,property,0.6485,True,0.1942,0.6485,0.1573,15.7,London,medium
51.53,0.04,1,215,property,0.037209302325581395,1.0965340238279513,property,0.6492,True,0.1935,0.6492,0.1573,15.7,London,medium
51.53,0.04,2,195,property,0.1282051282051282,1.0797964633161532,property,0.6506,True,0.193,0.6506,0.1563,15.6,London,medium
51.53,0.04,3,206,property,0.07766990291262135,1.0856534958406456,property,0.6505,True,0.1931,0.6505,0.1564,15.6,London,medium
51.53,0.05,0,269,property,0.04460966542750929,1.0964733231364316,property,0.6457,True,0.1958,0.6457,0.1585,15.9,London,medium
51.53,0.05,1,276,violent,0.036231884057971016,1.0957486976126611,property,0.6485,False,0.1942,0.6485,0.1573,15.7,London,medium
51.53,0.05,2,240,property,0.1625,1.0592566934195145,property,0.6465,True,0.1953,0.6465,0.1582,15.8,London,medium
51.53,0.05,3,280,other,0.04285714285714286,1.0920882307293567,property,0.6503,False,0.1932,0.6503,0.1565,15.6,London,medium
51.53,0.06,0,181,violent,0.08287292817679558,1.0908997690250932,other,0.526,False,0.526,0.2886,0.1853,18.5,London,uncertain
51.53,0.06,1,208,violent,0.04807692307692308,1.0954422127929173,other,0.4186,False,0.4186,0.399,0.1824,18.2,London,uncertain
51.53,0.06,2,166,property,0.012048192771084338,1.0940117831240306,property,0.6335,True,0.2046,0.6335,0.1619,16.2,London,medium
51.53,0.06,3,203,violent,0.08866995073891626,1.0867359402375651,property,0.5071,False,0.2912,0.5071,0.2016,20.2,London,uncertain
51.53,0.07,0,85,violent,0.03529411764705882,1.095994319872625,other,0.5883,False,0.5883,0.2375,0.1742,17.4,London,medium
51.53,0.07,1,83,property,0.10843373493975904,1.0858111453025594,other,0.5767,False,0.5767,0.2557,0.1676,16.8,London,medium
51.53,0.07,2,91,property,0.15384615384615385,1.0122422714043546,property,0.65,True,0.1934,0.65,0.1566,15.7,London,medium
51.53,0.07,3,95,violent,0.010526315789473684,1.0978324719389643,other,0.6117,False,0.6117,0.225,0.1633,16.3,London,medium
51.53,0.08,0,139,violent,0.06474820143884892,1.0933808447956743,violent,0.5466,True,0.215,0.2384,0.5466,54.7,London,uncertain
51.53,0.08,1,146,property,0.07534246575342465,1.0930633425268492,violent,0.5497,False,0.2143,0.2361,0.5497,55.0,London,uncertain
51.53,0.08,2,136,other,0.058823529411764705,1.0947369724149838,violent,0.4464,False,0.2507,0.3029,0.4464,44.6,London,uncertain
51.53,0.08,3,139,violent,0.07913669064748201,1.0918921528630985,violent,0.4991,True,0.2508,0.2501,0.4991,49.9,London,uncertain
51.53,0.09,0,78,violent,0.05128205128205128,1.0906913214036154,property,0.6053,False,0.206,0.6053,0.1886,18.9,London,medium
51.53,0.09,1,75,violent,0.06666666666666667,1.0749440472732568,property,0.6477,False,0.1944,0.6477,0.158,15.8,London,medium
51.53,0.09,2,84,violent,0.05952380952380952,1.0879258133710517,property,0.6498,False,0.1932,0.6498,0.157,15.7,London,medium
51.53,0.09,3,77,violent,0.2077922077922078,1.0518148430979624,violent,0.494,True,0.2225,0.2835,0.494,49.4,London,uncertain
51.53,0.1,0,63,violent,0.14285714285714285,1.008493643171486,violent,0.4758,True,0.2704,0.2538,0.4758,47.6,London,uncertain
51.53,0.1,1,58,violent,0.29310344827586204,0.9931818052549284,violent,0.5006,True,0.2554,0.244,0.5006,50.1,London,uncertain
51.53,0.1,2,54,other,0.037037037037037035,1.084796742657462,violent,0.5168,False,0.2236,0.2596,0.5168,51.7,London,uncertain
51.53,0.1,3,67,other,0.014925373134328358,1.060738768864264,violent,0.4793,False,0.2677,0.253,0.4793,47.9,London,uncertain
51.53,0.11,0,69,violent,0.07246376811594203,1.0905532462337861,property,0.6477,False,0.1946,0.6477,0.1576,15.8,London,medium
51.53,0.11,1,65,other,0.03076923076923077,1.094070862104929,property,0.6471,False,0.195,0.6471,0.1579,15.8,London,medium
51.53,0.11,2,55,violent,0.23636363636363636,1.0458568104807595,property,0.65,False,0.1934,0.65,0.1566,15.7,London,medium
51.53,0.11,3,51,violent,0.13725490196078433,1.0632635480250523,property,0.6484,False,0.194,0.6484,0.1576,15.8,London,medium
51.53,0.12,0,70,violent,0.2571428571428571,1.0128508708120405,property,0.6338,False,0.2046,0.6338,0.1616,16.2,London,medium
51.53,0.12,1,52,other,0.038461538461538464,1.0960439684092247,property,0.4209,False,0.3433,0.4209,0.2358,23.6,London,uncertain
51.53,0.12,2,68,property,0.014705882352941176,1.0970866744862093,property,0.5865,True,0.2325,0.5865,0.1809,18.1,London,medium
51.53,0.12,3,67,violent,0.07462686567164178,1.0918549081696192,property,0.5298,False,0.2555,0.5298,0.2147,21.5,London,uncertain
51.53,0.13,0,54,other,0.1111111111111111,1.0608569471580214,violent,0.5464,False,0.2181,0.2355,0.5464,54.6,London,uncertain
51.53,0.13,1,51,violent,0.09803921568627451,1.083919880515659,violent,0.5528,True,0.2152,0.232,0.5528,55.3,London,medium
51.53,0.13,2,54,violent,0.037037037037037035,1.0944885526930284,violent,0.4992,True,0.2551,0.2457,0.4992,49.9,London,uncertain
51.53,0.13,3,50,other,0.02,1.0673063239076608,violent,0.5518,False,0.2156,0.2326,0.5518,55.2,London,medium
51.53,0.14,0,87,property,0.20689655172413793,1.057986409831394,property,0.6465,True,0.1953,0.6465,0.1582,15.8,London,medium
51.53,0.14,1,109,property,0.23853211009174313,1.0138937831667514,property,0.6462,True,0.1955,0.6462,0.1583,15.8,London,medium
51.53,0.14,2,91,property,0.07692307692307693,1.0636386432231437,property,0.6486,True,0.1941,0.6486,0.1572,15.7,London,medium
51.53,0.14,3,97,property,0.12371134020618557,1.0424542550784281,property,0.6483,True,0.1943,0.6483,0.1574,15.7,London,medium
51.53,0.15,0,94,property,0.07446808510638298,1.0659022409386933,property,0.4443,True,0.2403,0.4443,0.3154,31.5,London,uncertain
51.53,0.15,1,88,property,0.11363636363636363,1.0333427505037445,property,0.3871,True,0.2346,0.3871,0.3783,37.8,London,uncertain
51.53,0.15,2,86,property,0.011627906976744186,1.0796581147398219,property,0.6304,True,0.204,0.6304,0.1656,16.6,London,medium
51.53,0.15,3,99,property,0.020202020202020204,1.0829294311878461,property,0.6469,True,0.1948,0.6469,0.1583,15.8,London,medium
51.53,0.16,0,75,violent,0.08,1.0875656525975472,violent,0.5581,True,0.2125,0.2294,0.5581,55.8,London,medium
51.53,0.16,1,76,violent,0.19736842105263158,1.0559176352761441,violent,0.5575,True,0.2129,0.2296,0.5575,55.8,London,medium
51.53,0.16,2,85,property,0.07058823529411765,1.077666169267621,violent,0.5614,False,0.211,0.2276,0.5614,56.1,London,medium
51.53,0.16,3,65,violent,0.046153846153846156,1.0955732915629848,violent,0.5475,True,0.2157,0.2368,0.5475,54.8,London,uncertain
51.53,0.17,0,67,property,0.05970149253731343,1.0951129476582975,property,0.6479,True,0.1942,0.6479,0.1578,15.8,London,medium
51.53,0.17,1,66,property,0.045454545454545456,1.0965754342577216,property,0.6278,True,0.2073,0.6278,0.1649,16.5,London,medium
51.53,0.17,2,70,property,0.02857142857142857,1.0717287302022056,property,0.4957,True,0.229,0.4957,0.2753,27.5,London,uncertain
51.53,0.17,3,62,violent,0.08064516129032258,1.0922638505825846,property,0.65,False,0.1931,0.65,0.1569,15.7,London,medium
51.53,0.18,0,55,property,0.05454545454545454,1.0923680508659372,property,0.6488,True,0.1938,0.6488,0.1574,15.7,London,medium
51.53,0.18,1,41,violent,0.0,1.067282790906772,property,0.6158,False,0.2105,0.6158,0.1737,17.4,London,medium
51.53,0.18,2,37,violent,0.10810810810810811,0.9887372688897627,violent,0.5491,True,0.2136,0.2373,0.5491,54.9,London,uncertain
51.53,0.18,3,48,property,0.14583333333333334,1.058689865257929,violent,0.4213,False,0.273,0.3058,0.4213,42.1,London,uncertain
51.53,0.19,0,58,property,0.05172413793103448,1.068156721450858,other,0.619,False,0.619,0.218,0.163,16.3,London,medium
51.53,0.19,1,89,other,0.02247191011235955,1.091892004685641,other,0.6061,True,0.6061,0.2271,0.1668,16.7,London,medium
51.53,0.19,2,84,property,0.14285714285714285,1.0789922078775833,other,0.5873,False,0.5873,0.2462,0.1665,16.6,London,medium
51.53,0.19,3,66,violent,0.030303030303030304,1.0958536606125853,other,0.6036,False,0.6036,0.232,0.1644,16.4,London,medium
51.53,0.2,0,8,other,0.375,0.9002560512685369,violent,0.5587,False,0.2125,0.2289,0.5587,55.9,London,medium
51.53,0.2,1,10,other,0.3,0.8979457248567797,other,0.6195,True,0.6195,0.2175,0.1629,16.3,London,medium
51.53,0.2,2,10,other,0.5,0.8018185525433373,violent,0.5614,False,0.2111,0.2275,0.5614,56.1,London,medium
51.53,0.2,3,15,other,0.6666666666666666,0.6277052571971504,other,0.6145,True,0.6145,0.2205,0.165,16.5,London,medium
51.53,0.21,0,13,other,0.07692307692307693,1.0123308391031733,violent,0.5594,False,0.2121,0.2285,0.5594,55.9,London,medium
51.53,0.21,1,18,other,0.5,0.8675632284814612,violent,0.4627,False,0.2575,0.2798,0.4627,46.3,London,uncertain
51.53,0.21,2,25,other,0.36,0.942216333812959,violent,0.5609,False,0.2114,0.2277,0.5609,56.1,London,medium
51.53,0.21,3,19,other,0.3684210526315789,0.8785250991271565,violent,0.5593,False,0.2121,0.2286,0.5593,55.9,London,medium
51.53,0.22,0,9,property,0.3333333333333333,0.9950269901795212,property,0.6475,True,0.1948,0.6475,0.1577,15.8,London,medium
51.53,0.22,1,3,other,0.3333333333333333,0.6365141893815645,other,0.6153,True,0.6153,0.2197,0.1651,16.5,London,medium
51.53,0.22,2,5,other,0.2,0.6730116880595106,other,0.6149,True,0.6149,0.2208,0.1643,16.4,London,medium
51.53,0.23,0,4,other,0.25,1.0397207708399179,other,0.6165,True,0.6165,0.2189,0.1645,16.5,London,medium
51.53,0.23,1,4,property,0.25,1.0397207708399179,violent,0.4932,False,0.2272,0.2796,0.4932,49.3,London,uncertain
51.53,0.23,2,5,violent,0.0,1.0549201679861442,other,0.6183,False,0.6183,0.2179,0.1638,16.4,London,medium
51.53,0.23,3,5,other,0.4,0.9502705392332347,property,0.6473,False,0.1949,0.6473,0.1578,15.8,London,medium
51.53,0.25,0,4,other,0.25,1.0397207708399179,violent,0.4203,False,0.2329,0.3468,0.4203,42.0,London,uncertain
51.53,0.25,1,4,other,1.0,4.34465315364359e-08,property,0.6339,False,0.2023,0.6339,0.1638,16.4,London,medium
51.53,0.72,2,3,violent,0.3333333333333333,0.6365141893815645,property,0.6243,False,0.2076,0.6243,0.1681,16.8,London,medium
51.54,-0.49,0,76,property,0.06578947368421052,1.0668416150144389,property,0.6473,True,0.1949,0.6473,0.1578,15.8,London,medium
51.54,-0.49,1,63,property,0.14285714285714285,1.070000020916857,property,0.6486,True,0.1942,0.6486,0.1572,15.7,London,medium
51.54,-0.49,2,66,property,0.16666666666666666,1.0534577446529028,property,0.6476,True,0.1947,0.6476,0.1577,15.8,London,medium
51.54,-0.49,3,59,other,0.05084745762711865,1.0556101660575166,property,0.6437,False,0.1968,0.6437,0.1594,15.9,London,medium
51.54,-0.48,0,99,other,0.13131313131313133,1.0806205640495905,property,0.6403,False,0.1984,0.6403,0.1612,16.1,London,medium
51.54,-0.48,1,102,violent,0.049019607843137254,1.091377312248845,other,0.4096,False,0.4096,0.3877,0.2027,20.3,London,uncertain
51.54,-0.48,2,109,property,0.027522935779816515,1.090240999161768,other,0.6184,False,0.6184,0.2185,0.1631,16.3,London,medium
51.54,-0.48,3,90,property,0.1111111111111111,1.079773089409609,property,0.6482,True,0.1941,0.6482,0.1577,15.8,London,medium
51.54,-0.47000000000000003,0,43,property,0.06976744186046512,1.0884022259022763,property,0.6463,True,0.1951,0.6463,0.1586,15.9,London,medium
51.54,-0.47000000000000003,1,40,property,0.025,1.0979923063985968,property,0.4611,True,0.3558,0.4611,0.183,18.3,London,uncertain
51.54,-0.47000000000000003,2,32,violent,0.0625,1.094780226007948,violent,0.5094,True,0.2207,0.2699,0.5094,50.9,London,uncertain
51.54,-0.47000000000000003,3,40,property,0.075,1.0868142240234724,property,0.6418,True,0.1974,0.6418,0.1607,16.1,London,medium
51.54,-0.46,0,25,violent,0.08,1.0509134745090587,other,0.6054,False,0.6054,0.2257,0.1688,16.9,London,medium
51.54,-0.46,1,29,property,0.034482758620689655,1.0588032571034944,violent,0.5093,False,0.2468,0.2438,0.5093,50.9,London,uncertain
51.54,-0.46,2,27,violent,0.1111111111111111,1.0608569471580214,other,0.6134,False,0.6134,0.2208,0.1658,16.6,London,medium
51.54,-0.46,3,23,other,0.30434782608695654,0.9772300460661988,other,0.3756,True,0.3756,0.2546,0.3698,37.0,London,uncertain
51.54,-0.45,0,36,violent,0.2222222222222222,1.0366279688586069,violent,0.4294,True,0.3124,0.2582,0.4294,42.9,London,uncertain
51.54,-0.45,1,44,violent,0.0,1.0715736196489019,violent,0.5555,True,0.2137,0.2308,0.5555,55.6,London,medium
51.54,-0.45,2,32,violent,0.03125,1.091649996728975,violent,0.5589,True,0.2122,0.2289,0.5589,55.9,London,medium
51.54,-0.45,3,42,other,0.047619047619047616,1.002919040462264,other,0.4784,True,0.4784,0.2519,0.2698,27.0,London,uncertain
51.54,-0.44,0,30,other,0.2,1.0606018056124555,other,0.6185,True,0.6185,0.2182,0.1633,16.3,London,medium
51.54,-0.44,1,24,violent,0.20833333333333334,0.9582325450794875,other,0.6165,False,0.6165,0.2194,0.1642,16.4,London,medium
51.54,-0.44,2,28,violent,0.17857142857142858,1.019025461146272,other,0.6186,False,0.6186,0.2182,0.1632,16.3,London,medium
51.54,-0.44,3,29,violent,0.0,1.0785004146433244,other,0.6182,False,0.6182,0.2185,0.1632,16.3,London,medium
51.54,-0.43,0,26,other,0.3076923076923077,1.0100997593541636,other,0.6122,True,0.6122,0.2215,0.1663,16.6,London,medium
51.54,-0.43,1,15,property,0.0,1.0549201679861442,other,0.6144,False,0.6144,0.2208,0.1648,16.5,London,medium
51.54,-0.43,2,10,property,0.1,1.0888999753452238,property,0.6361,True,0.201,0.6361,0.1628,16.3,London,medium
51.54,-0.43,3,17,other,0.23529411764705882,0.8463658296262874,other,0.6157,True,0.6157,0.2197,0.1646,16.5,London,medium
51.54,-0.42,0,8,violent,0.375,0.9002560512685369,other,0.5346,False,0.5346,0.2512,0.2142,21.4,London,uncertain
51.54,-0.42,1,9,violent,0.0,0.9649629230074277,violent,0.5573,True,0.213,0.2297,0.5573,55.7,London,medium
51.54,-0.42,2,11,violent,0.5454545454545454,0.7595473914748635,violent,0.4948,True,0.2602,0.245,0.4948,49.5,London,uncertain
51.54,-0.42,3,6,property,0.3333333333333333,0.6365141893815645,other,0.6109,False,0.6109,0.2229,0.1662,16.6,London,medium
51.54,-0.41000000000000003,0,10,violent,0.2,0.6730116880595106,property,0.6418,False,0.1979,0.6418,0.1603,16.0,London,medium
51.54,-0.41000000000000003,1,8,other,0.25,0.6615632592196847,violent,0.4306,False,0.226,0.3434,0.4306,43.1,London,uncertain
51.54,-0.41000000000000003,2,13,other,0.3076923076923077,0.8587409130062869,property,0.6438,False,0.1965,0.6438,0.1597,16.0,London,medium
51.54,-0.41000000000000003,3,11,violent,0.36363636363636365,0.8599672810355049,other,0.613,False,0.613,0.2217,0.1653,16.5,London,medium
51.54,-0.4,0,22,other,0.09090909090909091,1.0843629508682477,property,0.5879,False,0.2327,0.5879,0.1794,17.9,London,medium
51.54,-0.4,1,19,property,0.5789473684210527,0.7534424611802383,property,0.5483,True,0.2228,0.5483,0.2289,22.9,London,uncertain
51.54,-0.4,2,27,property,0.0,1.0857230547721772,property,0.5878,True,0.2154,0.5878,0.1968,19.7,London,medium
51.54,-0.4,3,15,violent,0.0,1.0986122886681096,property,0.6415,False,0.1978,0.6415,0.1607,16.1,London,medium
51.54,-0.39,0,74,other,0.13513513513513514,1.0672028210839635,other,0.6116,True,0.6116,0.2224,0.1661,16.6,London,medium
51.54,-0.39,1,73,other,0.1095890410958904,1.0853385286012749,other,0.6153,True,0.6153,0.2201,0.1646,16.5,London,medium
51.54,-0.39,2,84,other,0.07142857142857142,1.073633385833587,other,0.6133,True,0.6133,0.2214,0.1653,16.5,London,medium
51.54,-0.39,3,66,violent,0.10606060606060606,1.0859186593391668,other,0.6178,False,0.6178,0.2187,0.1634,16.3,London,medium
51.54,-0.38,0,41,violent,0.0,1.0887341634397132,violent,0.4448,True,0.3024,0.2528,0.4448,44.5,London,uncertain
51.54,-0.38,1,58,violent,0.05172413793103448,1.083688433753602,violent,0.4252,True,0.3123,0.2624,0.4252,42.5,London,uncertain
51.54,-0.38,2,53,violent,0.09433962264150944,1.0411695840718669,violent,0.5249,True,0.2285,0.2466,0.5249,52.5,London,uncertain
51.54,-0.38,3,55,violent,0.03636363636363636,1.089150188634518,violent,0.3715,True,0.3705,0.258,0.3715,37.1,London,uncertain
51.54,-0.37,0,64,other,0.03125,1.0969145891465133,violent,0.5336,False,0.2218,0.2446,0.5336,53.4,London,uncertain
51.54,-0.37,1,57,property,0.03508771929824561,1.0711972361580184,violent,0.3996,False,0.3347,0.2657,0.3996,40.0,London,uncertain
51.54,-0.37,2,48,property,0.0,1.0821955300387671,violent,0.5591,False,0.2121,0.2288,0.5591,55.9,London,medium
51.54,-0.37,3,64,violent,0.125,1.0814045266657624,other,0.6189,False,0.6189,0.2181,0.163,16.3,London,medium
51.54,-0.36,0,24,property,0.20833333333333334,1.032743813555708,other,0.609,False,0.609,0.2238,0.1672,16.7,London,medium
51.54,-0.36,1,45,violent,0.1111111111111111,1.0608569471580214,property,0.6482,False,0.1939,0.6482,0.1579,15.8,London,medium
51.54,-0.36,2,29,property,0.06896551724137931,1.0939547819577147,property,0.6401,True,0.1986,0.6401,0.1613,16.1,London,medium
51.54,-0.36,3,35,violent,0.05714285714285714,1.0954041286732956,property,0.6374,False,0.2016,0.6374,0.1609,16.1,London,medium
51.54,-0.35000000000000003,0,67,property,0.014925373134328358,1.0771728407924577,property,0.6489,True,0.194,0.6489,0.1571,15.7,London,medium
51.54,-0.35000000000000003,1,57,property,0.07017543859649122,1.092274908799996,property,0.6499,True,0.1929,0.6499,0.1572,15.7,London,medium
51.54,-0.35000000000000003,2,59,property,0.1016949152542373,1.0769105075938459,other,0.5921,False,0.5921,0.2387,0.1691,16.9,London,medium
51.54,-0.35000000000000003,3,66,other,0.030303030303030304,1.0783635075908844,other,0.6204,True,0.6204,0.2172,0.1624,16.2,London,medium
51.54,-0.34,0,52,property,0.11538461538461539,1.0647076875663868,property,0.4791,True,0.3443,0.4791,0.1767,17.7,London,uncertain
51.54,-0.34,1,48,other,0.3125,0.8994182766080605,other,0.5784,True,0.5784,0.2477,0.1739,17.4,London,medium
51.54,-0.34,2,45,other,0.022222222222222223,1.0376277213318303,property,0.5882,False,0.243,0.5882,0.1689,16.9,London,medium
51.54,-0.34,3,43,property,0.0,1.084463206101584,other,0.5358,False,0.5358,0.2839,0.1804,18.0,London,uncertain
51.54,-0.33,0,33,other,0.21212121212121213,1.048872013427051,other,0.5964,True,0.5964,0.2333,0.1702,17.0,London,medium
51.54,-0.33,1,36,violent,0.05555555555555555,1.0893096789558299,other,0.6201,False,0.6201,0.2173,0.1626,16.3,London,medium
51.54,-0.33,2,28,violent,0.03571428571428571,1.0973511772469036,other,0.6108,False,0.6108,0.2233,0.1659,16.6,London,medium
51.54,-0.33,3,30,other,0.3,0.9729524235099932,other,0.619,True,0.619,0.218,0.163,16.3,London,medium
51.54,-0.32,0,56,property,0.0,1.0933747175566468,violent,0.5222,False,0.2183,0.2596,0.5222,52.2,London,uncertain
51.54,-0.32,1,59,property,0.1864406779661017,1.065496181299111,other,0.6148,False,0.6148,0.2215,0.1637,16.4,London,medium
51.54,-0.32,2,43,property,0.09302325581395349,1.0901929030666875,other,0.4749,False,0.4749,0.3369,0.1882,18.8,London,uncertain
51.54,-0.32,3,39,other,0.23076923076923078,1.0482785060259725,property,0.3738,False,0.3608,0.3738,0.2653,26.5,London,uncertain
51.54,-0.31,0,55,property,0.0,1.0972730387364633,other,0.6088,False,0.6088,0.224,0.1672,16.7,London,medium
51.54,-0.31,1,48,other,0.16666666666666666,1.0635215028672123,other,0.5818,True,0.5818,0.2397,0.1785,17.9,London,medium
51.54,-0.31,2,51,violent,0.0392156862745098,1.0358922868225857,other,0.6204,False,0.6204,0.2172,0.1624,16.2,London,medium
51.54,-0.31,3,62,other,0.016129032258064516,1.0967755822993301,other,0.6204,True,0.6204,0.2172,0.1624,16.2,London,medium
51.54,-0.3,0,132,property,0.06818181818181818,1.0644063844716067,property,0.6484,True,0.1943,0.6484,0.1573,15.7,London,medium
51.54,-0.3,1,151,property,0.11258278145695365,1.046061667057906,property,0.5437,True,0.2848,0.5437,0.1715,17.2,London,uncertain
51.54,-0.3,2,168,property,0.10714285714285714,1.0635545410230234,property,0.6442,True,0.1966,0.6442,0.1592,15.9,London,medium
51.54,-0.3,3,155,property,0.2129032258064516,1.0543125375867135,property,0.6505,True,0.1931,0.6505,0.1564,15.6,London,medium
51.54,-0.29,0,112,other,0.29464285714285715,0.9910981379504935,other,0.4918,True,0.4918,0.2593,0.2489,24.9,London,uncertain
51.54,-0.29,1,103,other,0.2621359223300971,1.0288137131308814,other,0.5696,True,0.5696,0.244,0.1865,18.6,London,medium
51.54,-0.29,2,107,other,0.19626168224299065,1.0534873512155154,violent,0.5365,False,0.225,0.2385,0.5365,53.6,London,uncertain
51.54,-0.29,3,104,other,0.10576923076923077,1.0610153860933123,other,0.6185,True,0.6185,0.2184,0.1631,16.3,London,medium
51.54,-0.28,0,78,property,0.20512820512820512,1.0457101127714306,property,0.6495,True,0.1936,0.6495,0.1568,15.7,London,medium
51.54,-0.28,1,85,property,0.09411764705882353,1.088784627699575,property,0.6484,True,0.1943,0.6484,0.1573,15.7,London,medium
51.54,-0.28,2,96,property,0.10416666666666667,1.0820397581034547,property,0.6505,True,0.1931,0.6505,0.1564,15.6,London,medium
51.54,-0.28,3,81,property,0.07407407407407407,1.0191169601801446,property,0.6487,True,0.1938,0.6487,0.1575,15.7,London,medium
51.54,-0.27,0,28,violent,0.07142857142857142,1.0897973126663918,property,0.6418,False,0.1976,0.6418,0.1606,16.1,London,medium
51.54,-0.27,1,27,property,0.25925925925925924,1.0247727743980646,property,0.6322,True,0.2033,0.6322,0.1646,16.5,London,medium
51.54,-0.27,2,34,property,0.14705882352941177,1.0727833145426442,property,0.6505,True,0.1931,0.6505,0.1564,15.6,London,medium
51.54,-0.27,3,34,property,0.029411764705882353,1.0870004469549273,property,0.6358,True,0.2009,0.6358,0.1633,16.3,London,medium
51.54,-0.26,0,147,other,0.02040816326530612,1.0973620275123874,violent,0.4318,False,0.3019,0.2664,0.4318,43.2,London,uncertain
51.54,-0.26,1,149,violent,0.013422818791946308,1.0906224714426072,violent,0.3836,True,0.2944,0.322,0.3836,38.4,London,uncertain
51.54,-0.26,2,132,violent,0.03787878787878788,1.0963950420312303,other,0.6134,False,0.6134,0.2221,0.1645,16.4,London,medium
51.54,-0.26,3,140,other,0.06428571428571428,1.0846381745423228,other,0.6166,True,0.6166,0.2209,0.1625,16.2,London,medium
51.54,-0.25,0,378,other,0.16666666666666666,1.0659181795092205,other,0.6178,True,0.6178,0.2187,0.1635,16.3,London,medium
51.54,-0.25,1,348,other,0.16091954022988506,1.0697337877680129,other,0.6154,True,0.6154,0.2215,0.1631,16.3,London,medium
51.54,-0.25,2,413,other,0.19612590799031476,1.0441065645294796,other,0.5986,True,0.5986,0.232,0.1694,16.9,London,medium
51.54,-0.25,3,365,other,0.16986301369863013,1.0469278303132494,other,0.6166,True,0.6166,0.2209,0.1625,16.2,London,medium
51.54,-0.24,0,106,property,0.09433962264150944,1.0865308304037493,other,0.6146,False,0.6146,0.2193,0.166,16.6,London,medium
51.54,-0.24,1,116,violent,0.05172413793103448,1.0954673503556798,other,0.5339,False,0.5339,0.2439,0.2223,22.2,London,uncertain
51.54,-0.24,2,119,violent,0.05042016806722689,1.077851631253647,other,0.5882,False,0.5882,0.2386,0.1731,17.3,London,medium
51.54,-0.24,3,129,other,0.06976744186046512,1.0781584183131667,other,0.433,True,0.433,0.2553,0.3117,31.2,London,uncertain
51.54,-0.23,0,53,other,0.05660377358490566,1.069043717787946,property,0.5068,False,0.3138,0.5068,0.1794,17.9,London,uncertain
51.54,-0.23,1,54,violent,0.1111111111111111,1.0866549153502754,other,0.6113,False,0.6113,0.2246,0.1641,16.4,London,medium
51.54,-0.23,2,49,property,0.04081632653061224,1.0690001937434253,other,0.5065,False,0.5065,0.3238,0.1697,17.0,London,uncertain
51.54,-0.23,3,60,violent,0.0,1.0882231038287273,property,0.4571,False,0.3597,0.4571,0.1832,18.3,London,uncertain
51.54,-0.22,0,36,other,0.19444444444444445,1.0272714193922146,property,0.6369,False,0.202,0.6369,0.1612,16.1,London,medium
51.54,-0.22,1,44,other,0.11363636363636363,1.0498619138355578,property,0.6346,False,0.2019,0.6346,0.1635,16.4,London,medium
51.54,-0.22,2,42,property,0.14285714285714285,1.0789922078775833,other,0.4258,False,0.4258,0.3938,0.1805,18.0,London,uncertain
51.54,-0.22,3,43,property,0.13953488372093023,1.0713040633227617,property,0.487,True,0.3392,0.487,0.1738,17.4,London,uncertain
51.54,-0.21,0,110,property,0.1,1.027547401813685,property,0.5614,True,0.2592,0.5614,0.1793,17.9,London,medium
51.54,-0.21,1,95,property,0.28421052631578947,0.9963688849682228,property,0.5206,True,0.3007,0.5206,0.1787,17.9,London,uncertain
51.54,-0.21,2,102,property,0.16666666666666666,1.0525451777059502,property,0.5667,True,0.2563,0.5667,0.177,17.7,London,medium
51.54,-0.21,3,107,property,0.21495327102803738,1.0015098078105682,property,0.6371,True,0.2005,0.6371,0.1624,16.2,London,medium
51.54,-0.2,0,377,other,0.002652519893899204,1.0796754967449407,other,0.4386,True,0.4386,0.3806,0.1807,18.1,London,uncertain
51.54,-0.2,1,356,property,0.07865168539325842,1.0691472776342503,property,0.4722,True,0.3496,0.4722,0.1782,17.8,London,uncertain
51.54,-0.2,2,327,other,0.045871559633027525,1.054862625832282,property,0.4167,False,0.407,0.4167,0.1763,17.6,London,uncertain
51.54,-0.2,3,337,other,0.026706231454005934,1.083750580043065,other,0.4566,True,0.4566,0.3639,0.1795,17.9,London,uncertain
51.54,-0.19,0,301,property,0.26245847176079734,1.0147506939856763,property,0.6487,True,0.1941,0.6487,0.1572,15.7,London,medium
51.54,-0.19,1,317,property,0.20504731861198738,1.0523177550338392,property,0.6466,True,0.1952,0.6466,0.1581,15.8,London,medium
51.54,-0.19,2,337,property,0.18991097922848665,1.0423421233321535,property,0.6496,True,0.1936,0.6496,0.1568,15.7,London,medium
51.54,-0.19,3,340,property,0.2676470588235294,1.0238709481216686,property,0.6496,True,0.1936,0.6496,0.1568,15.7,London,medium
51.54,-0.18,0,259,property,0.1583011583011583,1.0671473775032339,property,0.6483,True,0.1943,0.6483,0.1574,15.7,London,medium
51.54,-0.18,1,227,property,0.2775330396475771,1.007404727232975,property,0.6461,True,0.1955,0.6461,0.1584,15.8,London,medium
51.54,-0.18,2,205,property,0.2731707317073171,0.9860054526350261,property,0.65,True,0.1934,0.65,0.1566,15.7,London,medium
51.54,-0.18,3,228,property,0.20614035087719298,1.0419326754579161,property,0.6496,True,0.1936,0.6496,0.1568,15.7,London,medium
51.54,-0.17,0,112,property,0.0,1.0740906575611224,property,0.6483,True,0.1943,0.6483,0.1574,15.7,London,medium
51.54,-0.17,1,113,property,0.24778761061946902,1.0362984672230133,property,0.6485,True,0.1942,0.6485,0.1573,15.7,London,medium
51.54,-0.17,2,140,property,0.15714285714285714,1.048374720352074,property,0.6503,True,0.1932,0.6503,0.1565,15.6,London,medium
51.54,-0.17,3,102,property,0.12745098039215685,1.0600843747228725,property,0.644,True,0.1967,0.644,0.1593,15.9,London,medium
51.54,-0.16,0,106,property,0.1792452830188679,1.0622814390233668,property,0.6478,True,0.1946,0.6478,0.1576,15.8,London,medium
51.54,-0.16,1,111,property,0.24324324324324326,0.9881597967731373,property,0.6466,True,0.1952,0.6466,0.1581,15.8,London,medium
51.54,-0.16,2,118,property,0.16101694915254236,1.0222136922373561,property,0.6496,True,0.1936,0.6496,0.1568,15.7,London,medium
51.54,-0.16,3,98,property,0.030612244897959183,1.0835659292477438,property,0.65,True,0.1934,0.65,0.1566,15.7,London,medium
51.54,-0.15,0,247,property,0.291497975708502,0.9995552295054054,property,0.6483,True,0.1943,0.6483,0.1574,15.7,London,medium
51.54,-0.15,1,238,property,0.21008403361344538,1.0281054442560151,property,0.6459,True,0.1957,0.6459,0.1585,15.8,London,medium
51.54,-0.15,2,225,property,0.17777777777777778,1.0587478044375656,property,0.6496,True,0.1936,0.6496,0.1568,15.7,London,medium
51.54,-0.15,3,234,property,0.23504273504273504,1.0305035073054296,property,0.6496,True,0.1936,0.6496,0.1568,15.7,London,medium
51.54,-0.14,0,603,property,0.0978441127694859,1.0865503759875046,property,0.6483,True,0.1943,0.6483,0.1574,15.7,London,medium
51.54,-0.14,1,684,property,0.10087719298245613,1.0776173935017501,property,0.6498,True,0.1935,0.6498,0.1567,15.7,London,medium
51.54,-0.14,2,636,property,0.036163522012578615,1.0800254775486526,property,0.6503,True,0.1932,0.6503,0.1565,15.6,London,medium
51.54,-0.14,3,600,property,0.14333333333333334,1.0708747351030319,property,0.6503,True,0.1932,0.6503,0.1565,15.6,London,medium
51.54,-0.13,0,166,property,0.12048192771084337,1.0736338250837019,property,0.6476,True,0.1944,0.6476,0.158,15.8,London,medium
51.54,-0.13,1,159,property,0.0880503144654088,1.0840621595348212,property,0.6498,True,0.1935,0.6498,0.1567,15.7,London,medium
51.54,-0.13,2,170,property,0.24705882352941178,1.0295508345078157,property,0.6502,True,0.1933,0.6502,0.1565,15.7,London,medium
51.54,-0.13,3,161,property,0.2484472049689441,1.0373935546589947,property,0.6503,True,0.1932,0.6503,0.1565,15.6,London,medium
51.54,-0.12,0,221,property,0.09502262443438914,1.0651754383162013,property,0.4921,True,0.3311,0.4921,0.1768,17.7,London,uncertain
51.54,-0.12,1,263,property,0.060836501901140684,1.0906608650750247,property,0.6184,True,0.2122,0.6184,0.1694,16.9,London,medium
51.54,-0.12,2,230,property,0.043478260869565216,1.0940091989599865,other,0.5411,False,0.5411,0.2714,0.1875,18.7,London,uncertain
51.54,-0.12,3,245,property,0.053061224489795916,1.0704316531724096,property,0.6451,True,0.1958,0.6451,0.1591,15.9,London,medium
51.54,-0.11,0,162,other,0.07407407407407407,1.0891352553573743,property,0.6491,False,0.1939,0.6491,0.157,15.7,London,medium
51.54,-0.11,1,170,property,0.06470588235294118,1.0930724468936275,property,0.6462,True,0.195,0.6462,0.1588,15.9,London,medium
51.54,-0.11,2,170,other,0.052941176470588235,1.057124140085838,property,0.6461,False,0.1953,0.6461,0.1587,15.9,London,medium
51.54,-0.11,3,152,property,0.02631578947368421,1.0905810626046102,property,0.6433,True,0.1968,0.6433,0.1599,16.0,London,medium
51.54,-0.1,0,326,property,0.2331288343558282,1.029328331856385,property,0.6484,True,0.1943,0.6484,0.1573,15.7,London,medium
51.54,-0.1,1,337,property,0.2818991097922849,1.0232945166161813,property,0.6488,True,0.1941,0.6488,0.1572,15.7,London,medium
51.54,-0.1,2,336,property,0.3392857142857143,0.9884749845743599,property,0.6497,True,0.1936,0.6497,0.1568,15.7,London,medium
51.54,-0.1,3,348,property,0.23563218390804597,1.0240157420460856,property,0.6497,True,0.1936,0.6497,0.1568,15.7,London,medium
51.54,-0.09,0,232,property,0.0603448275862069,1.093715287551457,property,0.6389,True,0.1995,0.6389,0.1616,16.2,London,medium
51.54,-0.09,1,206,property,0.19902912621359223,1.0580114551281299,property,0.6254,True,0.2096,0.6254,0.1649,16.5,London,medium
51.54,-0.09,2,250,property,0.16,1.0642218303147395,property,0.6078,True,0.2272,0.6078,0.1649,16.5,London,medium
51.54,-0.09,3,228,property,0.20614035087719298,1.0500752202368169,property,0.5671,True,0.2624,0.5671,0.1705,17.1,London,medium
51.54,-0.08,0,263,property,0.12167300380228137,1.0561706699352165,property,0.6479,True,0.1945,0.6479,0.1575,15.8,London,medium
51.54,-0.08,1,249,property,0.15261044176706828,1.0572354887897006,property,0.649,True,0.1939,0.649,0.1571,15.7,London,medium
51.54,-0.08,2,280,property,0.05714285714285714,1.0874385901967236,property,0.65,True,0.1934,0.65,0.1566,15.7,London,medium
51.54,-0.08,3,270,property,0.1259259259259259,1.0773575108014746,property,0.65,True,0.1934,0.65,0.1566,15.7,London,medium
51.54,-0.07,0,165,other,0.1393939393939394,1.078155025221729,property,0.6439,False,0.1968,0.6439,0.1594,15.9,London,medium
51.54,-0.07,1,166,property,0.060240963855421686,1.0887588608294305,property,0.6498,True,0.1935,0.6498,0.1567,15.7,London,medium
51.54,-0.07,2,180,property,0.06666666666666667,1.0909288791047564,property,0.6494,True,0.1934,0.6494,0.1572,15.7,London,medium
51.54,-0.07,3,154,other,0.012987012987012988,1.0857800864563685,property,0.6494,False,0.1934,0.6494,0.1572,15.7,London,medium
51.54,-0.06,0,242,property,0.16942148760330578,1.0665258384829541,property,0.6492,True,0.1938,0.6492,0.157,15.7,London,medium
51.54,-0.06,1,302,property,0.10264900662251655,1.0833651063043874,property,0.6501,True,0.1933,0.6501,0.1566,15.7,London,medium
51.54,-0.06,2,296,property,0.09797297297297297,1.0648620750650752,property,0.6506,True,0.193,0.6506,0.1563,15.6,London,medium
51.54,-0.06,3,247,property,0.12955465587044535,1.081911068005337,property,0.6506,True,0.193,0.6506,0.1563,15.6,London,medium
51.54,-0.05,0,224,property,0.2544642857142857,1.0246354895059486,property,0.6398,True,0.1987,0.6398,0.1615,16.1,London,medium
51.54,-0.05,1,269,property,0.2342007434944238,1.0294924266380696,property,0.65,True,0.1934,0.65,0.1566,15.7,London,medium
51.54,-0.05,2,282,property,0.15602836879432624,1.06780958513487,property,0.6505,True,0.1931,0.6505,0.1564,15.6,London,medium
51.54,-0.05,3,242,property,0.1859504132231405,1.0291544413242832,property,0.6482,True,0.1941,0.6482,0.1577,15.8,London,medium
51.54,-0.04,0,96,other,0.09375,1.0861979723945263,property,0.5956,False,0.2341,0.5956,0.1703,17.0,London,medium
51.54,-0.04,1,102,violent,0.0,1.0756483002797306,other,0.6127,False,0.6127,0.2236,0.1637,16.4,London,medium
51.54,-0.04,2,118,violent,0.07627118644067797,1.0913740383769854,property,0.4506,False,0.2975,0.4506,0.2519,25.2,London,uncertain
51.54,-0.04,3,100,other,0.08,1.0914858961084872,property,0.6498,False,0.1935,0.6498,0.1567,15.7,London,medium
51.54,-0.03,0,113,property,0.017699115044247787,1.0903001596725312,property,0.6452,True,0.196,0.6452,0.1588,15.9,London,medium
51.54,-0.03,1,117,property,0.07692307692307693,1.0650105587734617,property,0.6439,True,0.1968,0.6439,0.1594,15.9,London,medium
51.54,-0.03,2,124,property,0.20161290322580644,1.054760836843533,property,0.5923,True,0.2404,0.5923,0.1673,16.7,London,medium
51.54,-0.03,3,127,property,0.18110236220472442,1.054418913615859,property,0.4505,True,0.3714,0.4505,0.1781,17.8,London,uncertain
51.54,-0.02,0,113,property,0.18584070796460178,1.0409021996584813,property,0.6412,True,0.1979,0.6412,0.1609,16.1,London,medium
51.54,-0.02,1,152,property,0.13157894736842105,1.050858375422239,property,0.6345,True,0.2032,0.6345,0.1622,16.2,London,medium
51.54,-0.02,2,140,property,0.11428571428571428,1.055854233374276,property,0.6504,True,0.1932,0.6504,0.1565,15.6,London,medium
51.54,-0.02,3,158,property,0.03164556962025317,1.0744485447852252,property,0.6503,True,0.1932,0.6503,0.1565,15.7,London,medium
51.54,-0.01,0,545,property,0.6073394495412844,0.7542058644299884,property,0.6486,True,0.1941,0.6486,0.1572,15.7,London,medium
51.54,-0.01,1,537,property,0.5772811918063314,0.7825648886884706,property,0.6474,True,0.1948,0.6474,0.1578,15.8,London,medium
51.54,-0.01,2,534,property,0.6423220973782772,0.702132237383249,property,0.6499,True,0.1934,0.6499,0.1567,15.7,London,medium
51.54,-0.01,3,518,property,0.5463320463320464,0.8108559688942099,property,0.6499,True,0.1934,0.6499,0.1567,15.7,London,medium
51.54,0.0,0,452,property,0.07964601769911504,1.0732055271516847,property,0.6493,True,0.1938,0.6493,0.1569,15.7,London,medium
51.54,0.0,1,459,property,0.23093681917211328,1.0254844133533896,property,0.6501,True,0.1933,0.6501,0.1566,15.7,London,medium
51.54,0.0,2,451,property,0.19955654101995565,1.048173250286997,property,0.6499,True,0.1934,0.6499,0.1567,15.7,London,medium
51.54,0.0,3,478,property,0.15271966527196654,1.0626787008998693,property,0.6503,True,0.1932,0.6503,0.1565,15.6,London,medium
51.54,0.01,0,348,other,0.014367816091954023,1.0494375482283373,other,0.4696,True,0.4696,0.3378,0.1925,19.3,London,uncertain
51.54,0.01,1,365,other,0.049315068493150684,1.077984949951559,property,0.6408,False,0.1984,0.6408,0.1607,16.1,London,medium
51.54,0.01,2,368,property,0.051630434782608696,1.0558369259825064,property,0.6505,True,0.1931,0.6505,0.1564,15.6,London,medium
51.54,0.01,3,354,property,0.022598870056497175,1.0762705370113017,property,0.6505,True,0.1931,0.6505,0.1564,15.6,London,medium
51.54,0.02,0,144,other,0.0625,1.0904168641842107,property,0.5809,False,0.2518,0.5809,0.1673,16.7,London,medium
51.54,0.02,1,141,other,0.0851063829787234,1.0861170640995161,property,0.5866,False,0.2149,0.5866,0.1984,19.8,London,medium
51.54,0.02,2,142,other,0.02112676056338028,1.0961625451551864,violent,0.5528,False,0.2126,0.2345,0.5528,55.3,London,medium
51.54,0.02,3,142,property,0.04225352112676056,1.096062821705936,property,0.5071,True,0.2912,0.5071,0.2016,20.2,London,uncertain
51.54,0.03,0,255,property,0.2823529411764706,1.0206063912107586,property,0.6482,True,0.1944,0.6482,0.1574,15.7,London,medium
51.54,0.03,1,231,property,0.13852813852813853,1.0767855446626986,property,0.6494,True,0.1937,0.6494,0.1569,15.7,London,medium
51.54,0.03,2,221,property,0.24434389140271492,1.0134097647939648,property,0.6503,True,0.1932,0.6503,0.1565,15.7,London,medium
51.54,0.03,3,229,property,0.18340611353711792,1.0313424977721775,property,0.6503,True,0.1932,0.6503,0.1565,15.7,London,medium
51.54,0.04,0,245,property,0.0653061224489796,1.0912379806799128,other,0.4525,False,0.4525,0.348,0.1995,20.0,London,uncertain
51.54,0.04,1,263,property,0.11406844106463879,1.085589475166595,property,0.6033,True,0.2319,0.6033,0.1648,16.5,London,medium
51.54,0.04,2,262,property,0.12213740458015267,1.0757043167575195,property,0.6232,True,0.2131,0.6232,0.1637,16.4,London,medium
51.54,0.04,3,269,property,0.055762081784386616,1.0781915220921694,property,0.5347,True,0.291,0.5347,0.1742,17.4,London,uncertain
51.54,0.05,0,327,property,0.09480122324159021,1.086081852557802,property,0.649,True,0.1939,0.649,0.1571,15.7,London,medium
51.54,0.05,1,308,property,0.10064935064935066,1.072734086552823,property,0.6485,True,0.1942,0.6485,0.1573,15.7,London,medium
51.54,0.05,2,323,property,0.06191950464396285,1.0864323460273764,property,0.6503,True,0.1932,0.6503,0.1565,15.6,London,medium
51.54,0.05,3,281,property,0.12099644128113879,1.0604416546466835,property,0.6503,True,0.1932,0.6503,0.1565,15.7,London,medium
51.54,0.06,0,124,violent,0.06451612903225806,1.0824846048881014,property,0.3913,False,0.3877,0.3913,0.221,22.1,London,uncertain
51.54,0.06,1,113,other,0.008849557522123894,1.098061623552351,other,0.5662,True,0.5662,0.2496,0.1842,18.4,London,medium
51.54,0.06,2,104,other,0.08653846153846154,1.0904139091076477,property,0.6391,False,0.2003,0.6391,0.1605,16.1,London,medium
51.54,0.06,3,142,violent,0.0,1.0924369681474673,violent,0.506,True,0.221,0.273,0.506,50.6,London,uncertain
51.54,0.07,0,131,other,0.022900763358778626,1.0939321733320995,other,0.5998,True,0.5998,0.2321,0.1681,16.8,London,medium
51.54,0.07,1,150,other,0.1,1.0833304681759555,other,0.6164,True,0.6164,0.2209,0.1627,16.3,London,medium
51.54,0.07,2,153,other,0.1437908496732026,1.0701573175392993,other,0.6168,True,0.6168,0.2208,0.1624,16.2,London,medium
51.54,0.07,3,176,other,0.21022727272727273,1.054317174453632,other,0.62,True,0.62,0.2175,0.1625,16.3,London,medium
51.54,0.08,0,450,other,0.035555555555555556,1.0899803040544485,property,0.6473,False,0.1949,0.6473,0.1578,15.8,London,medium
51.54,0.08,1,479,other,0.018789144050104383,1.088158686964352,property,0.6484,False,0.1943,0.6484,0.1573,15.7,London,medium
51.54,0.08,2,442,other,0.08823529411764706,1.0872633530732978,property,0.6505,False,0.1931,0.6505,0.1564,15.6,London,medium
51.54,0.08,3,475,property,0.016842105263157894,1.097527994745192,property,0.6505,True,0.1931,0.6505,0.1564,15.6,London,medium
51.54,0.09,0,90,violent,0.06666666666666667,1.0769152249885006,other,0.6058,False,0.6058,0.2256,0.1685,16.9,London,medium
51.54,0.09,1,89,property,0.011235955056179775,1.0977234363185453,other,0.612,False,0.612,0.2235,0.1645,16.5,London,medium
51.54,0.09,2,98,other,0.10204081632653061,1.0187878299077675,other,0.4607,True,0.4607,0.3478,0.1915,19.1,London,uncertain
51.54,0.09,3,69,violent,0.21739130434782608,1.005692986132508,other,0.5974,False,0.5974,0.2294,0.1732,17.3,London,medium
51.54,0.1,0,70,violent,0.17142857142857143,1.0649968705807584,violent,0.487,True,0.2377,0.2753,0.487,48.7,London,uncertain
51.54,0.1,1,72,violent,0.19444444444444445,1.0566995224860514,property,0.388,False,0.2369,0.388,0.375,37.5,London,uncertain
51.54,0.1,2,80,violent,0.15,1.0407740894989106,violent,0.5387,True,0.2174,0.2439,0.5387,53.9,London,uncertain
51.54,0.1,3,80,violent,0.075,1.0920417485601912,violent,0.5481,True,0.2155,0.2364,0.5481,54.8,London,uncertain
51.54,0.11,0,38,violent,0.02631578947368421,1.04275606457489,violent,0.5346,True,0.2182,0.2473,0.5346,53.5,London,uncertain
51.54,0.11,1,31,violent,0.03225806451612903,1.0496717767488781,violent,0.5617,True,0.2106,0.2278,0.5617,56.2,London,medium
51.54,0.11,2,44,violent,0.022727272727272728,1.0949506743871331,property,0.4132,False,0.2352,0.4132,0.3517,35.2,London,uncertain
51.54,0.11,3,63,other,0.031746031746031744,1.0885180160551944,property,0.6487,False,0.1938,0.6487,0.1575,15.7,London,medium
51.54,0.12,0,65,violent,0.26153846153846155,1.020422849887656,violent,0.5542,True,0.2143,0.2315,0.5542,55.4,London,medium
51.54,0.12,1,75,violent,0.10666666666666667,1.0758723612415864,violent,0.5576,True,0.2128,0.2296,0.5576,55.8,London,medium
51.54,0.12,2,63,violent,0.30158730158730157,1.0087884808661953,violent,0.558,True,0.2123,0.2297,0.558,55.8,London,medium
51.54,0.12,3,60,violent,0.3333333333333333,0.9833122247384489,violent,0.5493,True,0.2144,0.2363,0.5493,54.9,London,uncertain
51.54,0.13,0,80,violent,0.175,1.0693697630215584,violent,0.5556,True,0.2137,0.2307,0.5556,55.6,London,medium
51.54,0.13,1,89,violent,0.1348314606741573,1.0371456701060522,violent,0.5569,True,0.2131,0.23,0.5569,55.7,London,medium
51.54,0.13,2,94,violent,0.0851063829787234,1.044304639217005,property,0.5577,False,0.2209,0.5577,0.2214,22.1,London,medium
51.54,0.13,3,87,violent,0.11494252873563218,1.0581515224152007,violent,0.4122,True,0.246,0.3418,0.4122,41.2,London,uncertain
51.54,0.14,0,55,other,0.05454545454545454,1.0923680508659372,violent,0.5586,False,0.2123,0.2292,0.5586,55.9,London,medium
51.54,0.14,1,54,violent,0.24074074074074073,0.9552447994863573,violent,0.4506,True,0.2816,0.2677,0.4506,45.1,London,uncertain
51.54,0.14,2,66,violent,0.15151515151515152,1.0637155529842897,violent,0.436,True,0.3046,0.2595,0.436,43.6,London,uncertain
51.54,0.14,3,72,violent,0.05555555555555555,1.094625892316468,other,0.3711,False,0.3711,0.3446,0.2843,28.4,London,uncertain
51.54,0.15,0,172,property,0.13372093023255813,1.0778383056133256,property,0.646,True,0.1953,0.646,0.1587,15.9,London,medium
51.54,0.15,1,202,violent,0.04950495049504951,1.0896067710896613,violent,0.408,True,0.2357,0.3563,0.408,40.8,London,uncertain
51.54,0.15,2,194,property,0.015463917525773196,1.0976261889099073,violent,0.5489,False,0.2146,0.2365,0.5489,54.9,London,uncertain
51.54,0.15,3,192,violent,0.09375,1.0718859978132704,violent,0.5434,True,0.2156,0.241,0.5434,54.3,London,uncertain
51.54,0.16,0,96,violent,0.041666666666666664,1.0714417297483712,violent,0.5416,True,0.2179,0.2405,0.5416,54.2,London,uncertain
51.54,0.16,1,113,other,0.061946902654867256,1.0787317592215415,violent,0.545,False,0.2177,0.2373,0.545,54.5,London,uncertain
51.54,0.16,2,117,violent,0.20512820512820512,1.0457101127714306,violent,0.5472,True,0.2154,0.2374,0.5472,54.7,London,uncertain
51.54,0.16,3,97,violent,0.1134020618556701,1.079835863314725,violent,0.5591,True,0.2121,0.2288,0.5591,55.9,London,medium
51.54,0.17,0,43,violent,0.3023255813953488,0.9871147142384123,violent,0.5046,True,0.2197,0.2756,0.5046,50.5,London,uncertain
51.54,0.17,1,50,violent,0.34,0.9909145596987488,violent,0.4381,True,0.2262,0.3357,0.4381,43.8,London,uncertain
51.54,0.17,2,50,property,0.22,1.009897321405793,violent,0.4006,False,0.2267,0.3727,0.4006,40.1,London,uncertain
51.54,0.17,3,49,property,0.04081632653061224,1.0957210284269405,violent,0.5481,False,0.2155,0.2365,0.5481,54.8,London,uncertain
51.54,0.18,0,6,other,0.16666666666666666,1.0114042647073518,property,0.6465,False,0.1953,0.6465,0.1582,15.8,London,medium
51.54,0.18,1,14,violent,0.0,1.0933747175566466,property,0.6429,False,0.1973,0.6429,0.1598,16.0,London,medium
51.54,0.18,2,11,violent,0.18181818181818182,1.0670895187820832,violent,0.5326,True,0.2167,0.2508,0.5326,53.3,London,uncertain
51.54,0.18,3,9,property,0.1111111111111111,1.0608569471580214,violent,0.551,False,0.2142,0.2348,0.551,55.1,London,medium
51.54,0.19,0,34,violent,0.0,1.0756483002797306,property,0.6328,False,0.2029,0.6328,0.1643,16.4,London,medium
51.54,0.19,1,48,violent,0.0625,1.094780226007948,property,0.6482,False,0.1944,0.6482,0.1574,15.7,London,medium
51.54,0.19,2,47,property,0.02127659574468085,1.0629798745561483,property,0.6401,True,0.1989,0.6401,0.1611,16.1,London,medium
51.54,0.19,3,39,property,0.1282051282051282,1.048008681448374,property,0.6481,True,0.1944,0.6481,0.1575,15.7,London,medium
51.54,0.2,0,42,violent,0.21428571428571427,1.034601232910181,violent,0.5344,True,0.2293,0.2362,0.5344,53.4,London,uncertain
51.54,0.2,1,35,violent,0.14285714285714285,1.0200891054385564,property,0.6484,False,0.1943,0.6484,0.1573,15.7,London,medium
51.54,0.2,2,42,other,0.023809523809523808,1.0969101592798742,other,0.4595,True,0.4595,0.2496,0.2909,29.1,London,uncertain
51.54,0.2,3,41,violent,0.1951219512195122,1.0624004421743927,other,0.6196,False,0.6196,0.2177,0.1627,16.3,London,medium
51.54,0.21,0,17,other,0.058823529411764705,1.073383620336505,other,0.616,True,0.616,0.2198,0.1643,16.4,London,medium
51.54,0.21,1,17,property,0.0,1.0950778621205006,property,0.6461,True,0.1956,0.6461,0.1584,15.8,London,medium
51.54,0.21,2,18,other,0.16666666666666666,1.0720433435750707,property,0.6484,False,0.1942,0.6484,0.1573,15.7,London,medium
51.54,0.21,3,16,other,0.375,0.9002560512685369,property,0.6486,False,0.1942,0.6486,0.1573,15.7,London,medium
51.54,0.25,0,6,other,0.16666666666666666,1.0114042647073518,property,0.6265,False,0.2061,0.6265,0.1674,16.7,London,medium
51.54,0.25,1,4,property,0.25,1.0397207708399179,property,0.6232,True,0.2077,0.6232,0.169,16.9,London,medium
51.54,0.25,2,6,other,0.5,0.8675632284814612,violent,0.424,False,0.2321,0.3439,0.424,42.4,London,uncertain
51.54,0.25,3,4,other,1.0,4.34465315364359e-08,property,0.6325,False,0.2031,0.6325,0.1645,16.4,London,medium
51.54,0.3,0,3,violent,0.3333333333333333,0.6365141893815645,violent,0.4152,True,0.2385,0.3463,0.4152,41.5,London,uncertain
51.550000000000004,-0.49,1,3,property,0.3333333333333333,0.6365141893815645,other,0.6143,False,0.6143,0.2202,0.1655,16.5,London,medium
51.550000000000004,-0.48,0,358,property,0.06424581005586592,1.0739631805863048,property,0.5045,True,0.3177,0.5045,0.1778,17.8,London,uncertain
51.550000000000004,-0.48,1,333,property,0.06306306306306306,1.0511785145345114,property,0.6276,True,0.2102,0.6276,0.1621,16.2,London,medium
51.550000000000004,-0.48,2,363,other,0.02203856749311295,1.086251892631321,property,0.6491,False,0.1939,0.6491,0.157,15.7,London,medium
51.550000000000004,-0.48,3,360,property,0.07777777777777778,1.0295048378571394,property,0.5932,True,0.2395,0.5932,0.1674,16.7,London,medium
51.550000000000004,-0.47000000000000003,0,32,violent,0.09375,1.0861979723945263,property,0.4766,False,0.3383,0.4766,0.1852,18.5,London,uncertain
51.550000000000004,-0.47000000000000003,1,47,property,0.0425531914893617,1.096825625496825,property,0.6123,True,0.215,0.6123,0.1727,17.3,London,medium
51.550000000000004,-0.47000000000000003,2,39,other,0.05128205128205128,1.0906913214036156,property,0.6286,False,0.2052,0.6286,0.1662,16.6,London,medium
51.550000000000004,-0.47000000000000003,3,34,other,0.14705882352941177,1.0727833145426442,property,0.6483,False,0.1943,0.6483,0.1574,15.7,London,medium
51.550000000000004,-0.46,0,16,other,0.5625,0.7029189307735104,property,0.6442,False,0.1966,0.6442,0.1592,15.9,London,medium
51.550000000000004,-0.46,1,16,property,0.0625,1.0433534269422906,property,0.6391,True,0.1991,0.6391,0.1618,16.2,London,medium
51.550000000000004,-0.46,2,4,violent,0.25,1.0397207708399179,violent,0.5597,True,0.2119,0.2284,0.5597,56.0,London,medium
51.550000000000004,-0.46,3,14,other,0.14285714285714285,0.992281974852574,property,0.6308,False,0.2037,0.6308,0.1655,16.6,London,medium
51.550000000000004,-0.45,0,40,property,0.05,1.080527626604172,property,0.6253,True,0.207,0.6253,0.1677,16.8,London,medium
51.550000000000004,-0.45,1,43,other,0.11627906976744186,1.0362947477621285,property,0.6478,False,0.1946,0.6478,0.1576,15.8,London,medium
51.550000000000004,-0.45,2,27,other,0.1111111111111111,1.0608569471580214,property,0.6332,False,0.2024,0.6332,0.1644,16.4,London,medium
51.550000000000004,-0.45,3,29,property,0.06896551724137931,0.9513813721218549,property,0.6341,True,0.2022,0.6341,0.1637,16.4,London,medium
51.550000000000004,-0.44,0,19,other,0.2631578947368421,1.017164350924834,violent,0.4103,False,0.3191,0.2706,0.4103,41.0,London,uncertain
51.550000000000004,-0.44,1,25,violent,0.04,1.020960769860117,property,0.6178,False,0.2153,0.6178,0.1668,16.7,London,medium
51.550000000000004,-0.44,2,33,violent,0.030303030303030304,1.0783635075908842,violent,0.5601,True,0.2116,0.2283,0.5601,56.0,London,medium
51.550000000000004,-0.44,3,32,violent,0.125,1.0361059705283655,other,0.4486,False,0.4486,0.2496,0.3018,30.2,London,uncertain
51.550000000000004,-0.4,0,21,property,0.14285714285714285,1.0353605606849843,property,0.5867,True,0.213,0.5867,0.2004,20.0,London,medium
51.550000000000004,-0.4,1,15,property,0.26666666666666666,0.8532361505557784,violent,0.4236,False,0.2296,0.3468,0.4236,42.4,London,uncertain
51.550000000000004,-0.4,2,19,violent,0.0,1.0198652142779299,property,0.6475,False,0.1947,0.6475,0.1577,15.8,London,medium
51.550000000000004,-0.4,3,18,property,0.16666666666666666,1.0114042647073518,violent,0.4917,False,0.2247,0.2836,0.4917,49.2,London,uncertain
51.550000000000004,-0.39,0,3,other,0.3333333333333333,0.6365141893815645,violent,0.4543,False,0.2856,0.2601,0.4543,45.4,London,uncertain
51.550000000000004,-0.39,1,5,other,0.6,0.5004024447610513,violent,0.4213,False,0.2328,0.3458,0.4213,42.1,London,uncertain
51.550000000000004,-0.39,3,4,violent,0.0,0.6931472015900639,violent,0.56,True,0.2117,0.2283,0.56,56.0,London,medium
51.550000000000004,-0.38,0,59,other,0.11864406779661017,1.0222400132779559,violent,0.4417,False,0.2948,0.2635,0.4417,44.2,London,uncertain
51.550000000000004,-0.38,1,70,other,0.12857142857142856,1.0341754834244372,violent,0.5585,False,0.2124,0.2291,0.5585,55.9,London,medium
51.550000000000004,-0.38,2,77,violent,0.07792207792207792,1.0641044899125616,violent,0.4551,True,0.2788,0.2661,0.4551,45.5,London,uncertain
51.550000000000004,-0.38,3,60,other,0.11666666666666667,1.0341188042574396,violent,0.5592,False,0.212,0.2287,0.5592,55.9,London,medium
51.550000000000004,-0.37,0,98,other,0.15306122448979592,1.0683570849591815,other,0.5292,True,0.5292,0.2814,0.1894,18.9,London,uncertain
51.550000000000004,-0.37,1,88,other,0.11363636363636363,1.073553469837396,property,0.6305,False,0.2042,0.6305,0.1654,16.5,London,medium
51.550000000000004,-0.37,2,99,other,0.06060606060606061,1.0605362446344555,violent,0.3566,False,0.3306,0.3128,0.3566,35.7,London,uncertain
51.550000000000004,-0.37,3,102,other,0.0392156862745098,1.0966173114624926,other,0.6146,True,0.6146,0.2222,0.1633,16.3,London,medium
51.550000000000004,-0.36,0,63,violent,0.06349206349206349,1.0934160279218044,other,0.6124,False,0.6124,0.223,0.1645,16.5,London,medium
51.550000000000004,-0.36,1,37,property,0.16216216216216217,1.0618234249208804,violent,0.5571,False,0.2134,0.2295,0.5571,55.7,London,medium
51.550000000000004,-0.36,2,36,other,0.2222222222222222,1.036627968858607,violent,0.5105,False,0.2433,0.2462,0.5105,51.0,London,uncertain
51.550000000000004,-0.36,3,47,violent,0.0851063829787234,1.0861170640995161,other,0.5741,False,0.5741,0.2462,0.1797,18.0,London,medium
51.550000000000004,-0.35000000000000003,0,71,other,0.04225352112676056,1.0823937707210098,violent,0.5591,False,0.212,0.2289,0.5591,55.9,London,medium
51.550000000000004,-0.35000000000000003,1,44,violent,0.18181818181818182,0.9776515248666264,violent,0.4104,True,0.3335,0.256,0.4104,41.0,London,uncertain
51.550000000000004,-0.35000000000000003,2,62,other,0.0967741935483871,0.9828642929216391,violent,0.4867,False,0.2613,0.252,0.4867,48.7,London,uncertain
51.550000000000004,-0.35000000000000003,3,74,other,0.04054054054054054,1.0717928812996127,other,0.6153,True,0.6153,0.2201,0.1645,16.5,London,medium
51.550000000000004,-0.34,0,46,property,0.021739130434782608,1.0981430141216428,property,0.6486,True,0.1941,0.6486,0.1572,15.7,London,medium
51.550000000000004,-0.34,1,60,violent,0.1,1.0813836325270358,violent,0.5526,True,0.2129,0.2345,0.5526,55.3,London,medium
51.550000000000004,-0.34,2,54,violent,0.018518518518518517,1.0912111004202867,violent,0.484,True,0.2304,0.2856,0.484,48.4,London,uncertain
51.550000000000004,-0.34,3,55,violent,0.03636363636363636,1.089150188634518,property,0.6468,False,0.1949,0.6468,0.1584,15.8,London,medium
51.550000000000004,-0.33,0,23,violent,0.043478260869565216,1.08501115745815,other,0.5703,False,0.5703,0.2504,0.1793,17.9,London,medium
51.550000000000004,-0.33,1,35,other,0.08571428571428572,1.0674862001343324,property,0.6375,False,0.2003,0.6375,0.1622,16.2,London,medium
51.550000000000004,-0.33,2,26,other,0.07692307692307693,1.0123308391031733,other,0.5597,True,0.5597,0.255,0.1853,18.5,London,medium
51.550000000000004,-0.33,3,24,other,0.041666666666666664,1.0933903064791184,other,0.6199,True,0.6199,0.2175,0.1626,16.3,London,medium
51.550000000000004,-0.32,0,42,property,0.09523809523809523,1.087006563678329,property,0.634,True,0.2022,0.634,0.1638,16.4,London,medium
51.550000000000004,-0.32,1,39,other,0.02564102564102564,1.096637952307349,violent,0.5127,False,0.2325,0.2548,0.5127,51.3,London,uncertain
51.550000000000004,-0.32,2,36,other,0.027777777777777776,1.0962947871994972,other,0.5551,True,0.5551,0.2705,0.1745,17.4,London,medium
51.550000000000004,-0.32,3,42,other,0.023809523809523808,1.0862643665416605,property,0.3711,False,0.3705,0.3711,0.2583,25.8,London,uncertain
51.550000000000004,-0.31,0,36,other,0.05555555555555555,1.066834855206893,property,0.4827,False,0.29,0.4827,0.2272,22.7,London,uncertain
51.550000000000004,-0.31,1,40,other,0.05,1.094280092589208,other,0.5959,True,0.5959,0.2274,0.1767,17.7,London,medium
51.550000000000004,-0.31,2,34,violent,0.058823529411764705,1.073383620336505,other,0.6108,False,0.6108,0.2233,0.1659,16.6,London,medium
51.550000000000004,-0.31,3,48,other,0.08333333333333333,1.089703172672284,other,0.5885,True,0.5885,0.2251,0.1863,18.6,London,medium
51.550000000000004,-0.3,0,337,property,0.1513353115727003,1.0665350891878527,property,0.6493,True,0.1938,0.6493,0.1569,15.7,London,medium
51.550000000000004,-0.3,1,329,property,0.23100303951367782,1.0468321276307426,property,0.65,True,0.1934,0.65,0.1566,15.7,London,medium
51.550000000000004,-0.3,2,361,property,0.1440443213296399,1.0760987523230505,property,0.6506,True,0.1931,0.6506,0.1564,15.6,London,medium
51.550000000000004,-0.3,3,361,property,0.19667590027700832,1.0578332255063418,property,0.6506,True,0.1931,0.6506,0.1564,15.6,London,medium
51.550000000000004,-0.29,0,151,other,0.17880794701986755,1.0612894660342556,property,0.6477,False,0.1947,0.6477,0.1577,15.8,London,medium
51.550000000000004,-0.29,1,120,violent,0.016666666666666666,1.0958688969977146,property,0.5258,False,0.2422,0.5258,0.232,23.2,London,uncertain
51.550000000000004,-0.29,2,122,other,0.10655737704918032,1.0761752996157978,property,0.6238,False,0.2022,0.6238,0.1741,17.4,London,medium
51.550000000000004,-0.29,3,141,other,0.24113475177304963,1.0364266735968666,violent,0.4372,False,0.228,0.3348,0.4372,43.7,London,uncertain
51.550000000000004,-0.28,0,55,property,0.05454545454545454,1.0646078718705387,violent,0.5457,False,0.2203,0.234,0.5457,54.6,London,uncertain
51.550000000000004,-0.28,1,71,property,0.04225352112676056,1.0823937707210098,violent,0.5575,False,0.2126,0.2299,0.5575,55.7,London,medium
51.550000000000004,-0.28,2,64,other,0.234375,1.0387435715615458,violent,0.5579,False,0.2127,0.2293,0.5579,55.8,London,medium
51.550000000000004,-0.28,3,71,violent,0.014084507042253521,1.0972133767041512,property,0.6468,False,0.1948,0.6468,0.1583,15.8,London,medium
51.550000000000004,-0.27,0,65,other,0.06153846153846154,1.0920610019254944,other,0.6188,True,0.6188,0.2181,0.1631,16.3,London,medium
51.550000000000004,-0.27,1,81,other,0.06172839506172839,1.092752793487886,violent,0.3919,False,0.2845,0.3236,0.3919,39.2,London,uncertain
51.550000000000004,-0.27,2,68,other,0.07352941176470588,1.0933245820446023,other,0.6205,True,0.6205,0.2172,0.1623,16.2,London,medium
51.550000000000004,-0.27,3,68,other,0.04411764705882353,1.0905192116600575,other,0.6078,True,0.6078,0.2244,0.1678,16.8,London,medium
51.550000000000004,-0.26,0,154,property,0.1038961038961039,1.0610600364710385,property,0.6482,True,0.1944,0.6482,0.1574,15.7,London,medium
51.550000000000004,-0.26,1,169,property,0.21301775147928995,1.0530833389292562,property,0.6474,True,0.1948,0.6474,0.1578,15.8,London,medium
51.550000000000004,-0.26,2,158,property,0.21518987341772153,1.0272584260522823,property,0.6506,True,0.1931,0.6506,0.1564,15.6,London,medium
51.550000000000004,-0.26,3,175,property,0.14285714285714285,1.029546721449988,property,0.6442,True,0.1966,0.6442,0.1592,15.9,London,medium
51.550000000000004,-0.25,0,146,other,0.136986301369863,1.0774129853929446,other,0.5824,True,0.5824,0.248,0.1696,17.0,London,medium
51.550000000000004,-0.25,1,142,other,0.11267605633802817,1.0835630271095842,other,0.6088,True,0.6088,0.2237,0.1675,16.7,London,medium
51.550000000000004,-0.25,2,148,other,0.006756756756756757,1.0173731751030834,other,0.3929,True,0.3929,0.2802,0.3269,32.7,London,uncertain
51.550000000000004,-0.25,3,142,other,0.14788732394366197,1.0525127734290918,other,0.6189,True,0.6189,0.2181,0.163,16.3,London,medium
51.550000000000004,-0.24,0,208,other,0.32211538461538464,0.9972272367925827,other,0.618,True,0.618,0.2185,0.1635,16.4,London,medium
51.550000000000004,-0.24,1,227,other,0.2422907488986784,1.0411605337485605,other,0.6181,True,0.6181,0.2184,0.1634,16.3,London,medium
51.550000000000004,-0.24,2,230,other,0.28695652173913044,1.0164491545542393,other,0.6188,True,0.6188,0.2181,0.163,16.3,London,medium
51.550000000000004,-0.24,3,211,other,0.36018957345971564,0.9612824611648838,other,0.6197,True,0.6197,0.2176,0.1627,16.3,London,medium
51.550000000000004,-0.23,0,206,violent,0.024271844660194174,1.0950141242592393,property,0.6487,False,0.1941,0.6487,0.1572,15.7,London,medium
51.550000000000004,-0.23,1,225,property,0.08,1.0911461261300557,property,0.6484,True,0.1943,0.6484,0.1573,15.7,London,medium
51.550000000000004,-0.23,2,198,property,0.06060606060606061,1.0875314752904792,property,0.6506,True,0.1931,0.6506,0.1564,15.6,London,medium
51.550000000000004,-0.23,3,189,violent,0.037037037037037035,1.0970353568592546,property,0.6465,False,0.1953,0.6465,0.1582,15.8,London,medium
51.550000000000004,-0.22,0,173,other,0.10982658959537572,1.0657491997412012,property,0.6484,False,0.1943,0.6484,0.1573,15.7,London,medium
51.550000000000004,-0.22,1,150,other,0.09333333333333334,1.0656050431022124,property,0.5819,False,0.2471,0.5819,0.171,17.1,London,medium
51.550000000000004,-0.22,2,136,other,0.125,1.0744635966884903,property,0.5617,False,0.266,0.5617,0.1723,17.2,London,medium
51.550000000000004,-0.22,3,172,other,0.10465116279069768,1.0809677133127251,property,0.6335,False,0.2064,0.6335,0.1601,16.0,London,medium
51.550000000000004,-0.21,0,101,property,0.12871287128712872,1.0738486631778776,property,0.5582,True,0.2674,0.5582,0.1744,17.4,London,medium
51.550000000000004,-0.21,1,110,property,0.1,1.0854833365592034,property,0.5595,True,0.2673,0.5595,0.1732,17.3,London,medium
51.550000000000004,-0.21,2,131,property,0.022900763358778626,1.0721454955406966,property,0.5854,True,0.2433,0.5854,0.1713,17.1,London,medium
51.550000000000004,-0.21,3,112,other,0.03571428571428571,1.0924814880174574,other,0.4516,True,0.4516,0.3731,0.1753,17.5,London,uncertain
51.550000000000004,-0.2,0,200,other,0.07,1.0826700645785543,other,0.5855,True,0.5855,0.2446,0.1699,17.0,London,medium
51.550000000000004,-0.2,1,199,other,0.020100502512562814,1.0360790758356564,other,0.5748,True,0.5748,0.2557,0.1695,16.9,London,medium
51.550000000000004,-0.2,2,194,other,0.03608247422680412,1.0860991913512708,other,0.607,True,0.607,0.2276,0.1654,16.5,London,medium
51.550000000000004,-0.2,3,195,other,0.015384615384615385,1.0433567288474614,other,0.5751,True,0.5751,0.2556,0.1693,16.9,London,medium
51.550000000000004,-0.19,0,207,property,0.15942028985507245,0.9808839649338841,property,0.6479,True,0.1945,0.6479,0.1575,15.8,London,medium
51.550000000000004,-0.19,1,223,property,0.15695067264573992,1.048973779381312,property,0.6495,True,0.1937,0.6495,0.1568,15.7,London,medium
51.550000000000004,-0.19,2,192,property,0.2708333333333333,1.013206021033196,property,0.633,True,0.2072,0.633,0.1598,16.0,London,medium
51.550000000000004,-0.19,3,189,property,0.18518518518518517,1.0518499811447575,property,0.6487,True,0.1941,0.6487,0.1572,15.7,London,medium
51.550000000000004,-0.18,0,218,property,0.3211009174311927,0.9777279489631586,property,0.6475,True,0.1948,0.6475,0.1578,15.8,London,medium
51.550000000000004,-0.18,1,248,property,0.3024193548387097,0.9837504958430082,property,0.6459,True,0.1957,0.6459,0.1585,15.8,London,medium
51.550000000000004,-0.18,2,229,property,0.29694323144104806,0.990411636106634,property,0.6496,True,0.1936,0.6496,0.1568,15.7,London,medium
51.550000000000004,-0.18,3,211,property,0.33175355450236965,0.9423977273641562,property,0.6483,True,0.1943,0.6483,0.1574,15.7,London,medium
51.550000000000004,-0.17,0,172,property,0.06976744186046512,1.0811880497928081,property,0.6483,True,0.1943,0.6483,0.1574,15.7,London,medium
51.550000000000004,-0.17,1,168,property,0.21428571428571427,1.0274115434148834,property,0.6459,True,0.1957,0.6459,0.1585,15.8,London,medium
51.550000000000004,-0.17,2,175,property,0.24571428571428572,1.0416848647363381,property,0.6496,True,0.1936,0.6496,0.1568,15.7,London,medium
51.550000000000004,-0.17,3,186,property,0.24193548387096775,1.0015168177659484,property,0.6496,True,0.1936,0.6496,0.1568,15.7,London,medium
51.550000000000004,-0.16,0,237,property,0.18565400843881857,1.0425724900775457,property,0.6479,True,0.1945,0.6479,0.1575,15.8,London,medium
51.550000000000004,-0.16,1,233,property,0.20600858369098712,1.0030852371704455,property,0.6466,True,0.1952,0.6466,0.1581,15.8,London,medium
51.550000000000004,-0.16,2,227,property,0.1762114537444934,1.0543219901471246,property,0.65,True,0.1934,0.65,0.1566,15.7,London,medium
51.550000000000004,-0.16,3,223,property,0.14798206278026907,1.0393133540963737,property,0.65,True,0.1934,0.65,0.1566,15.7,London,medium
51.550000000000004,-0.15,0,236,other,0.00423728813559322,1.0883006119602838,other,0.5999,True,0.5999,0.2348,0.1653,16.5,London,medium
51.550000000000004,-0.15,1,204,property,0.08823529411764706,1.0895487045086276,other,0.5196,False,0.5196,0.2973,0.1831,18.3,London,uncertain
51.550000000000004,-0.15,2,197,property,0.05583756345177665,1.0908656521585676,other,0.6137,False,0.6137,0.2226,0.1637,16.4,London,medium
51.550000000000004,-0.15,3,212,other,0.08490566037735849,1.091173725967517,property,0.4347,False,0.3827,0.4347,0.1826,18.3,London,uncertain
51.550000000000004,-0.14,0,247,property,0.11740890688259109,1.07632728888048,property,0.6484,True,0.1943,0.6484,0.1573,15.7,London,medium
51.550000000000004,-0.14,1,251,property,0.08764940239043825,1.0774565448037992,property,0.6501,True,0.1933,0.6501,0.1566,15.7,London,medium
51.550000000000004,-0.14,2,263,property,0.11026615969581749,1.060041162759088,property,0.6506,True,0.1931,0.6506,0.1564,15.6,London,medium
51.550000000000004,-0.14,3,246,property,0.08943089430894309,1.080624726729415,property,0.6506,True,0.1931,0.6506,0.1564,15.6,London,medium
51.550000000000004,-0.13,0,204,other,0.09313725490196079,1.0858346504682066,property,0.6486,False,0.1942,0.6486,0.1572,15.7,London,medium
51.550000000000004,-0.13,1,204,other,0.058823529411764705,1.090637246511953,property,0.6485,False,0.1942,0.6485,0.1573,15.7,London,medium
51.550000000000004,-0.13,2,192,other,0.015625,1.0750402620067208,property,0.6506,False,0.1931,0.6506,0.1564,15.6,London,medium
51.550000000000004,-0.13,3,219,property,0.0502283105022831,1.0859156996579746,property,0.6506,True,0.1931,0.6506,0.1564,15.6,London,medium
51.550000000000004,-0.12,0,182,other,0.02197802197802198,1.0902913488438197,property,0.6019,False,0.2321,0.6019,0.166,16.6,London,medium
51.550000000000004,-0.12,1,152,violent,0.006578947368421052,1.0972549809458196,other,0.6201,False,0.6201,0.2173,0.1626,16.3,London,medium
51.550000000000004,-0.12,2,189,other,0.07407407407407407,1.088305821154575,other,0.611,True,0.611,0.2254,0.1636,16.4,London,medium
51.550000000000004,-0.12,3,165,other,0.08484848484848485,1.0767749966892266,property,0.4579,False,0.3598,0.4579,0.1823,18.2,London,uncertain
51.550000000000004,-0.11,0,287,property,0.05226480836236934,1.092878592765909,property,0.6509,True,0.1929,0.6509,0.1562,15.6,London,medium
51.550000000000004,-0.11,1,315,property,0.0031746031746031746,1.091851729919128,property,0.65,True,0.1934,0.65,0.1566,15.7,London,medium
51.550000000000004,-0.11,2,285,other,0.007017543859649123,1.0818050126362708,property,0.6497,False,0.1933,0.6497,0.1571,15.7,London,medium
51.550000000000004,-0.11,3,292,property,0.1095890410958904,1.0853385286012749,property,0.6512,True,0.1927,0.6512,0.1561,15.6,London,medium
51.550000000000004,-0.1,0,238,property,0.06302521008403361,1.075024851724403,property,0.6493,True,0.1938,0.6493,0.1569,15.7,London,medium
51.550000000000004,-0.1,1,197,property,0.15736040609137056,1.0413642593948191,property,0.6501,True,0.1933,0.6501,0.1566,15.7,London,medium
51.550000000000004,-0.1,2,235,property,0.1829787234042553,1.036586348805825,property,0.6505,True,0.1931,0.6505,0.1564,15.6,London,medium
51.550000000000004,-0.1,3,238,property,0.19327731092436976,1.050956212536533,property,0.6506,True,0.193,0.6506,0.1563,15.6,London,medium
51.550000000000004,-0.09,0,168,property,0.09523809523809523,1.0892100327393146,property,0.6379,True,0.2014,0.6379,0.1607,16.1,London,medium
51.550000000000004,-0.09,1,185,violent,0.0,1.09858301718555,property,0.6498,False,0.1935,0.6498,0.1567,15.7,London,medium
51.550000000000004,-0.09,2,176,other,0.022727272727272728,1.0926451965768127,property,0.6511,False,0.1928,0.6511,0.1561,15.6,London,medium
51.550000000000004,-0.09,3,188,property,0.026595744680851064,1.0919988197185981,property,0.6478,True,0.1946,0.6478,0.1576,15.8,London,medium
51.550000000000004,-0.08,0,410,property,0.0975609756097561,1.0664298669250223,property,0.6493,True,0.1938,0.6493,0.1569,15.7,London,medium
51.550000000000004,-0.08,1,419,property,0.13365155131264916,1.0804395712593204,property,0.6482,True,0.1944,0.6482,0.1574,15.7,London,medium
51.550000000000004,-0.08,2,439,property,0.1845102505694761,1.0626360774945047,property,0.6506,True,0.193,0.6506,0.1563,15.6,London,medium
51.550000000000004,-0.08,3,432,property,0.10185185185185185,1.0842426848199,property,0.6506,True,0.193,0.6506,0.1563,15.6,London,medium
51.550000000000004,-0.07,0,359,other,0.06128133704735376,1.0682651477511844,property,0.6493,False,0.1938,0.6493,0.1569,15.7,London,medium
51.550000000000004,-0.07,1,385,other,0.03116883116883117,1.0802058361935736,property,0.6501,False,0.1933,0.6501,0.1566,15.7,London,medium
51.550000000000004,-0.07,2,334,other,0.05089820359281437,1.0684365825451938,property,0.649,False,0.1939,0.649,0.157,15.7,London,medium
51.550000000000004,-0.07,3,343,other,0.05539358600583091,1.0883210084237351,property,0.6506,False,0.193,0.6506,0.1563,15.6,London,medium
51.550000000000004,-0.06,0,392,property,0.09693877551020408,1.0813711423287464,property,0.6492,True,0.1938,0.6492,0.157,15.7,London,medium
51.550000000000004,-0.06,1,454,property,0.07048458149779736,1.0917341331535046,property,0.6484,True,0.1943,0.6484,0.1573,15.7,London,medium
51.550000000000004,-0.06,2,389,property,0.17480719794344474,1.0650253991708265,property,0.6506,True,0.193,0.6506,0.1563,15.6,London,medium
51.550000000000004,-0.06,3,396,property,0.16414141414141414,1.0692472106660322,property,0.6506,True,0.193,0.6506,0.1563,15.6,London,medium
51.550000000000004,-0.05,0,354,property,0.0423728813559322,1.095840437190339,property,0.6485,True,0.1942,0.6485,0.1573,15.7,London,medium
51.550000000000004,-0.05,1,331,property,0.12386706948640483,1.0755084764043616,property,0.6492,True,0.1935,0.6492,0.1573,15.7,London,medium
51.550000000000004,-0.05,2,353,property,0.0764872521246459,1.0919219633029909,property,0.6497,True,0.1933,0.6497,0.1571,15.7,London,medium
51.550000000000004,-0.05,3,327,violent,0.01529051987767584,1.0967145038855821,property,0.6498,False,0.1935,0.6498,0.1567,15.7,London,medium
51.550000000000004,-0.04,0,172,property,0.023255813953488372,1.0960252916348356,property,0.4553,True,0.231,0.4553,0.3137,31.4,London,uncertain
51.550000000000004,-0.04,1,223,violent,0.05829596412556054,1.0943224157437645,property,0.6475,False,0.1945,0.6475,0.1581,15.8,London,medium
51.550000000000004,-0.04,2,226,property,0.084070796460177,1.0888167951002785,property,0.6497,True,0.1933,0.6497,0.1571,15.7,London,medium
51.550000000000004,-0.04,3,192,property,0.11458333333333333,1.0690138761208419,property,0.579,True,0.2138,0.579,0.2073,20.7,London,medium
51.550000000000004,-0.03,0,115,property,0.0,1.0753992312595644,property,0.6283,True,0.2062,0.6283,0.1655,16.6,London,medium
51.550000000000004,-0.03,1,118,property,0.05084745762711865,1.094927846953579,property,0.4368,True,0.3806,0.4368,0.1826,18.3,London,uncertain
51.550000000000004,-0.03,2,103,property,0.11650485436893204,1.0829155184872041,other,0.6164,False,0.6164,0.221,0.1626,16.3,London,medium
51.550000000000004,-0.03,3,107,property,0.102803738317757,1.0793914871579848,property,0.5071,True,0.2912,0.5071,0.2016,20.2,London,uncertain
51.550000000000004,-0.02,0,69,property,0.057971014492753624,0.9880152528505501,property,0.6492,True,0.1938,0.6492,0.157,15.7,London,medium
51.550000000000004,-0.02,1,72,property,0.013888888888888888,1.0401127555928276,property,0.6496,True,0.1936,0.6496,0.1568,15.7,London,medium
51.550000000000004,-0.02,2,80,property,0.15,0.9703530754935712,property,0.6505,True,0.1931,0.6505,0.1564,15.6,London,medium
51.550000000000004,-0.02,3,65,property,0.12307692307692308,0.990512469680746,property,0.6492,True,0.1938,0.6492,0.157,15.7,London,medium
51.550000000000004,-0.01,0,184,property,0.16304347826086957,1.0598649647727556,property,0.6493,True,0.1938,0.6493,0.1569,15.7,London,medium
51.550000000000004,-0.01,1,161,property,0.15527950310559005,1.0601106657662522,property,0.6501,True,0.1933,0.6501,0.1566,15.7,London,medium
51.550000000000004,-0.01,2,193,property,0.15025906735751296,1.0703122613619926,property,0.6503,True,0.1932,0.6503,0.1565,15.6,London,medium
51.550000000000004,-0.01,3,179,property,0.2346368715083799,1.0411445814756357,property,0.6503,True,0.1932,0.6503,0.1565,15.6,London,medium
51.550000000000004,0.0,0,144,other,0.0625,1.0930602829016434,other,0.5122,True,0.5122,0.3039,0.1838,18.4,London,uncertain
51.550000000000004,0.0,1,153,other,0.0457516339869281,1.0891208852841143,property,0.4871,False,0.3365,0.4871,0.1764,17.6,London,uncertain
51.550000000000004,0.0,2,150,property,0.10666666666666667,1.0840888935682857,other,0.568,False,0.568,0.2581,0.1739,17.4,London,medium
51.550000000000004,0.0,3,160,property,0.05625,1.0927680879764585,other,0.5939,False,0.5939,0.236,0.1701,17.0,London,medium
51.550000000000004,0.01,0,177,other,0.03954802259887006,1.0956638248372215,other,0.6146,True,0.6146,0.2204,0.165,16.5,London,medium
51.550000000000004,0.01,1,174,other,0.011494252873563218,1.0873876868904984,other,0.6163,True,0.6163,0.2193,0.1644,16.4,London,medium
51.550000000000004,0.01,2,179,property,0.0893854748603352,1.084834654568003,other,0.618,False,0.618,0.2185,0.1636,16.4,London,medium
51.550000000000004,0.01,3,182,other,0.027472527472527472,1.091549989364804,other,0.6195,True,0.6195,0.2177,0.1628,16.3,London,medium
51.550000000000004,0.02,0,288,other,0.04861111111111111,1.0857124852068485,other,0.6176,True,0.6176,0.2188,0.1636,16.4,London,medium
51.550000000000004,0.02,1,282,other,0.15602836879432624,1.0283119891369075,other,0.6008,True,0.6008,0.234,0.1652,16.5,London,medium
51.550000000000004,0.02,2,270,other,0.13333333333333333,1.0531395574398597,other,0.62,True,0.62,0.2175,0.1626,16.3,London,medium
51.550000000000004,0.02,3,288,other,0.052083333333333336,1.081753005953948,other,0.6201,True,0.6201,0.2174,0.1625,16.3,London,medium
51.550000000000004,0.03,0,222,property,0.11711711711711711,1.0822787772090217,violent,0.3752,False,0.2959,0.3288,0.3752,37.5,London,uncertain
51.550000000000004,0.03,1,254,property,0.07086614173228346,1.092355221564254,violent,0.3502,False,0.3194,0.3304,0.3502,35.0,London,uncertain
51.550000000000004,0.03,2,217,property,0.0967741935483871,1.0885621616892527,property,0.6353,True,0.2025,0.6353,0.1622,16.2,London,medium
51.550000000000004,0.03,3,236,property,0.038135593220338986,1.0873204442994717,property,0.5071,True,0.2912,0.5071,0.2016,20.2,London,uncertain
51.550000000000004,0.04,0,71,property,0.056338028169014086,1.0755235173192246,property,0.6436,True,0.1969,0.6436,0.1595,15.9,London,medium
51.550000000000004,0.04,1,89,violent,0.14606741573033707,1.0667744874786873,property,0.6485,False,0.1942,0.6485,0.1573,15.7,London,medium
51.550000000000004,0.04,2,83,property,0.0963855421686747,1.0771568882009563,property,0.63,True,0.2065,0.63,0.1634,16.3,London,medium
51.550000000000004,0.04,3,90,property,0.13333333333333333,1.0760342091133341,property,0.6353,True,0.2012,0.6353,0.1635,16.3,London,medium
51.550000000000004,0.05,0,177,property,0.11299435028248588,1.0848948292346448,property,0.6491,True,0.1934,0.6491,0.1575,15.8,London,medium
51.550000000000004,0.05,1,193,property,0.03626943005181347,1.0881829569746393,property,0.6481,True,0.1939,0.6481,0.158,15.8,London,medium
51.550000000000004,0.05,2,174,property,0.04597701149425287,1.0819231243628833,property,0.6044,True,0.2313,0.6044,0.1643,16.4,London,medium
51.550000000000004,0.05,3,178,property,0.016853932584269662,1.093353147567632,property,0.5433,True,0.2752,0.5433,0.1815,18.1,London,uncertain
51.550000000000004,0.06,0,133,property,0.015037593984962405,1.0982179018629188,other,0.5489,False,0.5489,0.2619,0.1892,18.9,London,uncertain
51.550000000000004,0.06,1,145,property,0.06896551724137931,1.0893729542701003,property,0.6492,True,0.1935,0.6492,0.1573,15.7,London,medium
51.550000000000004,0.06,2,170,violent,0.03529411764705882,1.095994319872625,property,0.6335,False,0.2046,0.6335,0.1619,16.2,London,medium
51.550000000000004,0.06,3,167,property,0.0718562874251497,1.0815996590756365,property,0.3978,True,0.2322,0.3978,0.3699,37.0,London,uncertain
51.550000000000004,0.07,0,151,violent,0.033112582781456956,1.0937888047453053,violent,0.5474,True,0.2153,0.2374,0.5474,54.7,London,uncertain
51.550000000000004,0.07,1,136,violent,0.058823529411764705,1.0947369724149838,violent,0.55,True,0.2163,0.2337,0.55,55.0,London,medium
51.550000000000004,0.07,2,151,property,0.019867549668874173,1.0912712933226576,violent,0.5247,False,0.221,0.2543,0.5247,52.5,London,uncertain
51.550000000000004,0.07,3,152,violent,0.09868421052631579,1.0859142436884368,violent,0.4127,True,0.2273,0.36,0.4127,41.3,London,uncertain
51.550000000000004,0.08,0,153,other,0.0196078431372549,1.0974582200395584,other,0.5654,True,0.5654,0.2521,0.1825,18.2,London,medium
51.550000000000004,0.08,1,168,other,0.047619047619047616,1.0917862380951273,other,0.6167,True,0.6167,0.2207,0.1625,16.3,London,medium
51.550000000000004,0.08,2,164,other,0.07317073170731707,1.0850695047716472,other,0.6168,True,0.6168,0.2208,0.1624,16.2,London,medium
51.550000000000004,0.08,3,166,other,0.05421686746987952,1.0949341102842616,other,0.62,True,0.62,0.2175,0.1626,16.3,London,medium
51.550000000000004,0.09,0,86,violent,0.03488372093023256,1.0968714240899946,property,0.6472,False,0.1946,0.6472,0.1581,15.8,London,medium
51.550000000000004,0.09,1,76,violent,0.02631578947368421,1.0759394011165768,property,0.5519,False,0.2201,0.5519,0.2281,22.8,London,medium
51.550000000000004,0.09,2,83,violent,0.0,1.0984665360866184,property,0.6497,False,0.1933,0.6497,0.1571,15.7,London,medium
51.550000000000004,0.09,3,87,property,0.09195402298850575,1.0877854387011197,property,0.6506,True,0.193,0.6506,0.1563,15.6,London,medium
51.550000000000004,0.1,0,75,other,0.013333333333333334,1.0980788130214538,other,0.4473,True,0.4473,0.351,0.2018,20.2,London,uncertain
51.550000000000004,0.1,1,62,property,0.22580645161290322,1.0373757914546267,other,0.5729,False,0.5729,0.2574,0.1697,17.0,London,medium
51.550000000000004,0.1,2,63,violent,0.12698412698412698,1.0254251482243948,property,0.6465,False,0.195,0.6465,0.1585,15.8,London,medium
51.550000000000004,0.1,3,80,property,0.075,1.0784392549039998,property,0.6474,True,0.1945,0.6474,0.1581,15.8,London,medium
51.550000000000004,0.11,0,99,other,0.050505050505050504,1.094681131879113,property,0.4488,False,0.2975,0.4488,0.2537,25.4,London,uncertain
51.550000000000004,0.11,1,96,violent,0.041666666666666664,1.0593845933422399,violent,0.5575,True,0.2128,0.2297,0.5575,55.7,London,medium
51.550000000000004,0.11,2,91,violent,0.06593406593406594,1.0876232553521288,other,0.6178,False,0.6178,0.2187,0.1635,16.3,London,medium
51.550000000000004,0.11,3,98,other,0.08163265306122448,1.0921091422488172,violent,0.5405,False,0.2161,0.2434,0.5405,54.1,London,uncertain
51.550000000000004,0.12,0,75,violent,0.06666666666666667,1.0851886129676505,violent,0.5398,True,0.2233,0.2369,0.5398,54.0,London,uncertain
51.550000000000004,0.12,1,76,violent,0.19736842105263158,1.0559176352761441,violent,0.5551,True,0.2141,0.2309,0.5551,55.5,London,medium
51.550000000000004,0.12,2,66,violent,0.10606060606060606,1.077513464358952,violent,0.5591,True,0.2121,0.2288,0.5591,55.9,London,medium
51.550000000000004,0.12,3,73,property,0.0684931506849315,1.087178393627319,violent,0.5489,False,0.2171,0.234,0.5489,54.9,London,uncertain
51.550000000000004,0.13,0,58,violent,0.25862068965517243,1.0054107537247277,violent,0.5117,True,0.2262,0.262,0.5117,51.2,London,uncertain
51.550000000000004,0.13,1,65,property,0.09230769230769231,1.0887027150679338,violent,0.546,False,0.2183,0.2357,0.546,54.6,London,uncertain
51.550000000000004,0.13,2,61,violent,0.21311475409836064,1.0555555333326434,violent,0.553,True,0.2148,0.2323,0.553,55.3,London,medium
51.550000000000004,0.13,3,59,violent,0.05084745762711865,1.0556101660575166,violent,0.5615,True,0.2106,0.2278,0.5615,56.2,London,medium
51.550000000000004,0.14,0,82,violent,0.04878048780487805,1.0780488317876504,property,0.6454,False,0.1959,0.6454,0.1586,15.9,London,medium
51.550000000000004,0.14,1,82,violent,0.08536585365853659,1.0691186492008682,property,0.646,False,0.1953,0.646,0.1587,15.9,London,medium
51.550000000000004,0.14,2,74,violent,0.06756756756756757,1.0817386381267096,property,0.6481,False,0.1941,0.6481,0.1577,15.8,London,medium
51.550000000000004,0.14,3,88,violent,0.045454545454545456,1.0567072242695574,property,0.649,False,0.1939,0.649,0.1571,15.7,London,medium
51.550000000000004,0.15,0,106,violent,0.018867924528301886,1.0979918982921117,violent,0.5527,True,0.2151,0.2322,0.5527,55.3,London,medium
51.550000000000004,0.15,1,74,property,0.12162162162162163,1.0474582489448772,violent,0.5585,False,0.2124,0.2292,0.5585,55.8,London,medium
51.550000000000004,0.15,2,70,violent,0.18571428571428572,0.9984967170268951,violent,0.5493,True,0.2144,0.2363,0.5493,54.9,London,uncertain
51.550000000000004,0.15,3,82,violent,0.07317073170731707,1.0481336034822881,violent,0.5506,True,0.2143,0.2351,0.5506,55.1,London,medium
51.550000000000004,0.16,0,60,property,0.11666666666666667,1.083290993675573,violent,0.5458,False,0.2168,0.2374,0.5458,54.6,London,uncertain
51.550000000000004,0.16,1,91,other,0.054945054945054944,1.094930240676598,violent,0.5551,False,0.2139,0.2309,0.5551,55.5,London,medium
51.550000000000004,0.16,2,82,violent,0.036585365853658534,1.0912107522604033,violent,0.5587,True,0.2123,0.2289,0.5587,55.9,London,medium
51.550000000000004,0.16,3,86,violent,0.1511627906976744,1.0645288616045936,violent,0.5602,True,0.2117,0.2282,0.5602,56.0,London,medium
51.550000000000004,0.17,0,33,other,0.2727272727272727,1.0287593337139636,violent,0.3955,False,0.3426,0.2619,0.3955,39.6,London,uncertain
51.550000000000004,0.17,1,30,violent,0.06666666666666667,1.0521391662238093,violent,0.5586,True,0.2123,0.2291,0.5586,55.9,London,medium
51.550000000000004,0.17,2,35,violent,0.17142857142857143,1.0649968705807584,other,0.4961,False,0.4961,0.2468,0.2571,25.7,London,uncertain
51.550000000000004,0.17,3,26,other,0.038461538461538464,1.088010262277112,violent,0.5601,False,0.2116,0.2283,0.5601,56.0,London,medium
51.550000000000004,0.18,0,7,violent,0.0,1.0042424730540764,violent,0.4892,True,0.2326,0.2782,0.4892,48.9,London,uncertain
51.550000000000004,0.18,1,11,other,0.5454545454545454,0.7595473914748635,other,0.6183,True,0.6183,0.2182,0.1636,16.4,London,medium
51.550000000000004,0.18,2,6,other,0.16666666666666666,1.0114042647073518,other,0.6174,True,0.6174,0.2187,0.1638,16.4,London,medium
51.550000000000004,0.18,3,7,other,0.2857142857142857,0.9556998911125343,property,0.5937,False,0.2374,0.5937,0.1688,16.9,London,medium
51.550000000000004,0.19,0,23,violent,0.13043478260869565,1.074721225116281,violent,0.5458,True,0.2194,0.2348,0.5458,54.6,London,uncertain
51.550000000000004,0.19,1,26,property,0.038461538461538464,1.0880102622771117,property,0.6444,True,0.1965,0.6444,0.1591,15.9,London,medium
51.550000000000004,0.19,2,25,violent,0.08,1.0875656525975472,violent,0.5626,True,0.2106,0.2268,0.5626,56.3,London,medium
51.550000000000004,0.19,3,22,violent,0.0,1.0412597335159743,violent,0.5599,True,0.2118,0.2283,0.5599,56.0,London,medium
51.550000000000004,0.2,0,94,property,0.2872340425531915,1.0150768202490503,property,0.6488,True,0.1941,0.6488,0.1572,15.7,London,medium
51.550000000000004,0.2,1,74,property,0.21621621621621623,1.0480107837767272,property,0.6298,True,0.2043,0.6298,0.1659,16.6,London,medium
51.550000000000004,0.2,2,77,property,0.22077922077922077,1.0110996069765212,property,0.6498,True,0.1932,0.6498,0.157,15.7,London,medium
51.550000000000004,0.2,3,77,property,0.23376623376623376,1.0323963018510376,property,0.6484,True,0.194,0.6484,0.1576,15.8,London,medium
51.550000000000004,0.21,0,29,property,0.13793103448275862,1.065891213213607,violent,0.551,False,0.2138,0.2352,0.551,55.1,London,medium
51.550000000000004,0.21,1,32,property,0.1875,1.0585075732372948,property,0.6486,True,0.1942,0.6486,0.1573,15.7,London,medium
51.550000000000004,0.21,2,26,violent,0.07692307692307693,1.0123308391031736,property,0.6459,False,0.1954,0.6459,0.1588,15.9,London,medium
51.550000000000004,0.21,3,22,property,0.2727272727272727,0.9949236325717751,property,0.6468,True,0.1951,0.6468,0.158,15.8,London,medium
51.550000000000004,0.22,0,34,property,0.11764705882352941,1.066562484888105,property,0.647,True,0.195,0.647,0.158,15.8,London,medium
51.550000000000004,0.22,1,26,property,0.11538461538461539,1.0411315166502328,property,0.6487,True,0.1941,0.6487,0.1572,15.7,London,medium
51.550000000000004,0.22,2,37,property,0.1891891891891892,1.0645306502432357,property,0.6503,True,0.1932,0.6503,0.1565,15.6,London,medium
51.550000000000004,0.22,3,29,property,0.06896551724137931,1.075361286166348,property,0.6481,True,0.1941,0.6481,0.1577,15.8,London,medium
51.550000000000004,0.23,0,35,other,0.2571428571428571,0.931443178165372,other,0.5943,True,0.5943,0.2379,0.1678,16.8,London,medium
51.550000000000004,0.23,1,36,other,0.25,1.0397207708399179,other,0.6028,True,0.6028,0.2306,0.1666,16.7,London,medium
51.550000000000004,0.23,2,42,other,0.2619047619047619,1.019698114219297,violent,0.5543,False,0.2144,0.2313,0.5543,55.4,London,medium
51.550000000000004,0.23,3,39,other,0.48717948717948717,0.866576060301081,violent,0.4756,False,0.2236,0.3008,0.4756,47.6,London,uncertain
51.550000000000004,0.24,0,16,property,0.3125,0.8305236914828464,property,0.6443,True,0.1965,0.6443,0.1591,15.9,London,medium
51.550000000000004,0.24,1,7,property,0.14285714285714285,1.0789922078775833,property,0.6452,True,0.196,0.6452,0.1588,15.9,London,medium
51.550000000000004,0.24,2,8,property,0.0,1.0821955300387671,property,0.6488,True,0.1941,0.6488,0.1572,15.7,London,medium
51.550000000000004,0.24,3,12,other,0.08333333333333333,1.0775563270668007,property,0.565,False,0.2566,0.565,0.1784,17.8,London,medium
51.550000000000004,0.25,0,32,property,0.40625,0.9162607129048044,property,0.6325,True,0.2031,0.6325,0.1644,16.4,London,medium
51.550000000000004,0.25,1,26,property,0.38461538461538464,0.9251290835720822,property,0.6316,True,0.2036,0.6316,0.1648,16.5,London,medium
51.550000000000004,0.25,2,39,property,0.358974358974359,0.9110915840665272,property,0.6174,True,0.2114,0.6174,0.1712,17.1,London,medium
51.550000000000004,0.25,3,22,property,0.5,0.8427803021302684,property,0.6329,True,0.2028,0.6329,0.1642,16.4,London,medium
51.550000000000004,0.26,2,3,property,1.0,4.3446531758480495e-08,property,0.6295,True,0.2047,0.6295,0.1658,16.6,London,medium
51.550000000000004,0.26,3,3,violent,0.0,1.0986122886681096,property,0.6331,False,0.2027,0.6331,0.1642,16.4,London,medium
51.550000000000004,0.29,3,3,violent,0.0,1.0986122886681096,property,0.6254,False,0.207,0.6254,0.1676,16.8,London,medium
51.56,-0.47000000000000003,0,10,violent,0.2,1.0296530140645737,property,0.6399,False,0.1985,0.6399,0.1616,16.2,London,medium
51.56,-0.47000000000000003,1,13,property,0.0,1.0733942812811266,other,0.4384,False,0.4384,0.3819,0.1797,18.0,London,uncertain
51.56,-0.47000000000000003,2,9,property,0.3333333333333333,0.9950269901795212,property,0.5149,True,0.3078,0.5149,0.1773,17.7,London,uncertain
51.56,-0.47000000000000003,3,7,other,0.2857142857142857,0.9556998911125343,property,0.6472,False,0.1949,0.6472,0.1579,15.8,London,medium
51.56,-0.46,0,5,property,0.0,1.0549201679861442,violent,0.4569,False,0.2406,0.3025,0.4569,45.7,London,uncertain
51.56,-0.46,1,6,violent,0.16666666666666666,1.0114042647073518,property,0.6355,False,0.2009,0.6355,0.1636,16.4,London,medium
51.56,-0.46,2,4,violent,0.25,1.0397207708399179,property,0.5948,False,0.2145,0.5948,0.1907,19.1,London,medium
51.56,-0.46,3,5,violent,0.0,1.0549201679861442,property,0.6246,False,0.2069,0.6246,0.1685,16.9,London,medium
51.56,-0.45,0,14,violent,0.14285714285714285,1.0789922078775833,violent,0.523,True,0.2202,0.2569,0.523,52.3,London,uncertain
51.56,-0.45,1,4,violent,0.25,1.0397207708399179,property,0.6413,False,0.1979,0.6413,0.1608,16.1,London,medium
51.56,-0.45,2,5,property,0.0,1.0549201679861442,violent,0.5471,False,0.2182,0.2347,0.5471,54.7,London,uncertain
51.56,-0.45,3,9,violent,0.4444444444444444,0.848685557726417,violent,0.4347,True,0.2276,0.3377,0.4347,43.5,London,uncertain
51.56,-0.44,0,19,other,0.10526315789473684,1.0795295733255184,other,0.4321,True,0.4321,0.372,0.1959,19.6,London,uncertain
51.56,-0.44,1,17,violent,0.23529411764705882,1.0027399543973452,property,0.6415,False,0.1981,0.6415,0.1604,16.0,London,medium
51.56,-0.44,2,16,other,0.125,1.0717300941124526,property,0.6247,False,0.2081,0.6247,0.1672,16.7,London,medium
51.56,-0.44,3,10,other,0.2,1.0296530140645737,property,0.5207,False,0.3041,0.5207,0.1752,17.5,London,uncertain
51.56,-0.42,0,14,other,0.14285714285714285,1.0789922078775833,property,0.6427,False,0.1974,0.6427,0.1599,16.0,London,medium
51.56,-0.42,1,12,other,0.08333333333333333,1.0775563270668007,violent,0.5433,False,0.218,0.2387,0.5433,54.3,London,uncertain
51.56,-0.42,2,8,violent,0.125,0.9743147528693494,violent,0.5585,True,0.2125,0.229,0.5585,55.9,London,medium
51.56,-0.42,3,12,other,0.08333333333333333,0.9184277849930977,violent,0.5581,False,0.2126,0.2293,0.5581,55.8,London,medium
51.56,-0.41000000000000003,0,22,other,0.09090909090909091,1.0843629508682477,other,0.5677,True,0.5677,0.2605,0.1718,17.2,London,medium
51.56,-0.41000000000000003,1,15,property,0.26666666666666666,1.009613758174038,other,0.6182,False,0.6182,0.2184,0.1634,16.3,London,medium
51.56,-0.41000000000000003,2,19,other,0.10526315789473684,1.0795295733255184,other,0.6178,True,0.6178,0.2187,0.1635,16.3,London,medium
51.56,-0.41000000000000003,3,18,other,0.3888888888888889,0.9338238517147219,other,0.4324,True,0.4324,0.3905,0.1771,17.7,London,uncertain
51.56,-0.4,0,88,property,0.3181818181818182,0.9593109411836077,property,0.6469,True,0.1951,0.6469,0.158,15.8,London,medium
51.56,-0.4,1,85,property,0.12941176470588237,1.0519768785362826,property,0.6466,True,0.1953,0.6466,0.1582,15.8,London,medium
51.56,-0.4,2,76,property,0.27631578947368424,1.0045247452535733,property,0.6491,True,0.1939,0.6491,0.157,15.7,London,medium
51.56,-0.4,3,85,property,0.2235294117647059,0.9960968489275337,property,0.6485,True,0.1942,0.6485,0.1573,15.7,London,medium
51.56,-0.39,0,52,property,0.4423076923076923,0.8300273433553507,property,0.6318,True,0.2032,0.6318,0.1651,16.5,London,medium
51.56,-0.39,1,34,property,0.20588235294117646,1.0318943827842988,property,0.6448,True,0.1962,0.6448,0.1589,15.9,London,medium
51.56,-0.39,2,28,property,0.2857142857142857,1.0110373360577514,property,0.6479,True,0.1945,0.6479,0.1575,15.8,London,medium
51.56,-0.39,3,37,property,0.1891891891891892,1.0024374473202595,property,0.6477,True,0.1946,0.6477,0.1576,15.8,London,medium
51.56,-0.38,0,109,property,0.23853211009174313,1.0427748530411307,property,0.6458,True,0.1957,0.6458,0.1585,15.8,London,medium
51.56,-0.38,1,99,property,0.36363636363636365,0.9329509745971164,property,0.6451,True,0.1958,0.6451,0.1591,15.9,London,medium
51.56,-0.38,2,99,property,0.2222222222222222,1.0415526081557207,property,0.6478,True,0.1946,0.6478,0.1576,15.8,London,medium
51.56,-0.38,3,93,property,0.3118279569892473,0.9728125802236898,property,0.6478,True,0.1946,0.6478,0.1576,15.8,London,medium
51.56,-0.37,0,62,other,0.08064516129032258,1.085986515017019,property,0.6483,False,0.1938,0.6483,0.1579,15.8,London,medium
51.56,-0.37,1,78,violent,0.0,1.0846857034806774,property,0.6473,False,0.1949,0.6473,0.1578,15.8,London,medium
51.56,-0.37,2,96,other,0.125,1.0835291213181606,property,0.643,False,0.1972,0.643,0.1597,16.0,London,medium
51.56,-0.37,3,77,property,0.03896103896103896,1.092311616242655,property,0.6495,True,0.1936,0.6495,0.1568,15.7,London,medium
51.56,-0.36,0,93,property,0.25806451612903225,1.0269445292379726,property,0.6381,True,0.1999,0.6381,0.1619,16.2,London,medium
51.56,-0.36,1,96,property,0.041666666666666664,1.0714417297483712,property,0.6476,True,0.1947,0.6476,0.1577,15.8,London,medium
51.56,-0.36,2,102,property,0.17647058823529413,1.0450146572024752,property,0.6485,True,0.1942,0.6485,0.1573,15.7,London,medium
51.56,-0.36,3,113,property,0.07964601769911504,1.088360892042645,property,0.6485,True,0.1942,0.6485,0.1573,15.7,London,medium
51.56,-0.35000000000000003,0,83,other,0.03614457831325301,1.0967438991153922,other,0.6055,True,0.6055,0.2281,0.1664,16.6,London,medium
51.56,-0.35000000000000003,1,92,other,0.14130434782608695,1.0759769556536125,other,0.6143,True,0.6143,0.2218,0.1638,16.4,London,medium
51.56,-0.35000000000000003,2,89,other,0.24719101123595505,1.0241966307320114,other,0.4217,True,0.4217,0.3954,0.1829,18.3,London,uncertain
51.56,-0.35000000000000003,3,86,other,0.2441860465116279,1.0395855504291123,property,0.5767,False,0.2507,0.5767,0.1727,17.3,London,medium
51.56,-0.34,0,35,violent,0.22857142857142856,1.0492146546034815,property,0.6472,False,0.1947,0.6472,0.1582,15.8,London,medium
51.56,-0.34,1,43,property,0.23255813953488372,1.04751018095505,property,0.5693,True,0.2408,0.5693,0.1899,19.0,London,medium
51.56,-0.34,2,32,property,0.15625,1.0752094963414274,violent,0.5045,False,0.2303,0.2652,0.5045,50.4,London,uncertain
51.56,-0.34,3,41,property,0.1951219512195122,1.0624004421743927,property,0.5885,True,0.2434,0.5885,0.1681,16.8,London,medium
51.56,-0.33,0,43,violent,0.023255813953488372,1.0442966081464617,property,0.6291,False,0.209,0.6291,0.1619,16.2,London,medium
51.56,-0.33,1,38,violent,0.18421052631578946,1.0539398218595697,other,0.6056,False,0.6056,0.2285,0.1659,16.6,London,medium
51.56,-0.33,2,44,violent,0.09090909090909091,1.0843629508682477,property,0.3597,False,0.3404,0.3597,0.3,30.0,London,uncertain
51.56,-0.33,3,39,other,0.1794871794871795,1.0628080416975054,other,0.6199,True,0.6199,0.2175,0.1626,16.3,London,medium
51.56,-0.32,0,61,other,0.04918032786885246,1.0935344530326354,property,0.5614,False,0.2233,0.5614,0.2153,21.5,London,medium
51.56,-0.32,1,61,violent,0.11475409836065574,1.085869291944345,violent,0.5414,True,0.2197,0.2389,0.5414,54.1,London,uncertain
51.56,-0.32,2,47,violent,0.2127659574468085,1.0204642881145205,violent,0.5528,True,0.2133,0.2339,0.5528,55.3,London,medium
51.56,-0.32,3,63,other,0.015873015873015872,1.0835937986049036,property,0.6471,False,0.1945,0.6471,0.1584,15.8,London,medium
51.56,-0.31,0,62,other,0.04838709677419355,1.0598566656591406,property,0.6084,False,0.225,0.6084,0.1665,16.7,London,medium
51.56,-0.31,1,66,violent,0.15151515151515152,1.0741606311794394,other,0.6175,False,0.6175,0.2189,0.1636,16.4,London,medium
51.56,-0.31,2,47,violent,0.0851063829787234,1.0443046392170048,other,0.4843,False,0.4843,0.2505,0.2652,26.5,London,uncertain
51.56,-0.31,3,52,other,0.11538461538461539,1.0798753311904068,property,0.6483,False,0.1943,0.6483,0.1574,15.7,London,medium
51.56,-0.3,0,66,other,0.045454545454545456,1.0923945874847538,property,0.5025,False,0.2813,0.5025,0.2162,21.6,London,uncertain
51.56,-0.3,1,83,violent,0.012048192771084338,1.0656479564698984,other,0.6203,False,0.6203,0.2172,0.1625,16.2,London,medium
51.56,-0.3,2,80,other,0.1125,1.0848465293849443,other,0.5925,True,0.5925,0.235,0.1725,17.2,London,medium
51.56,-0.3,3,90,violent,0.05555555555555555,1.0893096789558299,other,0.6205,False,0.6205,0.2172,0.1623,16.2,London,medium
51.56,-0.29,0,118,violent,0.03389830508474576,1.0888217798543744,violent,0.524,True,0.2345,0.2415,0.524,52.4,London,uncertain
51.56,-0.29,1,94,other,0.1276595744680851,1.038671543715475,other,0.6154,True,0.6154,0.2215,0.1631,16.3,London,medium
51.56,-0.29,2,100,other,0.06,1.0895163858645338,other,0.6064,True,0.6064,0.2236,0.17,17.0,London,medium
51.56,-0.29,3,108,property,0.018518518518518517,1.0952199691938145,other,0.5576,False,0.5576,0.2408,0.2016,20.2,London,medium
51.56,-0.28,0,415,property,0.13493975903614458,1.0692781853646336,property,0.6493,True,0.1938,0.6493,0.1569,15.7,London,medium
51.56,-0.28,1,483,property,0.12422360248447205,1.0704062497615319,property,0.6501,True,0.1933,0.6501,0.1566,15.7,London,medium
51.56,-0.28,2,443,property,0.029345372460496615,1.0951308091536671,property,0.6506,True,0.1931,0.6506,0.1564,15.6,London,medium
51.56,-0.28,3,380,property,0.1368421052631579,1.0798722551566744,property,0.6506,True,0.1931,0.6506,0.1564,15.6,London,medium
51.56,-0.27,0,90,violent,0.05555555555555555,1.0726709720011602,violent,0.5471,True,0.2161,0.2368,0.5471,54.7,London,uncertain
51.56,-0.27,1,75,other,0.013333333333333334,1.077754820247718,violent,0.5135,False,0.2254,0.261,0.5135,51.4,London,uncertain
51.56,-0.27,2,81,other,0.16049382716049382,1.0370314541360035,property,0.6481,False,0.1942,0.6481,0.1578,15.8,London,medium
51.56,-0.27,3,90,violent,0.1,1.0845031739475204,violent,0.48,True,0.2307,0.2893,0.48,48.0,London,uncertain
51.56,-0.26,0,110,other,0.07272727272727272,1.0631246075398737,property,0.6492,False,0.1938,0.6492,0.157,15.7,London,medium
51.56,-0.26,1,100,other,0.12,1.0683583388846372,property,0.6501,False,0.1933,0.6501,0.1566,15.7,London,medium
51.56,-0.26,2,97,other,0.13402061855670103,1.0691355315648412,property,0.6492,False,0.1938,0.6492,0.157,15.7,London,medium
51.56,-0.26,3,98,other,0.22448979591836735,1.0371131525132196,property,0.6506,False,0.1931,0.6506,0.1564,15.6,London,medium
51.56,-0.25,0,165,violent,0.04242424242424243,1.0952206587463373,other,0.4251,False,0.4251,0.3267,0.2483,24.8,London,uncertain
51.56,-0.25,1,144,other,0.027777777777777776,1.0976080996606412,property,0.6283,False,0.2076,0.6283,0.1641,16.4,London,medium
51.56,-0.25,2,189,violent,0.010582010582010581,1.0982762953746956,property,0.3519,False,0.2963,0.3519,0.3518,35.2,London,uncertain
51.56,-0.25,3,184,other,0.08152173913043478,1.0892036639470979,property,0.5942,False,0.2339,0.5942,0.172,17.2,London,medium
51.56,-0.24,0,51,other,0.11764705882352941,1.0747923939651214,other,0.618,True,0.618,0.2185,0.1635,16.4,London,medium
51.56,-0.24,1,54,other,0.07407407407407407,1.0820131534045054,other,0.6174,True,0.6174,0.22,0.1626,16.3,London,medium
51.56,-0.24,2,58,other,0.1724137931034483,1.0152400691031336,other,0.6103,True,0.6103,0.2231,0.1666,16.7,London,medium
51.56,-0.24,3,58,other,0.1724137931034483,1.0587356856207957,other,0.6178,True,0.6178,0.2177,0.1645,16.5,London,medium
51.56,-0.23,0,58,other,0.1206896551724138,1.0756267988159172,other,0.5917,True,0.5917,0.2396,0.1687,16.9,London,medium
51.56,-0.23,1,56,other,0.125,1.063870817327364,other,0.4084,True,0.4084,0.4076,0.1839,18.4,London,uncertain
51.56,-0.23,2,58,other,0.1206896551724138,1.0756267988159172,other,0.6118,True,0.6118,0.2249,0.1632,16.3,London,medium
51.56,-0.23,3,79,violent,0.012658227848101266,1.0984527213374777,property,0.603,False,0.2303,0.603,0.1668,16.7,London,medium
51.56,-0.22,0,129,property,0.015503875968992248,1.0843016957090574,property,0.6484,True,0.1943,0.6484,0.1573,15.7,London,medium
51.56,-0.22,1,171,other,0.005847953216374269,1.0921706552690549,property,0.6505,False,0.1931,0.6505,0.1564,15.6,London,medium
51.56,-0.22,2,145,property,0.14482758620689656,1.0462552411639354,property,0.6506,True,0.1931,0.6506,0.1564,15.6,London,medium
51.56,-0.22,3,130,other,0.023076923076923078,1.0833587806080909,property,0.6506,False,0.1931,0.6506,0.1564,15.6,London,medium
51.56,-0.21,0,123,property,0.14634146341463414,1.06178152756446,property,0.6485,True,0.1942,0.6485,0.1573,15.7,London,medium
51.56,-0.21,1,138,property,0.12318840579710146,1.0734170122566344,property,0.6492,True,0.1935,0.6492,0.1572,15.7,London,medium
51.56,-0.21,2,133,property,0.09774436090225563,1.086665915297317,property,0.6497,True,0.1932,0.6497,0.157,15.7,London,medium
51.56,-0.21,3,97,property,0.20618556701030927,1.056155206866662,property,0.6487,True,0.1936,0.6487,0.1577,15.8,London,medium
51.56,-0.2,0,72,property,0.013888888888888888,1.087187702698864,property,0.6469,True,0.1951,0.6469,0.158,15.8,London,medium
51.56,-0.2,1,80,property,0.0125,0.9981480348006186,property,0.647,True,0.1951,0.647,0.158,15.8,London,medium
51.56,-0.2,2,96,other,0.07291666666666667,1.0925621155583705,property,0.5963,False,0.2368,0.5963,0.167,16.7,London,medium
51.56,-0.2,3,72,property,0.013888888888888888,1.0759168340719127,property,0.5167,True,0.3113,0.5167,0.1719,17.2,London,uncertain
51.56,-0.19,0,34,property,0.14705882352941177,0.9960459302460973,property,0.6322,True,0.2032,0.6322,0.1646,16.5,London,medium
51.56,-0.19,1,32,violent,0.0,1.0976250611902076,property,0.6497,False,0.1935,0.6497,0.1567,15.7,London,medium
51.56,-0.19,2,33,property,0.06060606060606061,1.0605362446344555,property,0.6491,True,0.1939,0.6491,0.157,15.7,London,medium
51.56,-0.19,3,34,property,0.08823529411764706,1.0539780582227394,property,0.6489,True,0.194,0.6489,0.1571,15.7,London,medium
51.56,-0.18,0,84,property,0.4880952380952381,0.8667121637873436,property,0.6478,True,0.1946,0.6478,0.1576,15.8,London,medium
51.56,-0.18,1,80,property,0.5,0.8314025204956377,property,0.6465,True,0.1953,0.6465,0.1582,15.8,London,medium
51.56,-0.18,2,75,property,0.5866666666666667,0.7634188550750578,property,0.6496,True,0.1936,0.6496,0.1568,15.7,London,medium
51.56,-0.18,3,71,property,0.49295774647887325,0.784194523473586,property,0.6496,True,0.1936,0.6496,0.1568,15.7,London,medium
51.56,-0.17,0,53,property,0.2641509433962264,0.9510709314938509,property,0.6473,True,0.1949,0.6473,0.1578,15.8,London,medium
51.56,-0.17,1,50,property,0.4,0.8825632953798344,property,0.637,True,0.2006,0.637,0.1624,16.2,London,medium
51.56,-0.17,2,49,property,0.04081632653061224,1.0417318696947038,property,0.6498,True,0.1935,0.6498,0.1567,15.7,London,medium
51.56,-0.17,3,49,property,0.30612244897959184,0.9677060069811496,property,0.6489,True,0.194,0.6489,0.1571,15.7,London,medium
51.56,-0.16,0,24,property,0.4166666666666667,0.8239592165010823,property,0.6308,True,0.204,0.6308,0.1652,16.5,London,medium
51.56,-0.16,1,23,property,0.08695652173913043,0.8378972277814775,property,0.6482,True,0.1939,0.6482,0.1579,15.8,London,medium
51.56,-0.16,2,31,property,0.1935483870967742,1.046337357519136,property,0.5929,True,0.2405,0.5929,0.1667,16.7,London,medium
51.56,-0.16,3,25,property,0.08,1.0875656525975472,property,0.6491,True,0.1939,0.6491,0.157,15.7,London,medium
51.56,-0.15,0,64,property,0.40625,0.8852465195339148,property,0.6424,True,0.1976,0.6424,0.16,16.0,London,medium
51.56,-0.15,1,81,property,0.5185185185185185,0.8297164966901664,property,0.6498,True,0.1935,0.6498,0.1567,15.7,London,medium
51.56,-0.15,2,77,property,0.3246753246753247,0.9916013157135456,property,0.6501,True,0.1928,0.6501,0.1571,15.7,London,medium
51.56,-0.15,3,88,property,0.3068181818181818,1.0035077199335132,property,0.6484,True,0.194,0.6484,0.1576,15.8,London,medium
51.56,-0.14,0,200,other,0.07,1.0746435276085002,property,0.4631,False,0.3545,0.4631,0.1824,18.2,London,uncertain
51.56,-0.14,1,188,other,0.09042553191489362,1.0889918122198348,other,0.6189,True,0.6189,0.218,0.1631,16.3,London,medium
51.56,-0.14,2,190,other,0.015789473684210527,1.0972470615044272,other,0.5763,True,0.5763,0.2566,0.1671,16.7,London,medium
51.56,-0.14,3,186,other,0.010752688172043012,1.0961476146275484,other,0.6124,True,0.6124,0.2246,0.163,16.3,London,medium
51.56,-0.13,0,221,other,0.08597285067873303,1.0431350096393075,other,0.4386,True,0.4386,0.3806,0.1807,18.1,London,uncertain
51.56,-0.13,1,257,other,0.08171206225680934,1.074031296081367,other,0.4804,True,0.4804,0.3452,0.1745,17.4,London,uncertain
51.56,-0.13,2,248,other,0.08064516129032258,1.057217110803159,property,0.434,False,0.3828,0.434,0.1832,18.3,London,uncertain
51.56,-0.13,3,233,other,0.10300429184549356,1.0549956257028938,other,0.5094,True,0.5094,0.3195,0.1711,17.1,London,uncertain
51.56,-0.12,0,423,other,0.026004728132387706,1.0683858622970068,property,0.4793,False,0.3421,0.4793,0.1786,17.9,London,uncertain
51.56,-0.12,1,415,property,0.02891566265060241,1.0718954398910925,property,0.5049,True,0.3186,0.5049,0.1765,17.6,London,uncertain
51.56,-0.12,2,415,other,0.00963855421686747,1.051448959883559,property,0.5965,False,0.237,0.5965,0.1665,16.6,London,medium
51.56,-0.12,3,422,other,0.11611374407582939,1.0563846189013022,property,0.4843,False,0.341,0.4843,0.1747,17.5,London,uncertain
51.56,-0.11,0,450,other,0.1,1.0882132246027858,property,0.5293,False,0.2943,0.5293,0.1765,17.6,London,uncertain
51.56,-0.11,1,424,other,0.06839622641509434,1.0910052869194429,other,0.6114,True,0.6114,0.2251,0.1635,16.4,London,medium
51.56,-0.11,2,404,other,0.07920792079207921,1.080827849319291,property,0.5347,False,0.291,0.5347,0.1742,17.4,London,uncertain
51.56,-0.11,3,428,other,0.08644859813084112,1.082273000847275,other,0.4651,True,0.4651,0.3544,0.1806,18.1,London,uncertain
51.56,-0.1,0,224,property,0.06696428571428571,1.0527275017203914,property,0.6493,True,0.1938,0.6493,0.1569,15.7,London,medium
51.56,-0.1,1,210,other,0.004761904761904762,1.0973043292117308,property,0.6498,False,0.1935,0.6498,0.1567,15.7,London,medium
51.56,-0.1,2,210,property,0.009523809523809525,1.0721991613214779,property,0.6503,True,0.1932,0.6503,0.1565,15.6,London,medium
51.56,-0.1,3,204,property,0.14215686274509803,1.0491635102627526,property,0.6493,True,0.1938,0.6493,0.1569,15.7,London,medium
51.56,-0.09,0,123,property,0.016260162601626018,1.097818795138629,property,0.6493,True,0.1938,0.6493,0.1569,15.7,London,medium
51.56,-0.09,1,127,violent,0.0,1.09086275079618,property,0.6406,False,0.1986,0.6406,0.1609,16.1,London,medium
51.56,-0.09,2,140,property,0.04285714285714286,1.0884205575546455,property,0.4998,True,0.3145,0.4998,0.1857,18.6,London,uncertain
51.56,-0.09,3,115,other,0.05217391304347826,1.0812428981661757,property,0.5936,False,0.241,0.5936,0.1654,16.5,London,medium
51.56,-0.08,0,135,property,0.05185185185185185,1.081138973758481,property,0.6508,True,0.1929,0.6508,0.1563,15.6,London,medium
51.56,-0.08,1,151,other,0.052980132450331126,1.0954634097611504,other,0.5943,True,0.5943,0.2357,0.1699,17.0,London,medium
51.56,-0.08,2,145,property,0.041379310344827586,1.094289659573176,property,0.5595,True,0.2661,0.5595,0.1744,17.4,London,medium
51.56,-0.08,3,173,other,0.017341040462427744,1.0981800876708208,other,0.4178,True,0.4178,0.3776,0.2047,20.5,London,uncertain
51.56,-0.07,0,225,property,0.008888888888888889,1.0834646265805805,property,0.6452,True,0.196,0.6452,0.1588,15.9,London,medium
51.56,-0.07,1,226,other,0.017699115044247787,1.0978892053374454,property,0.4111,False,0.3841,0.4111,0.2048,20.5,London,uncertain
51.56,-0.07,2,240,other,0.03333333333333333,1.0963839084880245,property,0.6505,False,0.1931,0.6505,0.1564,15.6,London,medium
51.56,-0.07,3,198,violent,0.005050505050505051,1.0971398666351506,property,0.6497,False,0.1933,0.6497,0.1571,15.7,London,medium
51.56,-0.06,0,214,other,0.018691588785046728,1.0918701150524868,property,0.6393,False,0.199,0.6393,0.1617,16.2,London,medium
51.56,-0.06,1,242,violent,0.008264462809917356,1.0985441731670593,property,0.6484,False,0.1943,0.6484,0.1573,15.7,London,medium
51.56,-0.06,2,237,other,0.004219409282700422,1.0892568030095218,property,0.6457,False,0.1957,0.6457,0.1586,15.9,London,medium
51.56,-0.06,3,221,property,0.00904977375565611,1.0684859696985383,property,0.649,True,0.1939,0.649,0.157,15.7,London,medium
51.56,-0.05,0,161,property,0.037267080745341616,1.0909295641023369,property,0.6492,True,0.1938,0.6492,0.157,15.7,London,medium
51.56,-0.05,1,161,property,0.018633540372670808,1.097179451615224,property,0.6501,True,0.1933,0.6501,0.1566,15.7,London,medium
51.56,-0.05,2,152,property,0.02631578947368421,1.0959598846934813,property,0.6506,True,0.193,0.6506,0.1563,15.6,London,medium
51.56,-0.05,3,157,property,0.03184713375796178,1.0833911648368573,property,0.6505,True,0.1931,0.6505,0.1564,15.6,London,medium
51.56,-0.04,0,66,other,0.015151515151515152,1.0936850526494026,property,0.4071,False,0.3329,0.4071,0.26,26.0,London,uncertain
51.56,-0.04,1,60,property,0.08333333333333333,1.0879735725309552,violent,0.5272,False,0.217,0.2559,0.5272,52.7,London,uncertain
51.56,-0.04,2,60,violent,0.0,1.0960673284468552,property,0.6467,False,0.1952,0.6467,0.1581,15.8,London,medium
51.56,-0.04,3,60,property,0.0,1.0882231038287273,violent,0.476,False,0.2448,0.2792,0.476,47.6,London,uncertain
51.56,-0.02,0,60,other,0.03333333333333333,1.0542255224632429,other,0.6167,True,0.6167,0.2192,0.1642,16.4,London,medium
51.56,-0.02,1,42,other,0.16666666666666666,1.0463837060427545,other,0.6052,True,0.6052,0.2262,0.1686,16.9,London,medium
51.56,-0.02,2,46,other,0.06521739130434782,1.0492002330964545,other,0.6205,True,0.6205,0.2172,0.1624,16.2,London,medium
51.56,-0.02,3,54,violent,0.07407407407407407,1.0652879841941112,other,0.6205,False,0.6205,0.2172,0.1624,16.2,London,medium
51.56,-0.01,0,187,other,0.0427807486631016,1.0659598412673077,other,0.4827,True,0.4827,0.3412,0.1761,17.6,London,uncertain
51.56,-0.01,1,204,property,0.049019607843137254,1.091377312248845,other,0.6076,False,0.6076,0.2271,0.1653,16.5,London,medium
51.56,-0.01,2,193,other,0.10880829015544041,1.0837162071493478,other,0.6186,True,0.6186,0.2182,0.1632,16.3,London,medium
51.56,-0.01,3,173,other,0.10982658959537572,1.0711330559758534,other,0.6089,True,0.6089,0.2264,0.1646,16.5,London,medium
51.56,0.0,0,111,other,0.02702702702702703,1.08260669298543,other,0.6123,True,0.6123,0.2214,0.1663,16.6,London,medium
51.56,0.0,1,107,other,0.08411214953271028,1.0871859908952022,other,0.6167,True,0.6167,0.2191,0.1642,16.4,London,medium
51.56,0.0,2,98,violent,0.01020408163265306,1.0953244270513196,other,0.6195,False,0.6195,0.2177,0.1628,16.3,London,medium
51.56,0.0,3,98,other,0.14285714285714285,1.0789922078775833,other,0.6205,True,0.6205,0.2172,0.1624,16.2,London,medium
51.56,0.01,0,217,property,0.11059907834101383,1.0753423910139637,property,0.4402,True,0.3771,0.4402,0.1827,18.3,London,uncertain
51.56,0.01,1,215,property,0.05116279069767442,1.0938307453046785,property,0.4424,True,0.3248,0.4424,0.2327,23.3,London,uncertain
51.56,0.01,2,197,property,0.08629441624365482,1.0878311048859137,other,0.603,False,0.603,0.2327,0.1643,16.4,London,medium
51.56,0.01,3,213,property,0.018779342723004695,1.090997808664564,property,0.4671,True,0.3288,0.4671,0.2042,20.4,London,uncertain
51.56,0.02,0,29,property,0.27586206896551724,1.0271753091827658,property,0.6401,True,0.1989,0.6401,0.161,16.1,London,medium
51.56,0.02,1,31,property,0.12903225806451613,1.0131875083727033,property,0.6346,True,0.2019,0.6346,0.1635,16.3,London,medium
51.56,0.02,2,28,violent,0.03571428571428571,1.0973511772469036,property,0.651,False,0.1929,0.651,0.1562,15.6,London,medium
51.56,0.02,3,26,violent,0.0,1.0971128947333808,property,0.6445,False,0.1964,0.6445,0.1591,15.9,London,medium
51.56,0.03,0,17,other,0.23529411764705882,1.0027399543973452,property,0.6009,False,0.2242,0.6009,0.175,17.5,London,medium
51.56,0.03,1,24,other,0.08333333333333333,1.0240102202942951,other,0.6031,True,0.6031,0.2301,0.1668,16.7,London,medium
51.56,0.03,2,16,property,0.0625,1.0433534269422904,property,0.6501,True,0.1933,0.6501,0.1566,15.7,London,medium
51.56,0.03,3,26,other,0.15384615384615385,1.0579054247036734,property,0.6487,False,0.1936,0.6487,0.1577,15.8,London,medium
51.56,0.04,0,30,property,0.03333333333333333,1.0952733774372052,property,0.6434,True,0.197,0.6434,0.1596,16.0,London,medium
51.56,0.04,1,21,property,0.14285714285714285,1.0789922078775833,other,0.5859,False,0.5859,0.24,0.1741,17.4,London,medium
51.56,0.04,2,35,property,0.14285714285714285,1.0200891054385564,property,0.6498,True,0.1932,0.6498,0.157,15.7,London,medium
51.56,0.04,3,27,property,0.07407407407407407,1.0405805589833306,property,0.6507,True,0.193,0.6507,0.1563,15.6,London,medium
51.56,0.05,0,4,other,0.25,1.0397207708399179,other,0.615,True,0.615,0.2199,0.1651,16.5,London,medium
51.56,0.06,0,78,violent,0.038461538461538464,1.0941645186827107,other,0.5933,False,0.5933,0.2311,0.1756,17.6,London,medium
51.56,0.06,1,62,other,0.06451612903225806,1.047733705271812,other,0.6203,True,0.6203,0.2172,0.1625,16.3,London,medium
51.56,0.06,2,87,other,0.034482758620689655,1.0950387169562212,other,0.5654,True,0.5654,0.2409,0.1937,19.4,London,medium
51.56,0.06,3,84,violent,0.047619047619047616,1.095677409441945,other,0.5989,False,0.5989,0.2319,0.1691,16.9,London,medium
51.56,0.07,0,552,property,0.21195652173913043,1.056013543944896,property,0.647,True,0.195,0.647,0.158,15.8,London,medium
51.56,0.07,1,563,property,0.13854351687388988,1.0799047601606093,property,0.6478,True,0.1946,0.6478,0.1576,15.8,London,medium
51.56,0.07,2,550,property,0.13636363636363635,1.0575681935726986,property,0.6486,True,0.1941,0.6486,0.1572,15.7,London,medium
51.56,0.07,3,562,property,0.09252669039145907,1.0731154357948622,property,0.6486,True,0.1941,0.6486,0.1572,15.7,London,medium
51.56,0.08,0,263,other,0.11787072243346007,1.078553568082809,other,0.5971,True,0.5971,0.2329,0.1701,17.0,London,medium
51.56,0.08,1,257,other,0.14007782101167315,1.0728805732359867,other,0.6199,True,0.6199,0.2174,0.1627,16.3,London,medium
51.56,0.08,2,311,other,0.1414790996784566,1.070284557098947,other,0.5949,True,0.5949,0.2271,0.1779,17.8,London,medium
51.56,0.08,3,307,other,0.02280130293159609,1.0945331525340558,other,0.4738,True,0.4738,0.3273,0.1989,19.9,London,uncertain
51.56,0.09,0,104,violent,0.125,1.0752470884550984,property,0.5369,False,0.2248,0.5369,0.2383,23.8,London,uncertain
51.56,0.09,1,121,violent,0.008264462809917356,1.0736734563093293,property,0.6469,False,0.1948,0.6469,0.1583,15.8,London,medium
51.56,0.09,2,126,property,0.06349206349206349,1.0934160279218044,property,0.6445,True,0.1962,0.6445,0.1594,15.9,London,medium
51.56,0.09,3,134,property,0.029850746268656716,1.0922657060739835,violent,0.5497,False,0.2142,0.2361,0.5497,55.0,London,uncertain
51.56,0.1,0,171,property,0.07602339181286549,1.088169418120555,property,0.6312,True,0.2047,0.6312,0.1641,16.4,London,medium
51.56,0.1,1,159,other,0.03773584905660377,1.0972052286073346,property,0.4485,False,0.2998,0.4485,0.2517,25.2,London,uncertain
51.56,0.1,2,149,other,0.04697986577181208,1.0909449871140624,other,0.6137,True,0.6137,0.2226,0.1637,16.4,London,medium
51.56,0.1,3,154,other,0.01948051948051948,1.091558668933997,property,0.5041,False,0.2932,0.5041,0.2028,20.3,London,uncertain
51.56,0.11,0,81,property,0.07407407407407407,1.0820131534045052,property,0.5615,True,0.2541,0.5615,0.1844,18.4,London,medium
51.56,0.11,1,79,property,0.012658227848101266,1.0965033765762202,violent,0.5227,False,0.2242,0.2531,0.5227,52.3,London,uncertain
51.56,0.11,2,81,property,0.06172839506172839,1.0663685553059177,other,0.5985,False,0.5985,0.2351,0.1664,16.6,London,medium
51.56,0.11,3,71,property,0.08450704225352113,1.0902907016753922,property,0.6116,True,0.2087,0.6116,0.1796,18.0,London,medium
51.56,0.12,0,125,other,0.032,1.0806928574133041,other,0.6008,True,0.6008,0.2302,0.169,16.9,London,medium
51.56,0.12,1,110,other,0.06363636363636363,1.0896450012625736,violent,0.5568,False,0.2132,0.23,0.5568,55.7,London,medium
51.56,0.12,2,112,violent,0.0625,1.0924003330126215,violent,0.5591,True,0.2121,0.2288,0.5591,55.9,London,medium
51.56,0.12,3,120,other,0.09166666666666666,1.0797112610361872,violent,0.5591,False,0.2121,0.2288,0.5591,55.9,London,medium
51.56,0.13,0,75,violent,0.06666666666666667,1.0749440472732568,property,0.4943,False,0.2368,0.4943,0.2689,26.9,London,uncertain
51.56,0.13,1,87,violent,0.26436781609195403,1.014637281332747,violent,0.4784,True,0.2254,0.2962,0.4784,47.8,London,uncertain
51.56,0.13,2,104,violent,0.15384615384615385,1.07270674555225,violent,0.4196,True,0.2468,0.3336,0.4196,42.0,London,uncertain
51.56,0.13,3,90,violent,0.1111111111111111,1.0608569471580214,property,0.6389,False,0.1993,0.6389,0.1619,16.2,London,medium
51.56,0.14,0,57,violent,0.0,1.0986122886681096,violent,0.5578,True,0.2126,0.2296,0.5578,55.8,London,medium
51.56,0.14,1,70,violent,0.11428571428571428,1.084192445865367,violent,0.5569,True,0.2132,0.2299,0.5569,55.7,London,medium
51.56,0.14,2,71,violent,0.07042253521126761,1.0889793316560201,violent,0.4879,True,0.2641,0.248,0.4879,48.8,London,uncertain
51.56,0.14,3,70,violent,0.2714285714285714,1.029410449444626,violent,0.5609,True,0.2112,0.2279,0.5609,56.1,London,medium
51.56,0.15,0,133,violent,0.06766917293233082,1.0901645236303248,property,0.5614,False,0.2225,0.5614,0.2161,21.6,London,medium
51.56,0.15,1,158,violent,0.05063291139240506,1.0862051953360303,property,0.4673,False,0.3038,0.4673,0.2289,22.9,London,uncertain
51.56,0.15,2,143,violent,0.04195804195804196,1.0949144647112472,property,0.4181,False,0.3849,0.4181,0.1969,19.7,London,uncertain
51.56,0.15,3,133,violent,0.10526315789473684,1.0838548222781537,property,0.5834,False,0.2178,0.5834,0.1988,19.9,London,medium
51.56,0.16,0,26,other,0.07692307692307693,1.0928305535284886,property,0.6073,False,0.2197,0.6073,0.173,17.3,London,medium
51.56,0.16,1,36,other,0.027777777777777776,0.9993699902744391,violent,0.5475,False,0.216,0.2365,0.5475,54.7,London,uncertain
51.56,0.16,2,33,violent,0.12121212121212122,1.0535084081118615,property,0.6406,False,0.1983,0.6406,0.1611,16.1,London,medium
51.56,0.16,3,31,violent,0.25806451612903225,1.0269445292379726,violent,0.5524,True,0.2154,0.2322,0.5524,55.2,London,medium
51.56,0.17,0,29,other,0.06896551724137931,1.075361286166348,violent,0.5596,False,0.2119,0.2285,0.5596,56.0,London,medium
51.56,0.17,1,28,violent,0.07142857142857142,1.060944240790747,other,0.4871,False,0.4871,0.3347,0.1782,17.8,London,uncertain
51.56,0.17,2,27,violent,0.14814814814814814,1.0708078595494446,violent,0.5625,True,0.2105,0.227,0.5625,56.2,London,medium
51.56,0.17,3,26,violent,0.0,0.9110175397125628,violent,0.5609,True,0.2112,0.2278,0.5609,56.1,London,medium
51.56,0.18,0,39,property,0.15384615384615385,1.0248423308847865,property,0.4823,True,0.229,0.4823,0.2887,28.9,London,uncertain
51.56,0.18,1,38,violent,0.0,1.0618746237657282,violent,0.499,True,0.2257,0.2753,0.499,49.9,London,uncertain
51.56,0.18,2,35,violent,0.14285714285714285,1.0789922078775833,property,0.6498,False,0.1935,0.6498,0.1567,15.7,London,medium
51.56,0.18,3,43,violent,0.09302325581395349,1.0193992768492948,property,0.4798,False,0.2213,0.4798,0.2989,29.9,London,uncertain
51.56,0.19,0,25,violent,0.08,1.0875656525975472,violent,0.5284,True,0.2165,0.2551,0.5284,52.8,London,uncertain
51.56,0.19,1,19,property,0.21052631578947367,1.0565758044102838,violent,0.4914,False,0.2197,0.2888,0.4914,49.1,London,uncertain
51.56,0.19,2,15,property,0.26666666666666666,1.009613758174038,violent,0.4073,False,0.2221,0.3706,0.4073,40.7,London,uncertain
51.56,0.19,3,28,other,0.07142857142857142,1.0897973126663918,property,0.65,False,0.1934,0.65,0.1566,15.7,London,medium
51.56,0.2,0,16,property,0.0625,1.0433534269422906,property,0.5238,True,0.2175,0.5238,0.2588,25.9,London,uncertain
51.56,0.2,1,13,violent,0.07692307692307693,1.0123308391031736,violent,0.4379,True,0.2299,0.3322,0.4379,43.8,London,uncertain
51.56,0.2,2,22,violent,0.22727272727272727,0.9666748303197921,property,0.4229,False,0.2234,0.4229,0.3538,35.4,London,uncertain
51.56,0.2,3,23,violent,0.2608695652173913,0.9502094526077802,property,0.6482,False,0.1944,0.6482,0.1574,15.7,London,medium
51.56,0.21,0,36,violent,0.1388888888888889,1.069260917549317,property,0.6482,False,0.1941,0.6482,0.1577,15.8,London,medium
51.56,0.21,1,26,other,0.07692307692307693,0.9078086915252535,property,0.6333,False,0.2023,0.6333,0.1644,16.4,London,medium
51.56,0.21,2,41,violent,0.07317073170731707,1.0910198471849788,property,0.6504,False,0.1932,0.6504,0.1564,15.6,London,medium
51.56,0.21,3,42,violent,0.0,1.0769865220544765,property,0.6489,False,0.194,0.6489,0.1571,15.7,London,medium
51.56,0.22,0,110,other,0.045454545454545456,1.085830746573929,property,0.651,False,0.1928,0.651,0.1562,15.6,London,medium
51.56,0.22,1,109,property,0.01834862385321101,1.0980255152002254,property,0.6486,True,0.1942,0.6486,0.1572,15.7,London,medium
51.56,0.22,2,101,property,0.009900990099009901,1.0767000198411647,property,0.651,True,0.1928,0.651,0.1562,15.6,London,medium
51.56,0.22,3,97,property,0.1134020618556701,1.0725561410261486,property,0.651,True,0.1928,0.651,0.1562,15.6,London,medium
51.56,0.23,0,23,property,0.043478260869565216,1.08501115745815,property,0.6474,True,0.1948,0.6474,0.1578,15.8,London,medium
51.56,0.23,1,24,property,0.25,0.9901000747284985,property,0.6001,True,0.218,0.6001,0.1819,18.2,London,medium
51.56,0.23,2,18,property,0.2222222222222222,1.0366279688586069,property,0.6363,True,0.201,0.6363,0.1627,16.3,London,medium
51.56,0.23,3,19,violent,0.10526315789473684,1.0132690262497301,property,0.643,False,0.1969,0.643,0.16,16.0,London,medium
51.56,0.24,0,25,property,0.28,1.0250576137587353,property,0.6481,True,0.1944,0.6481,0.1575,15.7,London,medium
51.56,0.24,1,34,property,0.2647058823529412,1.013916881041334,property,0.6483,True,0.1943,0.6483,0.1574,15.7,London,medium
51.56,0.24,2,27,property,0.2962962962962963,0.9888252503713348,property,0.6499,True,0.1935,0.6499,0.1567,15.7,London,medium
51.56,0.24,3,29,property,0.3793103448275862,0.965028916893635,property,0.6499,True,0.1935,0.6499,0.1567,15.7,London,medium
51.56,0.25,0,46,property,0.41304347826086957,0.9405594687291459,property,0.6215,True,0.2092,0.6215,0.1694,16.9,London,medium
51.56,0.25,1,49,property,0.30612244897959184,0.9677060069811496,property,0.6308,True,0.204,0.6308,0.1652,16.5,London,medium
51.56,0.25,2,49,property,0.6122448979591837,0.7229932904903409,property,0.6254,True,0.207,0.6254,0.1676,16.8,London,medium
51.56,0.25,3,46,property,0.5217391304347826,0.8223449173934805,property,0.6146,True,0.213,0.6146,0.1725,17.2,London,medium
51.56,0.26,0,15,property,0.06666666666666667,0.9908353864438493,violent,0.4558,False,0.2346,0.3096,0.4558,45.6,London,uncertain
51.56,0.26,1,4,violent,0.0,0.6931472015900639,property,0.4461,False,0.2343,0.4461,0.3196,32.0,London,uncertain
51.56,0.26,2,10,violent,0.0,1.0549201679861442,violent,0.4319,True,0.2345,0.3335,0.4319,43.2,London,uncertain
51.56,0.26,3,13,violent,0.0,1.0733942812811266,property,0.6318,False,0.2035,0.6318,0.1648,16.5,London,medium
51.56,0.27,0,13,property,0.38461538461538464,0.9251290835720823,property,0.6327,True,0.2029,0.6327,0.1643,16.4,London,medium
51.56,0.27,1,12,property,0.08333333333333333,1.077556327066801,property,0.6325,True,0.2031,0.6325,0.1644,16.4,London,medium
51.56,0.27,2,17,violent,0.11764705882352941,1.0852280400722045,other,0.4353,False,0.4353,0.3828,0.1819,18.2,London,uncertain
51.56,0.27,3,19,violent,0.21052631578947367,0.9932682101499608,property,0.6302,False,0.2043,0.6302,0.1654,16.5,London,medium
51.56,0.29,2,5,other,1.0,4.34465315364359e-08,other,0.5998,True,0.5998,0.2288,0.1715,17.1,London,medium
51.57,-0.5,0,4,property,0.5,0.5623351657797391,property,0.6323,True,0.2032,0.6323,0.1645,16.5,London,medium
51.57,-0.46,0,5,property,0.2,0.6730116880595106,property,0.6438,True,0.1968,0.6438,0.1594,15.9,London,medium
51.57,-0.46,1,7,other,0.14285714285714285,1.0789922078775833,property,0.6411,False,0.1979,0.6411,0.1611,16.1,London,medium
51.57,-0.46,3,4,property,0.5,0.562335165779739,property,0.6228,True,0.2119,0.6228,0.1653,16.5,London,medium
51.57,-0.45,0,7,other,0.42857142857142855,0.5982696097102536,property,0.645,False,0.1962,0.645,0.1589,15.9,London,medium
51.57,-0.45,1,4,violent,0.0,0.6931472015900639,property,0.6414,False,0.1978,0.6414,0.1608,16.1,London,medium
51.57,-0.45,2,10,violent,0.0,1.0549201679861442,property,0.6445,False,0.196,0.6445,0.1595,16.0,London,medium
51.57,-0.45,3,6,other,0.3333333333333333,0.6365141893815645,property,0.6458,False,0.1957,0.6458,0.1585,15.8,London,medium
51.57,-0.44,0,24,other,0.3333333333333333,0.9596147939120492,property,0.6476,False,0.1947,0.6476,0.1577,15.8,London,medium
51.57,-0.44,1,20,property,0.0,1.0549201679861442,property,0.6441,True,0.1963,0.6441,0.1596,16.0,London,medium
51.57,-0.44,2,27,violent,0.1111111111111111,1.0608569471580214,property,0.6488,False,0.1941,0.6488,0.1572,15.7,London,medium
51.57,-0.44,3,27,violent,0.07407407407407407,1.0820131534045052,property,0.6428,False,0.1973,0.6428,0.1598,16.0,London,medium
51.57,-0.43,0,17,other,0.17647058823529413,1.0551016181686423,property,0.6463,False,0.1954,0.6463,0.1583,15.8,London,medium
51.57,-0.43,1,23,property,0.13043478260869565,1.0242960516378312,property,0.6447,True,0.1963,0.6447,0.159,15.9,London,medium
51.57,-0.43,2,16,other,0.375,0.9002560512685369,property,0.4435,False,0.2279,0.4435,0.3286,32.9,London,uncertain
51.57,-0.43,3,13,property,0.07692307692307693,1.0123308391031733,property,0.6455,True,0.1959,0.6455,0.1586,15.9,London,medium
51.57,-0.42,0,65,property,0.046153846153846156,1.089748481623038,property,0.6476,True,0.1947,0.6476,0.1577,15.8,London,medium
51.57,-0.42,1,45,other,0.08888888888888889,1.0884883585759961,property,0.6403,False,0.1988,0.6403,0.161,16.1,London,medium
51.57,-0.42,2,54,property,0.05555555555555555,1.0555051495599717,property,0.5058,True,0.317,0.5058,0.1772,17.7,London,uncertain
51.57,-0.42,3,72,property,0.09722222222222222,1.0344494361833836,property,0.6499,True,0.1934,0.6499,0.1567,15.7,London,medium
51.57,-0.41000000000000003,0,54,violent,0.037037037037037035,1.0944885526930284,property,0.4365,False,0.3808,0.4365,0.1827,18.3,London,uncertain
51.57,-0.41000000000000003,1,64,other,0.09375,1.0612039759627612,property,0.6495,False,0.1937,0.6495,0.1568,15.7,London,medium
51.57,-0.41000000000000003,2,53,other,0.16981132075471697,1.0287638424680716,property,0.6309,False,0.2049,0.6309,0.1642,16.4,London,medium
51.57,-0.41000000000000003,3,56,property,0.125,1.063870817327364,other,0.6192,False,0.6192,0.2179,0.1629,16.3,London,medium
51.57,-0.4,0,26,property,0.07692307692307693,1.0695416913993137,property,0.5782,True,0.2329,0.5782,0.1889,18.9,London,medium
51.57,-0.4,1,21,property,0.09523809523809523,1.0710185424099148,violent,0.5471,False,0.2178,0.2351,0.5471,54.7,London,uncertain
51.57,-0.4,2,22,other,0.13636363636363635,1.0594782926538544,violent,0.5157,False,0.2268,0.2574,0.5157,51.6,London,uncertain
51.57,-0.4,3,21,property,0.0,1.0769865220544765,violent,0.5599,False,0.2117,0.2284,0.5599,56.0,London,medium
51.57,-0.39,0,30,property,0.1,1.0221693757432821,property,0.523,True,0.2409,0.523,0.2361,23.6,London,uncertain
51.57,-0.39,1,14,violent,0.14285714285714285,0.9922819748525737,property,0.5074,False,0.3077,0.5074,0.1849,18.5,London,uncertain
51.57,-0.39,2,25,property,0.04,1.0768186672148103,property,0.6421,True,0.1975,0.6421,0.1605,16.0,London,medium
51.57,-0.39,3,21,violent,0.047619047619047616,0.9403716526240742,property,0.617,False,0.2117,0.617,0.1712,17.1,London,medium
51.57,-0.38,0,36,property,0.4166666666666667,0.9378057145489618,property,0.6476,True,0.1944,0.6476,0.158,15.8,London,medium
51.57,-0.38,1,30,violent,0.06666666666666667,1.0851886129676505,property,0.5583,False,0.2248,0.5583,0.2169,21.7,London,medium
51.57,-0.38,2,39,other,0.05128205128205128,1.0716836110917978,property,0.6421,False,0.1974,0.6421,0.1604,16.0,London,medium
51.57,-0.38,3,33,violent,0.15151515151515152,1.0637155529842897,property,0.6431,False,0.1972,0.6431,0.1597,16.0,London,medium
51.57,-0.37,0,70,property,0.02857142857142857,1.054409855387384,other,0.5864,False,0.5864,0.2427,0.1709,17.1,London,medium
51.57,-0.37,1,49,violent,0.061224489795918366,1.0553404253705594,violent,0.5424,True,0.2199,0.2377,0.5424,54.2,London,uncertain
51.57,-0.37,2,48,violent,0.20833333333333334,1.052876252349007,violent,0.5344,True,0.2211,0.2446,0.5344,53.4,London,uncertain
51.57,-0.37,3,77,violent,0.1038961038961039,1.082613058085712,property,0.4613,False,0.3537,0.4613,0.185,18.5,London,uncertain
51.57,-0.36,0,81,other,0.06172839506172839,1.07838592893936,other,0.6175,True,0.6175,0.2188,0.1637,16.4,London,medium
51.57,-0.36,1,86,other,0.1511627906976744,1.0533343410112204,other,0.5632,True,0.5632,0.2346,0.2022,20.2,London,medium
51.57,-0.36,2,78,other,0.16666666666666666,1.0609730657286587,other,0.5917,True,0.5917,0.2285,0.1799,18.0,London,medium
51.57,-0.36,3,76,violent,0.06578947368421052,1.0793063148684305,other,0.5859,False,0.5859,0.2324,0.1817,18.2,London,medium
51.57,-0.35000000000000003,0,86,other,0.10465116279069768,1.0464466858130828,property,0.6365,False,0.2008,0.6365,0.1627,16.3,London,medium
51.57,-0.35000000000000003,1,88,other,0.09090909090909091,1.0843629508682477,property,0.5353,False,0.2901,0.5353,0.1746,17.5,London,uncertain
51.57,-0.35000000000000003,2,101,other,0.07920792079207921,1.0841423025304937,other,0.4259,True,0.4259,0.3733,0.2008,20.1,London,uncertain
51.57,-0.35000000000000003,3,101,property,0.0594059405940594,1.0912073208307862,property,0.6182,True,0.2207,0.6182,0.161,16.1,London,medium
51.57,-0.34,0,39,violent,0.0,1.0733942812811266,violent,0.5594,True,0.212,0.2286,0.5594,55.9,London,medium
51.57,-0.34,1,31,property,0.0967741935483871,0.9828642929216391,violent,0.5591,False,0.2121,0.2288,0.5591,55.9,London,medium
51.57,-0.34,2,24,violent,0.125,1.0835291213181606,violent,0.5599,True,0.2117,0.2284,0.5599,56.0,London,medium
51.57,-0.34,3,32,violent,0.0625,1.094780226007948,violent,0.5599,True,0.2118,0.2283,0.5599,56.0,London,medium
51.57,-0.32,0,90,violent,0.1111111111111111,1.0716605898575216,violent,0.5565,True,0.2132,0.2303,0.5565,55.7,London,medium
51.57,-0.32,1,102,violent,0.3333333333333333,0.991901997531107,violent,0.5597,True,0.2118,0.2285,0.5597,56.0,London,medium
51.57,-0.32,2,80,violent,0.325,0.9869569821780909,violent,0.5587,True,0.2123,0.229,0.5587,55.9,London,medium
51.57,-0.32,3,88,violent,0.125,1.0551652481335752,violent,0.5614,True,0.211,0.2276,0.5614,56.1,London,medium
51.57,-0.31,0,34,property,0.17647058823529413,1.0551016181686423,violent,0.5587,False,0.2124,0.2289,0.5587,55.9,London,medium
51.57,-0.31,1,29,property,0.1724137931034483,1.0702128536458757,property,0.6464,True,0.1951,0.6464,0.1585,15.9,London,medium
51.57,-0.31,2,26,violent,0.07692307692307693,1.0695416913993137,property,0.4715,False,0.2857,0.4715,0.2428,24.3,London,uncertain
51.57,-0.31,3,31,violent,0.0,1.0943511658532066,property,0.6067,False,0.2223,0.6067,0.171,17.1,London,medium
51.57,-0.3,0,55,property,0.12727272727272726,1.0829839838134994,property,0.647,True,0.195,0.647,0.158,15.8,London,medium
51.57,-0.3,1,75,violent,0.04,1.0938007017963947,property,0.6494,False,0.1937,0.6494,0.1569,15.7,London,medium
51.57,-0.3,2,50,other,0.12,1.081972468961373,property,0.6374,False,0.2004,0.6374,0.1622,16.2,London,medium
51.57,-0.3,3,67,violent,0.13432835820895522,1.0654043776313684,property,0.6508,False,0.1929,0.6508,0.1563,15.6,London,medium
51.57,-0.29,0,50,other,0.02,1.0957815752757503,property,0.6494,False,0.1937,0.6494,0.1569,15.7,London,medium
51.57,-0.29,1,38,other,0.10526315789473684,1.0795295733255184,other,0.5275,True,0.5275,0.2634,0.2091,20.9,London,uncertain
51.57,-0.29,2,53,other,0.16981132075471697,1.0523259706276402,property,0.6326,False,0.2076,0.6326,0.1598,16.0,London,medium
51.57,-0.29,3,56,other,0.08928571428571429,1.0688878661009877,other,0.6144,True,0.6144,0.2218,0.1637,16.4,London,medium
51.57,-0.28,0,51,other,0.5294117647058824,0.83950706764576,property,0.5902,False,0.2312,0.5902,0.1786,17.9,London,medium
51.57,-0.28,1,60,other,0.2833333333333333,0.9262571482613067,property,0.6468,False,0.1948,0.6468,0.1583,15.8,London,medium
51.57,-0.28,2,71,other,0.3380281690140845,0.9702091273112834,property,0.6063,False,0.2304,0.6063,0.1633,16.3,London,medium
51.57,-0.28,3,53,other,0.39622641509433965,0.9167228256410174,violent,0.4765,False,0.2652,0.2583,0.4765,47.7,London,uncertain
51.57,-0.27,0,47,other,0.02127659574468085,1.0839731700389386,other,0.6178,True,0.6178,0.2187,0.1635,16.3,London,medium
51.57,-0.27,1,33,other,0.030303030303030304,1.0783635075908844,other,0.6112,True,0.6112,0.2252,0.1636,16.4,London,medium
51.57,-0.27,2,45,other,0.1111111111111111,1.079773089409609,other,0.6205,True,0.6205,0.2171,0.1623,16.2,London,medium
51.57,-0.27,3,48,property,0.10416666666666667,1.0820397581034547,other,0.6193,False,0.6193,0.2177,0.163,16.3,London,medium
51.57,-0.26,0,55,property,0.14545454545454545,1.0754156488557371,property,0.6511,True,0.1928,0.6511,0.1561,15.6,London,medium
51.57,-0.26,1,40,property,0.05,1.080527626604172,property,0.6506,True,0.193,0.6506,0.1563,15.6,London,medium
51.57,-0.26,2,53,property,0.1320754716981132,1.0754883449328658,property,0.6505,True,0.1931,0.6505,0.1564,15.6,London,medium
51.57,-0.26,3,55,property,0.14545454545454545,1.0622265649113678,property,0.6423,True,0.1974,0.6423,0.1604,16.0,London,medium
51.57,-0.25,0,19,property,0.0,1.087074155537762,violent,0.4408,False,0.2241,0.3352,0.4408,44.1,London,uncertain
51.57,-0.25,1,21,property,0.047619047619047616,1.0917862380951273,violent,0.5588,False,0.2124,0.2289,0.5588,55.9,London,medium
51.57,-0.25,2,19,property,0.10526315789473684,1.0132690262497301,property,0.5873,True,0.2079,0.5873,0.2049,20.5,London,medium
51.57,-0.25,3,26,violent,0.0,1.0733942812811266,violent,0.4471,True,0.2248,0.3281,0.4471,44.7,London,uncertain
51.57,-0.24,0,49,other,0.02040816326530612,1.0797812768096198,other,0.5713,True,0.5713,0.2588,0.1699,17.0,London,medium
51.57,-0.24,1,46,property,0.043478260869565216,1.0953330817042592,property,0.639,True,0.1998,0.639,0.1612,16.1,London,medium
51.57,-0.24,2,45,violent,0.06666666666666667,1.0659600211050013,property,0.6447,False,0.1976,0.6447,0.1577,15.8,London,medium
51.57,-0.24,3,51,other,0.09803921568627451,1.0693464048754115,property,0.6497,False,0.1931,0.6497,0.1572,15.7,London,medium
51.57,-0.23,0,89,property,0.0,1.0077274957298332,property,0.5906,True,0.2427,0.5906,0.1667,16.7,London,medium
51.57,-0.23,1,90,other,0.044444444444444446,1.0675501395823765,property,0.6501,False,0.1933,0.6501,0.1566,15.7,London,medium
51.57,-0.23,2,86,other,0.09302325581395349,0.9955091095008743,property,0.6505,False,0.1931,0.6505,0.1564,15.6,London,medium
51.57,-0.23,3,92,other,0.03260869565217391,1.0890426350552822,property,0.6467,False,0.1952,0.6467,0.1581,15.8,London,medium
51.57,-0.22,0,61,property,0.03278688524590164,1.0967440273024072,other,0.5741,False,0.5741,0.258,0.1679,16.8,London,medium
51.57,-0.22,1,65,violent,0.0,1.0549201679861442,other,0.4244,False,0.4244,0.3787,0.1969,19.7,London,uncertain
51.57,-0.22,2,76,other,0.05263157894736842,1.0851928546349756,property,0.5015,False,0.2835,0.5015,0.215,21.5,London,uncertain
51.57,-0.22,3,71,property,0.09859154929577464,1.0856494754276462,property,0.6044,True,0.2274,0.6044,0.1682,16.8,London,medium
51.57,-0.21,0,53,property,0.018867924528301886,1.0871638250642763,other,0.4701,False,0.4701,0.3541,0.1758,17.6,London,uncertain
51.57,-0.21,1,67,other,0.14925373134328357,1.068644951183501,other,0.5806,True,0.5806,0.2513,0.1682,16.8,London,medium
51.57,-0.21,2,64,violent,0.0625,1.0896087324842365,property,0.4923,False,0.3331,0.4923,0.1746,17.5,London,uncertain
51.57,-0.21,3,56,property,0.08928571428571429,1.0908483394531083,property,0.6038,True,0.2307,0.6038,0.1656,16.6,London,medium
51.57,-0.2,0,172,property,0.1744186046511628,1.0484018854674901,property,0.4357,True,0.381,0.4357,0.1834,18.3,London,uncertain
51.57,-0.2,1,149,property,0.12080536912751678,1.0318192207655517,other,0.4694,False,0.4694,0.3516,0.179,17.9,London,uncertain
51.57,-0.2,2,145,property,0.1724137931034483,1.009185606863595,other,0.4779,False,0.4779,0.349,0.1731,17.3,London,uncertain
51.57,-0.2,3,174,property,0.1206896551724138,1.019413452148316,property,0.5218,True,0.3047,0.5218,0.1735,17.4,London,uncertain
51.57,-0.19,0,44,property,0.045454545454545456,1.0399964569510627,property,0.6434,True,0.197,0.6434,0.1596,16.0,London,medium
51.57,-0.19,1,42,property,0.16666666666666666,0.9597916051265444,property,0.6477,True,0.1946,0.6477,0.1576,15.8,London,medium
51.57,-0.19,2,48,property,0.25,1.0203241734361108,property,0.6498,True,0.1935,0.6498,0.1567,15.7,London,medium
51.57,-0.19,3,49,property,0.16326530612244897,1.069492170855595,property,0.6473,True,0.1949,0.6473,0.1578,15.8,London,medium
51.57,-0.18,0,12,property,0.16666666666666666,1.0114042647073518,property,0.6452,True,0.196,0.6452,0.1587,15.9,London,medium
51.57,-0.18,1,12,property,0.25,0.887694275799104,property,0.632,True,0.2029,0.632,0.1652,16.5,London,medium
51.57,-0.18,2,9,property,0.4444444444444444,0.848685557726417,property,0.599,True,0.2232,0.599,0.1778,17.8,London,medium
51.57,-0.18,3,9,property,0.6666666666666666,0.6837389058487535,property,0.6004,True,0.2119,0.6004,0.1876,18.8,London,medium
51.57,-0.17,0,12,property,0.8333333333333334,0.28683600449259056,property,0.6477,True,0.1943,0.6477,0.1579,15.8,London,medium
51.57,-0.17,1,10,property,0.7,0.639031859650177,property,0.645,True,0.1962,0.645,0.1589,15.9,London,medium
51.57,-0.17,2,12,property,0.5,0.8675632284814613,property,0.6462,True,0.1955,0.6462,0.1583,15.8,London,medium
51.57,-0.17,3,18,property,1.0,4.3446531758480495e-08,property,0.647,True,0.1948,0.647,0.1583,15.8,London,medium
51.57,-0.16,0,7,property,0.42857142857142855,0.5982696097102536,property,0.6454,True,0.1959,0.6454,0.1587,15.9,London,medium
51.57,-0.16,1,6,property,0.3333333333333333,0.6365141893815645,property,0.6482,True,0.1944,0.6482,0.1574,15.7,London,medium
51.57,-0.16,2,11,property,0.6363636363636364,0.47413933430696387,property,0.6487,True,0.1941,0.6487,0.1572,15.7,London,medium
51.57,-0.16,3,8,property,0.75,0.3767701826029325,property,0.6478,True,0.1946,0.6478,0.1576,15.8,London,medium
51.57,-0.15,0,43,property,0.2558139534883721,0.9015750998610461,other,0.4155,False,0.4155,0.3985,0.186,18.6,London,uncertain
51.57,-0.15,1,46,property,0.3695652173913043,0.9308164980309432,property,0.6456,True,0.1958,0.6456,0.1586,15.9,London,medium
51.57,-0.15,2,49,property,0.24489795918367346,0.8487173841398561,property,0.5971,True,0.2306,0.5971,0.1723,17.2,London,medium
51.57,-0.15,3,51,property,0.37254901960784315,0.8926403905290403,other,0.4167,False,0.4167,0.3975,0.1858,18.6,London,uncertain
51.57,-0.14,0,252,property,0.003968253968253968,1.0956755752278284,property,0.5138,True,0.2292,0.5138,0.257,25.7,London,uncertain
51.57,-0.14,1,251,violent,0.043824701195219126,1.0904033370359898,property,0.6456,False,0.1955,0.6456,0.1589,15.9,London,medium
51.57,-0.14,2,252,property,0.031746031746031744,1.0763249548898088,violent,0.5373,False,0.2166,0.2461,0.5373,53.7,London,uncertain
51.57,-0.14,3,229,violent,0.08296943231441048,1.0847486339771346,property,0.6433,False,0.1968,0.6433,0.1599,16.0,London,medium
51.57,-0.13,0,273,other,0.007326007326007326,1.0769513003226563,property,0.4851,False,0.3395,0.4851,0.1754,17.5,London,uncertain
51.57,-0.13,1,299,property,0.020066889632107024,1.0764219212604524,property,0.6425,True,0.1976,0.6425,0.16,16.0,London,medium
51.57,-0.13,2,308,other,0.012987012987012988,1.0511297782116604,property,0.6068,False,0.2294,0.6068,0.1637,16.4,London,medium
51.57,-0.13,3,305,property,0.01639344262295082,1.0788808713662592,property,0.5618,True,0.2669,0.5618,0.1714,17.1,London,medium
51.57,-0.12,0,202,other,0.1188118811881188,1.0755143931841276,other,0.6157,True,0.6157,0.2199,0.1644,16.4,London,medium
51.57,-0.12,1,183,other,0.26229508196721313,1.0339048580732157,other,0.6127,True,0.6127,0.2214,0.1659,16.6,London,medium
51.57,-0.12,2,189,other,0.164021164021164,1.0513953987329003,other,0.6177,True,0.6177,0.2189,0.1635,16.3,London,medium
51.57,-0.12,3,201,other,0.13930348258706468,1.0666661179598704,other,0.607,True,0.607,0.2276,0.1654,16.5,London,medium
51.57,-0.11,0,266,other,0.015037593984962405,1.0705125392296946,property,0.6482,False,0.1944,0.6482,0.1574,15.7,London,medium
51.57,-0.11,1,317,other,0.0946372239747634,1.05670245242093,property,0.6482,False,0.1944,0.6482,0.1574,15.7,London,medium
51.57,-0.11,2,278,property,0.046762589928057555,1.065830727246963,property,0.6503,True,0.1932,0.6503,0.1565,15.6,London,medium
51.57,-0.11,3,274,other,0.16423357664233576,1.0647533007168692,property,0.6503,False,0.1932,0.6503,0.1565,15.6,London,medium
51.57,-0.1,0,221,property,0.04072398190045249,1.0967732490865354,property,0.6492,True,0.1938,0.6492,0.157,15.7,London,medium
51.57,-0.1,1,232,property,0.03879310344827586,1.0794001225189018,property,0.6492,True,0.1935,0.6492,0.1573,15.7,London,medium
51.57,-0.1,2,208,property,0.11538461538461539,1.0845723437209172,property,0.6505,True,0.1931,0.6505,0.1564,15.6,London,medium
51.57,-0.1,3,245,property,0.09387755102040816,1.080433212034893,property,0.6497,True,0.1933,0.6497,0.1571,15.7,London,medium
51.57,-0.09,0,131,other,0.030534351145038167,1.0950378070558198,property,0.6421,False,0.1978,0.6421,0.1602,16.0,London,medium
51.57,-0.09,1,148,violent,0.033783783783783786,1.0935901086694098,property,0.6484,False,0.1943,0.6484,0.1573,15.7,London,medium
51.57,-0.09,2,146,property,0.0273972602739726,1.0932750275043666,property,0.6489,True,0.1937,0.6489,0.1574,15.7,London,medium
51.57,-0.09,3,145,property,0.09655172413793103,1.0888603391176848,property,0.6506,True,0.1931,0.6506,0.1564,15.6,London,medium
51.57,-0.08,0,100,other,0.09,1.083694195922244,other,0.6082,True,0.6082,0.2243,0.1675,16.7,London,medium
51.57,-0.08,1,100,other,0.01,1.0821288613966515,other,0.6101,True,0.6101,0.2236,0.1663,16.6,London,medium
51.57,-0.08,2,103,violent,0.009708737864077669,1.0973754656457457,other,0.6178,False,0.6178,0.2187,0.1635,16.3,London,medium
51.57,-0.08,3,118,other,0.01694915254237288,1.0675722574436675,other,0.619,True,0.619,0.2182,0.1629,16.3,London,medium
51.57,-0.07,0,213,property,0.1267605633802817,1.0760366900620237,property,0.6493,True,0.1938,0.6493,0.1569,15.7,London,medium
51.57,-0.07,1,210,property,0.23809523809523808,1.0301355698008416,property,0.6482,True,0.1944,0.6482,0.1574,15.7,London,medium
51.57,-0.07,2,230,property,0.06086956521739131,1.0910468811182918,property,0.6506,True,0.193,0.6506,0.1563,15.6,London,medium
51.57,-0.07,3,203,property,0.19704433497536947,1.059771982450163,property,0.6491,True,0.1939,0.6491,0.157,15.7,London,medium
51.57,-0.06,0,116,violent,0.06896551724137931,1.0939547819577147,other,0.6184,False,0.6184,0.2183,0.1633,16.3,London,medium
51.57,-0.06,1,100,property,0.03,1.0724151070004495,other,0.6199,False,0.6199,0.2174,0.1627,16.3,London,medium
51.57,-0.06,2,111,other,0.07207207207207207,1.0882272372054604,other,0.5008,True,0.5008,0.3168,0.1824,18.2,London,uncertain
51.57,-0.06,3,93,property,0.03225806451612903,1.097582370270211,other,0.61,False,0.61,0.226,0.164,16.4,London,medium
51.57,-0.05,0,33,violent,0.0,1.0900596587107838,property,0.5469,False,0.2776,0.5469,0.1755,17.6,London,uncertain
51.57,-0.05,1,28,other,0.07142857142857142,1.0897973126663918,other,0.6196,True,0.6196,0.2175,0.1629,16.3,London,medium
51.57,-0.05,2,53,other,0.1320754716981132,1.0358685514053967,other,0.6204,True,0.6204,0.2172,0.1624,16.2,London,medium
51.57,-0.05,3,43,other,0.11627906976744186,1.0823649276334009,other,0.5987,True,0.5987,0.2328,0.1686,16.9,London,medium
51.57,-0.04,0,24,other,0.16666666666666666,1.0635215028672123,other,0.4418,True,0.4418,0.3791,0.179,17.9,London,uncertain
51.57,-0.04,1,29,property,0.13793103448275862,1.065891213213607,property,0.6424,True,0.1975,0.6424,0.16,16.0,London,medium
51.57,-0.04,2,16,property,0.25,1.0397207708399179,other,0.5989,False,0.5989,0.2296,0.1715,17.2,London,medium
51.57,-0.04,3,15,other,0.06666666666666667,0.990835386443849,other,0.5519,True,0.5519,0.2687,0.1793,17.9,London,medium
51.57,-0.03,0,99,property,0.1111111111111111,1.0608569471580214,property,0.6486,True,0.1942,0.6486,0.1573,15.7,London,medium
51.57,-0.03,1,124,other,0.008064516129032258,1.0821521715896283,property,0.649,False,0.1939,0.649,0.157,15.7,London,medium
51.57,-0.03,2,104,property,0.0673076923076923,1.065307498885505,property,0.6506,True,0.193,0.6506,0.1563,15.6,London,medium
51.57,-0.03,3,130,property,0.08461538461538462,1.064679944375271,property,0.6498,True,0.1932,0.6498,0.157,15.7,London,medium
51.57,-0.02,0,176,property,0.045454545454545456,1.093850012358205,other,0.6184,False,0.6184,0.2184,0.1632,16.3,London,medium
51.57,-0.02,1,181,violent,0.04419889502762431,1.0952238827718033,other,0.6114,False,0.6114,0.2249,0.1637,16.4,London,medium
51.57,-0.02,2,157,property,0.03184713375796178,1.0913783429450485,other,0.4582,False,0.4582,0.3449,0.1968,19.7,London,uncertain
51.57,-0.02,3,154,other,0.025974025974025976,1.097055972671387,other,0.6118,True,0.6118,0.2247,0.1634,16.3,London,medium
51.57,-0.01,0,206,property,0.08737864077669903,1.0907392699355531,other,0.527,False,0.527,0.3013,0.1718,17.2,London,uncertain
51.57,-0.01,1,201,property,0.01990049751243781,1.0869806998542022,other,0.6114,False,0.6114,0.2249,0.1637,16.4,London,medium
51.57,-0.01,2,208,property,0.02403846153846154,1.087102875711947,other,0.6114,False,0.6114,0.2252,0.1634,16.3,London,medium
51.57,-0.01,3,217,property,0.059907834101382486,1.0940838048463408,other,0.4112,False,0.4112,0.4069,0.1819,18.2,London,uncertain
51.57,0.0,0,119,other,0.05042016806722689,1.0895652415867423,property,0.5919,False,0.2384,0.5919,0.1697,17.0,London,medium
51.57,0.0,1,94,other,0.05319148936170213,1.09172158540217,property,0.6314,False,0.2058,0.6314,0.1628,16.3,London,medium
51.57,0.0,2,111,other,0.12612612612612611,1.080743803584351,property,0.6335,False,0.2046,0.6335,0.1619,16.2,London,medium
51.57,0.0,3,110,violent,0.1,1.0854833365592034,property,0.6481,False,0.1945,0.6481,0.1575,15.7,London,medium
51.57,0.01,0,262,property,0.37786259541984735,0.9238126761490724,property,0.6486,True,0.1941,0.6486,0.1572,15.7,London,medium
51.57,0.01,1,271,property,0.41697416974169743,0.8958147852669907,property,0.6501,True,0.1933,0.6501,0.1566,15.7,London,medium
51.57,0.01,2,274,property,0.4124087591240876,0.9002893035524635,property,0.6506,True,0.193,0.6506,0.1563,15.6,London,medium
51.57,0.01,3,260,property,0.47692307692307695,0.8848832370561186,property,0.649,True,0.1939,0.649,0.1571,15.7,London,medium
51.57,0.02,0,59,other,0.23728813559322035,1.0454512557248032,property,0.6377,False,0.2015,0.6377,0.1608,16.1,London,medium
51.57,0.02,1,63,other,0.14285714285714285,1.0556263588470696,property,0.6503,False,0.1932,0.6503,0.1565,15.6,London,medium
51.57,0.02,2,67,other,0.014925373134328358,1.0388985676823304,property,0.6505,False,0.1931,0.6505,0.1564,15.6,London,medium
51.57,0.02,3,55,other,0.03636363636363636,1.0245832379913868,property,0.6508,False,0.1929,0.6508,0.1562,15.6,London,medium
51.57,0.03,0,7,violent,0.14285714285714285,1.0789922078775833,property,0.4986,False,0.3164,0.4986,0.185,18.5,London,uncertain
51.57,0.03,1,17,violent,0.058823529411764705,1.073383620336505,property,0.5989,False,0.2341,0.5989,0.167,16.7,London,medium
51.57,0.03,2,10,violent,0.0,1.0549201679861442,property,0.4895,False,0.3251,0.4895,0.1853,18.5,London,uncertain
51.57,0.03,3,15,property,0.2,1.0606018056124555,property,0.5841,True,0.2461,0.5841,0.1698,17.0,London,medium
51.57,0.04,0,11,violent,0.2727272727272727,0.9949236325717751,property,0.6462,False,0.1952,0.6462,0.1586,15.9,London,medium
51.57,0.04,1,8,property,0.25,1.0397207708399179,property,0.6465,True,0.1953,0.6465,0.1582,15.8,London,medium
51.57,0.04,2,11,violent,0.0,1.0900596587107838,property,0.5958,False,0.2384,0.5958,0.1659,16.6,London,medium
51.57,0.04,3,10,violent,0.3,0.8979457248567798,other,0.6,False,0.6,0.2325,0.1676,16.8,London,medium
51.57,0.05,0,21,other,0.2857142857142857,0.9556998911125343,property,0.4892,False,0.3296,0.4892,0.1812,18.1,London,uncertain
51.57,0.05,1,29,property,0.1724137931034483,1.0406620152965456,property,0.6484,True,0.1943,0.6484,0.1573,15.7,London,medium
51.57,0.05,2,28,other,0.17857142857142858,1.0607314736099946,other,0.4334,True,0.4334,0.384,0.1826,18.3,London,uncertain
51.57,0.05,3,23,other,0.2608695652173913,0.9502094526077801,other,0.5207,True,0.5207,0.2397,0.2397,24.0,London,uncertain
51.57,0.06,0,68,other,0.08823529411764706,1.0822819419272887,property,0.4984,False,0.2204,0.4984,0.2813,28.1,London,uncertain
51.57,0.06,1,64,violent,0.0,1.0923295587522992,violent,0.4702,True,0.2227,0.3071,0.4702,47.0,London,uncertain
51.57,0.06,2,69,property,0.028985507246376812,1.0801337820932364,violent,0.5615,False,0.211,0.2275,0.5615,56.2,London,medium
51.57,0.06,3,66,other,0.06060606060606061,1.0875314752904792,violent,0.5614,False,0.211,0.2276,0.5614,56.1,London,medium
51.57,0.07,0,50,other,0.12,1.0683583388846372,other,0.6057,True,0.6057,0.2274,0.1669,16.7,London,medium
51.57,0.07,1,60,violent,0.03333333333333333,1.0739607536079796,violent,0.4324,True,0.312,0.2556,0.4324,43.2,London,uncertain
51.57,0.07,2,46,violent,0.21739130434782608,1.0538437102109437,violent,0.5583,True,0.2126,0.2292,0.5583,55.8,London,medium
51.57,0.07,3,62,violent,0.03225806451612903,1.097582370270211,violent,0.5594,True,0.2119,0.2288,0.5594,55.9,London,medium
51.57,0.08,0,87,violent,0.022988505747126436,1.0871182355074134,property,0.6494,False,0.1934,0.6494,0.1572,15.7,London,medium
51.57,0.08,1,102,other,0.13725490196078433,1.0775023071355077,property,0.633,False,0.2049,0.633,0.1621,16.2,London,medium
51.57,0.08,2,103,other,0.06796116504854369,1.0912741421828789,other,0.568,True,0.568,0.2495,0.1825,18.2,London,medium
51.57,0.08,3,91,other,0.04395604395604396,1.0595532151903169,other,0.6168,True,0.6168,0.2208,0.1624,16.2,London,medium
51.57,0.09,0,59,property,0.06779661016949153,1.0648050971108571,property,0.6463,True,0.1951,0.6463,0.1586,15.9,London,medium
51.57,0.09,1,82,violent,0.04878048780487805,1.0962687420571586,property,0.6485,False,0.1942,0.6485,0.1573,15.7,London,medium
51.57,0.09,2,76,violent,0.27631578947368424,1.0193630032116536,property,0.6469,False,0.1948,0.6469,0.1583,15.8,London,medium
51.57,0.09,3,69,violent,0.10144927536231885,1.0793064366896992,property,0.6471,False,0.1947,0.6471,0.1582,15.8,London,medium
51.57,0.1,0,95,violent,0.10526315789473684,1.0852655373817952,property,0.3664,False,0.3345,0.3664,0.2992,29.9,London,uncertain
51.57,0.1,1,98,violent,0.0,1.0985078057483377,violent,0.5046,True,0.2198,0.2756,0.5046,50.5,London,uncertain
51.57,0.1,2,82,violent,0.13414634146341464,1.0795626491319286,violent,0.4837,True,0.2294,0.2868,0.4837,48.4,London,uncertain
51.57,0.1,3,88,violent,0.056818181818181816,1.0946769145302924,violent,0.5437,True,0.2145,0.2418,0.5437,54.4,London,uncertain
51.57,0.11,0,169,property,0.0650887573964497,1.0735404054647892,property,0.4727,True,0.2325,0.4727,0.2948,29.5,London,uncertain
51.57,0.11,1,162,property,0.030864197530864196,1.0481048842837337,property,0.5838,True,0.24,0.5838,0.1762,17.6,London,medium
51.57,0.11,2,180,property,0.07777777777777778,1.0649252763904455,property,0.6473,True,0.1946,0.6473,0.1581,15.8,London,medium
51.57,0.11,3,170,property,0.058823529411764705,1.073383620336505,property,0.45,True,0.2991,0.45,0.2509,25.1,London,uncertain
51.57,0.12,0,120,property,0.041666666666666664,1.0933903064791184,property,0.6081,True,0.2135,0.6081,0.1784,17.8,London,medium
51.57,0.12,1,122,property,0.07377049180327869,1.0801586812469988,property,0.6475,True,0.1944,0.6475,0.158,15.8,London,medium
51.57,0.12,2,126,property,0.1349206349206349,1.0742473927786018,property,0.6481,True,0.1941,0.6481,0.1577,15.8,London,medium
51.57,0.12,3,122,property,0.09836065573770492,1.088366625391642,property,0.6476,True,0.1947,0.6476,0.1577,15.8,London,medium
51.57,0.13,0,105,violent,0.09523809523809523,1.0888243863810256,property,0.5813,False,0.2188,0.5813,0.1999,20.0,London,medium
51.57,0.13,1,133,violent,0.05263157894736842,1.082535342554759,property,0.6475,False,0.1944,0.6475,0.158,15.8,London,medium
51.57,0.13,2,126,property,0.047619047619047616,1.0963782516529599,property,0.5856,True,0.2368,0.5856,0.1776,17.8,London,medium
51.57,0.13,3,106,property,0.018867924528301886,1.0925071279162448,property,0.4324,True,0.2268,0.4324,0.3407,34.1,London,uncertain
51.57,0.14,0,83,violent,0.14457831325301204,1.076716021300922,violent,0.5301,True,0.2178,0.252,0.5301,53.0,London,uncertain
51.57,0.14,1,73,violent,0.0,1.0938020278701863,violent,0.5591,True,0.2118,0.2292,0.5591,55.9,London,medium
51.57,0.14,2,80,violent,0.1875,1.0627532854999924,other,0.5943,False,0.5943,0.2353,0.1703,17.0,London,medium
51.57,0.14,3,97,property,0.010309278350515464,1.0810621488064038,violent,0.3549,False,0.3235,0.3216,0.3549,35.5,London,uncertain
51.57,0.15,0,40,property,0.0,1.0960673284468552,property,0.6475,True,0.1945,0.6475,0.158,15.8,London,medium
51.57,0.15,1,34,property,0.029411764705882353,1.0583453685867263,violent,0.5503,False,0.215,0.2347,0.5503,55.0,London,medium
51.57,0.15,2,43,property,0.023255813953488372,1.0980755053270417,violent,0.5492,False,0.2168,0.234,0.5492,54.9,London,uncertain
51.57,0.15,3,44,other,0.045454545454545456,1.0886382779422423,violent,0.4953,False,0.2264,0.2783,0.4953,49.5,London,uncertain
51.57,0.16,0,37,other,0.24324324324324326,1.026979429737697,violent,0.5451,False,0.2191,0.2358,0.5451,54.5,London,uncertain
51.57,0.16,1,21,violent,0.0,1.0986122886681096,property,0.3998,False,0.3443,0.3998,0.2559,25.6,London,uncertain
51.57,0.16,2,34,violent,0.11764705882352941,1.066562484888105,other,0.614,False,0.614,0.221,0.165,16.5,London,medium
51.57,0.16,3,38,violent,0.05263157894736842,1.0958871542125534,other,0.5695,False,0.5695,0.2592,0.1713,17.1,London,medium
51.57,0.17,0,54,other,0.2037037037037037,1.031097695846951,other,0.4564,True,0.4564,0.2663,0.2772,27.7,London,uncertain
51.57,0.17,1,72,other,0.09722222222222222,1.080879604843868,other,0.563,True,0.563,0.2534,0.1836,18.4,London,medium
51.57,0.17,2,63,other,0.15873015873015872,0.9894600587804188,other,0.4984,True,0.4984,0.2465,0.2551,25.5,London,uncertain
51.57,0.17,3,74,violent,0.06756756756756757,1.0897429014453814,violent,0.4381,True,0.2981,0.2638,0.4381,43.8,London,uncertain
51.57,0.18,0,178,violent,0.011235955056179775,1.0964693256195608,property,0.6398,False,0.1987,0.6398,0.1615,16.1,London,medium
51.57,0.18,1,152,violent,0.046052631578947366,1.0957500828925801,other,0.4011,False,0.4011,0.3869,0.212,21.2,London,uncertain
51.57,0.18,2,166,violent,0.05421686746987952,1.0907300786988465,other,0.6136,False,0.6136,0.222,0.1644,16.4,London,medium
51.57,0.18,3,171,violent,0.029239766081871343,1.096044097405588,violent,0.3957,True,0.2704,0.3339,0.3957,39.6,London,uncertain
51.57,0.19,0,136,other,0.15441176470588236,1.0733641452932685,property,0.6469,False,0.1951,0.6469,0.158,15.8,London,medium
51.57,0.19,1,127,other,0.11811023622047244,1.0789878695257054,property,0.647,False,0.195,0.647,0.1579,15.8,London,medium
51.57,0.19,2,137,other,0.08029197080291971,1.0825634914832147,property,0.6472,False,0.1949,0.6472,0.1579,15.8,London,medium
51.57,0.19,3,126,other,0.10317460317460317,1.087429969599259,property,0.649,False,0.1939,0.649,0.1571,15.7,London,medium
51.57,0.2,0,20,property,0.3,0.9972715231823841,property,0.6386,True,0.1982,0.6386,0.1632,16.3,London,medium
51.57,0.2,1,33,property,0.12121212121212122,1.0535084081118615,other,0.5738,False,0.5738,0.2534,0.1728,17.3,London,medium
51.57,0.2,2,29,violent,0.034482758620689655,1.0901154415671217,property,0.65,False,0.1931,0.65,0.1569,15.7,London,medium
51.57,0.2,3,27,property,0.3333333333333333,0.9429491606819862,property,0.4325,True,0.2228,0.4325,0.3448,34.5,London,uncertain
51.57,0.21,0,15,other,0.13333333333333333,1.0437570363314084,property,0.648,False,0.1945,0.648,0.1575,15.7,London,medium
51.57,0.21,1,25,violent,0.0,0.9768945101654615,property,0.647,False,0.1947,0.647,0.1582,15.8,London,medium
51.57,0.21,2,28,property,0.14285714285714285,0.8899225323739497,property,0.6486,True,0.1939,0.6486,0.1575,15.8,London,medium
51.57,0.21,3,23,violent,0.043478260869565216,1.0334920606923674,property,0.5245,False,0.2208,0.5245,0.2547,25.5,London,uncertain
51.57,0.22,0,28,property,0.32142857142857145,0.9739909329825542,property,0.6337,True,0.2021,0.6337,0.1642,16.4,London,medium
51.57,0.22,1,42,property,0.2857142857142857,0.9965089682692919,property,0.643,True,0.1972,0.643,0.1597,16.0,London,medium
51.57,0.22,2,30,property,0.23333333333333334,1.0386088352168543,property,0.6355,True,0.2011,0.6355,0.1634,16.3,London,medium
51.57,0.22,3,36,property,0.3333333333333333,0.900908873225472,property,0.6511,True,0.1928,0.6511,0.1561,15.6,London,medium
51.57,0.23,0,9,violent,0.5555555555555556,0.5297062202512142,property,0.6443,False,0.1962,0.6443,0.1595,15.9,London,medium
51.57,0.23,1,12,property,0.16666666666666666,1.0114042647073518,violent,0.4785,False,0.2325,0.289,0.4785,47.9,London,uncertain
51.57,0.23,2,4,property,0.5,0.562335165779739,violent,0.4218,False,0.2245,0.3537,0.4218,42.2,London,uncertain
51.57,0.23,3,5,property,0.0,1.0549201679861442,violent,0.4897,False,0.226,0.2844,0.4897,49.0,London,uncertain
51.57,0.24,0,9,violent,0.1111111111111111,1.0608569471580214,violent,0.5538,True,0.2148,0.2315,0.5538,55.4,London,medium
51.57,0.24,1,13,violent,0.3076923076923077,0.8587409130062867,violent,0.4137,True,0.2259,0.3604,0.4137,41.4,London,uncertain
51.57,0.24,2,15,violent,0.0,1.0549201679861442,violent,0.5574,True,0.213,0.2296,0.5574,55.7,London,medium
51.57,0.24,3,6,violent,1.0,4.3446531758480495e-08,property,0.5206,False,0.2239,0.5206,0.2555,25.5,London,uncertain
51.57,0.26,0,28,other,0.21428571428571427,1.0346012329101812,other,0.5966,True,0.5966,0.2306,0.1728,17.3,London,medium
51.57,0.26,1,19,other,0.5789473684210527,0.7534424611802384,other,0.5975,True,0.5975,0.2301,0.1724,17.2,London,medium
51.57,0.26,2,26,other,0.5384615384615384,0.7435648254271452,other,0.5998,True,0.5998,0.2288,0.1715,17.1,London,medium
51.57,0.26,3,28,other,0.8214285714285714,0.40869772507431423,other,0.5979,True,0.5979,0.2298,0.1722,17.2,London,medium
51.57,0.27,0,28,property,0.03571428571428571,1.0973511772469036,violent,0.4121,False,0.3042,0.2837,0.4121,41.2,London,uncertain
51.57,0.27,1,32,other,0.1875,1.0585075732372948,violent,0.5232,False,0.2291,0.2477,0.5232,52.3,London,uncertain
51.57,0.27,2,30,other,0.03333333333333333,1.0952733774372052,violent,0.5349,False,0.2212,0.2439,0.5349,53.5,London,uncertain
51.57,0.27,3,32,other,0.03125,1.0916499967289748,violent,0.5355,False,0.2204,0.2441,0.5355,53.5,London,uncertain
51.57,0.28,2,4,property,0.0,0.6931472015900639,property,0.6361,True,0.2011,0.6361,0.1628,16.3,London,medium
51.57,0.28,3,3,other,0.3333333333333333,0.6365141893815645,other,0.6044,True,0.6044,0.226,0.1696,17.0,London,medium
51.57,0.46,2,4,violent,0.0,0.6931472015900639,property,0.6319,False,0.2034,0.6319,0.1647,16.5,London,medium
51.58,-0.47000000000000003,0,5,other,0.2,0.6730116880595106,property,0.4731,False,0.3469,0.4731,0.18,18.0,London,uncertain
51.58,-0.47000000000000003,1,14,other,0.6428571428571429,0.6559757323365467,violent,0.4547,False,0.2657,0.2797,0.4547,45.5,London,uncertain
51.58,-0.47000000000000003,3,3,other,0.3333333333333333,0.6365141893815645,property,0.6332,False,0.2022,0.6332,0.1646,16.5,London,medium
51.58,-0.46,0,4,other,1.0,4.34465315364359e-08,other,0.609,True,0.609,0.2234,0.1676,16.8,London,medium
51.58,-0.44,0,17,other,0.5882352941176471,0.677908725644198,violent,0.5412,False,0.2205,0.2383,0.5412,54.1,London,uncertain
51.58,-0.44,1,17,property,0.0,1.0950778621205006,violent,0.5498,False,0.216,0.2342,0.5498,55.0,London,uncertain
51.58,-0.44,2,19,other,0.10526315789473684,1.0795295733255184,violent,0.5415,False,0.2175,0.241,0.5415,54.1,London,uncertain
51.58,-0.44,3,22,property,0.045454545454545456,1.0965754342577216,violent,0.4031,False,0.3363,0.2606,0.4031,40.3,London,uncertain
51.58,-0.43,0,35,property,0.11428571428571428,0.9190814579823018,property,0.4593,True,0.355,0.4593,0.1857,18.6,London,uncertain
51.58,-0.43,1,35,property,0.45714285714285713,0.8757787022914669,property,0.6469,True,0.1951,0.6469,0.158,15.8,London,medium
51.58,-0.43,2,30,property,0.13333333333333333,0.9831047662689957,property,0.646,True,0.1956,0.646,0.1584,15.8,London,medium
51.58,-0.43,3,26,property,0.07692307692307693,1.0123308391031733,property,0.5007,True,0.3191,0.5007,0.1803,18.0,London,uncertain
51.58,-0.42,0,8,property,0.125,0.9743147528693494,property,0.539,True,0.2826,0.539,0.1784,17.8,London,uncertain
51.58,-0.42,1,18,property,0.1111111111111111,1.0608569471580214,violent,0.5481,False,0.2168,0.2351,0.5481,54.8,London,uncertain
51.58,-0.42,2,11,other,0.09090909090909091,1.0361987848192837,property,0.645,False,0.1961,0.645,0.1588,15.9,London,medium
51.58,-0.42,3,12,other,0.25,1.0397207708399179,property,0.645,False,0.1961,0.645,0.1588,15.9,London,medium
51.58,-0.41000000000000003,0,31,property,0.06451612903225806,1.0206687537032066,other,0.6165,False,0.6165,0.2195,0.164,16.4,London,medium
51.58,-0.41000000000000003,1,50,other,0.06,1.0652527887260477,other,0.6082,True,0.6082,0.224,0.1677,16.8,London,medium
51.58,-0.41000000000000003,2,51,property,0.1568627450980392,0.9836183253894887,other,0.6093,False,0.6093,0.2264,0.1642,16.4,London,medium
51.58,-0.41000000000000003,3,38,other,0.13157894736842105,0.9813142444383203,other,0.6182,True,0.6182,0.2185,0.1632,16.3,London,medium
51.58,-0.4,0,65,property,0.06153846153846154,0.997134152442573,property,0.6465,True,0.1953,0.6465,0.1582,15.8,London,medium
51.58,-0.4,1,64,property,0.3125,0.9262190514038544,property,0.6477,True,0.1947,0.6477,0.1577,15.8,London,medium
51.58,-0.4,2,37,property,0.1891891891891892,1.0024374473202595,property,0.6426,True,0.1975,0.6426,0.1599,16.0,London,medium
51.58,-0.4,3,64,property,0.21875,1.015946053203231,property,0.6487,True,0.1941,0.6487,0.1572,15.7,London,medium
51.58,-0.39,0,14,property,0.07142857142857142,0.8982053397041498,violent,0.4837,False,0.2413,0.275,0.4837,48.4,London,uncertain
51.58,-0.39,1,13,other,0.3076923076923077,0.8587409130062869,violent,0.5559,False,0.2137,0.2304,0.5559,55.6,London,medium
51.58,-0.39,2,18,property,0.1111111111111111,1.0608569471580214,violent,0.5412,False,0.2163,0.2425,0.5412,54.1,London,uncertain
51.58,-0.39,3,6,property,0.16666666666666666,1.0114042647073518,violent,0.4233,False,0.2299,0.3467,0.4233,42.3,London,uncertain
51.58,-0.38,0,27,property,0.07407407407407407,1.0820131534045054,property,0.5175,True,0.2353,0.5175,0.2472,24.7,London,uncertain
51.58,-0.38,1,31,property,0.1935483870967742,1.046337357519136,property,0.5511,True,0.2223,0.5511,0.2266,22.7,London,medium
51.58,-0.38,2,25,property,0.08,1.0875656525975472,violent,0.5389,False,0.2162,0.2449,0.5389,53.9,London,uncertain
51.58,-0.38,3,37,property,0.05405405405405406,1.045253231189162,property,0.5455,True,0.2751,0.5455,0.1794,17.9,London,uncertain
51.58,-0.37,0,68,other,0.058823529411764705,1.0852333817846613,property,0.6116,False,0.213,0.6116,0.1754,17.5,London,medium
51.58,-0.37,1,49,property,0.32653061224489793,0.9404469968862406,property,0.64,True,0.1986,0.64,0.1614,16.1,London,medium
51.58,-0.37,2,53,property,0.32075471698113206,1.0025685425234472,property,0.6473,True,0.1946,0.6473,0.1581,15.8,London,medium
51.58,-0.37,3,53,property,0.41509433962264153,0.8884709951032033,property,0.4889,True,0.2288,0.4889,0.2822,28.2,London,uncertain
51.58,-0.36,0,19,property,0.15789473684210525,1.045978165699395,property,0.4932,True,0.326,0.4932,0.1808,18.1,London,uncertain
51.58,-0.36,1,25,other,0.08,0.9732531211321691,property,0.579,False,0.2442,0.579,0.1768,17.7,London,medium
51.58,-0.36,2,20,property,0.35,0.9376369622724492,other,0.4352,False,0.4352,0.37,0.1948,19.5,London,uncertain
51.58,-0.36,3,23,property,0.0,1.096692663308951,other,0.5541,False,0.5541,0.2701,0.1758,17.6,London,medium
51.58,-0.35000000000000003,0,90,property,0.1,1.0776294469349221,property,0.6311,True,0.2085,0.6311,0.1604,16.0,London,medium
51.58,-0.35000000000000003,1,91,other,0.04395604395604396,1.089291582199553,other,0.4312,True,0.4312,0.3822,0.1865,18.7,London,uncertain
51.58,-0.35000000000000003,2,81,other,0.08641975308641975,1.0055509175601154,other,0.4569,True,0.4569,0.3113,0.2318,23.2,London,uncertain
51.58,-0.35000000000000003,3,79,property,0.06329113924050633,1.0692811758160023,property,0.4343,True,0.3764,0.4343,0.1893,18.9,London,uncertain
51.58,-0.34,0,370,property,0.05675675675675676,1.0429911387598594,property,0.6482,True,0.1944,0.6482,0.1574,15.7,London,medium
51.58,-0.34,1,295,other,0.03389830508474576,1.0542017684898561,property,0.6482,False,0.1944,0.6482,0.1574,15.7,London,medium
51.58,-0.34,2,317,other,0.03470031545741325,1.0554663570519631,property,0.6503,False,0.1932,0.6503,0.1565,15.7,London,medium
51.58,-0.34,3,311,property,0.006430868167202572,1.0424124738378624,property,0.6503,True,0.1932,0.6503,0.1565,15.7,London,medium
51.58,-0.33,0,195,other,0.13846153846153847,1.0778832924925748,property,0.6468,False,0.1951,0.6468,0.158,15.8,London,medium
51.58,-0.33,1,196,other,0.04081632653061224,1.0942146267879598,property,0.5527,False,0.2643,0.5527,0.183,18.3,London,medium
51.58,-0.33,2,181,other,0.07734806629834254,1.0882828740846715,property,0.6263,False,0.209,0.6263,0.1647,16.5,London,medium
51.58,-0.33,3,181,other,0.03867403314917127,1.0947389221664245,property,0.642,False,0.1991,0.642,0.1589,15.9,London,medium
51.58,-0.32,0,85,property,0.21176470588235294,1.0403011800148514,property,0.6468,True,0.1952,0.6468,0.1581,15.8,London,medium
51.58,-0.32,1,79,property,0.3670886075949367,0.9688965785013185,property,0.6476,True,0.1947,0.6476,0.1577,15.8,London,medium
51.58,-0.32,2,78,property,0.16666666666666666,1.0609730657286587,property,0.6492,True,0.1938,0.6492,0.157,15.7,London,medium
51.58,-0.32,3,91,property,0.1978021978021978,1.0567950278036782,property,0.6395,True,0.1992,0.6395,0.1613,16.1,London,medium
51.58,-0.31,0,22,violent,0.09090909090909091,1.0843629508682477,property,0.6354,False,0.2015,0.6354,0.1631,16.3,London,medium
51.58,-0.31,1,27,other,0.037037037037037035,1.0944885526930284,other,0.619,True,0.619,0.2178,0.1631,16.3,London,medium
51.58,-0.31,2,22,property,0.3181818181818182,1.0040761387311792,property,0.5104,True,0.2745,0.5104,0.2151,21.5,London,uncertain
51.58,-0.31,3,15,property,0.13333333333333333,1.0437570363314084,other,0.6181,False,0.6181,0.2185,0.1635,16.3,London,medium
51.58,-0.3,0,28,violent,0.07142857142857142,1.0897973126663918,violent,0.5577,True,0.213,0.2293,0.5577,55.8,London,medium
51.58,-0.3,1,23,property,0.08695652173913043,1.0912436384160904,violent,0.5474,False,0.2162,0.2364,0.5474,54.7,London,uncertain
51.58,-0.3,2,22,property,0.045454545454545456,1.0965754342577216,property,0.6184,True,0.2117,0.6184,0.17,17.0,London,medium
51.58,-0.3,3,17,property,0.11764705882352941,1.0852280400722045,other,0.4929,False,0.4929,0.3367,0.1704,17.0,London,uncertain
51.58,-0.29,0,35,violent,0.11428571428571428,1.0467289072985653,other,0.6191,False,0.6191,0.218,0.163,16.3,London,medium
51.58,-0.29,1,31,violent,0.12903225806451613,1.0825554612899229,other,0.616,False,0.616,0.2209,0.1631,16.3,London,medium
51.58,-0.29,2,37,violent,0.08108108108108109,1.0848237574028836,violent,0.5617,True,0.2109,0.2274,0.5617,56.2,London,medium
51.58,-0.29,3,26,violent,0.038461538461538464,1.0484854421409808,other,0.5121,False,0.5121,0.2425,0.2454,24.5,London,uncertain
51.58,-0.28,0,36,other,0.2222222222222222,0.9981926767807552,other,0.609,True,0.609,0.2243,0.1667,16.7,London,medium
51.58,-0.28,1,43,other,0.27906976744186046,1.010776018875458,other,0.6194,True,0.6194,0.2177,0.1629,16.3,London,medium
51.58,-0.28,2,35,other,0.3142857142857143,0.9713416762758673,other,0.6211,True,0.6211,0.2169,0.162,16.2,London,medium
51.58,-0.28,3,42,other,0.23809523809523808,0.9707347271229217,other,0.6089,True,0.6089,0.2237,0.1674,16.7,London,medium
51.58,-0.27,0,21,property,0.047619047619047616,1.0466304865832219,other,0.4803,False,0.4803,0.2566,0.2631,26.3,London,uncertain
51.58,-0.27,1,26,violent,0.07692307692307693,1.0123308391031733,other,0.4621,False,0.4621,0.3635,0.1745,17.4,London,uncertain
51.58,-0.27,2,18,violent,0.05555555555555555,1.0263306332944864,property,0.6382,False,0.1996,0.6382,0.1622,16.2,London,medium
51.58,-0.27,3,28,violent,0.25,1.0397207708399179,property,0.649,False,0.1937,0.649,0.1574,15.7,London,medium
51.58,-0.26,0,49,property,0.16326530612244897,1.069492170855595,property,0.5965,True,0.2346,0.5965,0.1688,16.9,London,medium
51.58,-0.26,1,38,other,0.15789473684210525,1.045978165699395,other,0.5898,True,0.5898,0.2372,0.1729,17.3,London,medium
51.58,-0.26,2,52,property,0.057692307692307696,1.091627846724338,other,0.6195,False,0.6195,0.2177,0.1627,16.3,London,medium
51.58,-0.26,3,47,property,0.0425531914893617,1.0476718930028937,property,0.5035,True,0.2827,0.5035,0.2138,21.4,London,uncertain
51.58,-0.25,0,51,other,0.058823529411764705,1.088177104593951,property,0.6481,False,0.1945,0.6481,0.1575,15.7,London,medium
51.58,-0.25,1,42,property,0.19047619047619047,1.052922565938695,property,0.6476,True,0.1947,0.6476,0.1577,15.8,London,medium
51.58,-0.25,2,49,property,0.1836734693877551,1.004700961151847,property,0.6501,True,0.1933,0.6501,0.1566,15.7,London,medium
51.58,-0.25,3,58,property,0.06896551724137931,1.08764771526419,property,0.6501,True,0.1933,0.6501,0.1566,15.7,London,medium
51.58,-0.24,0,132,other,0.007575757575757576,1.0753938856213143,other,0.523,True,0.523,0.3007,0.1762,17.6,London,uncertain
51.58,-0.24,1,118,other,0.05084745762711865,1.0821311205240205,other,0.5338,True,0.5338,0.2918,0.1744,17.4,London,uncertain
51.58,-0.24,2,124,property,0.03225806451612903,1.0897589842167674,property,0.5965,True,0.237,0.5965,0.1665,16.6,London,medium
51.58,-0.24,3,123,property,0.1951219512195122,1.0506927260051437,other,0.5012,False,0.5012,0.3267,0.1721,17.2,London,uncertain
51.58,-0.23,0,88,violent,0.045454545454545456,1.080817275102616,property,0.6236,False,0.2088,0.6236,0.1676,16.8,London,medium
51.58,-0.23,1,114,other,0.13157894736842105,1.072251856349368,other,0.6146,True,0.6146,0.2218,0.1636,16.4,London,medium
51.58,-0.23,2,90,other,0.13333333333333333,1.081484180922268,property,0.6457,False,0.1957,0.6457,0.1586,15.9,London,medium
51.58,-0.23,3,92,other,0.03260869565217391,1.094207527504411,property,0.4701,False,0.3503,0.4701,0.1796,18.0,London,uncertain
51.58,-0.22,0,145,property,0.31724137931034485,0.9149745154772566,property,0.6486,True,0.1942,0.6486,0.1572,15.7,London,medium
51.58,-0.22,1,178,property,0.48314606741573035,0.8521849047912666,property,0.649,True,0.1939,0.649,0.1571,15.7,London,medium
51.58,-0.22,2,194,property,0.4484536082474227,0.8869199964625539,property,0.6499,True,0.1934,0.6499,0.1567,15.7,London,medium
51.58,-0.22,3,164,property,0.4024390243902439,0.9299513019827204,property,0.6499,True,0.1934,0.6499,0.1567,15.7,London,medium
51.58,-0.21,0,79,property,0.0379746835443038,1.082486142403413,other,0.5363,False,0.5363,0.2797,0.184,18.4,London,uncertain
51.58,-0.21,1,68,property,0.07352941176470588,1.064424999080642,other,0.423,False,0.423,0.3946,0.1825,18.2,London,uncertain
51.58,-0.21,2,81,other,0.1111111111111111,1.045472505183815,other,0.435,True,0.435,0.3728,0.1923,19.2,London,uncertain
51.58,-0.21,3,52,property,0.038461538461538464,1.0960439684092247,other,0.6037,False,0.6037,0.2281,0.1682,16.8,London,medium
51.58,-0.2,0,98,property,0.12244897959183673,1.0482408762303876,property,0.6483,True,0.1943,0.6483,0.1574,15.7,London,medium
51.58,-0.2,1,104,property,0.17307692307692307,1.0307129927143122,property,0.6498,True,0.1935,0.6498,0.1567,15.7,London,medium
51.58,-0.2,2,92,property,0.14130434782608695,1.0590855962914199,property,0.6507,True,0.193,0.6507,0.1563,15.6,London,medium
51.58,-0.2,3,103,property,0.23300970873786409,1.0426649273290287,property,0.6503,True,0.1932,0.6503,0.1565,15.6,London,medium
51.58,-0.19,0,14,property,0.14285714285714285,0.9922819748525739,property,0.6446,True,0.1964,0.6446,0.159,15.9,London,medium
51.58,-0.19,1,13,violent,0.15384615384615385,1.0579054247036734,property,0.6479,False,0.1946,0.6479,0.1576,15.8,London,medium
51.58,-0.19,2,20,property,0.55,0.6874357505033553,property,0.6487,True,0.1941,0.6487,0.1572,15.7,London,medium
51.58,-0.19,3,18,property,0.5555555555555556,0.5297062202512142,property,0.6462,True,0.1955,0.6462,0.1583,15.8,London,medium
51.58,-0.18,0,22,property,0.4090909090909091,0.896050224140659,property,0.6476,True,0.1947,0.6476,0.1577,15.8,London,medium
51.58,-0.18,1,17,property,0.35294117647058826,0.8082699580001821,property,0.643,True,0.1972,0.643,0.1597,16.0,London,medium
51.58,-0.18,2,17,other,0.058823529411764705,0.9718487712358765,property,0.6454,False,0.1959,0.6454,0.1587,15.9,London,medium
51.58,-0.18,3,22,property,0.2727272727272727,0.9949236325717751,property,0.6468,True,0.1951,0.6468,0.158,15.8,London,medium
51.58,-0.17,0,16,property,0.4375,0.9214934308679616,property,0.6474,True,0.1948,0.6474,0.1578,15.8,London,medium
51.58,-0.17,1,10,property,0.5,0.8018185525433373,property,0.6424,True,0.1976,0.6424,0.16,16.0,London,medium
51.58,-0.17,2,9,other,0.1111111111111111,1.0608569471580214,property,0.6487,False,0.1941,0.6487,0.1572,15.7,London,medium
51.58,-0.17,3,12,property,0.08333333333333333,1.077556327066801,property,0.6487,True,0.1941,0.6487,0.1572,15.7,London,medium
51.58,-0.16,0,18,property,0.1111111111111111,1.0608569471580214,property,0.6476,True,0.1947,0.6476,0.1577,15.8,London,medium
51.58,-0.16,1,24,property,0.5,0.8675632284814613,property,0.6472,True,0.1949,0.6472,0.1579,15.8,London,medium
51.58,-0.16,2,16,property,0.1875,1.0239287996389363,property,0.6497,True,0.1933,0.6497,0.1571,15.7,London,medium
51.58,-0.16,3,22,violent,0.0,1.0900596587107838,property,0.6485,False,0.1942,0.6485,0.1573,15.7,London,medium
51.58,-0.15,0,44,property,0.3409090909090909,0.9825358214711827,property,0.6347,True,0.2018,0.6347,0.1634,16.3,London,medium
51.58,-0.15,1,44,property,0.045454545454545456,1.0886382779422423,property,0.6501,True,0.1933,0.6501,0.1566,15.7,London,medium
51.58,-0.15,2,42,property,0.023809523809523808,1.0862643665416605,property,0.6502,True,0.1933,0.6502,0.1565,15.7,London,medium
51.58,-0.15,3,46,property,0.3695652173913043,0.9308164980309432,property,0.6438,True,0.1968,0.6438,0.1594,15.9,London,medium
51.58,-0.14,0,39,property,0.0,1.0393511293332314,property,0.6484,True,0.1943,0.6484,0.1573,15.7,London,medium
51.58,-0.14,1,24,property,0.5833333333333334,0.7214636866925115,property,0.6385,True,0.1998,0.6385,0.1618,16.2,London,medium
51.58,-0.14,2,37,property,0.2702702702702703,1.0011377114440225,property,0.6498,True,0.1935,0.6498,0.1567,15.7,London,medium
51.58,-0.14,3,40,property,0.275,0.9888506286626308,property,0.6498,True,0.1935,0.6498,0.1567,15.7,London,medium
51.58,-0.13,0,59,property,0.11864406779661017,1.0483659074539786,property,0.6491,True,0.1939,0.6491,0.157,15.7,London,medium
51.58,-0.13,1,59,property,0.1864406779661017,1.035212859004114,property,0.6487,True,0.1941,0.6487,0.1572,15.7,London,medium
51.58,-0.13,2,49,property,0.30612244897959184,0.997283030569538,property,0.6489,True,0.194,0.6489,0.1571,15.7,London,medium
51.58,-0.13,3,43,property,0.2558139534883721,1.0037401366873966,property,0.6399,True,0.199,0.6399,0.1611,16.1,London,medium
51.58,-0.12,0,134,property,0.2462686567164179,1.0335315205244615,property,0.6481,True,0.1941,0.6481,0.1578,15.8,London,medium
51.58,-0.12,1,139,property,0.2302158273381295,1.0413655797965835,property,0.6501,True,0.1933,0.6501,0.1566,15.7,London,medium
51.58,-0.12,2,157,property,0.2356687898089172,0.9685006075196119,property,0.651,True,0.1928,0.651,0.1562,15.6,London,medium
51.58,-0.12,3,147,property,0.3197278911564626,0.991629308699397,property,0.6503,True,0.1932,0.6503,0.1565,15.6,London,medium
51.58,-0.11,0,61,property,0.04918032786885246,1.085141361281851,property,0.6469,True,0.1951,0.6469,0.158,15.8,London,medium
51.58,-0.11,1,58,property,0.08620689655172414,1.0804708459076915,property,0.6502,True,0.1933,0.6502,0.1565,15.7,London,medium
51.58,-0.11,2,49,violent,0.04081632653061224,1.0957210284269407,property,0.6505,False,0.1931,0.6505,0.1564,15.6,London,medium
51.58,-0.11,3,60,violent,0.03333333333333333,1.0874652669821203,property,0.65,False,0.1931,0.65,0.1569,15.7,London,medium
51.58,-0.1,0,248,property,0.07661290322580645,1.0730387481697519,property,0.6475,True,0.1948,0.6475,0.1577,15.8,London,medium
51.58,-0.1,1,252,property,0.0873015873015873,1.0908353712105534,property,0.6482,True,0.1944,0.6482,0.1574,15.7,London,medium
51.58,-0.1,2,238,property,0.037815126050420166,1.0803808605391438,property,0.6506,True,0.193,0.6506,0.1563,15.6,London,medium
51.58,-0.1,3,226,property,0.13716814159292035,1.0735522634061925,property,0.6505,True,0.1931,0.6505,0.1564,15.6,London,medium
51.58,-0.09,0,112,violent,0.05357142857142857,1.0945250892480327,violent,0.5293,True,0.2182,0.2524,0.5293,52.9,London,uncertain
51.58,-0.09,1,102,violent,0.10784313725490197,1.0796517422398464,violent,0.552,True,0.2136,0.2344,0.552,55.2,London,medium
51.58,-0.09,2,113,violent,0.18584070796460178,1.0580891762985405,property,0.6489,False,0.1937,0.6489,0.1574,15.7,London,medium
51.58,-0.09,3,107,violent,0.06542056074766354,1.0836698340493,property,0.3978,False,0.2322,0.3978,0.3699,37.0,London,uncertain
51.58,-0.08,0,223,other,0.08968609865470852,1.071497400897172,other,0.6089,True,0.6089,0.2266,0.1645,16.4,London,medium
51.58,-0.08,1,244,other,0.06557377049180328,1.0934568021657634,other,0.62,True,0.62,0.2174,0.1626,16.3,London,medium
51.58,-0.08,2,238,other,0.15126050420168066,1.0753782768797853,other,0.62,True,0.62,0.2175,0.1625,16.3,London,medium
51.58,-0.08,3,219,other,0.1598173515981735,1.0726791703601086,other,0.6204,True,0.6204,0.2172,0.1624,16.2,London,medium
51.58,-0.07,0,308,property,0.2435064935064935,1.0395520893637795,property,0.6492,True,0.1938,0.6492,0.157,15.7,London,medium
51.58,-0.07,1,289,property,0.1695501730103806,1.0497777474634553,property,0.6484,True,0.1943,0.6484,0.1573,15.7,London,medium
51.58,-0.07,2,298,property,0.2348993288590604,1.0357379534841824,property,0.6429,True,0.1986,0.6429,0.1585,15.9,London,medium
51.58,-0.07,3,329,property,0.2613981762917933,1.0320355405516608,property,0.6505,True,0.1931,0.6505,0.1564,15.6,London,medium
51.58,-0.06,0,43,other,0.046511627906976744,1.0597319204844127,other,0.4846,True,0.4846,0.3217,0.1937,19.4,London,uncertain
51.58,-0.06,1,42,other,0.19047619047619047,1.052922565938695,property,0.4724,False,0.3092,0.4724,0.2183,21.8,London,uncertain
51.58,-0.06,2,58,violent,0.034482758620689655,1.0965463995380533,violent,0.5599,True,0.2118,0.2283,0.5599,56.0,London,medium
51.58,-0.06,3,35,violent,0.08571428571428572,1.0882194459083807,violent,0.558,True,0.2125,0.2295,0.558,55.8,London,medium
51.58,-0.04,0,60,other,0.1,1.0888999753452238,other,0.4505,True,0.4505,0.3692,0.1803,18.0,London,uncertain
51.58,-0.04,1,81,other,0.18518518518518517,1.0579147533507978,other,0.5745,True,0.5745,0.247,0.1784,17.8,London,medium
51.58,-0.04,2,84,property,0.0,1.0973207497031467,other,0.6099,False,0.6099,0.2259,0.1642,16.4,London,medium
51.58,-0.04,3,94,other,0.2765957446808511,1.0005107978787635,other,0.6206,True,0.6206,0.2171,0.1623,16.2,London,medium
51.58,-0.03,0,246,property,0.16666666666666666,1.0593767736915396,property,0.6443,True,0.1966,0.6443,0.1592,15.9,London,medium
51.58,-0.03,1,221,property,0.17647058823529413,1.0681129366005258,property,0.6494,True,0.1937,0.6494,0.1569,15.7,London,medium
51.58,-0.03,2,212,property,0.2358490566037736,1.042747428820314,property,0.6508,True,0.1929,0.6508,0.1562,15.6,London,medium
51.58,-0.03,3,214,property,0.09345794392523364,1.0691271368486037,property,0.6503,True,0.1932,0.6503,0.1565,15.7,London,medium
51.58,-0.02,0,301,property,0.009966777408637873,1.0631173184359124,property,0.6299,True,0.2089,0.6299,0.1612,16.1,London,medium
51.58,-0.02,1,306,property,0.05228758169934641,1.0351653065444024,property,0.6498,True,0.1935,0.6498,0.1567,15.7,London,medium
51.58,-0.02,2,292,property,0.04452054794520548,1.0451975833106648,property,0.6333,True,0.207,0.6333,0.1597,16.0,London,medium
51.58,-0.02,3,318,property,0.03459119496855346,1.0751336762902313,property,0.6503,True,0.1932,0.6503,0.1565,15.6,London,medium
51.58,-0.01,0,144,other,0.013888888888888888,1.0980334173990254,property,0.6484,False,0.194,0.6484,0.1576,15.8,London,medium
51.58,-0.01,1,157,other,0.21656050955414013,1.0447261542311543,property,0.65,False,0.1934,0.65,0.1566,15.7,London,medium
51.58,-0.01,2,155,other,0.09032258064516129,1.0885877463641573,property,0.6506,False,0.193,0.6506,0.1563,15.6,London,medium
51.58,-0.01,3,155,other,0.01935483870967742,1.089288705516797,property,0.6505,False,0.1931,0.6505,0.1564,15.6,London,medium
51.58,0.0,0,88,violent,0.056818181818181816,1.0751179927094408,violent,0.5432,True,0.2178,0.239,0.5432,54.3,London,uncertain
51.58,0.0,1,109,other,0.06422018348623854,1.0920556344344448,other,0.4907,True,0.4907,0.3193,0.19,19.0,London,uncertain
51.58,0.0,2,95,violent,0.0,1.0985010903560983,other,0.4113,False,0.4113,0.3309,0.2578,25.8,London,uncertain
51.58,0.0,3,105,other,0.02857142857142857,1.096160301478253,other,0.6184,True,0.6184,0.2183,0.1632,16.3,London,medium
51.58,0.01,0,22,other,0.3181818181818182,1.0040761387311792,violent,0.5569,False,0.2134,0.2297,0.5569,55.7,London,medium
51.58,0.01,1,23,other,0.30434782608695654,0.9772300460661988,other,0.6164,True,0.6164,0.2194,0.1642,16.4,London,medium
51.58,0.01,2,23,violent,0.0,1.096692663308951,other,0.6097,False,0.6097,0.2249,0.1654,16.5,London,medium
51.58,0.01,3,26,other,0.19230769230769232,1.0262864017672835,violent,0.5591,False,0.2121,0.2288,0.5591,55.9,London,medium
51.58,0.02,0,39,other,0.1794871794871795,1.037952601641004,other,0.5847,True,0.5847,0.2411,0.1743,17.4,London,medium
51.58,0.02,1,42,other,0.16666666666666666,1.0676679896547863,property,0.6491,False,0.1936,0.6491,0.1573,15.7,London,medium
51.58,0.02,2,46,property,0.043478260869565216,1.0648409968573886,other,0.5757,False,0.5757,0.25,0.1743,17.4,London,medium
51.58,0.02,3,44,other,0.11363636363636363,1.013331411386089,property,0.6491,False,0.1939,0.6491,0.157,15.7,London,medium
51.58,0.03,0,113,property,0.36283185840707965,0.9237020252791273,property,0.6475,True,0.1948,0.6475,0.1577,15.8,London,medium
51.58,0.03,1,87,property,0.41379310344827586,0.9062298722298913,property,0.6506,True,0.1931,0.6506,0.1564,15.6,London,medium
51.58,0.03,2,102,property,0.4411764705882353,0.8889636252208484,property,0.6497,True,0.1936,0.6497,0.1568,15.7,London,medium
51.58,0.03,3,109,property,0.3944954128440367,0.9542741162568289,property,0.6407,True,0.1985,0.6407,0.1608,16.1,London,medium
51.58,0.04,0,26,violent,0.0,1.0733942812811266,violent,0.4317,True,0.2977,0.2707,0.4317,43.2,London,uncertain
51.58,0.04,1,33,property,0.24242424242424243,1.0249615284856062,property,0.6454,True,0.1959,0.6454,0.1587,15.9,London,medium
51.58,0.04,2,25,violent,0.0,1.0920192874506351,property,0.6501,False,0.1933,0.6501,0.1566,15.7,London,medium
51.58,0.04,3,24,property,0.0,1.0281838593329258,property,0.6439,True,0.1965,0.6439,0.1596,16.0,London,medium
51.58,0.05,0,83,violent,0.08433734939759036,1.0828552199297385,property,0.6343,False,0.2017,0.6343,0.1639,16.4,London,medium
51.58,0.05,1,62,violent,0.1774193548387097,1.0412536801898171,property,0.6502,False,0.1933,0.6502,0.1565,15.7,London,medium
51.58,0.05,2,76,property,0.02631578947368421,1.0759394011165768,property,0.6436,True,0.1966,0.6436,0.1598,16.0,London,medium
51.58,0.05,3,62,other,0.08064516129032258,1.0744531883147115,property,0.6485,False,0.1939,0.6485,0.1576,15.8,London,medium
51.58,0.06,0,73,other,0.0273972602739726,1.0973064427472998,property,0.6437,False,0.1968,0.6437,0.1594,15.9,London,medium
51.58,0.06,1,66,other,0.06060606060606061,1.0938742528601115,property,0.6493,False,0.1938,0.6493,0.1569,15.7,London,medium
51.58,0.06,2,64,property,0.03125,1.0969145891465133,property,0.6492,True,0.1938,0.6492,0.157,15.7,London,medium
51.58,0.06,3,64,property,0.09375,1.076320800076152,property,0.6483,True,0.1943,0.6483,0.1574,15.7,London,medium
51.58,0.07,0,130,other,0.015384615384615385,1.0969419404905107,property,0.4899,False,0.308,0.4899,0.202,20.2,London,uncertain
51.58,0.07,1,103,property,0.038834951456310676,1.0971225627478494,property,0.3523,True,0.2988,0.3523,0.3489,34.9,London,uncertain
51.58,0.07,2,113,violent,0.017699115044247787,1.0944665048864408,property,0.5595,False,0.2661,0.5595,0.1744,17.4,London,medium
51.58,0.07,3,98,other,0.030612244897959183,1.0972701890709775,property,0.4671,False,0.3288,0.4671,0.2042,20.4,London,uncertain
51.58,0.08,0,79,property,0.21518987341772153,1.0520061976205106,property,0.647,True,0.1947,0.647,0.1583,15.8,London,medium
51.58,0.08,1,75,property,0.12,1.068358338884637,property,0.6499,True,0.1929,0.6499,0.1572,15.7,London,medium
51.58,0.08,2,88,property,0.09090909090909091,1.0528004601574483,property,0.6032,True,0.2079,0.6032,0.189,18.9,London,medium
51.58,0.08,3,90,property,0.2111111111111111,1.0452406624824828,property,0.6509,True,0.1929,0.6509,0.1562,15.6,London,medium
51.58,0.09,0,59,violent,0.1016949152542373,1.086611843576273,violent,0.5545,True,0.2142,0.2313,0.5545,55.5,London,medium
51.58,0.09,1,59,violent,0.03389830508474576,1.0930932694325255,property,0.5768,False,0.2485,0.5768,0.1747,17.5,London,medium
51.58,0.09,2,57,other,0.017543859649122806,1.0976885008630912,property,0.5467,False,0.2724,0.5467,0.1809,18.1,London,uncertain
51.58,0.09,3,47,violent,0.14893617021276595,1.0692826314066222,property,0.5553,False,0.2323,0.5553,0.2123,21.2,London,medium
51.58,0.1,0,24,violent,0.16666666666666666,1.0635215028672123,property,0.4832,False,0.2914,0.4832,0.2253,22.5,London,uncertain
51.58,0.1,1,28,violent,0.17857142857142858,1.0607314736099946,violent,0.516,True,0.2436,0.2403,0.516,51.6,London,uncertain
51.58,0.1,2,45,other,0.044444444444444446,1.0163800862903647,violent,0.5626,False,0.2104,0.2269,0.5626,56.3,London,medium
51.58,0.1,3,37,property,0.10810810810810811,1.0398276548241476,property,0.4234,True,0.2253,0.4234,0.3513,35.1,London,uncertain
51.58,0.11,0,124,violent,0.6209677419354839,0.7188406137555529,violent,0.5526,True,0.215,0.2323,0.5526,55.3,London,medium
51.58,0.11,1,138,violent,0.5797101449275363,0.7647640985702802,violent,0.5523,True,0.2153,0.2324,0.5523,55.2,London,medium
51.58,0.11,2,130,violent,0.6923076923076923,0.6189772142016319,violent,0.5548,True,0.2141,0.2311,0.5548,55.5,London,medium
51.58,0.11,3,157,violent,0.6050955414012739,0.712705740232153,violent,0.5548,True,0.2141,0.2311,0.5548,55.5,London,medium
51.58,0.12,0,55,violent,0.2,1.0568229012378292,violent,0.5498,True,0.2162,0.234,0.5498,55.0,London,uncertain
51.58,0.12,1,65,other,0.18461538461538463,1.0631989631117709,violent,0.5463,False,0.2177,0.2359,0.5463,54.6,London,uncertain
51.58,0.12,2,49,violent,0.08163265306122448,1.0657703788875728,violent,0.5606,True,0.2111,0.2283,0.5606,56.1,London,medium
51.58,0.12,3,53,other,0.18867924528301888,1.0094005281351683,violent,0.5602,False,0.2115,0.2282,0.5602,56.0,London,medium
51.58,0.13,0,63,violent,0.2222222222222222,1.027665167999117,violent,0.5449,True,0.2187,0.2363,0.5449,54.5,London,uncertain
51.58,0.13,1,55,violent,0.14545454545454545,1.012661236463285,violent,0.4298,True,0.3135,0.2567,0.4298,43.0,London,uncertain
51.58,0.13,2,49,violent,0.04081632653061224,1.0866507246388304,property,0.648,False,0.1942,0.648,0.1578,15.8,London,medium
51.58,0.13,3,61,violent,0.16393442622950818,1.0235391933253348,violent,0.5594,True,0.2119,0.2286,0.5594,55.9,London,medium
51.58,0.14,0,102,violent,0.08823529411764706,1.0822819419272887,violent,0.411,True,0.3245,0.2645,0.411,41.1,London,uncertain
51.58,0.14,1,88,property,0.011363636363636364,1.092915816178936,other,0.3995,False,0.3995,0.2722,0.3283,32.8,London,uncertain
51.58,0.14,2,90,other,0.15555555555555556,1.0715987805361908,violent,0.464,False,0.2364,0.2996,0.464,46.4,London,uncertain
51.58,0.14,3,80,violent,0.0625,1.0910206309992754,other,0.6009,False,0.6009,0.2274,0.1717,17.2,London,medium
51.58,0.15,0,8,violent,0.125,0.9743147528693494,violent,0.5612,True,0.2112,0.2276,0.5612,56.1,London,medium
51.58,0.15,2,3,property,0.3333333333333333,0.6365141893815645,property,0.6482,True,0.1944,0.6482,0.1574,15.7,London,medium
51.58,0.15,3,3,violent,0.3333333333333333,0.6365141893815645,property,0.6311,False,0.2035,0.6311,0.1654,16.5,London,medium
51.58,0.16,0,36,other,0.027777777777777776,1.0962947871994972,other,0.4637,True,0.4637,0.3585,0.1778,17.8,London,uncertain
51.58,0.16,1,38,other,0.10526315789473684,1.0132690262497301,property,0.5926,False,0.2321,0.5926,0.1754,17.5,London,medium
51.58,0.16,2,37,other,0.13513513513513514,1.076752548142629,property,0.6427,False,0.1975,0.6427,0.1599,16.0,London,medium
51.58,0.16,3,33,other,0.09090909090909091,1.0905668491367564,property,0.6487,False,0.1938,0.6487,0.1575,15.7,London,medium
51.58,0.17,0,75,other,0.02666666666666667,1.0964766739337457,violent,0.3799,False,0.3101,0.31,0.3799,38.0,London,uncertain
51.58,0.17,1,80,other,0.1625,1.0592566934195145,property,0.4956,False,0.2897,0.4956,0.2148,21.5,London,uncertain
51.58,0.17,2,75,other,0.08,1.0875656525975472,other,0.6173,True,0.6173,0.2201,0.1625,16.3,London,medium
51.58,0.17,3,84,other,0.15476190476190477,1.0554149560840622,other,0.6189,True,0.6189,0.2179,0.1632,16.3,London,medium
51.58,0.18,0,377,other,0.002652519893899204,1.0964167358890604,property,0.6331,False,0.2036,0.6331,0.1633,16.3,London,medium
51.58,0.18,1,341,violent,0.0,1.0981879215660584,property,0.65,False,0.1934,0.65,0.1566,15.7,London,medium
51.58,0.18,2,364,property,0.03571428571428571,1.0958536051834225,property,0.6505,True,0.1931,0.6505,0.1564,15.6,London,medium
51.58,0.18,3,377,other,0.007957559681697613,1.0980535490572618,property,0.6497,False,0.1935,0.6497,0.1567,15.7,London,medium
51.58,0.19,0,112,violent,0.026785714285714284,1.0946642433230132,property,0.4936,False,0.2889,0.4936,0.2175,21.8,London,uncertain
51.58,0.19,1,92,property,0.07608695652173914,1.0857909700989752,property,0.646,True,0.1953,0.646,0.1587,15.9,London,medium
51.58,0.19,2,117,violent,0.03418803418803419,1.0970939279145044,property,0.6494,False,0.1934,0.6494,0.1572,15.7,London,medium
51.58,0.19,3,110,property,0.07272727272727272,1.0864172100952514,property,0.6494,True,0.1934,0.6494,0.1572,15.7,London,medium
51.58,0.2,0,39,other,0.10256410256410256,1.0851732524354265,property,0.6492,False,0.1938,0.6492,0.157,15.7,London,medium
51.58,0.2,1,31,property,0.16129032258064516,1.0676208772568145,property,0.6245,True,0.212,0.6245,0.1635,16.3,London,medium
51.58,0.2,2,31,other,0.0967741935483871,1.078963820279368,other,0.6158,True,0.6158,0.2199,0.1643,16.4,London,medium
51.58,0.2,3,24,violent,0.0,1.0821955300387671,property,0.5132,False,0.2248,0.5132,0.262,26.2,London,uncertain
51.58,0.21,0,89,other,0.06741573033707865,1.089078427670991,other,0.5993,True,0.5993,0.2346,0.1661,16.6,London,medium
51.58,0.21,1,83,other,0.024096385542168676,1.090870133398794,property,0.3897,False,0.2439,0.3897,0.3664,36.6,London,uncertain
51.58,0.21,2,74,other,0.04054054054054054,1.0962643597333857,other,0.6179,True,0.6179,0.2189,0.1632,16.3,London,medium
51.58,0.21,3,63,property,0.047619047619047616,1.091786238095127,property,0.6212,True,0.2103,0.6212,0.1685,16.8,London,medium
51.58,0.22,0,19,property,0.21052631578947367,1.0565758044102838,property,0.6326,True,0.203,0.6326,0.1644,16.4,London,medium
51.58,0.22,1,25,other,0.04,1.0768186672148103,property,0.6295,False,0.2044,0.6295,0.1661,16.6,London,medium
51.58,0.22,2,22,violent,0.13636363636363635,1.0594782926538544,property,0.6491,False,0.1939,0.6491,0.157,15.7,London,medium
51.58,0.22,3,30,violent,0.0,1.0986122886681096,property,0.6478,False,0.1946,0.6478,0.1576,15.8,London,medium
51.58,0.23,0,16,violent,0.125,0.9743147528693494,violent,0.4505,True,0.2282,0.3212,0.4505,45.1,London,uncertain
51.58,0.23,1,14,other,0.07142857142857142,1.060944240790747,violent,0.4078,False,0.2273,0.3649,0.4078,40.8,London,uncertain
51.58,0.23,2,14,other,0.21428571428571427,0.8760057656431737,property,0.5804,False,0.2109,0.5804,0.2087,20.9,London,medium
51.58,0.23,3,11,violent,0.18181818181818182,1.0670895187820832,property,0.6479,False,0.1943,0.6479,0.1578,15.8,London,medium
51.58,0.24,0,17,violent,0.11764705882352941,1.0852280400722045,property,0.6477,False,0.1947,0.6477,0.1577,15.8,London,medium
51.58,0.24,1,15,violent,0.0,1.0986122886681096,property,0.6471,False,0.195,0.6471,0.1579,15.8,London,medium
51.58,0.24,2,18,property,0.05555555555555555,1.0893096789558299,property,0.461,True,0.2834,0.461,0.2556,25.6,London,uncertain
51.58,0.24,3,14,violent,0.0,1.0933747175566466,property,0.6457,False,0.1957,0.6457,0.1585,15.9,London,medium
51.58,0.27,2,3,other,1.0,4.34465315364359e-08,property,0.632,False,0.2034,0.632,0.1647,16.5,London,medium
51.59,-0.49,0,7,violent,0.14285714285714285,1.0789922078775833,property,0.4547,False,0.2327,0.4547,0.3125,31.3,London,uncertain
51.59,-0.49,1,8,other,0.25,1.0397207708399179,property,0.4485,False,0.226,0.4485,0.3254,32.5,London,uncertain
51.59,-0.49,2,3,violent,0.3333333333333333,0.6365141893815645,violent,0.3945,True,0.3351,0.2704,0.3945,39.4,London,uncertain
51.59,-0.49,3,4,violent,0.25,1.0397207708399179,property,0.6309,False,0.2034,0.6309,0.1657,16.6,London,medium
51.59,-0.48,0,6,other,0.16666666666666666,1.0114042647073518,other,0.6138,True,0.6138,0.2212,0.1651,16.5,London,medium
51.59,-0.48,1,11,violent,0.09090909090909091,1.0361987848192837,other,0.6173,False,0.6173,0.2188,0.1639,16.4,London,medium
51.59,-0.48,2,6,violent,0.16666666666666666,1.0114042647073518,other,0.6035,False,0.6035,0.2291,0.1674,16.7,London,medium
51.59,-0.48,3,9,property,0.4444444444444444,0.8486855577264172,other,0.6192,False,0.6192,0.2178,0.163,16.3,London,medium
51.59,-0.46,0,5,other,1.0,4.34465315364359e-08,property,0.6323,False,0.2032,0.6323,0.1645,16.5,London,medium
51.59,-0.46,1,3,other,1.0,4.34465315364359e-08,property,0.6348,False,0.2018,0.6348,0.1634,16.3,London,medium
51.59,-0.46,2,3,other,0.3333333333333333,0.6365141893815645,other,0.441,True,0.441,0.3786,0.1804,18.0,London,uncertain
51.59,-0.46,3,6,other,1.0,4.34465315364359e-08,property,0.6345,False,0.202,0.6345,0.1636,16.4,London,medium
51.59,-0.44,0,15,property,0.26666666666666666,1.009613758174038,property,0.644,True,0.1967,0.644,0.1593,15.9,London,medium
51.59,-0.44,1,19,property,0.2631578947368421,1.017164350924834,property,0.6448,True,0.1963,0.6448,0.159,15.9,London,medium
51.59,-0.44,2,12,other,0.08333333333333333,0.9184277849930977,property,0.6444,False,0.1965,0.6444,0.1591,15.9,London,medium
51.59,-0.44,3,12,violent,0.08333333333333333,1.077556327066801,property,0.647,False,0.195,0.647,0.1579,15.8,London,medium
51.59,-0.43,0,3,violent,0.0,1.0986122886681096,violent,0.4141,True,0.3221,0.2638,0.4141,41.4,London,uncertain
51.59,-0.43,1,3,violent,1.0,4.3446531758480495e-08,other,0.3746,False,0.3746,0.2614,0.3641,36.4,London,uncertain
51.59,-0.43,2,3,violent,0.3333333333333333,0.6365141893815645,violent,0.5597,True,0.2119,0.2284,0.5597,56.0,London,medium
51.59,-0.43,3,4,other,0.25,1.0397207708399179,other,0.6167,True,0.6167,0.2188,0.1644,16.4,London,medium
51.59,-0.42,0,6,violent,0.3333333333333333,0.6365141893815645,other,0.6147,False,0.6147,0.2203,0.1651,16.5,London,medium
51.59,-0.42,1,7,violent,0.14285714285714285,0.6829081257408294,other,0.6124,False,0.6124,0.2215,0.1662,16.6,London,medium
51.59,-0.42,2,10,violent,0.1,0.9433483923290392,violent,0.3761,True,0.3692,0.2546,0.3761,37.6,London,uncertain
51.59,-0.42,3,14,other,0.2857142857142857,0.9556998911125343,other,0.4363,True,0.4363,0.3848,0.1789,17.9,London,uncertain
51.59,-0.41000000000000003,0,27,property,0.14814814814814814,1.0708078595494446,property,0.6199,True,0.2099,0.6199,0.1701,17.0,London,medium
51.59,-0.41000000000000003,1,29,violent,0.2413793103448276,1.0222323070437096,property,0.555,False,0.2266,0.555,0.2184,21.8,London,medium
51.59,-0.41000000000000003,2,28,violent,0.14285714285714285,1.0511359509468368,property,0.6494,False,0.1937,0.6494,0.1569,15.7,London,medium
51.59,-0.41000000000000003,3,24,violent,0.08333333333333333,0.9184277849930975,other,0.5588,False,0.5588,0.262,0.1791,17.9,London,medium
51.59,-0.4,0,3,property,0.3333333333333333,0.6365141893815645,property,0.6462,True,0.1955,0.6462,0.1583,15.8,London,medium
51.59,-0.4,1,13,property,0.07692307692307693,1.0123308391031733,violent,0.4178,False,0.2289,0.3533,0.4178,41.8,London,uncertain
51.59,-0.4,2,10,property,0.3,0.8979457248567798,property,0.6446,True,0.1964,0.6446,0.159,15.9,London,medium
51.59,-0.4,3,7,property,0.2857142857142857,0.9556998911125343,property,0.6458,True,0.1957,0.6458,0.1585,15.8,London,medium
51.59,-0.39,0,17,property,0.0,1.0368263468339387,property,0.6251,True,0.2107,0.6251,0.1642,16.4,London,medium
51.59,-0.39,1,14,violent,0.07142857142857142,1.060944240790747,property,0.5931,False,0.2257,0.5931,0.1812,18.1,London,medium
51.59,-0.39,2,13,other,0.07692307692307693,1.0123308391031733,property,0.642,False,0.1975,0.642,0.1605,16.1,London,medium
51.59,-0.39,3,8,other,0.25,1.0397207708399179,other,0.6084,True,0.6084,0.2243,0.1674,16.7,London,medium
51.59,-0.38,0,68,other,0.014705882352941176,1.0820513454817062,property,0.6249,False,0.2118,0.6249,0.1633,16.3,London,medium
51.59,-0.38,1,67,property,0.08955223880597014,1.0210755005622103,property,0.6017,True,0.2268,0.6017,0.1715,17.2,London,medium
51.59,-0.38,2,64,property,0.125,1.0361059705283655,other,0.5884,False,0.5884,0.2454,0.1662,16.6,London,medium
51.59,-0.38,3,59,property,0.1016949152542373,1.0385643155143491,property,0.6437,True,0.1968,0.6437,0.1594,15.9,London,medium
51.59,-0.37,0,11,property,0.18181818181818182,1.0670895187820832,other,0.6142,False,0.6142,0.2209,0.1649,16.5,London,medium
51.59,-0.37,1,11,other,0.18181818181818182,0.9164648855394713,other,0.5999,True,0.5999,0.2321,0.1679,16.8,London,medium
51.59,-0.37,2,15,other,0.13333333333333333,0.8823109245150755,property,0.6447,False,0.1963,0.6447,0.159,15.9,London,medium
51.59,-0.37,3,12,property,0.16666666666666666,1.0114042647073518,other,0.4566,False,0.4566,0.3689,0.1746,17.5,London,uncertain
51.59,-0.36,0,60,violent,0.03333333333333333,1.0739607536079796,other,0.5969,False,0.5969,0.2365,0.1666,16.7,London,medium
51.59,-0.36,1,66,other,0.22727272727272727,1.0497637937309316,property,0.4975,False,0.2814,0.4975,0.2211,22.1,London,uncertain
51.59,-0.36,2,59,property,0.05084745762711865,1.094927846953579,property,0.6339,True,0.2033,0.6339,0.1629,16.3,London,medium
51.59,-0.36,3,60,violent,0.0,1.0986122886681096,property,0.6352,False,0.2025,0.6352,0.1623,16.2,London,medium
51.59,-0.35000000000000003,0,56,other,0.10714285714285714,1.074516223144162,property,0.4105,False,0.4012,0.4105,0.1883,18.8,London,uncertain
51.59,-0.35000000000000003,1,65,other,0.046153846153846156,1.0955732915629848,property,0.5377,False,0.2879,0.5377,0.1744,17.4,London,uncertain
51.59,-0.35000000000000003,2,61,violent,0.01639344262295082,1.095060801743708,property,0.5215,False,0.3068,0.5215,0.1718,17.2,London,uncertain
51.59,-0.35000000000000003,3,67,property,0.08955223880597014,1.0782853491261253,property,0.5984,True,0.2384,0.5984,0.1632,16.3,London,medium
51.59,-0.34,0,77,other,0.1038961038961039,1.0445128172981057,other,0.6159,True,0.6159,0.221,0.1631,16.3,London,medium
51.59,-0.34,1,89,other,0.07865168539325842,1.0662035283869487,other,0.5729,True,0.5729,0.2579,0.1692,16.9,London,medium
51.59,-0.34,2,87,other,0.011494252873563218,1.0957927763848971,other,0.612,True,0.612,0.2248,0.1632,16.3,London,medium
51.59,-0.34,3,75,other,0.25333333333333335,1.0220885238566768,other,0.4326,True,0.4326,0.3739,0.1935,19.3,London,uncertain
51.59,-0.33,0,169,property,0.005917159763313609,1.0898801242374756,property,0.5727,True,0.253,0.5727,0.1744,17.4,London,medium
51.59,-0.33,1,152,violent,0.06578947368421052,1.0911288913050814,other,0.5985,False,0.5985,0.232,0.1695,16.9,London,medium
51.59,-0.33,2,165,other,0.04242424242424243,1.0931981673299118,property,0.5108,False,0.2618,0.5108,0.2274,22.7,London,uncertain
51.59,-0.33,3,163,property,0.03680981595092025,1.0966748150543664,property,0.4325,True,0.342,0.4325,0.2254,22.5,London,uncertain
51.59,-0.32,0,29,violent,0.10344827586206896,1.0835222669892097,property,0.6425,False,0.1976,0.6425,0.16,16.0,London,medium
51.59,-0.32,1,44,violent,0.045454545454545456,1.0702359491930813,property,0.648,False,0.1942,0.648,0.1578,15.8,London,medium
51.59,-0.32,2,38,property,0.2631578947368421,1.0171643509248343,other,0.4777,False,0.4777,0.3022,0.2201,22.0,London,uncertain
51.59,-0.32,3,25,violent,0.16,1.0740922213659423,property,0.5595,False,0.2487,0.5595,0.1918,19.2,London,medium
51.59,-0.31,0,42,property,0.0,1.0933747175566468,other,0.6187,False,0.6187,0.2182,0.1631,16.3,London,medium
51.59,-0.31,1,36,other,0.25,1.0397207708399179,other,0.6196,True,0.6196,0.2175,0.1628,16.3,London,medium
51.59,-0.31,2,40,violent,0.0,1.0960673284468552,violent,0.4998,True,0.2498,0.2503,0.4998,50.0,London,uncertain
51.59,-0.31,3,28,property,0.21428571428571427,1.0346012329101812,property,0.5736,True,0.2169,0.5736,0.2096,21.0,London,medium
51.59,-0.3,0,71,violent,0.04225352112676056,1.096062821705936,other,0.6134,False,0.6134,0.2201,0.1665,16.7,London,medium
51.59,-0.3,1,70,violent,0.07142857142857142,1.0924166627894774,other,0.6096,False,0.6096,0.2233,0.1672,16.7,London,medium
51.59,-0.3,2,60,violent,0.1,1.0486537893593546,other,0.606,False,0.606,0.2272,0.1667,16.7,London,medium
51.59,-0.3,3,72,property,0.06944444444444445,1.091206890634555,other,0.6181,False,0.6181,0.2185,0.1634,16.3,London,medium
51.59,-0.29,0,62,other,0.06451612903225806,1.0914145617941,property,0.6494,False,0.1937,0.6494,0.1569,15.7,London,medium
51.59,-0.29,1,52,property,0.019230769230769232,1.0937093866039949,property,0.6419,True,0.1979,0.6419,0.1603,16.0,London,medium
51.59,-0.29,2,60,other,0.03333333333333333,1.0952733774372052,property,0.6508,False,0.1929,0.6508,0.1562,15.6,London,medium
51.59,-0.29,3,55,violent,0.0,1.0549201679861442,property,0.5989,False,0.2356,0.5989,0.1655,16.5,London,medium
51.59,-0.28,0,156,property,0.21794871794871795,1.0356003007678631,property,0.6478,True,0.1946,0.6478,0.1576,15.8,London,medium
51.59,-0.28,1,106,property,0.20754716981132076,1.0324767475914545,property,0.6472,True,0.1949,0.6472,0.1579,15.8,London,medium
51.59,-0.28,2,138,property,0.34782608695652173,0.985984617175194,property,0.6499,True,0.1934,0.6499,0.1567,15.7,London,medium
51.59,-0.28,3,133,property,0.3007518796992481,0.9778291460133086,property,0.6499,True,0.1934,0.6499,0.1567,15.7,London,medium
51.59,-0.27,0,37,property,0.32432432432432434,0.9803405226008446,property,0.5466,True,0.2193,0.5466,0.2341,23.4,London,uncertain
51.59,-0.27,1,28,property,0.2857142857142857,0.9556998911125343,violent,0.5607,False,0.2113,0.228,0.5607,56.1,London,medium
51.59,-0.27,2,26,property,0.19230769230769232,1.0262864017672833,property,0.6508,True,0.1929,0.6508,0.1563,15.6,London,medium
51.59,-0.27,3,26,property,0.3076923076923077,1.0100997593541636,violent,0.4142,False,0.2246,0.3612,0.4142,41.4,London,uncertain
51.59,-0.26,0,116,property,0.12931034482758622,1.0769355724634655,property,0.6495,True,0.1936,0.6495,0.1568,15.7,London,medium
51.59,-0.26,1,155,property,0.16129032258064516,1.0715553319030153,property,0.6485,True,0.1942,0.6485,0.1573,15.7,London,medium
51.59,-0.26,2,130,property,0.15384615384615385,1.0703788618537018,property,0.6361,True,0.2011,0.6361,0.1628,16.3,London,medium
51.59,-0.26,3,133,property,0.03759398496240601,1.060979190296198,property,0.6489,True,0.194,0.6489,0.1571,15.7,London,medium
51.59,-0.25,0,154,other,0.36363636363636365,0.9478503890273293,other,0.6148,True,0.6148,0.2199,0.1653,16.5,London,medium
51.59,-0.25,1,153,other,0.3202614379084967,0.9942576110938203,other,0.6142,True,0.6142,0.2203,0.1655,16.5,London,medium
51.59,-0.25,2,169,other,0.46745562130177515,0.8791773467347961,other,0.6159,True,0.6159,0.2193,0.1648,16.5,London,medium
51.59,-0.25,3,155,other,0.3032258064516129,0.9918851612629722,other,0.6159,True,0.6159,0.2193,0.1648,16.5,London,medium
51.59,-0.24,0,78,property,0.11538461538461539,0.9944434274589189,property,0.6504,True,0.1932,0.6504,0.1564,15.6,London,medium
51.59,-0.24,1,82,property,0.012195121951219513,1.0737742127179952,property,0.6425,True,0.1972,0.6425,0.1602,16.0,London,medium
51.59,-0.24,2,115,property,0.1826086956521739,1.039452400001089,property,0.6505,True,0.1926,0.6505,0.1569,15.7,London,medium
51.59,-0.24,3,73,violent,0.0684931506849315,1.0776579519196152,property,0.5176,False,0.276,0.5176,0.2063,20.6,London,uncertain
51.59,-0.23,0,116,property,0.02586206896551724,1.0817495438893507,property,0.6493,True,0.1938,0.6493,0.1569,15.7,London,medium
51.59,-0.23,1,104,other,0.07692307692307693,1.0457329781877107,property,0.6485,False,0.1942,0.6485,0.1573,15.7,London,medium
51.59,-0.23,2,83,property,0.10843373493975904,1.058209515087285,property,0.6506,True,0.1931,0.6506,0.1564,15.6,London,medium
51.59,-0.23,3,99,other,0.050505050505050504,1.0772849789725938,property,0.6429,False,0.1973,0.6429,0.1598,16.0,London,medium
51.59,-0.22,0,171,property,0.15789473684210525,1.020736920132646,property,0.5954,True,0.2349,0.5954,0.1697,17.0,London,medium
51.59,-0.22,1,178,property,0.14606741573033707,1.01699010373374,property,0.5742,True,0.2489,0.5742,0.1769,17.7,London,medium
51.59,-0.22,2,193,property,0.26424870466321243,1.014889606581084,property,0.6075,True,0.229,0.6075,0.1635,16.3,London,medium
51.59,-0.22,3,152,property,0.19736842105263158,1.0442659246195558,property,0.5607,True,0.267,0.5607,0.1724,17.2,London,medium
51.59,-0.21,0,61,property,0.14754098360655737,1.0719278546637319,property,0.6485,True,0.1942,0.6485,0.1573,15.7,London,medium
51.59,-0.21,1,49,property,0.2857142857142857,1.0161827922576345,property,0.6497,True,0.1935,0.6497,0.1567,15.7,London,medium
51.59,-0.21,2,55,property,0.09090909090909091,1.0886244510747414,property,0.6505,True,0.1931,0.6505,0.1564,15.6,London,medium
51.59,-0.21,3,46,property,0.06521739130434782,1.0116189208867028,property,0.6328,True,0.2037,0.6328,0.1635,16.4,London,medium
51.59,-0.2,0,55,property,0.12727272727272726,1.0730655235611983,property,0.6343,True,0.2021,0.6343,0.1636,16.4,London,medium
51.59,-0.2,1,68,property,0.058823529411764705,1.073383620336505,property,0.6497,True,0.1935,0.6497,0.1567,15.7,London,medium
51.59,-0.2,2,67,property,0.014925373134328358,1.0886944224926576,property,0.649,True,0.194,0.649,0.1571,15.7,London,medium
51.59,-0.2,3,64,property,0.03125,1.091649996728975,property,0.6502,True,0.1933,0.6502,0.1565,15.7,London,medium
51.59,-0.19,0,45,other,0.13333333333333333,1.006979721479061,other,0.591,True,0.591,0.2399,0.1691,16.9,London,medium
51.59,-0.19,1,42,violent,0.023809523809523808,1.0862643665416605,other,0.6156,False,0.6156,0.2199,0.1645,16.4,London,medium
51.59,-0.19,2,48,other,0.020833333333333332,1.0973093562969467,property,0.5261,False,0.301,0.5261,0.1729,17.3,London,uncertain
51.59,-0.19,3,47,other,0.10638297872340426,1.0766523190490165,other,0.4297,True,0.4297,0.3935,0.1768,17.7,London,uncertain
51.59,-0.18,0,43,property,0.11627906976744186,1.0823649276334009,property,0.6467,True,0.1952,0.6467,0.1581,15.8,London,medium
51.59,-0.18,1,43,property,0.2558139534883721,1.0308365597725047,property,0.6479,True,0.1942,0.6479,0.1578,15.8,London,medium
51.59,-0.18,2,48,property,0.16666666666666666,1.0635215028672123,property,0.6495,True,0.1933,0.6495,0.1571,15.7,London,medium
51.59,-0.18,3,34,property,0.11764705882352941,1.0852280400722045,property,0.6509,True,0.1929,0.6509,0.1562,15.6,London,medium
51.59,-0.17,0,63,property,0.06349206349206349,1.032787643629017,property,0.648,True,0.1945,0.648,0.1575,15.8,London,medium
51.59,-0.17,1,78,property,0.20512820512820512,1.0560219109061557,property,0.6501,True,0.1933,0.6501,0.1566,15.7,London,medium
51.59,-0.17,2,83,property,0.14457831325301204,1.0588029612625791,property,0.6502,True,0.1933,0.6502,0.1565,15.7,London,medium
51.59,-0.17,3,80,property,0.1625,1.068801385386603,property,0.6502,True,0.1933,0.6502,0.1565,15.7,London,medium
51.59,-0.16,0,57,property,0.5087719298245614,0.8405900842830527,property,0.6316,True,0.2036,0.6316,0.1648,16.5,London,medium
51.59,-0.16,1,50,property,0.72,0.5950465705976123,property,0.6477,True,0.1946,0.6477,0.1576,15.8,London,medium
51.59,-0.16,2,57,property,0.49122807017543857,0.8346806846200681,property,0.6499,True,0.1935,0.6499,0.1567,15.7,London,medium
51.59,-0.16,3,56,property,0.5714285714285714,0.7119025417651226,property,0.6499,True,0.1935,0.6499,0.1567,15.7,London,medium
51.59,-0.15,0,56,property,0.23214285714285715,0.9521076545823333,property,0.649,True,0.194,0.649,0.1571,15.7,London,medium
51.59,-0.15,1,67,property,0.08955223880597014,1.0782853491261253,property,0.6508,True,0.1929,0.6508,0.1563,15.6,London,medium
51.59,-0.15,2,67,property,0.16417910447761194,1.043717653773104,property,0.6502,True,0.1933,0.6502,0.1565,15.7,London,medium
51.59,-0.15,3,66,property,0.2727272727272727,1.0287593337139636,property,0.6499,True,0.1935,0.6499,0.1567,15.7,London,medium
51.59,-0.14,0,122,property,0.5245901639344263,0.8357427806672801,property,0.6478,True,0.1946,0.6478,0.1576,15.8,London,medium
51.59,-0.14,1,111,property,0.5135135135135135,0.8406879128280096,property,0.6491,True,0.1939,0.6491,0.157,15.7,London,medium
51.59,-0.14,2,109,property,0.3761467889908257,0.903633001965788,property,0.6487,True,0.1941,0.6487,0.1572,15.7,London,medium
51.59,-0.14,3,108,property,0.2962962962962963,0.9888252503713348,property,0.65,True,0.1934,0.65,0.1566,15.7,London,medium
51.59,-0.13,0,64,property,0.21875,1.015946053203231,property,0.6476,True,0.1944,0.6476,0.158,15.8,London,medium
51.59,-0.13,1,51,property,0.09803921568627451,1.0693464048754113,property,0.6461,True,0.1955,0.6461,0.1584,15.8,London,medium
51.59,-0.13,2,75,property,0.21333333333333335,1.0062932760372887,property,0.6502,True,0.1933,0.6502,0.1565,15.7,London,medium
51.59,-0.13,3,72,property,0.2361111111111111,1.0247305460237044,property,0.6501,True,0.1933,0.6501,0.1566,15.7,London,medium
51.59,-0.12,0,129,violent,0.023255813953488372,1.0980755053270417,other,0.616,False,0.616,0.2198,0.1642,16.4,London,medium
51.59,-0.12,1,99,other,0.20202020202020202,1.036677982768728,other,0.6176,True,0.6176,0.2188,0.1636,16.4,London,medium
51.59,-0.12,2,124,other,0.13709677419354838,1.079399828872683,other,0.6086,True,0.6086,0.2269,0.1645,16.5,London,medium
51.59,-0.12,3,129,other,0.06976744186046512,1.0917048146261172,other,0.6184,True,0.6184,0.2184,0.1632,16.3,London,medium
51.59,-0.11,0,326,property,0.23006134969325154,1.0319460169702257,property,0.6481,True,0.1944,0.6481,0.1575,15.7,London,medium
51.59,-0.11,1,305,property,0.21639344262295082,1.0369737039987874,property,0.649,True,0.1939,0.649,0.157,15.7,London,medium
51.59,-0.11,2,286,property,0.33916083916083917,0.9802840556736439,property,0.6499,True,0.1934,0.6499,0.1567,15.7,London,medium
51.59,-0.11,3,326,property,0.3128834355828221,0.9935490501466057,property,0.6503,True,0.1932,0.6503,0.1565,15.7,London,medium
51.59,-0.1,0,261,property,0.1111111111111111,1.0517443111250702,other,0.4348,False,0.4348,0.3836,0.1816,18.2,London,uncertain
51.59,-0.1,1,254,property,0.15354330708661418,1.0292861406641332,other,0.5611,False,0.5611,0.27,0.1689,16.9,London,medium
51.59,-0.1,2,252,property,0.17063492063492064,1.0327624165108733,property,0.4643,True,0.3553,0.4643,0.1804,18.0,London,uncertain
51.59,-0.1,3,261,property,0.05747126436781609,1.074560383381194,property,0.4608,True,0.3562,0.4608,0.183,18.3,London,uncertain
51.59,-0.09,0,129,property,0.0,1.089649174029308,other,0.595,False,0.595,0.2358,0.1692,16.9,London,medium
51.59,-0.09,1,122,property,0.03278688524590164,1.0967440273024072,other,0.6182,False,0.6182,0.2184,0.1634,16.3,London,medium
51.59,-0.09,2,97,violent,0.010309278350515464,1.0985063670850699,property,0.4237,False,0.3983,0.4237,0.1781,17.8,London,uncertain
51.59,-0.09,3,121,violent,0.04132231404958678,1.0910780099742248,other,0.4792,False,0.4792,0.3463,0.1745,17.5,London,uncertain
51.59,-0.08,0,175,other,0.08,1.0875656525975472,other,0.6188,True,0.6188,0.2182,0.1631,16.3,London,medium
51.59,-0.08,1,173,other,0.1676300578034682,1.0717406434579455,other,0.62,True,0.62,0.2174,0.1626,16.3,London,medium
51.59,-0.08,2,214,other,0.08411214953271028,1.081770401476498,other,0.603,True,0.603,0.2327,0.1643,16.4,London,medium
51.59,-0.08,3,200,other,0.11,1.0809369590975124,other,0.62,True,0.62,0.2175,0.1626,16.3,London,medium
51.59,-0.07,0,302,other,0.09602649006622517,1.0859444278190264,other,0.6013,True,0.6013,0.2337,0.165,16.5,London,medium
51.59,-0.07,1,291,other,0.10652920962199312,1.08724539951617,other,0.6188,True,0.6188,0.218,0.1631,16.3,London,medium
51.59,-0.07,2,331,other,0.07854984894259819,1.0846883372229894,other,0.62,True,0.62,0.2175,0.1625,16.3,London,medium
51.59,-0.07,3,300,other,0.09,1.0871634001486579,other,0.6204,True,0.6204,0.2172,0.1624,16.2,London,medium
51.59,-0.06,0,220,property,0.16363636363636364,1.0624117133584776,property,0.6493,True,0.1938,0.6493,0.1569,15.7,London,medium
51.59,-0.06,1,234,property,0.10256410256410256,1.080492219290948,property,0.6463,True,0.1954,0.6463,0.1583,15.8,London,medium
51.59,-0.06,2,194,property,0.18041237113402062,1.0526092755852587,property,0.6506,True,0.193,0.6506,0.1563,15.6,London,medium
51.59,-0.06,3,200,property,0.12,1.0582952305686795,property,0.6503,True,0.1932,0.6503,0.1565,15.7,London,medium
51.59,-0.05,0,6,other,0.16666666666666666,1.0114042647073518,other,0.571,True,0.571,0.2532,0.1758,17.6,London,medium
51.59,-0.05,1,4,other,0.5,0.5623351657797391,other,0.4284,True,0.4284,0.3965,0.1751,17.5,London,uncertain
51.59,-0.05,2,7,other,0.7142857142857143,0.4101163396015584,property,0.4938,False,0.3246,0.4938,0.1816,18.2,London,uncertain
51.59,-0.05,3,4,other,0.5,0.5623351657797391,other,0.6182,True,0.6182,0.2183,0.1635,16.4,London,medium
51.59,-0.04,0,152,property,0.2565789473684211,1.02954252852408,property,0.6488,True,0.194,0.6488,0.1571,15.7,London,medium
51.59,-0.04,1,153,property,0.2679738562091503,0.9870998425282522,property,0.6494,True,0.1937,0.6494,0.1569,15.7,London,medium
51.59,-0.04,2,171,property,0.2807017543859649,1.0140390954752163,property,0.6503,True,0.1932,0.6503,0.1565,15.6,London,medium
51.59,-0.04,3,162,property,0.19135802469135801,1.0164502573668464,property,0.6506,True,0.193,0.6506,0.1563,15.6,London,medium
51.59,-0.03,0,109,violent,0.01834862385321101,1.0980255152002254,property,0.6462,False,0.1952,0.6462,0.1586,15.9,London,medium
51.59,-0.03,1,102,other,0.08823529411764706,1.0910278638466582,property,0.6429,False,0.1973,0.6429,0.1598,16.0,London,medium
51.59,-0.03,2,99,other,0.050505050505050504,1.0909304573780019,property,0.6485,False,0.1937,0.6485,0.1578,15.8,London,medium
51.59,-0.03,3,121,violent,0.08264462809917356,1.0893186055528492,other,0.4695,False,0.4695,0.3422,0.1883,18.8,London,uncertain
51.59,-0.02,0,172,property,0.03488372093023256,1.0789422687165204,property,0.6424,True,0.1989,0.6424,0.1587,15.9,London,medium
51.59,-0.02,1,187,other,0.016042780748663103,1.0913480010407406,property,0.6058,False,0.2297,0.6058,0.1645,16.5,London,medium
51.59,-0.02,2,180,other,0.05555555555555555,1.0952456150739192,property,0.5925,False,0.2411,0.5925,0.1664,16.6,London,medium
51.59,-0.02,3,200,other,0.12,1.0840964953017997,other,0.43,True,0.43,0.3873,0.1827,18.3,London,uncertain
51.59,-0.01,0,160,property,0.0625,1.0842001913751314,property,0.5042,True,0.3172,0.5042,0.1787,17.9,London,uncertain
51.59,-0.01,1,175,other,0.017142857142857144,1.0902993856972807,other,0.5096,True,0.5096,0.3143,0.1761,17.6,London,uncertain
51.59,-0.01,2,146,other,0.04794520547945205,1.0820123432941635,property,0.6066,False,0.2246,0.6066,0.1688,16.9,London,medium
51.59,-0.01,3,160,property,0.05,1.0851554594941148,other,0.6115,False,0.6115,0.2249,0.1636,16.4,London,medium
51.59,0.0,0,122,violent,0.02459016393442623,1.0977449190083644,violent,0.5101,True,0.2259,0.264,0.5101,51.0,London,uncertain
51.59,0.0,1,108,other,0.07407407407407407,1.0915577947682733,property,0.6501,False,0.1933,0.6501,0.1566,15.7,London,medium
51.59,0.0,2,99,property,0.04040404040404041,1.0889367462086401,property,0.6497,True,0.1933,0.6497,0.1571,15.7,London,medium
51.59,0.0,3,109,other,0.009174311926605505,1.0907056454082416,property,0.6506,False,0.193,0.6506,0.1563,15.6,London,medium
51.59,0.01,0,11,violent,0.18181818181818182,1.0670895187820832,property,0.6359,False,0.2007,0.6359,0.1634,16.3,London,medium
51.59,0.01,1,11,property,0.18181818181818182,1.0670895187820832,violent,0.5041,False,0.2223,0.2736,0.5041,50.4,London,uncertain
51.59,0.01,2,6,violent,0.5,0.8675632284814613,property,0.6466,False,0.1953,0.6466,0.1581,15.8,London,medium
51.59,0.01,3,10,violent,0.1,1.0888999753452238,property,0.6493,False,0.1938,0.6493,0.1569,15.7,London,medium
51.59,0.02,0,35,property,0.05714285714285714,1.002336297700253,property,0.6387,True,0.1996,0.6387,0.1617,16.2,London,medium
51.59,0.02,1,34,other,0.058823529411764705,1.0926240370360876,property,0.6492,False,0.1935,0.6492,0.1573,15.7,London,medium
51.59,0.02,2,39,property,0.1282051282051282,0.9435468786400942,property,0.6489,True,0.194,0.6489,0.1571,15.7,London,medium
51.59,0.02,3,27,other,0.037037037037037035,1.0944885526930284,property,0.5548,False,0.2582,0.5548,0.187,18.7,London,medium
51.59,0.03,0,102,property,0.39215686274509803,0.9054766184020817,property,0.6476,True,0.1947,0.6476,0.1577,15.8,London,medium
51.59,0.03,1,116,property,0.46551724137931033,0.8944416981883045,property,0.6488,True,0.1941,0.6488,0.1572,15.7,London,medium
51.59,0.03,2,119,property,0.3865546218487395,0.9292455503374805,property,0.6333,True,0.2026,0.6333,0.1641,16.4,London,medium
51.59,0.03,3,131,property,0.40458015267175573,0.9139973017022482,property,0.6497,True,0.1936,0.6497,0.1568,15.7,London,medium
51.59,0.04,0,30,violent,0.03333333333333333,1.0952733774372052,property,0.648,False,0.1941,0.648,0.158,15.8,London,medium
51.59,0.04,1,39,other,0.02564102564102564,1.0579794690576378,property,0.64,False,0.1989,0.64,0.1611,16.1,London,medium
51.59,0.04,2,33,property,0.3939393939393939,0.9423689757138941,property,0.6502,True,0.1933,0.6502,0.1565,15.7,London,medium
51.59,0.04,3,27,property,0.07407407407407407,1.0405805589833306,property,0.6429,True,0.1973,0.6429,0.1598,16.0,London,medium
51.59,0.05,0,35,violent,0.05714285714285714,1.0528776127202617,property,0.6484,False,0.194,0.6484,0.1576,15.8,London,medium
51.59,0.05,1,24,violent,0.0,1.0821955300387673,property,0.6459,False,0.1953,0.6459,0.1587,15.9,London,medium
51.59,0.05,2,32,property,0.15625,1.0511116843665766,violent,0.4092,False,0.225,0.3659,0.4092,40.9,London,uncertain
51.59,0.05,3,23,property,0.043478260869565216,1.08501115745815,property,0.5298,True,0.2543,0.5298,0.2159,21.6,London,uncertain
51.59,0.06,0,39,violent,0.10256410256410256,1.0665362694121687,violent,0.4826,True,0.2228,0.2946,0.4826,48.3,London,uncertain
51.59,0.06,1,45,violent,0.022222222222222223,1.0878863519425825,violent,0.5375,True,0.2144,0.2481,0.5375,53.7,London,uncertain
51.59,0.06,2,38,violent,0.2631578947368421,1.0171643509248343,violent,0.5604,True,0.2115,0.228,0.5604,56.0,London,medium
51.59,0.06,3,28,violent,0.07142857142857142,1.060944240790747,violent,0.4215,True,0.232,0.3465,0.4215,42.2,London,uncertain
51.59,0.07,0,71,property,0.28169014084507044,0.992713870700209,property,0.4152,True,0.2359,0.4152,0.3488,34.9,London,uncertain
51.59,0.07,1,75,property,0.22666666666666666,1.043550781789016,property,0.6478,True,0.1946,0.6478,0.1576,15.8,London,medium
51.59,0.07,2,66,property,0.13636363636363635,1.0594782926538544,property,0.65,True,0.1931,0.65,0.1569,15.7,London,medium
51.59,0.07,3,63,property,0.30158730158730157,0.9904762897975329,property,0.6443,True,0.1965,0.6443,0.1592,15.9,London,medium
51.59,0.08,0,108,property,0.09259259259259259,1.072550708499434,property,0.6305,True,0.2042,0.6305,0.1653,16.5,London,medium
51.59,0.08,1,132,property,0.07575757575757576,1.086106784877995,property,0.6458,True,0.1957,0.6458,0.1585,15.8,London,medium
51.59,0.08,2,95,property,0.10526315789473684,1.0610280068670186,property,0.6421,True,0.1977,0.6421,0.1601,16.0,London,medium
51.59,0.08,3,98,property,0.09183673469387756,1.089391920318239,property,0.6486,True,0.1941,0.6486,0.1572,15.7,London,medium
51.59,0.09,0,40,violent,0.075,1.0667181876240546,violent,0.5099,True,0.2176,0.2725,0.5099,51.0,London,uncertain
51.59,0.09,1,26,violent,0.23076923076923078,1.0382400185693474,violent,0.4869,True,0.2192,0.294,0.4869,48.7,London,uncertain
51.59,0.09,2,42,violent,0.23809523809523808,0.9707347271229219,violent,0.5499,True,0.2165,0.2336,0.5499,55.0,London,uncertain
51.59,0.09,3,35,other,0.05714285714285714,1.0528776127202617,property,0.6265,False,0.206,0.6265,0.1675,16.7,London,medium
51.59,0.1,0,3,property,0.3333333333333333,0.6365141893815645,other,0.6161,False,0.6161,0.2194,0.1645,16.5,London,medium
51.59,0.1,1,4,property,0.5,0.5623351657797391,violent,0.4472,False,0.2879,0.2649,0.4472,44.7,London,uncertain
51.59,0.12,0,3,other,0.3333333333333333,0.6365141893815645,property,0.6493,False,0.1938,0.6493,0.1569,15.7,London,medium
51.59,0.13,0,22,other,0.18181818181818182,1.0670895187820832,other,0.4239,True,0.4239,0.2617,0.3145,31.4,London,uncertain
51.59,0.13,1,15,violent,0.06666666666666667,0.9908353864438492,other,0.5447,False,0.5447,0.2507,0.2045,20.5,London,uncertain
51.59,0.13,2,22,other,0.09090909090909091,1.0361987848192837,violent,0.4491,False,0.2986,0.2523,0.4491,44.9,London,uncertain
51.59,0.13,3,26,other,0.19230769230769232,1.06341877324339,violent,0.4148,False,0.3328,0.2524,0.4148,41.5,London,uncertain
51.59,0.14,0,22,violent,0.09090909090909091,1.0361987848192837,violent,0.5603,True,0.2117,0.228,0.5603,56.0,London,medium
51.59,0.14,1,25,other,0.04,1.097032390352067,other,0.612,True,0.612,0.2225,0.1655,16.5,London,medium
51.59,0.14,2,22,other,0.18181818181818182,1.0670895187820832,other,0.6165,True,0.6165,0.2194,0.1641,16.4,London,medium
51.59,0.14,3,20,violent,0.35,0.9376369622724492,violent,0.4579,True,0.2889,0.2533,0.4579,45.8,London,uncertain
51.59,0.15,1,3,violent,0.3333333333333333,0.6365141893815645,violent,0.4138,True,0.227,0.3592,0.4138,41.4,London,uncertain
51.59,0.15,3,4,violent,0.0,0.6931472015900639,violent,0.5583,True,0.2126,0.2291,0.5583,55.8,London,medium
51.59,0.16,0,46,property,0.021739130434782608,1.092328612754483,property,0.5023,True,0.2824,0.5023,0.2153,21.5,London,uncertain
51.59,0.16,1,32,other,0.03125,1.0176629708064735,other,0.6183,True,0.6183,0.2183,0.1633,16.3,London,medium
51.59,0.16,2,25,violent,0.0,0.8333654410717204,other,0.5303,False,0.5303,0.2527,0.2169,21.7,London,uncertain
51.59,0.16,3,41,other,0.07317073170731707,1.0760774229601675,other,0.5999,True,0.5999,0.2304,0.1697,17.0,London,medium
51.59,0.17,0,29,property,0.13793103448275862,1.065891213213607,property,0.5674,True,0.2406,0.5674,0.1919,19.2,London,medium
51.59,0.17,1,30,violent,0.0,1.0882231038287273,violent,0.5431,True,0.2159,0.241,0.5431,54.3,London,uncertain
51.59,0.17,2,32,violent,0.03125,1.0662173875546272,property,0.65,False,0.1931,0.65,0.1569,15.7,London,medium
51.59,0.17,3,30,other,0.3333333333333333,0.9276173343271816,violent,0.4893,False,0.227,0.2837,0.4893,48.9,London,uncertain
51.59,0.18,0,32,other,0.125,1.0361059705283655,property,0.6476,False,0.1944,0.6476,0.158,15.8,London,medium
51.59,0.18,1,34,other,0.029411764705882353,1.0583453685867263,property,0.6483,False,0.1938,0.6483,0.1579,15.8,London,medium
51.59,0.18,2,36,property,0.2222222222222222,1.0366279688586069,violent,0.4004,False,0.2272,0.3725,0.4004,40.0,London,uncertain
51.59,0.18,3,28,violent,0.14285714285714285,1.0511359509468368,property,0.6441,False,0.1962,0.6441,0.1598,16.0,London,medium
51.59,0.19,0,11,violent,0.45454545454545453,0.9075352941050092,property,0.6441,False,0.1966,0.6441,0.1592,15.9,London,medium
51.59,0.19,1,16,property,0.0625,1.0433534269422904,property,0.649,True,0.1939,0.649,0.1571,15.7,London,medium
51.59,0.19,2,9,other,0.2222222222222222,0.9368883075390159,property,0.6465,False,0.195,0.6465,0.1585,15.8,London,medium
51.59,0.19,3,15,property,0.26666666666666666,1.009613758174038,other,0.6171,False,0.6171,0.2192,0.1638,16.4,London,medium
51.59,0.2,0,13,violent,0.3076923076923077,0.8587409130062867,property,0.6329,False,0.2029,0.6329,0.1643,16.4,London,medium
51.59,0.2,1,9,property,0.7777777777777778,0.3488321172174657,property,0.6386,True,0.1997,0.6386,0.1617,16.2,London,medium
51.59,0.2,2,12,property,0.4166666666666667,0.8239592165010823,property,0.6412,True,0.1983,0.6412,0.1606,16.1,London,medium
51.59,0.2,3,17,property,0.11764705882352941,1.0283941667143721,property,0.6492,True,0.1938,0.6492,0.157,15.7,London,medium
51.59,0.21,0,25,property,0.2,1.0512435186197397,property,0.6491,True,0.1939,0.6491,0.157,15.7,London,medium
51.59,0.21,1,35,property,0.4857142857142857,0.8805629015720678,property,0.6481,True,0.1944,0.6481,0.1575,15.7,London,medium
51.59,0.21,2,24,property,0.2916666666666667,0.9337200585143981,property,0.6342,True,0.2021,0.6342,0.1637,16.4,London,medium
51.59,0.21,3,28,property,0.03571428571428571,1.0973511772469036,property,0.6347,True,0.2015,0.6347,0.1638,16.4,London,medium
51.59,0.22,0,64,property,0.03125,1.091649996728975,other,0.4491,False,0.4491,0.3738,0.1771,17.7,London,uncertain
51.59,0.22,1,59,property,0.01694915254237288,1.057053737258649,property,0.6055,True,0.2298,0.6055,0.1647,16.5,London,medium
51.59,0.22,2,60,violent,0.2,1.0606018056124555,property,0.6248,False,0.2099,0.6248,0.1653,16.5,London,medium
51.59,0.22,3,47,property,0.1276595744680851,1.0643481929971415,other,0.4248,False,0.4248,0.3815,0.1936,19.4,London,uncertain
51.59,0.23,0,56,property,0.05357142857142857,1.0722203677985376,property,0.6484,True,0.1943,0.6484,0.1573,15.7,London,medium
51.59,0.23,1,49,violent,0.08163265306122448,1.092109142248817,property,0.6416,False,0.1981,0.6416,0.1604,16.0,London,medium
51.59,0.23,2,42,violent,0.0,1.0933747175566468,property,0.6509,False,0.1929,0.6509,0.1562,15.6,London,medium
51.59,0.23,3,41,other,0.04878048780487805,1.0871069405766933,property,0.644,False,0.1967,0.644,0.1593,15.9,London,medium
51.59,0.24,0,15,other,0.13333333333333333,0.8823109245150755,violent,0.5552,False,0.2141,0.2307,0.5552,55.5,London,medium
51.59,0.24,1,15,other,0.06666666666666667,0.990835386443849,violent,0.5578,False,0.2128,0.2294,0.5578,55.8,London,medium
51.59,0.24,2,6,property,0.16666666666666666,1.0114042647073518,violent,0.5584,False,0.2125,0.2291,0.5584,55.8,London,medium
51.59,0.24,3,11,violent,0.0,1.0900596587107838,other,0.4255,False,0.4255,0.3546,0.2199,22.0,London,uncertain
51.59,0.28,3,3,other,0.3333333333333333,0.6365141893815645,property,0.6166,False,0.2119,0.6166,0.1715,17.2,London,medium
51.6,-0.49,0,3,other,0.3333333333333333,0.6365141893815645,violent,0.5572,False,0.2132,0.2296,0.5572,55.7,London,medium
51.6,-0.49,1,3,violent,0.3333333333333333,0.6365141893815645,violent,0.5564,True,0.2135,0.2302,0.5564,55.6,London,medium
51.6,-0.48,0,22,property,0.0,1.0412597335159743,violent,0.5385,False,0.2178,0.2437,0.5385,53.8,London,uncertain
51.6,-0.48,1,34,other,0.029411764705882353,1.097755354056745,property,0.465,False,0.3057,0.465,0.2293,22.9,London,uncertain
51.6,-0.48,2,37,other,0.16216216216216217,1.0618234249208807,property,0.6409,False,0.1981,0.6409,0.161,16.1,London,medium
51.6,-0.48,3,30,property,0.13333333333333333,1.0760342091133341,violent,0.4544,False,0.2273,0.3183,0.4544,45.4,London,uncertain
51.6,-0.47000000000000003,0,7,violent,0.2857142857142857,0.9556998911125343,other,0.6138,False,0.6138,0.2205,0.1656,16.6,London,medium
51.6,-0.47000000000000003,1,5,violent,0.0,1.0549201679861442,other,0.6075,False,0.6075,0.2223,0.1702,17.0,London,medium
51.6,-0.47000000000000003,2,6,violent,0.5,0.8675632284814613,property,0.6439,False,0.1968,0.6439,0.1594,15.9,London,medium
51.6,-0.47000000000000003,3,12,violent,0.5,0.562335165779739,other,0.4371,False,0.4371,0.3881,0.1748,17.5,London,uncertain
51.6,-0.45,2,3,violent,0.3333333333333333,0.6365141893815645,property,0.6358,False,0.2012,0.6358,0.163,16.3,London,medium
51.6,-0.44,0,3,property,0.3333333333333333,0.6365141893815645,property,0.4698,True,0.3441,0.4698,0.1861,18.6,London,uncertain
51.6,-0.44,2,4,property,0.5,0.5623351657797391,other,0.6171,False,0.6171,0.2186,0.1643,16.4,London,medium
51.6,-0.43,0,3,violent,0.0,1.0986122886681096,property,0.643,False,0.1972,0.643,0.1597,16.0,London,medium
51.6,-0.42,0,16,other,0.1875,1.0239287996389363,other,0.6089,True,0.6089,0.2236,0.1674,16.7,London,medium
51.6,-0.42,1,12,property,0.16666666666666666,0.6791932870355983,other,0.6148,False,0.6148,0.22,0.1653,16.5,London,medium
51.6,-0.42,2,10,other,0.5,0.8018185525433373,other,0.6174,True,0.6174,0.2187,0.1638,16.4,London,medium
51.6,-0.42,3,9,other,0.7777777777777778,0.34883211721746554,other,0.6175,True,0.6175,0.2189,0.1636,16.4,London,medium
51.6,-0.41000000000000003,0,80,other,0.0875,1.0883789912030477,property,0.6399,False,0.199,0.6399,0.1611,16.1,London,medium
51.6,-0.41000000000000003,1,61,property,0.2786885245901639,1.0211836261284257,property,0.6351,True,0.2013,0.6351,0.1636,16.4,London,medium
51.6,-0.41000000000000003,2,63,other,0.06349206349206349,1.086444350790698,property,0.6421,False,0.1974,0.6421,0.1604,16.0,London,medium
51.6,-0.41000000000000003,3,89,other,0.033707865168539325,1.055749715272401,property,0.6208,False,0.2108,0.6208,0.1684,16.8,London,medium
51.6,-0.4,0,52,other,0.09615384615384616,1.076014824930685,property,0.643,False,0.1973,0.643,0.1598,16.0,London,medium
51.6,-0.4,1,38,violent,0.05263157894736842,1.0851928546349756,property,0.6279,False,0.2056,0.6279,0.1665,16.6,London,medium
51.6,-0.4,2,44,property,0.0,1.0980917101073537,property,0.6356,True,0.201,0.6356,0.1634,16.3,London,medium
51.6,-0.4,3,45,other,0.08888888888888889,1.0499716848160465,property,0.6419,False,0.1979,0.6419,0.1603,16.0,London,medium
51.6,-0.39,0,30,other,0.03333333333333333,1.0952733774372052,property,0.5712,False,0.247,0.5712,0.1818,18.2,London,medium
51.6,-0.39,1,23,other,0.17391304347826086,1.0465634069578553,property,0.638,False,0.2,0.638,0.162,16.2,London,medium
51.6,-0.39,2,30,property,0.03333333333333333,1.0739607536079796,property,0.6336,True,0.2024,0.6336,0.1639,16.4,London,medium
51.6,-0.39,3,23,property,0.17391304347826086,0.9724399117161489,property,0.6217,True,0.209,0.6217,0.1693,16.9,London,medium
51.6,-0.38,0,8,property,0.125,0.9743147528693494,property,0.642,True,0.1975,0.642,0.1605,16.1,London,medium
51.6,-0.38,1,9,property,0.2222222222222222,0.9368883075390159,property,0.6443,True,0.1965,0.6443,0.1591,15.9,London,medium
51.6,-0.38,2,7,property,0.2857142857142857,0.9556998911125343,property,0.647,True,0.195,0.647,0.158,15.8,London,medium
51.6,-0.38,3,12,property,0.3333333333333333,0.9596147939120492,property,0.6463,True,0.1954,0.6463,0.1583,15.8,London,medium
51.6,-0.37,0,4,violent,0.5,0.5623351657797391,other,0.6044,False,0.6044,0.226,0.1695,17.0,London,medium
51.6,-0.37,2,3,property,0.3333333333333333,0.6365141893815645,property,0.6442,True,0.1961,0.6442,0.1597,16.0,London,medium
51.6,-0.37,3,3,property,1.0,4.3446531758480495e-08,other,0.6101,False,0.6101,0.2228,0.1672,16.7,London,medium
51.6,-0.36,0,20,property,0.3,0.8979457248567798,other,0.4907,False,0.4907,0.322,0.1873,18.7,London,uncertain
51.6,-0.36,1,25,violent,0.16,1.038811757145593,other,0.5364,False,0.5364,0.2891,0.1746,17.5,London,uncertain
51.6,-0.36,2,19,property,0.2631578947368421,1.017164350924834,other,0.5349,False,0.5349,0.2868,0.1783,17.8,London,uncertain
51.6,-0.36,3,16,property,0.0,1.0821955300387671,property,0.6458,True,0.1957,0.6458,0.1585,15.8,London,medium
51.6,-0.35000000000000003,0,58,property,0.06896551724137931,1.08764771526419,property,0.6481,True,0.1944,0.6481,0.1575,15.7,London,medium
51.6,-0.35000000000000003,1,56,violent,0.017857142857142856,1.088380803595777,property,0.3936,False,0.3481,0.3936,0.2583,25.8,London,uncertain
51.6,-0.35000000000000003,2,72,property,0.16666666666666666,1.0336056782783674,property,0.6508,True,0.1929,0.6508,0.1562,15.6,London,medium
51.6,-0.35000000000000003,3,72,other,0.09722222222222222,1.0879232824093528,property,0.6408,False,0.1994,0.6408,0.1598,16.0,London,medium
51.6,-0.34,0,122,other,0.2786885245901639,1.0130432916937937,other,0.6172,True,0.6172,0.219,0.1637,16.4,London,medium
51.6,-0.34,1,143,other,0.1888111888111888,1.0464878353319098,other,0.6193,True,0.6193,0.2178,0.1629,16.3,London,medium
51.6,-0.34,2,147,other,0.17687074829931973,1.0617753712160627,other,0.6197,True,0.6197,0.2176,0.1627,16.3,London,medium
51.6,-0.34,3,124,other,0.20967741935483872,1.0493714606039064,other,0.6028,True,0.6028,0.2328,0.1643,16.4,London,medium
51.6,-0.33,0,103,property,0.10679611650485436,1.0755095376533652,property,0.6477,True,0.1947,0.6477,0.1577,15.8,London,medium
51.6,-0.33,1,99,property,0.2222222222222222,1.0311011860082777,other,0.5799,False,0.5799,0.2535,0.1666,16.7,London,medium
51.6,-0.33,2,97,property,0.13402061855670103,1.076317029781035,property,0.6508,True,0.1929,0.6508,0.1562,15.6,London,medium
51.6,-0.33,3,115,property,0.008695652173913044,1.0976211357716532,property,0.6441,True,0.1966,0.6441,0.1592,15.9,London,medium
51.6,-0.32,0,42,property,0.11904761904761904,1.0551418941214168,property,0.649,True,0.1939,0.649,0.157,15.7,London,medium
51.6,-0.32,1,52,property,0.019230769230769232,1.0622732442727008,property,0.6487,True,0.1941,0.6487,0.1572,15.7,London,medium
51.6,-0.32,2,49,property,0.08163265306122448,1.0832405700715186,property,0.6439,True,0.198,0.6439,0.1581,15.8,London,medium
51.6,-0.32,3,51,property,0.058823529411764705,1.088177104593951,property,0.4233,True,0.3858,0.4233,0.1909,19.1,London,uncertain
51.6,-0.31,0,32,property,0.09375,1.086197972394526,property,0.6472,True,0.1946,0.6472,0.1581,15.8,London,medium
51.6,-0.31,1,36,violent,0.08333333333333333,1.0918384213400607,violent,0.5448,True,0.2166,0.2386,0.5448,54.5,London,uncertain
51.6,-0.31,2,50,property,0.12,1.068358338884637,violent,0.5558,False,0.2117,0.2325,0.5558,55.6,London,medium
51.6,-0.31,3,38,property,0.13157894736842105,1.081925224005316,property,0.5622,True,0.2474,0.5622,0.1904,19.0,London,medium
51.6,-0.3,0,45,property,0.15555555555555556,1.0715987805361908,violent,0.5451,False,0.2209,0.2339,0.5451,54.5,London,uncertain
51.6,-0.3,1,50,property,0.16,1.0740922213659423,other,0.6208,False,0.6208,0.2169,0.1623,16.2,London,medium
51.6,-0.3,2,33,property,0.2727272727272727,0.935435774236711,property,0.6506,True,0.193,0.6506,0.1563,15.6,London,medium
51.6,-0.3,3,47,property,0.14893617021276595,1.0692826314066222,property,0.4292,True,0.2953,0.4292,0.2755,27.6,London,uncertain
51.6,-0.29,0,46,property,0.2608695652173913,1.0217278604945916,other,0.6171,False,0.6171,0.2191,0.1638,16.4,London,medium
51.6,-0.29,1,49,property,0.22448979591836735,1.0256050090032982,property,0.6126,True,0.2224,0.6126,0.165,16.5,London,medium
51.6,-0.29,2,55,violent,0.01818181818181818,1.0942349010310402,property,0.37,False,0.302,0.37,0.3281,32.8,London,uncertain
51.6,-0.29,3,61,property,0.0,1.0804888322179993,other,0.427,False,0.427,0.3924,0.1806,18.1,London,uncertain
51.6,-0.28,0,74,property,0.10810810810810811,1.0715849248248062,property,0.6433,True,0.1971,0.6433,0.1597,16.0,London,medium
51.6,-0.28,1,61,property,0.08196721311475409,1.0822187715729614,other,0.6213,False,0.6213,0.2167,0.1621,16.2,London,medium
51.6,-0.28,2,51,property,0.0784313725490196,1.0907115534410028,other,0.4258,False,0.4258,0.3926,0.1816,18.2,London,uncertain
51.6,-0.28,3,80,property,0.1875,1.0534143641721883,other,0.5765,False,0.5765,0.2565,0.167,16.7,London,medium
51.6,-0.27,0,192,property,0.109375,1.0851234962758394,other,0.615,False,0.615,0.2218,0.1632,16.3,London,medium
51.6,-0.27,1,204,property,0.03431372549019608,1.0671429529199852,other,0.6154,False,0.6154,0.2215,0.1631,16.3,London,medium
51.6,-0.27,2,205,property,0.08292682926829269,1.0879278063063227,other,0.6116,False,0.6116,0.2251,0.1633,16.3,London,medium
51.6,-0.27,3,196,property,0.11734693877551021,1.0686845953486754,other,0.6203,False,0.6203,0.2173,0.1624,16.2,London,medium
51.6,-0.26,0,69,other,0.2028985507246377,1.020823968491153,other,0.6119,True,0.6119,0.2231,0.1651,16.5,London,medium
51.6,-0.26,1,79,other,0.02531645569620253,1.0471806893788376,other,0.6086,True,0.6086,0.2246,0.1667,16.7,London,medium
51.6,-0.26,2,80,violent,0.0125,1.093655730662833,other,0.6208,False,0.6208,0.217,0.1622,16.2,London,medium
51.6,-0.26,3,95,other,0.042105263157894736,1.095536212013417,other,0.6206,True,0.6206,0.2171,0.1623,16.2,London,medium
51.6,-0.25,0,147,violent,0.02040816326530612,1.0895946499176645,other,0.6172,False,0.6172,0.2191,0.1638,16.4,London,medium
51.6,-0.25,1,133,violent,0.045112781954887216,1.0901470073462551,other,0.6183,False,0.6183,0.2184,0.1633,16.3,London,medium
51.6,-0.25,2,135,other,0.044444444444444446,1.0890811460490304,other,0.6183,True,0.6183,0.2184,0.1632,16.3,London,medium
51.6,-0.25,3,139,violent,0.02877697841726619,1.0875053806593287,other,0.6203,False,0.6203,0.2173,0.1624,16.2,London,medium
51.6,-0.24,0,125,violent,0.064,1.08456954716068,other,0.5236,False,0.5236,0.2562,0.2202,22.0,London,uncertain
51.6,-0.24,1,119,other,0.025210084033613446,1.0826106303956788,other,0.6201,True,0.6201,0.2173,0.1626,16.3,London,medium
51.6,-0.24,2,144,other,0.034722222222222224,1.0967478642546717,other,0.5963,True,0.5963,0.2321,0.1716,17.2,London,medium
51.6,-0.24,3,128,other,0.140625,1.0743409937030508,other,0.5953,True,0.5953,0.2303,0.1745,17.4,London,medium
51.6,-0.23,0,14,violent,0.21428571428571427,1.034601232910181,other,0.4104,False,0.4104,0.3738,0.2158,21.6,London,uncertain
51.6,-0.23,1,19,violent,0.2631578947368421,1.017164350924834,property,0.5541,False,0.2189,0.5541,0.227,22.7,London,medium
51.6,-0.23,2,11,violent,0.5454545454545454,0.7595473914748635,violent,0.4824,True,0.2365,0.2811,0.4824,48.2,London,uncertain
51.6,-0.23,3,20,property,0.1,1.0888999753452238,violent,0.5286,False,0.227,0.2444,0.5286,52.9,London,uncertain
51.6,-0.22,0,22,other,0.13636363636363635,0.8367742263818623,violent,0.4365,False,0.2283,0.3352,0.4365,43.7,London,uncertain
51.6,-0.22,1,22,property,0.18181818181818182,1.0208880675106418,property,0.5801,True,0.2161,0.5801,0.2039,20.4,London,medium
51.6,-0.22,2,11,property,0.0,1.0900596587107838,violent,0.4481,False,0.2874,0.2645,0.4481,44.8,London,uncertain
51.6,-0.22,3,16,violent,0.0,1.0821955300387673,property,0.5639,False,0.2616,0.5639,0.1746,17.5,London,medium
51.6,-0.21,0,23,property,0.21739130434782608,1.0538437102109437,property,0.6427,True,0.1974,0.6427,0.1599,16.0,London,medium
51.6,-0.21,1,32,property,0.03125,1.0662173875546275,property,0.6316,True,0.2036,0.6316,0.1648,16.5,London,medium
51.6,-0.21,2,35,property,0.2,1.046033486851276,property,0.6425,True,0.1971,0.6425,0.1604,16.0,London,medium
51.6,-0.21,3,27,property,0.25925925925925924,1.0247727743980646,property,0.6484,True,0.1943,0.6484,0.1573,15.7,London,medium
51.6,-0.2,0,61,other,0.16393442622950818,1.0625267995246257,property,0.6443,False,0.1965,0.6443,0.1592,15.9,London,medium
51.6,-0.2,1,45,other,0.06666666666666667,1.0352223863597825,property,0.6029,False,0.2292,0.6029,0.168,16.8,London,medium
51.6,-0.2,2,64,property,0.015625,1.0750402620067208,property,0.6504,True,0.1932,0.6504,0.1564,15.6,London,medium
51.6,-0.2,3,60,other,0.05,1.0910839074486685,other,0.5768,True,0.5768,0.2553,0.1679,16.8,London,medium
51.6,-0.19,0,112,property,0.03571428571428571,1.0633835129491076,property,0.648,True,0.1945,0.648,0.1575,15.7,London,medium
51.6,-0.19,1,117,property,0.11965811965811966,1.0640496372084076,property,0.59,True,0.2363,0.59,0.1738,17.4,London,medium
51.6,-0.19,2,116,property,0.04310344827586207,1.080956242459962,property,0.6506,True,0.1931,0.6506,0.1564,15.6,London,medium
51.6,-0.19,3,115,other,0.10434782608695652,1.0352199775342852,property,0.6493,False,0.1938,0.6493,0.1569,15.7,London,medium
51.6,-0.18,0,51,other,0.13725490196078433,0.9630921541343409,property,0.6491,False,0.1939,0.6491,0.157,15.7,London,medium
51.6,-0.18,1,80,other,0.225,1.0044989032880594,property,0.4817,False,0.3369,0.4817,0.1814,18.1,London,uncertain
51.6,-0.18,2,52,other,0.15384615384615385,1.0579054247036734,other,0.4558,True,0.4558,0.3702,0.1741,17.4,London,uncertain
51.6,-0.18,3,71,other,0.07042253521126761,0.9991259792492027,other,0.5986,True,0.5986,0.2354,0.166,16.6,London,medium
51.6,-0.17,0,75,property,0.05333333333333334,1.0694104392681492,property,0.5201,True,0.3079,0.5201,0.172,17.2,London,uncertain
51.6,-0.17,1,71,property,0.0,1.0623389532899834,property,0.5851,True,0.2415,0.5851,0.1735,17.3,London,medium
51.6,-0.17,2,68,violent,0.029411764705882353,1.094464939600294,property,0.5899,False,0.2376,0.5899,0.1725,17.2,London,medium
51.6,-0.17,3,77,other,0.12987012987012986,1.0784016856594478,property,0.6503,False,0.1932,0.6503,0.1565,15.6,London,medium
51.6,-0.16,0,7,other,0.2857142857142857,0.9556998911125343,property,0.6451,False,0.1961,0.6451,0.1588,15.9,London,medium
51.6,-0.16,1,17,other,0.23529411764705882,1.0027399543973452,property,0.6318,False,0.2031,0.6318,0.1651,16.5,London,medium
51.6,-0.16,2,12,property,0.08333333333333333,0.9184277849930976,property,0.6315,True,0.2033,0.6315,0.1652,16.5,London,medium
51.6,-0.16,3,10,property,0.1,1.0888999753452238,property,0.6482,True,0.1939,0.6482,0.1579,15.8,London,medium
51.6,-0.15,0,58,property,0.25862068965517243,1.025942732729216,property,0.4188,True,0.2434,0.4188,0.3378,33.8,London,uncertain
51.6,-0.15,1,59,property,0.11864406779661017,1.0483659074539786,property,0.643,True,0.1969,0.643,0.1601,16.0,London,medium
51.6,-0.15,2,65,property,0.24615384615384617,1.033308356143596,property,0.6504,True,0.1932,0.6504,0.1564,15.6,London,medium
51.6,-0.15,3,63,property,0.15873015873015872,1.0603303979740206,property,0.6493,True,0.1938,0.6493,0.1569,15.7,London,medium
51.6,-0.14,0,31,property,0.22580645161290322,1.0182776055422171,property,0.6489,True,0.194,0.6489,0.1571,15.7,London,medium
51.6,-0.14,1,34,property,0.5,0.8524160145011828,property,0.6472,True,0.1949,0.6472,0.1579,15.8,London,medium
51.6,-0.14,2,40,property,0.25,1.01519566595362,property,0.6502,True,0.1933,0.6502,0.1565,15.7,London,medium
51.6,-0.14,3,33,property,0.3939393939393939,0.8869414714631428,property,0.6438,True,0.1968,0.6438,0.1594,15.9,London,medium
51.6,-0.13,0,39,property,0.10256410256410256,1.0665362694121687,property,0.6428,True,0.1969,0.6428,0.1604,16.0,London,medium
51.6,-0.13,1,52,property,0.1346153846153846,1.0700489460966789,property,0.6472,True,0.1949,0.6472,0.1579,15.8,London,medium
51.6,-0.13,2,51,property,0.1568627450980392,1.0674832478242557,property,0.6482,True,0.1941,0.6482,0.1577,15.8,London,medium
51.6,-0.13,3,46,property,0.043478260869565216,1.08501115745815,property,0.6449,True,0.1962,0.6449,0.1589,15.9,London,medium
51.6,-0.12,0,60,property,0.1,1.0681452609845676,other,0.6178,False,0.6178,0.2186,0.1636,16.4,London,medium
51.6,-0.12,1,71,property,0.09859154929577464,1.0856494754276462,violent,0.4603,False,0.2416,0.298,0.4603,46.0,London,uncertain
51.6,-0.12,2,72,other,0.05555555555555555,1.0893096789558299,property,0.4472,False,0.327,0.4472,0.2258,22.6,London,uncertain
51.6,-0.12,3,60,violent,0.0,1.0986122886681096,violent,0.5482,True,0.2159,0.2359,0.5482,54.8,London,uncertain
51.6,-0.11,0,348,other,0.0603448275862069,1.0944542761424612,property,0.6493,False,0.1938,0.6493,0.1569,15.7,London,medium
51.6,-0.11,1,349,other,0.014326647564469915,1.097164661666119,property,0.65,False,0.1934,0.65,0.1566,15.7,London,medium
51.6,-0.11,2,321,violent,0.01557632398753894,1.0946684625462535,property,0.6505,False,0.1931,0.6505,0.1564,15.6,London,medium
51.6,-0.11,3,310,other,0.06129032258064516,1.0933806725968513,property,0.6505,False,0.1931,0.6505,0.1564,15.6,London,medium
51.6,-0.1,0,139,violent,0.14388489208633093,1.0776771266778882,other,0.6183,False,0.6183,0.2184,0.1633,16.3,London,medium
51.6,-0.1,1,121,property,0.008264462809917356,1.087462406574765,other,0.62,False,0.62,0.2174,0.1626,16.3,London,medium
51.6,-0.1,2,135,violent,0.16296296296296298,1.0719939593957257,other,0.6168,False,0.6168,0.2208,0.1624,16.2,London,medium
51.6,-0.1,3,106,violent,0.03773584905660377,1.0953293276896434,other,0.6201,False,0.6201,0.2174,0.1625,16.3,London,medium
51.6,-0.09,0,106,violent,0.009433962264150943,1.0947047528245342,property,0.6395,False,0.1989,0.6395,0.1616,16.2,London,medium
51.6,-0.09,1,100,other,0.04,1.0949238485271433,property,0.6011,False,0.2073,0.6011,0.1916,19.2,London,medium
51.6,-0.09,2,126,property,0.047619047619047616,1.08765446711661,property,0.6498,True,0.1935,0.6498,0.1567,15.7,London,medium
51.6,-0.09,3,98,violent,0.17346938775510204,1.0638099894228665,property,0.6292,False,0.2057,0.6292,0.1651,16.5,London,medium
51.6,-0.08,0,99,other,0.06060606060606061,1.0875314752904792,other,0.4524,True,0.4524,0.348,0.1996,20.0,London,uncertain
51.6,-0.08,1,111,other,0.12612612612612611,1.0756069091489469,property,0.633,False,0.2049,0.633,0.1621,16.2,London,medium
51.6,-0.08,2,94,other,0.031914893617021274,1.0792885315130225,other,0.4112,True,0.4112,0.3798,0.209,20.9,London,uncertain
51.6,-0.08,3,96,other,0.041666666666666664,1.0933903064791184,property,0.6429,False,0.1986,0.6429,0.1585,15.9,London,medium
51.6,-0.07,0,248,violent,0.012096774193548387,1.096321467975537,other,0.601,False,0.601,0.2339,0.1651,16.5,London,medium
51.6,-0.07,1,229,violent,0.039301310043668124,1.0928307461993076,property,0.6367,False,0.2007,0.6367,0.1625,16.3,London,medium
51.6,-0.07,2,232,other,0.008620689655172414,1.0984824936948034,other,0.5066,True,0.5066,0.3207,0.1727,17.3,London,uncertain
51.6,-0.07,3,237,violent,0.029535864978902954,1.0959917512960917,property,0.5974,False,0.2345,0.5974,0.1682,16.8,London,medium
51.6,-0.06,0,173,violent,0.12138728323699421,1.081118987020059,property,0.3922,False,0.3541,0.3922,0.2536,25.4,London,uncertain
51.6,-0.06,1,202,violent,0.024752475247524754,1.0827729699033766,other,0.6123,False,0.6123,0.2226,0.1651,16.5,London,medium
51.6,-0.06,2,198,other,0.08080808080808081,1.0855610376470588,other,0.6203,True,0.6203,0.2173,0.1624,16.2,London,medium
51.6,-0.06,3,189,other,0.021164021164021163,1.0941711073971387,other,0.5407,True,0.5407,0.2723,0.187,18.7,London,uncertain
51.6,-0.05,0,32,violent,0.0625,1.0795883408865785,property,0.6484,False,0.1943,0.6484,0.1573,15.7,London,medium
51.6,-0.05,1,30,property,0.3333333333333333,0.9276173343271816,property,0.6474,True,0.1945,0.6474,0.1581,15.8,London,medium
51.6,-0.05,2,22,property,0.13636363636363635,1.0594782926538544,property,0.6497,True,0.1933,0.6497,0.157,15.7,London,medium
51.6,-0.05,3,17,violent,0.0,1.0950778621205006,property,0.5392,False,0.2261,0.5392,0.2347,23.5,London,uncertain
51.6,-0.04,0,38,violent,0.0,1.0618746237657282,other,0.5947,False,0.5947,0.2351,0.1702,17.0,London,medium
51.6,-0.04,1,51,violent,0.0784313725490196,1.0907115534410028,property,0.4863,False,0.3297,0.4863,0.1841,18.4,London,uncertain
51.6,-0.04,2,43,property,0.06976744186046512,1.0884022259022763,other,0.6095,False,0.6095,0.2237,0.1669,16.7,London,medium
51.6,-0.04,3,26,violent,0.038461538461538464,1.0880102622771117,other,0.5555,False,0.5555,0.2736,0.1709,17.1,London,medium
51.6,-0.03,0,74,property,0.04054054054054054,1.0962643597333857,property,0.6443,True,0.1965,0.6443,0.1592,15.9,London,medium
51.6,-0.03,1,61,other,0.03278688524590164,1.090940011591049,property,0.6152,False,0.2168,0.6152,0.168,16.8,London,medium
51.6,-0.03,2,65,property,0.015384615384615385,1.0804394682665261,property,0.6512,True,0.1927,0.6512,0.1561,15.6,London,medium
51.6,-0.03,3,74,violent,0.08108108108108109,1.090945093070911,violent,0.4807,True,0.2434,0.2759,0.4807,48.1,London,uncertain
51.6,-0.02,0,81,property,0.18518518518518517,0.9896516343332492,property,0.649,True,0.1939,0.649,0.1571,15.7,London,medium
51.6,-0.02,1,76,property,0.11842105263157894,1.072807260537556,property,0.6408,True,0.1985,0.6408,0.1607,16.1,London,medium
51.6,-0.02,2,84,other,0.047619047619047616,1.075497456487433,property,0.6462,False,0.1954,0.6462,0.1583,15.8,London,medium
51.6,-0.02,3,94,property,0.09574468085106383,0.9677807928325917,property,0.6499,True,0.1934,0.6499,0.1567,15.7,London,medium
51.6,-0.01,0,55,other,0.01818181818181818,1.083761925634556,other,0.6187,True,0.6187,0.2182,0.1631,16.3,London,medium
51.6,-0.01,1,43,property,0.16279069767441862,1.0569015564372775,property,0.4098,True,0.398,0.4098,0.1921,19.2,London,uncertain
51.6,-0.01,2,59,violent,0.01694915254237288,1.096583065848047,property,0.5371,False,0.2888,0.5371,0.1741,17.4,London,uncertain
51.6,-0.01,3,71,property,0.15492957746478872,1.0755968589962566,other,0.6038,False,0.6038,0.2287,0.1675,16.8,London,medium
51.6,0.0,0,62,other,0.016129032258064516,1.0967755822993301,property,0.4366,False,0.3716,0.4366,0.1918,19.2,London,uncertain
51.6,0.0,1,51,violent,0.058823529411764705,1.088177104593951,property,0.6448,False,0.1962,0.6448,0.159,15.9,London,medium
51.6,0.0,2,68,other,0.04411764705882353,1.0905192116600575,property,0.6481,False,0.1941,0.6481,0.1577,15.8,London,medium
51.6,0.0,3,73,violent,0.0,1.0860822991155674,property,0.4442,False,0.3786,0.4442,0.1772,17.7,London,uncertain
51.6,0.01,0,17,property,0.47058823529411764,0.8938885362449964,property,0.6454,True,0.1959,0.6454,0.1587,15.9,London,medium
51.6,0.01,1,17,other,0.17647058823529413,1.0551016181686423,property,0.6444,False,0.1965,0.6444,0.1591,15.9,London,medium
51.6,0.01,2,11,other,0.18181818181818182,1.0670895187820832,property,0.6469,False,0.1951,0.6469,0.158,15.8,London,medium
51.6,0.01,3,13,other,0.07692307692307693,1.0123308391031733,property,0.6499,False,0.1934,0.6499,0.1566,15.7,London,medium
51.6,0.02,0,51,property,0.1568627450980392,1.0217953647500773,property,0.6485,True,0.1942,0.6485,0.1573,15.7,London,medium
51.6,0.02,1,52,property,0.15384615384615385,1.0579054247036734,property,0.6461,True,0.1955,0.6461,0.1583,15.8,London,medium
51.6,0.02,2,52,property,0.038461538461538464,1.072432341777384,property,0.6484,True,0.1943,0.6484,0.1573,15.7,London,medium
51.6,0.02,3,65,property,0.15384615384615385,1.0703788618537018,property,0.6499,True,0.1934,0.6499,0.1567,15.7,London,medium
51.6,0.03,0,35,property,0.02857142857142857,1.0928031365066584,property,0.4691,True,0.352,0.4691,0.1789,17.9,London,uncertain
51.6,0.03,1,48,other,0.10416666666666667,1.0820397581034544,property,0.6456,False,0.1958,0.6456,0.1586,15.9,London,medium
51.6,0.03,2,45,violent,0.13333333333333333,1.0437570363314086,other,0.411,False,0.411,0.4027,0.1862,18.6,London,uncertain
51.6,0.03,3,38,property,0.18421052631578946,1.0222021743315026,property,0.6221,True,0.2096,0.6221,0.1683,16.8,London,medium
51.6,0.04,0,58,other,0.034482758620689655,1.0965463995380536,violent,0.5556,False,0.2131,0.2313,0.5556,55.6,London,medium
51.6,0.04,1,52,violent,0.0,1.0890228758326128,property,0.4069,False,0.2361,0.4069,0.357,35.7,London,uncertain
51.6,0.04,2,67,violent,0.04477611940298507,1.0944019467541333,violent,0.414,True,0.2451,0.3409,0.414,41.4,London,uncertain
51.6,0.04,3,60,violent,0.03333333333333333,1.0542255224632429,property,0.5867,False,0.232,0.5867,0.1813,18.1,London,medium
51.6,0.05,0,15,property,0.4,0.8033149761408755,property,0.6486,True,0.1937,0.6486,0.1577,15.8,London,medium
51.6,0.05,1,18,property,0.2222222222222222,1.0366279688586069,property,0.6351,True,0.2013,0.6351,0.1636,16.4,London,medium
51.6,0.05,2,25,property,0.04,1.097032390352067,property,0.5696,True,0.2528,0.5696,0.1776,17.8,London,medium
51.6,0.05,3,15,property,0.4666666666666667,0.8608513906312316,property,0.5639,True,0.2151,0.5639,0.221,22.1,London,medium
51.6,0.06,0,23,violent,0.0,1.096692663308951,violent,0.4653,True,0.278,0.2567,0.4653,46.5,London,uncertain
51.6,0.06,1,21,violent,0.0,1.0769865220544765,other,0.6203,False,0.6203,0.2171,0.1626,16.3,London,medium
51.6,0.06,2,24,violent,0.08333333333333333,1.077556327066801,property,0.6413,False,0.1977,0.6413,0.161,16.1,London,medium
51.6,0.06,3,23,violent,0.391304347826087,0.9381390150046416,other,0.6105,False,0.6105,0.2233,0.1662,16.6,London,medium
51.6,0.07,0,26,violent,0.0,1.0733942812811266,violent,0.5528,True,0.2152,0.232,0.5528,55.3,London,medium
51.6,0.07,1,22,property,0.045454545454545456,1.070235949193081,violent,0.5557,False,0.2138,0.2305,0.5557,55.6,London,medium
51.6,0.07,2,15,violent,0.2,1.0606018056124555,violent,0.5546,True,0.2129,0.2325,0.5546,55.5,London,medium
51.6,0.07,3,16,property,0.0,1.0821955300387671,violent,0.5401,False,0.2234,0.2365,0.5401,54.0,London,uncertain
51.6,0.08,0,85,property,0.15294117647058825,1.0696735663116033,property,0.643,True,0.1969,0.643,0.16,16.0,London,medium
51.6,0.08,1,69,property,0.2608695652173913,1.0217278604945916,property,0.6461,True,0.1952,0.6461,0.1587,15.9,London,medium
51.6,0.08,2,67,property,0.1791044776119403,1.0488874346565746,property,0.5211,True,0.2196,0.5211,0.2594,25.9,London,uncertain
51.6,0.08,3,56,property,0.10714285714285714,1.074516223144162,property,0.6474,True,0.1945,0.6474,0.1581,15.8,London,medium
51.6,0.09,0,25,property,0.16,1.0740922213659423,property,0.6466,True,0.195,0.6466,0.1584,15.8,London,medium
51.6,0.09,1,43,property,0.06976744186046512,1.0884022259022765,property,0.6356,True,0.2015,0.6356,0.1629,16.3,London,medium
51.6,0.09,2,45,property,0.17777777777777778,1.0587478044375656,property,0.6489,True,0.1937,0.6489,0.1574,15.7,London,medium
51.6,0.09,3,46,other,0.13043478260869565,1.074721225116281,property,0.6493,False,0.1933,0.6493,0.1575,15.7,London,medium
51.6,0.1,0,10,property,0.3,0.8979457248567798,property,0.6098,True,0.2183,0.6098,0.1718,17.2,London,medium
51.6,0.1,1,23,property,0.043478260869565216,1.0334920606923674,property,0.6474,True,0.1945,0.6474,0.1581,15.8,London,medium
51.6,0.1,2,3,property,1.0,4.3446531758480495e-08,property,0.6476,True,0.1947,0.6476,0.1577,15.8,London,medium
51.6,0.1,3,14,violent,0.21428571428571427,0.8760057656431737,property,0.6482,False,0.1944,0.6482,0.1574,15.7,London,medium
51.6,0.11,0,5,other,0.6,0.5004024447610513,other,0.6129,True,0.6129,0.2211,0.166,16.6,London,medium
51.6,0.11,1,5,other,0.2,0.6730116880595106,other,0.4599,True,0.4599,0.2541,0.286,28.6,London,uncertain
51.6,0.11,2,4,property,0.0,0.6931472015900639,other,0.6183,False,0.6183,0.2179,0.1638,16.4,London,medium
51.6,0.11,3,5,property,0.2,0.6730116880595105,other,0.4638,False,0.4638,0.357,0.1792,17.9,London,uncertain
51.6,0.15,0,8,property,0.5,0.562335165779739,violent,0.5481,False,0.2151,0.2368,0.5481,54.8,London,uncertain
51.6,0.15,1,6,violent,0.0,1.0986122886681096,violent,0.5558,True,0.2138,0.2305,0.5558,55.6,London,medium
51.6,0.15,2,11,violent,0.2727272727272727,0.9949236325717752,other,0.441,False,0.441,0.3618,0.1972,19.7,London,uncertain
51.6,0.15,3,10,violent,0.1,1.0888999753452238,violent,0.4851,True,0.2184,0.2965,0.4851,48.5,London,uncertain
51.6,0.16,0,114,property,0.2543859649122807,1.024948218026012,property,0.6466,True,0.1953,0.6466,0.1582,15.8,London,medium
51.6,0.16,1,82,property,0.15853658536585366,1.0266762403958691,property,0.6458,True,0.1957,0.6458,0.1585,15.8,London,medium
51.6,0.16,2,81,property,0.3333333333333333,0.9950269901795212,property,0.6486,True,0.1941,0.6486,0.1572,15.7,London,medium
51.6,0.16,3,87,property,0.3333333333333333,0.9547260053507081,property,0.638,True,0.2,0.638,0.162,16.2,London,medium
51.6,0.17,0,46,violent,0.15217391304347827,1.0621496180632781,property,0.642,False,0.1975,0.642,0.1605,16.0,London,medium
51.6,0.17,1,41,violent,0.14634146341463414,1.0188691611169753,property,0.6431,False,0.1969,0.6431,0.16,16.0,London,medium
51.6,0.17,2,24,violent,0.041666666666666664,1.0933903064791184,property,0.4787,False,0.2229,0.4787,0.2984,29.8,London,uncertain
51.6,0.17,3,37,property,0.10810810810810811,1.0398276548241476,property,0.6353,True,0.201,0.6353,0.1637,16.4,London,medium
51.6,0.18,0,27,violent,0.1111111111111111,1.0608569471580214,property,0.6425,False,0.1975,0.6425,0.16,16.0,London,medium
51.6,0.18,1,30,property,0.2,1.0296530140645737,other,0.3371,False,0.3371,0.3319,0.3309,33.1,London,uncertain
51.6,0.18,2,51,property,0.0196078431372549,1.0753968901224003,property,0.6178,True,0.2208,0.6178,0.1614,16.1,London,medium
51.6,0.18,3,32,property,0.21875,0.9895587983913944,property,0.618,True,0.2015,0.618,0.1805,18.1,London,medium
51.6,0.19,0,4,property,0.25,1.0397207708399179,property,0.6447,True,0.1963,0.6447,0.159,15.9,London,medium
51.6,0.19,3,4,violent,0.25,1.0397207708399179,property,0.6458,False,0.1957,0.6458,0.1585,15.9,London,medium
51.6,0.2,0,11,property,0.2727272727272727,0.9949236325717752,violent,0.5563,False,0.2136,0.2301,0.5563,55.6,London,medium
51.6,0.2,1,18,violent,0.4444444444444444,0.8486855577264172,property,0.6467,False,0.1949,0.6467,0.1584,15.8,London,medium
51.6,0.2,2,20,violent,0.0,1.0960673284468552,violent,0.5572,True,0.2131,0.2297,0.5572,55.7,London,medium
51.6,0.2,3,12,property,0.16666666666666666,1.0114042647073518,other,0.4958,False,0.4958,0.2558,0.2484,24.8,London,uncertain
51.6,0.21,0,74,violent,0.0945945945945946,1.0866696930902915,violent,0.5504,True,0.2161,0.2335,0.5504,55.0,London,medium
51.6,0.21,1,66,other,0.030303030303030304,1.0958536606125853,other,0.5077,True,0.5077,0.2575,0.2348,23.5,London,uncertain
51.6,0.21,2,62,other,0.14516129032258066,1.0758615806385832,violent,0.4857,False,0.258,0.2563,0.4857,48.6,London,uncertain
51.6,0.21,3,78,other,0.07692307692307693,1.088395583937957,violent,0.5031,False,0.2493,0.2476,0.5031,50.3,London,uncertain
51.6,0.22,0,70,property,0.12857142857142856,1.068192896879671,property,0.6422,True,0.1977,0.6422,0.1601,16.0,London,medium
51.6,0.22,1,89,violent,0.033707865168539325,1.09698632204557,property,0.6482,False,0.1944,0.6482,0.1574,15.7,London,medium
51.6,0.22,2,71,violent,0.1267605633802817,1.0601258571568337,property,0.6506,False,0.193,0.6506,0.1563,15.6,London,medium
51.6,0.22,3,76,property,0.18421052631578946,1.0638017769257893,property,0.6469,True,0.1948,0.6469,0.1583,15.8,London,medium
51.6,0.23,0,37,property,0.05405405405405406,1.0935522258103947,property,0.6467,True,0.1949,0.6467,0.1584,15.8,London,medium
51.6,0.23,1,42,other,0.047619047619047616,1.0466304865832219,other,0.5949,True,0.5949,0.237,0.1681,16.8,London,medium
51.6,0.23,2,33,violent,0.12121212121212122,1.0799113572064787,property,0.6465,False,0.195,0.6465,0.1585,15.8,London,medium
51.6,0.23,3,31,violent,0.12903225806451613,1.0599864113257504,property,0.4056,False,0.3601,0.4056,0.2343,23.4,London,uncertain
51.6,0.24,0,32,violent,0.125,1.0361059705283655,property,0.585,False,0.214,0.585,0.201,20.1,London,medium
51.6,0.24,1,39,other,0.20512820512820512,1.0457101127714306,property,0.6429,False,0.1973,0.6429,0.1598,16.0,London,medium
51.6,0.24,2,32,violent,0.1875,1.0239287996389363,property,0.4557,False,0.2232,0.4557,0.3211,32.1,London,uncertain
51.6,0.24,3,42,property,0.07142857142857142,1.0936195504301194,property,0.6289,True,0.2058,0.6289,0.1652,16.5,London,medium
51.6,0.25,0,17,property,0.11764705882352941,0.868719682914265,property,0.6307,True,0.2041,0.6307,0.1653,16.5,London,medium
51.6,0.25,1,14,other,0.07142857142857142,1.060944240790747,property,0.631,False,0.2039,0.631,0.1651,16.5,London,medium
51.6,0.25,2,9,property,0.3333333333333333,0.9950269901795212,property,0.6289,True,0.2051,0.6289,0.1661,16.6,London,medium
51.6,0.25,3,15,property,0.2,1.0606018056124555,property,0.63,True,0.2044,0.63,0.1655,16.6,London,medium
51.61,-0.5,2,3,violent,0.0,1.0986122886681096,property,0.6448,False,0.1962,0.6448,0.1589,15.9,London,medium
51.61,-0.5,3,4,other,0.25,1.0397207708399179,other,0.6154,True,0.6154,0.2198,0.1648,16.5,London,medium
51.61,-0.49,0,4,violent,0.0,0.6931472015900639,violent,0.4323,True,0.2785,0.2892,0.4323,43.2,London,uncertain
51.61,-0.49,1,4,other,0.25,1.0397207708399179,violent,0.5597,False,0.2119,0.2284,0.5597,56.0,London,medium
51.61,-0.49,2,4,other,0.25,1.0397207708399179,violent,0.5052,False,0.2501,0.2447,0.5052,50.5,London,uncertain
51.61,-0.49,3,4,property,0.0,0.6931472015900639,violent,0.5589,False,0.2123,0.2287,0.5589,55.9,London,medium
51.61,-0.48,0,8,property,0.0,1.0821955300387671,other,0.5978,False,0.5978,0.2327,0.1695,17.0,London,medium
51.61,-0.48,1,10,other,0.2,1.0296530140645737,property,0.6458,False,0.1957,0.6458,0.1585,15.8,London,medium
51.61,-0.48,2,9,other,0.1111111111111111,1.0608569471580214,property,0.5475,False,0.2659,0.5475,0.1866,18.7,London,uncertain
51.61,-0.48,3,11,violent,0.09090909090909091,1.0361987848192837,violent,0.455,True,0.2616,0.2835,0.455,45.5,London,uncertain
51.61,-0.47000000000000003,1,3,violent,0.3333333333333333,0.6365141893815645,violent,0.487,True,0.2268,0.2863,0.487,48.7,London,uncertain
51.61,-0.47000000000000003,3,4,other,0.25,1.0397207708399179,property,0.6445,False,0.1961,0.6445,0.1594,15.9,London,medium
51.61,-0.46,0,3,other,0.3333333333333333,0.6365141893815645,property,0.6404,False,0.1987,0.6404,0.1609,16.1,London,medium
51.61,-0.45,0,4,other,0.5,0.5623351657797391,other,0.6132,True,0.6132,0.2218,0.165,16.5,London,medium
51.61,-0.45,1,5,other,0.6,0.5004024447610513,property,0.3938,False,0.3876,0.3938,0.2186,21.9,London,uncertain
51.61,-0.45,2,7,property,0.14285714285714285,1.0789922078775833,other,0.6153,False,0.6153,0.2196,0.165,16.5,London,medium
51.61,-0.45,3,7,other,0.14285714285714285,0.6829081257408294,violent,0.5572,False,0.2132,0.2297,0.5572,55.7,London,medium
51.61,-0.44,0,12,other,0.25,1.0397207708399179,property,0.5472,False,0.225,0.5472,0.2278,22.8,London,uncertain
51.61,-0.44,1,13,other,0.5384615384615384,0.8305178252872478,property,0.4373,False,0.2373,0.4373,0.3255,32.5,London,uncertain
51.61,-0.44,2,14,property,0.35714285714285715,0.8304717124362917,property,0.6476,True,0.1947,0.6476,0.1577,15.8,London,medium
51.61,-0.44,3,13,property,0.3076923076923077,1.0100997593541636,property,0.6459,True,0.1957,0.6459,0.1585,15.8,London,medium
51.61,-0.43,0,27,property,0.037037037037037035,1.0944885526930284,property,0.6481,True,0.1944,0.6481,0.1575,15.7,London,medium
51.61,-0.43,1,20,property,0.1,1.0486537893593546,property,0.6469,True,0.1951,0.6469,0.158,15.8,London,medium
51.61,-0.43,2,27,other,0.07407407407407407,1.0820131534045054,property,0.4557,False,0.2539,0.4557,0.2904,29.0,London,uncertain
51.61,-0.43,3,18,property,0.4444444444444444,0.8486855577264172,property,0.6472,True,0.1949,0.6472,0.1579,15.8,London,medium
51.61,-0.42,0,60,property,0.4666666666666667,0.8896511767257882,property,0.6466,True,0.1953,0.6466,0.1581,15.8,London,medium
51.61,-0.42,1,51,property,0.49019607843137253,0.8669861941671857,property,0.6478,True,0.1946,0.6478,0.1576,15.8,London,medium
51.61,-0.42,2,73,property,0.4520547945205479,0.8731409141613722,property,0.6487,True,0.1941,0.6487,0.1572,15.7,London,medium
51.61,-0.42,3,53,property,0.33962264150943394,0.9594812308716409,property,0.6487,True,0.1941,0.6487,0.1572,15.7,London,medium
51.61,-0.41000000000000003,0,17,other,0.11764705882352941,1.0852280400722045,violent,0.5403,False,0.2183,0.2414,0.5403,54.0,London,uncertain
51.61,-0.41000000000000003,1,15,violent,0.4,0.9502705392332347,property,0.638,False,0.2,0.638,0.162,16.2,London,medium
51.61,-0.41000000000000003,2,18,property,0.1111111111111111,1.0608569471580214,property,0.6427,True,0.1974,0.6427,0.1599,16.0,London,medium
51.61,-0.41000000000000003,3,14,property,0.07142857142857142,1.060944240790747,violent,0.5317,False,0.2226,0.2457,0.5317,53.2,London,uncertain
51.61,-0.4,0,7,property,0.5714285714285714,0.7963116401738131,property,0.64,True,0.1989,0.64,0.1611,16.1,London,medium
51.61,-0.4,1,6,violent,0.0,0.6931472015900639,property,0.6438,False,0.1968,0.6438,0.1594,15.9,London,medium
51.61,-0.4,2,4,property,0.25,1.0397207708399179,property,0.6442,True,0.1966,0.6442,0.1592,15.9,London,medium
51.61,-0.4,3,3,violent,0.0,1.0986122886681096,other,0.6054,False,0.6054,0.2258,0.1688,16.9,London,medium
51.61,-0.39,0,5,violent,0.0,1.0549201679861442,property,0.6434,False,0.197,0.6434,0.1596,16.0,London,medium
51.61,-0.39,1,7,property,0.2857142857142857,0.9556998911125343,property,0.6409,True,0.1984,0.6409,0.1607,16.1,London,medium
51.61,-0.39,3,4,property,1.0,4.3446531758480495e-08,property,0.6442,True,0.1966,0.6442,0.1592,15.9,London,medium
51.61,-0.38,0,20,property,0.3,0.9972715231823841,property,0.6438,True,0.1968,0.6438,0.1594,15.9,London,medium
51.61,-0.38,1,14,property,0.14285714285714285,0.9922819748525739,property,0.6442,True,0.1966,0.6442,0.1592,15.9,London,medium
51.61,-0.38,2,13,property,0.07692307692307693,0.6901856970518843,property,0.4782,True,0.3323,0.4782,0.1895,19.0,London,uncertain
51.61,-0.38,3,19,property,0.5263157894736842,0.8425434329028281,property,0.6417,True,0.198,0.6417,0.1603,16.0,London,medium
51.61,-0.37,0,39,property,0.1794871794871795,0.99665026322072,property,0.5696,True,0.2545,0.5696,0.1759,17.6,London,medium
51.61,-0.37,1,19,violent,0.0,1.087074155537762,other,0.6056,False,0.6056,0.2256,0.1689,16.9,London,medium
51.61,-0.37,2,26,property,0.15384615384615385,1.0579054247036734,other,0.4481,False,0.4481,0.3619,0.19,19.0,London,uncertain
51.61,-0.37,3,24,other,0.041666666666666664,1.0933903064791184,property,0.6287,False,0.2051,0.6287,0.1661,16.6,London,medium
51.61,-0.36,0,39,property,0.1282051282051282,1.006082158074664,property,0.6465,True,0.1953,0.6465,0.1582,15.8,London,medium
51.61,-0.36,1,38,property,0.2631578947368421,1.017164350924834,property,0.6465,True,0.1953,0.6465,0.1582,15.8,London,medium
51.61,-0.36,2,35,property,0.4,0.9502705392332347,property,0.6487,True,0.1941,0.6487,0.1572,15.7,London,medium
51.61,-0.36,3,32,property,0.40625,0.9162607129048044,property,0.6325,True,0.2031,0.6325,0.1644,16.4,London,medium
51.61,-0.35000000000000003,0,41,property,0.04878048780487805,1.0871069405766933,violent,0.5615,False,0.211,0.2275,0.5615,56.1,London,medium
51.61,-0.35000000000000003,1,50,property,0.02,1.0957815752757503,other,0.6006,False,0.6006,0.2292,0.1703,17.0,London,medium
51.61,-0.35000000000000003,2,28,violent,0.03571428571428571,1.0813448682427138,other,0.6169,False,0.6169,0.2204,0.1627,16.3,London,medium
51.61,-0.35000000000000003,3,21,violent,0.0,1.0986122886681096,other,0.61,False,0.61,0.2237,0.1663,16.6,London,medium
51.61,-0.34,0,74,property,0.17567567567567569,1.0526496475964926,other,0.4522,False,0.4522,0.3686,0.1792,17.9,London,uncertain
51.61,-0.34,1,65,property,0.36923076923076925,0.9663962186461563,other,0.618,False,0.618,0.2183,0.1637,16.4,London,medium
51.61,-0.34,2,71,property,0.352112676056338,0.9730365403465726,property,0.6366,True,0.2008,0.6366,0.1626,16.3,London,medium
51.61,-0.34,3,65,property,0.4307692307692308,0.8517145155149675,property,0.6426,True,0.1972,0.6426,0.1602,16.0,London,medium
51.61,-0.33,0,26,violent,0.0,1.0971128947333808,property,0.6467,False,0.1949,0.6467,0.1584,15.8,London,medium
51.61,-0.33,1,37,other,0.10810810810810811,1.0715849248248062,property,0.5298,False,0.2655,0.5298,0.2046,20.5,London,uncertain
51.61,-0.33,2,29,violent,0.034482758620689655,1.0588032571034944,property,0.6498,False,0.1932,0.6498,0.157,15.7,London,medium
51.61,-0.33,3,37,violent,0.08108108108108109,1.0848237574028836,property,0.65,False,0.1934,0.65,0.1566,15.7,London,medium
51.61,-0.32,0,10,violent,0.2,1.0296530140645737,other,0.4651,False,0.4651,0.3511,0.1837,18.4,London,uncertain
51.61,-0.32,1,16,property,0.3125,0.9840865030829147,property,0.633,True,0.2028,0.633,0.1642,16.4,London,medium
51.61,-0.32,2,12,property,0.08333333333333333,1.0775563270668007,property,0.6487,True,0.1941,0.6487,0.1572,15.7,London,medium
51.61,-0.32,3,11,violent,0.18181818181818182,0.9164648855394713,property,0.5003,False,0.3185,0.5003,0.1812,18.1,London,uncertain
51.61,-0.31,0,35,property,0.11428571428571428,1.0467289072985653,property,0.4136,True,0.3932,0.4136,0.1932,19.3,London,uncertain
51.61,-0.31,1,38,property,0.15789473684210525,1.0459781656993947,other,0.5996,False,0.5996,0.2346,0.1657,16.6,London,medium
51.61,-0.31,2,50,other,0.02,1.08571552756228,property,0.4448,False,0.3724,0.4448,0.1828,18.3,London,uncertain
51.61,-0.31,3,45,property,0.28888888888888886,1.0138626929020258,other,0.6098,False,0.6098,0.2238,0.1664,16.6,London,medium
51.61,-0.3,0,35,property,0.14285714285714285,1.0789922078775833,property,0.6347,True,0.2015,0.6347,0.1638,16.4,London,medium
51.61,-0.3,1,39,property,0.23076923076923078,1.0244071383014264,property,0.6375,True,0.2003,0.6375,0.1622,16.2,London,medium
51.61,-0.3,2,43,violent,0.09302325581395349,1.0556160501884113,property,0.6276,False,0.2057,0.6276,0.1667,16.7,London,medium
51.61,-0.3,3,33,property,0.15151515151515152,1.0271492471638468,violent,0.5614,False,0.211,0.2276,0.5614,56.1,London,medium
51.61,-0.29,0,38,other,0.05263157894736842,1.0958871542125534,other,0.6117,True,0.6117,0.221,0.1672,16.7,London,medium
51.61,-0.29,1,37,violent,0.05405405405405406,1.0935522258103947,property,0.4325,False,0.3143,0.4325,0.2532,25.3,London,uncertain
51.61,-0.29,2,44,violent,0.0,1.098091710107354,property,0.6009,False,0.2312,0.6009,0.168,16.8,London,medium
51.61,-0.29,3,30,other,0.13333333333333333,1.0437570363314084,property,0.4968,False,0.2829,0.4968,0.2203,22.0,London,uncertain
51.61,-0.28,0,206,property,0.024271844660194174,1.0603684191655218,property,0.5719,True,0.2524,0.5719,0.1758,17.6,London,medium
51.61,-0.28,1,198,property,0.025252525252525252,1.0762278136945682,property,0.447,True,0.371,0.447,0.182,18.2,London,uncertain
51.61,-0.28,2,185,property,0.07027027027027027,1.082455344475094,property,0.6506,True,0.1931,0.6506,0.1564,15.6,London,medium
51.61,-0.28,3,194,property,0.07216494845360824,1.0776674772528467,property,0.6429,True,0.1986,0.6429,0.1585,15.9,London,medium
51.61,-0.27,0,87,violent,0.034482758620689655,1.072168158737336,violent,0.5587,True,0.2119,0.2293,0.5587,55.9,London,medium
51.61,-0.27,1,82,violent,0.08536585365853659,1.0870652657603161,violent,0.5488,True,0.2171,0.2341,0.5488,54.9,London,uncertain
51.61,-0.27,2,84,violent,0.03571428571428571,1.0947784030617629,property,0.6483,False,0.1939,0.6483,0.1578,15.8,London,medium
51.61,-0.27,3,86,violent,0.046511627906976744,1.0902819412959228,violent,0.5561,True,0.2136,0.2303,0.5561,55.6,London,medium
51.61,-0.26,0,73,other,0.0684931506849315,1.0929111229955266,property,0.5807,False,0.2342,0.5807,0.1851,18.5,London,medium
51.61,-0.26,1,58,other,0.05172413793103448,1.068156721450858,property,0.6065,False,0.2308,0.6065,0.1627,16.3,London,medium
51.61,-0.26,2,60,violent,0.016666666666666666,1.0977786077648664,other,0.6206,False,0.6206,0.2171,0.1623,16.2,London,medium
51.61,-0.26,3,59,property,0.06779661016949153,1.0906673689991349,property,0.6494,True,0.1937,0.6494,0.1569,15.7,London,medium
51.61,-0.25,0,66,property,0.06060606060606061,1.0938742528601115,property,0.6494,True,0.1937,0.6494,0.1569,15.7,London,medium
51.61,-0.25,1,81,property,0.18518518518518517,1.0579147533507978,property,0.6482,True,0.1941,0.6482,0.1577,15.8,London,medium
51.61,-0.25,2,65,violent,0.06153846153846154,1.0525509643532311,property,0.6436,False,0.1966,0.6436,0.1598,16.0,London,medium
51.61,-0.25,3,80,property,0.0625,1.0842001913751314,property,0.6445,True,0.1964,0.6445,0.1591,15.9,London,medium
51.61,-0.24,0,17,property,0.058823529411764705,1.073383620336505,property,0.6482,True,0.1944,0.6482,0.1574,15.7,London,medium
51.61,-0.24,1,26,property,0.11538461538461539,1.0798753311904068,property,0.6479,True,0.1946,0.6479,0.1576,15.8,London,medium
51.61,-0.24,2,20,violent,0.15,1.0670938948757507,other,0.509,False,0.509,0.2635,0.2275,22.7,London,uncertain
51.61,-0.24,3,26,other,0.11538461538461539,1.0798753311904068,property,0.5725,False,0.2504,0.5725,0.1772,17.7,London,medium
51.61,-0.23,0,12,violent,0.0,1.0986122886681096,property,0.6425,False,0.1971,0.6425,0.1604,16.0,London,medium
51.61,-0.23,1,22,property,0.18181818181818182,1.0670895187820832,property,0.6446,True,0.1963,0.6446,0.159,15.9,London,medium
51.61,-0.23,2,21,violent,0.14285714285714285,1.0353605606849843,property,0.5518,False,0.2162,0.5518,0.2321,23.2,London,medium
51.61,-0.23,3,23,property,0.13043478260869565,1.074721225116281,property,0.5831,True,0.223,0.5831,0.1939,19.4,London,medium
51.61,-0.22,0,25,property,0.16,1.0740922213659423,property,0.6452,True,0.1956,0.6452,0.1592,15.9,London,medium
51.61,-0.22,1,23,property,0.21739130434782608,1.005692986132508,property,0.6468,True,0.1946,0.6468,0.1586,15.9,London,medium
51.61,-0.22,2,17,other,0.11764705882352941,1.0283941667143721,property,0.6498,False,0.1935,0.6498,0.1567,15.7,London,medium
51.61,-0.22,3,21,property,0.2857142857142857,1.0220830508128003,violent,0.4819,False,0.233,0.2851,0.4819,48.2,London,uncertain
51.61,-0.21,0,93,property,0.06451612903225806,1.0783178810504133,property,0.6488,True,0.1941,0.6488,0.1572,15.7,London,medium
51.61,-0.21,1,81,other,0.08641975308641975,1.0640096475222394,property,0.65,False,0.1934,0.65,0.1566,15.7,London,medium
51.61,-0.21,2,110,other,0.10909090909090909,1.0339653027099014,property,0.6503,False,0.1932,0.6503,0.1565,15.7,London,medium
51.61,-0.21,3,101,other,0.0594059405940594,1.027562664488029,property,0.4851,False,0.3395,0.4851,0.1754,17.5,London,uncertain
51.61,-0.2,0,23,property,0.2608695652173913,1.0217278604945916,other,0.5961,False,0.5961,0.2344,0.1695,17.0,London,medium
51.61,-0.2,1,13,property,0.3076923076923077,1.0100997593541636,property,0.5855,True,0.2419,0.5855,0.1726,17.3,London,medium
51.61,-0.2,2,13,property,0.15384615384615385,1.0579054247036734,property,0.4395,True,0.3692,0.4395,0.1913,19.1,London,uncertain
51.61,-0.2,3,16,property,0.6875,0.6019239717322895,other,0.6178,False,0.6178,0.2187,0.1636,16.4,London,medium
51.61,-0.19,0,33,property,0.42424242424242425,0.8318317077293298,property,0.6431,True,0.1972,0.6431,0.1597,16.0,London,medium
51.61,-0.19,1,35,property,0.08571428571428572,1.0882194459083807,property,0.6336,True,0.2025,0.6336,0.1639,16.4,London,medium
51.61,-0.19,2,38,property,0.18421052631578946,1.0539398218595697,property,0.6442,True,0.1966,0.6442,0.1592,15.9,London,medium
51.61,-0.19,3,36,property,0.3055555555555556,0.9915456687201936,property,0.6337,True,0.2024,0.6337,0.1639,16.4,London,medium
51.61,-0.18,0,136,violent,0.007352941176470588,1.0898290942164615,property,0.6482,False,0.1944,0.6482,0.1574,15.7,London,medium
51.61,-0.18,1,119,property,0.008403361344537815,1.088875612802135,property,0.6486,True,0.1942,0.6486,0.1573,15.7,London,medium
51.61,-0.18,2,141,other,0.09219858156028368,1.0869624129063222,property,0.6502,False,0.1933,0.6502,0.1565,15.7,London,medium
51.61,-0.18,3,117,violent,0.017094017094017096,1.0923208643866993,property,0.6506,False,0.193,0.6506,0.1563,15.6,London,medium
51.61,-0.17,0,50,other,0.34,0.9671134041663516,violent,0.439,False,0.24,0.3211,0.439,43.9,London,uncertain
51.61,-0.17,1,50,other,0.12,1.081972468961373,property,0.6364,False,0.2009,0.6364,0.1627,16.3,London,medium
51.61,-0.17,2,57,other,0.15789473684210525,1.0747225883016025,property,0.6504,False,0.1932,0.6504,0.1564,15.6,London,medium
51.61,-0.17,3,51,property,0.11764705882352941,1.0747923939651214,property,0.6462,True,0.1952,0.6462,0.1586,15.9,London,medium
51.61,-0.16,0,66,property,0.24242424242424243,1.0394911672811826,property,0.6488,True,0.1941,0.6488,0.1572,15.7,London,medium
51.61,-0.16,1,67,violent,0.014925373134328358,1.077172840792458,property,0.6483,False,0.1943,0.6483,0.1574,15.7,London,medium
51.61,-0.16,2,59,property,0.22033898305084745,1.0443204737352472,property,0.6443,True,0.1965,0.6443,0.1592,15.9,London,medium
51.61,-0.16,3,57,property,0.05263157894736842,1.0958871542125534,property,0.6344,True,0.202,0.6344,0.1636,16.4,London,medium
51.61,-0.15,0,78,property,0.01282051282051282,1.0950974339537836,property,0.5371,True,0.2862,0.5371,0.1766,17.7,London,uncertain
51.61,-0.15,1,69,property,0.14492753623188406,1.0666688034351277,property,0.6293,True,0.2058,0.6293,0.1649,16.5,London,medium
51.61,-0.15,2,76,property,0.0,1.097913446793334,property,0.6453,True,0.1959,0.6453,0.1587,15.9,London,medium
51.61,-0.15,3,86,property,0.05813953488372093,1.0920406516604313,other,0.5748,False,0.5748,0.2572,0.168,16.8,London,medium
51.61,-0.14,0,169,property,0.4437869822485207,0.902936298693989,property,0.6478,True,0.1946,0.6478,0.1576,15.8,London,medium
51.61,-0.14,1,157,property,0.5159235668789809,0.8462044855754851,property,0.6474,True,0.1948,0.6474,0.1578,15.8,London,medium
51.61,-0.14,2,145,property,0.4413793103448276,0.9092980803852473,property,0.6486,True,0.1941,0.6486,0.1572,15.7,London,medium
51.61,-0.14,3,156,property,0.32051282051282054,0.9649293503082561,property,0.6486,True,0.1941,0.6486,0.1572,15.7,London,medium
51.61,-0.13,0,68,violent,0.0,1.0875888392122686,other,0.518,False,0.518,0.2526,0.2293,22.9,London,uncertain
51.61,-0.13,1,63,property,0.2222222222222222,1.027665167999117,other,0.6183,False,0.6183,0.2184,0.1633,16.3,London,medium
51.61,-0.13,2,57,other,0.15789473684210525,1.020736920132646,other,0.5299,True,0.5299,0.2443,0.2257,22.6,London,uncertain
51.61,-0.13,3,68,other,0.08823529411764706,1.004214913880662,other,0.6191,True,0.6191,0.2181,0.1628,16.3,London,medium
51.61,-0.12,0,80,property,0.025,1.0699496099040458,property,0.6464,True,0.1951,0.6464,0.1585,15.9,London,medium
51.61,-0.12,1,106,violent,0.009433962264150943,1.0902432701661557,property,0.6484,False,0.194,0.6484,0.1576,15.8,London,medium
51.61,-0.12,2,83,property,0.012048192771084338,1.0876061648714517,property,0.6418,True,0.1974,0.6418,0.1608,16.1,London,medium
51.61,-0.12,3,88,property,0.13636363636363635,1.0697296149889333,property,0.54,True,0.224,0.54,0.236,23.6,London,uncertain
51.61,-0.11,0,129,other,0.05426356589147287,1.0930713761064408,other,0.6143,True,0.6143,0.2222,0.1635,16.3,London,medium
51.61,-0.11,1,138,other,0.057971014492753624,1.0884789255733507,other,0.5994,True,0.5994,0.2329,0.1677,16.8,London,medium
51.61,-0.11,2,141,other,0.02127659574468085,1.0887960906670164,other,0.6168,True,0.6168,0.2208,0.1624,16.2,London,medium
51.61,-0.11,3,126,other,0.1111111111111111,1.0688557055822145,other,0.4582,True,0.4582,0.3449,0.1968,19.7,London,uncertain
51.61,-0.1,0,56,property,0.10714285714285714,1.056867476032946,property,0.6406,True,0.1986,0.6406,0.1608,16.1,London,medium
51.61,-0.1,1,54,other,0.018518518518518517,1.0572293582891463,violent,0.541,False,0.2214,0.2376,0.541,54.1,London,uncertain
51.61,-0.1,2,52,violent,0.07692307692307693,1.0928305535284886,property,0.632,False,0.2051,0.632,0.1629,16.3,London,medium
51.61,-0.1,3,64,property,0.078125,1.091213056844872,property,0.6113,True,0.2234,0.6113,0.1652,16.5,London,medium
51.61,-0.09,0,66,violent,0.0,1.0900596587107838,property,0.6057,False,0.2115,0.6057,0.1828,18.3,London,medium
51.61,-0.09,1,57,violent,0.07017543859649122,1.0468457447700068,property,0.6504,False,0.1932,0.6504,0.1564,15.6,London,medium
51.61,-0.09,2,63,violent,0.0,1.0769865220544765,property,0.5518,False,0.214,0.5518,0.2343,23.4,London,medium
51.61,-0.09,3,86,property,0.1744186046511628,1.0341804799863679,property,0.65,True,0.1931,0.65,0.1569,15.7,London,medium
51.61,-0.08,0,107,other,0.06542056074766354,1.0928637740748282,other,0.6005,True,0.6005,0.2342,0.1653,16.5,London,medium
51.61,-0.08,1,133,other,0.045112781954887216,1.0934739525610997,other,0.6114,True,0.6114,0.2251,0.1635,16.4,London,medium
51.61,-0.08,2,114,other,0.008771929824561403,1.0983814217585728,other,0.5988,True,0.5988,0.2319,0.1694,16.9,London,medium
51.61,-0.08,3,107,other,0.2803738317757009,1.022341915850393,other,0.6201,True,0.6201,0.2174,0.1625,16.3,London,medium
51.61,-0.07,0,296,other,0.10472972972972973,1.0785961293953386,other,0.6184,True,0.6184,0.2183,0.1632,16.3,London,medium
51.61,-0.07,1,303,other,0.18151815181518152,1.0450463539047665,other,0.62,True,0.62,0.2174,0.1626,16.3,London,medium
51.61,-0.07,2,297,other,0.11447811447811448,1.0656137446229357,other,0.62,True,0.62,0.2175,0.1626,16.3,London,medium
51.61,-0.07,3,322,other,0.16459627329192547,1.059525323651491,other,0.6201,True,0.6201,0.2174,0.1625,16.3,London,medium
51.61,-0.06,0,188,other,0.031914893617021274,1.0974080003454132,property,0.6467,False,0.1952,0.6467,0.1581,15.8,London,medium
51.61,-0.06,1,148,other,0.06756756756756757,1.092379818092861,property,0.6484,False,0.1943,0.6484,0.1573,15.7,London,medium
51.61,-0.06,2,196,other,0.05612244897959184,1.0899808245735607,property,0.404,False,0.3956,0.404,0.2004,20.0,London,uncertain
51.61,-0.06,3,190,property,0.005263157894736842,1.0810916031106854,property,0.5652,True,0.2535,0.5652,0.1813,18.1,London,medium
51.61,-0.05,0,92,property,0.2391304347826087,1.0157575971113417,property,0.6386,True,0.1997,0.6386,0.1617,16.2,London,medium
51.61,-0.05,1,111,property,0.3333333333333333,0.9921651614668261,property,0.6473,True,0.1949,0.6473,0.1578,15.8,London,medium
51.61,-0.05,2,84,property,0.23809523809523808,1.012494711026758,property,0.6482,True,0.1944,0.6482,0.1574,15.7,London,medium
51.61,-0.05,3,91,property,0.2087912087912088,1.0258947673657928,property,0.6497,True,0.1936,0.6497,0.1568,15.7,London,medium
51.61,-0.04,0,31,property,0.3225806451612903,0.9594899935903025,property,0.6477,True,0.1947,0.6477,0.1576,15.8,London,medium
51.61,-0.04,1,32,property,0.40625,0.8449127655611359,property,0.6371,True,0.2005,0.6371,0.1624,16.2,London,medium
51.61,-0.04,2,39,property,0.1282051282051282,1.073578118530874,property,0.6499,True,0.1935,0.6499,0.1567,15.7,London,medium
51.61,-0.04,3,30,property,0.13333333333333333,0.9831047662689958,property,0.6484,True,0.1943,0.6484,0.1573,15.7,London,medium
51.61,-0.03,0,80,property,0.2625,1.0025854851083906,property,0.6388,True,0.1996,0.6388,0.1616,16.2,London,medium
51.61,-0.03,1,85,property,0.27058823529411763,1.0152461075999835,property,0.6327,True,0.203,0.6327,0.1644,16.4,London,medium
51.61,-0.03,2,81,property,0.32098765432098764,0.959433721097567,property,0.6499,True,0.1934,0.6499,0.1567,15.7,London,medium
51.61,-0.03,3,74,property,0.3108108108108108,1.0083295274951318,property,0.6484,True,0.1943,0.6484,0.1573,15.7,London,medium
51.61,-0.02,0,90,property,0.16666666666666666,1.0655504293324252,property,0.6486,True,0.1941,0.6486,0.1572,15.7,London,medium
51.61,-0.02,1,96,property,0.07291666666666667,1.0886245165640958,property,0.6401,True,0.1989,0.6401,0.1611,16.1,London,medium
51.61,-0.02,2,79,property,0.22784810126582278,1.0433944854365094,property,0.6488,True,0.1941,0.6488,0.1572,15.7,London,medium
51.61,-0.02,3,88,property,0.011363636363636364,1.0969149943529668,property,0.6503,True,0.1932,0.6503,0.1565,15.7,London,medium
51.61,-0.01,0,27,other,0.037037037037037035,1.0944885526930284,property,0.6344,False,0.202,0.6344,0.1636,16.4,London,medium
51.61,-0.01,1,35,property,0.11428571428571428,1.0761302839653792,property,0.651,True,0.1928,0.651,0.1562,15.6,London,medium
51.61,-0.01,2,42,other,0.16666666666666666,1.0463837060427545,property,0.4683,False,0.3374,0.4683,0.1943,19.4,London,uncertain
51.61,-0.01,3,38,other,0.10526315789473684,1.0795295733255184,property,0.6507,False,0.193,0.6507,0.1563,15.6,London,medium
51.61,0.0,0,98,property,0.09183673469387756,1.0698323719086764,property,0.6485,True,0.1942,0.6485,0.1573,15.7,London,medium
51.61,0.0,1,75,property,0.04,1.062598124472554,property,0.4661,True,0.3507,0.4661,0.1831,18.3,London,uncertain
51.61,0.0,2,86,property,0.10465116279069768,0.9805830927991194,property,0.6465,True,0.1953,0.6465,0.1582,15.8,London,medium
51.61,0.0,3,82,property,0.14634146341463414,1.038086087056819,property,0.5615,True,0.2666,0.5615,0.1719,17.2,London,medium
51.61,0.01,0,17,property,0.29411764705882354,0.923840705630872,property,0.5804,True,0.2173,0.5804,0.2023,20.2,London,medium
51.61,0.01,1,17,property,0.0,1.0368263468339387,property,0.6362,True,0.201,0.6362,0.1628,16.3,London,medium
51.61,0.01,2,20,property,0.45,0.8864644756797975,property,0.6465,True,0.1953,0.6465,0.1582,15.8,London,medium
51.61,0.01,3,14,property,0.0,1.0933747175566468,property,0.6458,True,0.1957,0.6458,0.1585,15.8,London,medium
51.61,0.02,0,40,property,0.05,1.094280092589208,other,0.6056,False,0.6056,0.2286,0.1658,16.6,London,medium
51.61,0.02,1,29,violent,0.27586206896551724,1.0271753091827658,property,0.5637,False,0.2508,0.5637,0.1855,18.5,London,medium
51.61,0.02,2,28,other,0.07142857142857142,1.0897973126663918,property,0.6496,False,0.1933,0.6496,0.1571,15.7,London,medium
51.61,0.02,3,43,property,0.046511627906976744,1.0830087699663322,other,0.6088,False,0.6088,0.2245,0.1667,16.7,London,medium
51.61,0.03,0,30,violent,0.3,0.9729524235099933,property,0.6491,False,0.1939,0.6491,0.157,15.7,London,medium
51.61,0.03,1,34,violent,0.0,1.0756483002797306,property,0.6496,False,0.1936,0.6496,0.1568,15.7,London,medium
51.61,0.03,2,34,property,0.11764705882352941,1.066562484888105,property,0.6505,True,0.1931,0.6505,0.1564,15.6,London,medium
51.61,0.03,3,29,property,0.034482758620689655,1.0588032571034944,property,0.6505,True,0.1931,0.6505,0.1564,15.6,London,medium
51.61,0.04,0,36,violent,0.1111111111111111,1.0828674954767856,property,0.557,False,0.2367,0.557,0.2063,20.6,London,medium
51.61,0.04,1,35,property,0.2,1.0080881626813745,violent,0.4945,False,0.2341,0.2715,0.4945,49.4,London,uncertain
51.61,0.04,2,41,other,0.1951219512195122,1.0624004421743927,other,0.6032,True,0.6032,0.2318,0.165,16.5,London,medium
51.61,0.04,3,45,violent,0.022222222222222223,1.0971297078373583,violent,0.5075,True,0.2467,0.2458,0.5075,50.7,London,uncertain
51.61,0.05,0,17,violent,0.058823529411764705,1.073383620336505,property,0.646,False,0.1956,0.646,0.1584,15.8,London,medium
51.61,0.05,1,15,violent,0.0,1.0986122886681096,property,0.6433,False,0.1966,0.6433,0.16,16.0,London,medium
51.61,0.05,2,8,violent,0.0,1.0821955300387671,property,0.6485,False,0.1938,0.6485,0.1577,15.8,London,medium
51.61,0.05,3,14,violent,0.14285714285714285,0.9922819748525737,violent,0.4615,True,0.2203,0.3182,0.4615,46.2,London,uncertain
51.61,0.06,0,25,property,0.16,1.038811757145593,other,0.472,False,0.472,0.3509,0.1771,17.7,London,uncertain
51.61,0.06,1,20,property,0.4,0.8568409950394724,property,0.6461,True,0.1952,0.6461,0.1587,15.9,London,medium
51.61,0.06,2,25,property,0.28,0.9743417807689858,property,0.6448,True,0.1958,0.6448,0.1594,15.9,London,medium
51.61,0.06,3,19,property,0.05263157894736842,1.0601189359398382,property,0.6449,True,0.1962,0.6449,0.1589,15.9,London,medium
51.61,0.08,0,7,property,0.14285714285714285,0.6829081257408294,violent,0.5577,False,0.2129,0.2294,0.5577,55.8,London,medium
51.61,0.08,1,12,other,0.25,0.887694275799104,violent,0.4871,False,0.2333,0.2796,0.4871,48.7,London,uncertain
51.61,0.08,2,5,property,0.2,0.6730116880595105,violent,0.5605,False,0.2115,0.228,0.5605,56.0,London,medium
51.61,0.08,3,12,violent,0.25,1.0397207708399179,violent,0.5603,True,0.2116,0.2281,0.5603,56.0,London,medium
51.61,0.09,0,7,other,0.14285714285714285,1.0789922078775833,other,0.619,True,0.619,0.2179,0.1631,16.3,London,medium
51.61,0.09,1,12,violent,0.25,0.887694275799104,violent,0.5606,True,0.2115,0.2279,0.5606,56.1,London,medium
51.61,0.09,2,10,property,0.1,1.0888999753452238,violent,0.5615,False,0.211,0.2275,0.5615,56.1,London,medium
51.61,0.09,3,12,property,0.08333333333333333,1.0775563270668007,violent,0.447,False,0.2242,0.3288,0.447,44.7,London,uncertain
51.61,0.1,0,64,violent,0.03125,1.0969145891465133,other,0.6079,False,0.6079,0.2245,0.1676,16.8,London,medium
51.61,0.1,1,76,violent,0.07894736842105263,1.0897840330218798,property,0.4839,False,0.2924,0.4839,0.2238,22.4,London,uncertain
51.61,0.1,2,42,other,0.07142857142857142,1.0936195504301194,property,0.4911,False,0.2899,0.4911,0.219,21.9,London,uncertain
51.61,0.1,3,56,violent,0.125,1.0132577255704587,other,0.6205,False,0.6205,0.2172,0.1623,16.2,London,medium
51.61,0.11,0,54,violent,0.18518518518518517,1.022723432471441,property,0.6045,False,0.2115,0.6045,0.184,18.4,London,medium
51.61,0.11,1,57,violent,0.03508771929824561,1.0949119933554288,violent,0.4174,True,0.2342,0.3484,0.4174,41.7,London,uncertain
51.61,0.11,2,59,violent,0.01694915254237288,1.0894132960767138,violent,0.4361,True,0.3124,0.2515,0.4361,43.6,London,uncertain
51.61,0.11,3,48,violent,0.08333333333333333,1.089703172672284,violent,0.4872,True,0.2216,0.2912,0.4872,48.7,London,uncertain
51.61,0.12,0,36,other,0.08333333333333333,1.0918384213400607,violent,0.5591,False,0.2118,0.2291,0.5591,55.9,London,medium
51.61,0.12,1,42,violent,0.023809523809523808,1.0278436769863724,violent,0.5269,True,0.233,0.2401,0.5269,52.7,London,uncertain
51.61,0.12,2,50,violent,0.08,1.0875656525975472,violent,0.5604,True,0.2115,0.2281,0.5604,56.0,London,medium
51.61,0.12,3,40,property,0.175,1.0693697630215584,violent,0.5525,False,0.2153,0.2322,0.5525,55.2,London,medium
51.61,0.13,0,7,other,0.14285714285714285,0.6829081257408294,other,0.6104,True,0.6104,0.2208,0.1688,16.9,London,medium
51.61,0.13,1,5,violent,0.0,1.0549201679861442,property,0.5786,False,0.2493,0.5786,0.1721,17.2,London,medium
51.61,0.13,2,8,other,0.125,0.9743147528693494,other,0.6168,True,0.6168,0.2193,0.1639,16.4,London,medium
51.61,0.13,3,6,property,0.16666666666666666,1.0114042647073518,property,0.6453,True,0.196,0.6453,0.1587,15.9,London,medium
51.61,0.14,0,6,other,0.16666666666666666,1.0114042647073518,property,0.4313,False,0.3722,0.4313,0.1965,19.7,London,uncertain
51.61,0.14,1,6,violent,0.16666666666666666,1.0114042647073518,property,0.6425,False,0.1975,0.6425,0.1599,16.0,London,medium
51.61,0.14,2,7,violent,0.14285714285714285,1.0789922078775833,property,0.647,False,0.1946,0.647,0.1584,15.8,London,medium
51.61,0.14,3,5,violent,0.2,0.6730116880595106,property,0.6449,False,0.1962,0.6449,0.1589,15.9,London,medium
51.61,0.16,0,32,violent,0.03125,1.0662173875546275,violent,0.5574,True,0.213,0.2296,0.5574,55.7,London,medium
51.61,0.16,1,25,other,0.16,1.0740922213659423,property,0.4712,False,0.3484,0.4712,0.1804,18.0,London,uncertain
51.61,0.16,2,25,other,0.12,1.0683583388846372,violent,0.5604,False,0.2116,0.2281,0.5604,56.0,London,medium
51.61,0.16,3,28,other,0.14285714285714285,1.0511359509468368,other,0.5445,True,0.5445,0.2598,0.1957,19.6,London,uncertain
51.61,0.17,0,25,other,0.12,1.0683583388846372,other,0.6181,True,0.6181,0.2185,0.1634,16.3,London,medium
51.61,0.17,1,24,violent,0.0,1.0821955300387671,other,0.5217,False,0.5217,0.2442,0.2342,23.4,London,uncertain
51.61,0.17,2,25,other,0.24,1.0183597347658937,other,0.6065,True,0.6065,0.2248,0.1687,16.9,London,medium
51.61,0.17,3,26,other,0.11538461538461539,1.0798753311904068,other,0.6177,True,0.6177,0.2188,0.1636,16.4,London,medium
51.61,0.18,0,9,other,0.1111111111111111,0.6869615976336276,other,0.3753,True,0.3753,0.2554,0.3693,36.9,London,uncertain
51.61,0.18,1,11,other,0.36363636363636365,0.8599672810355049,violent,0.56,False,0.2118,0.2282,0.56,56.0,London,medium
51.61,0.18,2,9,violent,0.1111111111111111,1.0608569471580214,other,0.6186,False,0.6186,0.2179,0.1635,16.3,London,medium
51.61,0.18,3,10,violent,0.1,0.9433483923290392,other,0.6194,False,0.6194,0.2178,0.1628,16.3,London,medium
51.61,0.19,1,3,other,0.3333333333333333,0.6365141893815645,property,0.6384,False,0.1998,0.6384,0.1618,16.2,London,medium
51.61,0.21,0,43,violent,0.16279069767441862,1.0732442971104372,property,0.6478,False,0.1941,0.6478,0.1581,15.8,London,medium
51.61,0.21,1,37,property,0.1891891891891892,1.0645306502432357,property,0.4918,True,0.2898,0.4918,0.2184,21.8,London,uncertain
51.61,0.21,2,34,other,0.058823529411764705,1.0347237164131773,other,0.4846,True,0.4846,0.3243,0.1911,19.1,London,uncertain
51.61,0.21,3,51,other,0.0392156862745098,1.0358922868225857,property,0.641,False,0.1981,0.641,0.1609,16.1,London,medium
51.61,0.22,0,127,other,0.015748031496062992,1.0981798219296026,property,0.6424,False,0.1973,0.6424,0.1603,16.0,London,medium
51.61,0.22,1,144,other,0.006944444444444444,1.0958142543317568,property,0.627,False,0.2058,0.627,0.1672,16.7,London,medium
51.61,0.22,2,129,property,0.08527131782945736,1.0867286067994177,property,0.6444,True,0.1962,0.6444,0.1594,15.9,London,medium
51.61,0.22,3,130,other,0.18461538461538463,1.0631989631117709,property,0.5459,False,0.2207,0.5459,0.2334,23.3,London,uncertain
51.61,0.23,0,36,violent,0.0,1.0688206728265008,violent,0.5599,True,0.2116,0.2285,0.5599,56.0,London,medium
51.61,0.23,1,32,violent,0.09375,1.0861979723945263,violent,0.5512,True,0.216,0.2328,0.5512,55.1,London,medium
51.61,0.23,2,42,violent,0.0,1.0986122886681096,violent,0.5618,True,0.2108,0.2274,0.5618,56.2,London,medium
51.61,0.23,3,32,other,0.15625,1.0752094963414276,violent,0.5618,False,0.2108,0.2274,0.5618,56.2,London,medium
51.61,0.24,0,36,other,0.027777777777777776,1.0816810090772329,other,0.5857,True,0.5857,0.2302,0.1841,18.4,London,medium
51.61,0.24,1,51,other,0.17647058823529413,1.0688850014380966,violent,0.535,False,0.2247,0.2403,0.535,53.5,London,uncertain
51.61,0.24,2,51,other,0.11764705882352941,1.0747923939651214,violent,0.5522,False,0.2151,0.2327,0.5522,55.2,London,medium
51.61,0.24,3,53,violent,0.09433962264150944,1.081341660015287,other,0.4217,False,0.4217,0.258,0.3203,32.0,London,uncertain
51.61,0.27,0,3,other,0.3333333333333333,0.6365141893815645,other,0.5992,True,0.5992,0.2291,0.1718,17.2,London,medium
51.61,0.27,2,4,other,1.0,4.34465315364359e-08,property,0.4602,False,0.3506,0.4602,0.1892,18.9,London,uncertain
51.61,0.27,3,3,other,0.3333333333333333,0.6365141893815645,property,0.4573,False,0.3534,0.4573,0.1893,18.9,London,uncertain
51.620000000000005,-0.49,1,3,other,0.3333333333333333,0.6365141893815645,property,0.6422,False,0.1977,0.6422,0.1601,16.0,London,medium
51.620000000000005,-0.45,3,4,other,0.5,0.5623351657797391,property,0.4767,False,0.3387,0.4767,0.1846,18.5,London,uncertain
51.620000000000005,-0.44,0,4,property,0.5,0.5623351657797391,violent,0.5535,False,0.2149,0.2316,0.5535,55.3,London,medium
51.620000000000005,-0.44,1,7,property,0.2857142857142857,0.9556998911125343,violent,0.5557,False,0.2138,0.2305,0.5557,55.6,London,medium
51.620000000000005,-0.44,2,8,property,0.0,1.0821955300387671,property,0.5693,True,0.2538,0.5693,0.1768,17.7,London,medium
51.620000000000005,-0.44,3,4,violent,0.0,0.6931472015900639,property,0.6452,False,0.1961,0.6452,0.1588,15.9,London,medium
51.620000000000005,-0.42,1,3,violent,0.3333333333333333,0.6365141893815645,violent,0.4887,True,0.227,0.2843,0.4887,48.9,London,uncertain
51.620000000000005,-0.42,2,3,property,0.3333333333333333,0.6365141893815645,property,0.6445,True,0.1964,0.6445,0.1591,15.9,London,medium
51.620000000000005,-0.36,1,3,violent,0.0,1.0986122886681096,other,0.6106,False,0.6106,0.2225,0.167,16.7,London,medium
51.620000000000005,-0.34,1,7,violent,0.14285714285714285,1.0789922078775833,other,0.6178,False,0.6178,0.2184,0.1638,16.4,London,medium
51.620000000000005,-0.33,0,12,other,0.08333333333333333,1.0775563270668007,violent,0.5588,False,0.2124,0.2288,0.5588,55.9,London,medium
51.620000000000005,-0.33,1,7,property,0.14285714285714285,0.6829081257408294,violent,0.558,False,0.2127,0.2293,0.558,55.8,London,medium
51.620000000000005,-0.33,2,11,other,0.2727272727272727,0.9949236325717752,other,0.6159,True,0.6159,0.2201,0.1639,16.4,London,medium
51.620000000000005,-0.33,3,6,violent,0.6666666666666666,0.4505612301390093,violent,0.491,True,0.2596,0.2494,0.491,49.1,London,uncertain
51.620000000000005,-0.32,0,24,other,0.041666666666666664,0.9822815054843264,other,0.6149,True,0.6149,0.2206,0.1645,16.5,London,medium
51.620000000000005,-0.32,1,26,property,0.0,1.0733942812811266,other,0.6195,False,0.6195,0.2176,0.1629,16.3,London,medium
51.620000000000005,-0.32,2,24,property,0.0,1.0281838593329258,violent,0.5444,False,0.2148,0.2407,0.5444,54.4,London,uncertain
51.620000000000005,-0.32,3,12,property,0.08333333333333333,1.077556327066801,property,0.6478,True,0.1946,0.6478,0.1576,15.8,London,medium
51.620000000000005,-0.31,0,52,property,0.25,0.9955225551686422,property,0.649,True,0.1939,0.649,0.157,15.7,London,medium
51.620000000000005,-0.31,1,68,property,0.20588235294117646,1.0583763496782659,property,0.6485,True,0.1942,0.6485,0.1573,15.7,London,medium
51.620000000000005,-0.31,2,53,property,0.1320754716981132,1.0597862800660394,property,0.6508,True,0.1929,0.6508,0.1563,15.6,London,medium
51.620000000000005,-0.31,3,70,property,0.2,1.046033486851276,property,0.6498,True,0.193,0.6498,0.1571,15.7,London,medium
51.620000000000005,-0.3,0,24,property,0.3333333333333333,0.8602030628046027,other,0.6091,False,0.6091,0.2242,0.1667,16.7,London,medium
51.620000000000005,-0.3,1,27,property,0.25925925925925924,0.869068898856834,property,0.65,True,0.1934,0.65,0.1566,15.7,London,medium
51.620000000000005,-0.3,2,38,property,0.23684210526315788,1.0083002514303572,other,0.6015,False,0.6015,0.2315,0.167,16.7,London,medium
51.620000000000005,-0.3,3,27,property,0.3333333333333333,0.8444867347630605,property,0.6409,True,0.1984,0.6409,0.1607,16.1,London,medium
51.620000000000005,-0.29,0,44,other,0.06818181818181818,1.079092073476302,property,0.5978,False,0.235,0.5978,0.1672,16.7,London,medium
51.620000000000005,-0.29,1,55,other,0.14545454545454545,1.0754156488557374,property,0.6485,False,0.1942,0.6485,0.1573,15.7,London,medium
51.620000000000005,-0.29,2,55,other,0.07272727272727272,1.0726959267318747,property,0.6508,False,0.1929,0.6508,0.1563,15.6,London,medium
51.620000000000005,-0.29,3,59,other,0.0847457627118644,1.026412354313511,property,0.6507,False,0.193,0.6507,0.1563,15.6,London,medium
51.620000000000005,-0.28,0,35,property,0.11428571428571428,1.0761302839653792,property,0.6435,True,0.197,0.6435,0.1595,16.0,London,medium
51.620000000000005,-0.28,1,43,property,0.09302325581395349,1.0786340166813146,property,0.6503,True,0.1932,0.6503,0.1565,15.6,London,medium
51.620000000000005,-0.28,2,22,violent,0.09090909090909091,1.0843629508682477,property,0.633,False,0.2023,0.633,0.1647,16.5,London,medium
51.620000000000005,-0.28,3,31,property,0.03225806451612903,1.0845917163665408,violent,0.5416,False,0.2181,0.2403,0.5416,54.2,London,uncertain
51.620000000000005,-0.27,0,42,other,0.047619047619047616,1.075497456487433,property,0.5014,False,0.3122,0.5014,0.1864,18.6,London,uncertain
51.620000000000005,-0.27,1,31,property,0.1935483870967742,1.046337357519136,other,0.5721,False,0.5721,0.2584,0.1695,17.0,London,medium
51.620000000000005,-0.27,2,45,property,0.022222222222222223,1.068503169303051,other,0.5282,False,0.5282,0.3012,0.1706,17.1,London,uncertain
51.620000000000005,-0.27,3,40,other,0.1,1.0888999753452238,other,0.6095,True,0.6095,0.2261,0.1644,16.4,London,medium
51.620000000000005,-0.26,0,44,property,0.0,1.0715736196489019,other,0.5093,False,0.5093,0.3049,0.1858,18.6,London,uncertain
51.620000000000005,-0.26,1,61,other,0.11475409836065574,1.06416823355347,property,0.5856,False,0.2444,0.5856,0.1701,17.0,London,medium
51.620000000000005,-0.26,2,58,property,0.05172413793103448,1.083688433753602,property,0.6481,True,0.1941,0.6481,0.1578,15.8,London,medium
51.620000000000005,-0.26,3,39,violent,0.0,1.0986122886681096,property,0.6508,False,0.1929,0.6508,0.1563,15.6,London,medium
51.620000000000005,-0.25,0,24,other,0.125,0.9743147528693494,other,0.6198,True,0.6198,0.2175,0.1627,16.3,London,medium
51.620000000000005,-0.25,1,39,other,0.20512820512820512,1.013436099670082,other,0.6208,True,0.6208,0.2169,0.1623,16.2,London,medium
51.620000000000005,-0.25,2,32,other,0.15625,1.003690367837568,other,0.6102,True,0.6102,0.2229,0.1668,16.7,London,medium
51.620000000000005,-0.25,3,31,other,0.3870967741935484,0.9303452299780475,other,0.6178,True,0.6178,0.2187,0.1635,16.4,London,medium
51.620000000000005,-0.24,0,16,other,0.125,1.0717300941124526,property,0.6232,False,0.2053,0.6232,0.1715,17.1,London,medium
51.620000000000005,-0.24,1,16,violent,0.125,1.0717300941124526,property,0.5408,False,0.2203,0.5408,0.2388,23.9,London,uncertain
51.620000000000005,-0.24,2,19,violent,0.0,1.0198652142779299,property,0.6472,False,0.1949,0.6472,0.1578,15.8,London,medium
51.620000000000005,-0.24,3,17,other,0.058823529411764705,1.073383620336505,property,0.6482,False,0.1941,0.6482,0.1577,15.8,London,medium
51.620000000000005,-0.23,0,4,property,0.5,0.5623351657797391,other,0.4256,False,0.4256,0.3934,0.181,18.1,London,uncertain
51.620000000000005,-0.23,2,5,property,0.4,0.9502705392332347,violent,0.3845,False,0.3593,0.2561,0.3845,38.5,London,uncertain
51.620000000000005,-0.23,3,6,other,0.16666666666666666,1.0114042647073518,property,0.6465,False,0.1953,0.6465,0.1582,15.8,London,medium
51.620000000000005,-0.22,0,6,violent,0.0,1.0986122886681096,violent,0.451,True,0.2904,0.2586,0.451,45.1,London,uncertain
51.620000000000005,-0.22,1,8,property,0.625,0.7356219397587946,violent,0.5616,False,0.211,0.2273,0.5616,56.2,London,medium
51.620000000000005,-0.22,2,10,violent,0.1,1.0888999753452238,property,0.6485,False,0.1942,0.6485,0.1573,15.7,London,medium
51.620000000000005,-0.22,3,12,property,0.3333333333333333,0.9596147939120492,violent,0.504,False,0.2238,0.2722,0.504,50.4,London,uncertain
51.620000000000005,-0.21,2,5,property,0.4,0.9502705392332347,violent,0.5571,False,0.2131,0.2298,0.5571,55.7,London,medium
51.620000000000005,-0.2,0,4,property,0.25,1.0397207708399179,property,0.6315,True,0.2033,0.6315,0.1652,16.5,London,medium
51.620000000000005,-0.2,2,3,property,0.3333333333333333,0.6365141893815645,property,0.6461,True,0.1953,0.6461,0.1587,15.9,London,medium
51.620000000000005,-0.2,3,3,property,0.3333333333333333,0.6365141893815645,violent,0.4173,False,0.2342,0.3485,0.4173,41.7,London,uncertain
51.620000000000005,-0.19,0,27,property,0.1111111111111111,1.0866549153502754,property,0.6473,True,0.1949,0.6473,0.1578,15.8,London,medium
51.620000000000005,-0.19,1,24,property,0.4166666666666667,0.9191738293819783,property,0.6454,True,0.1959,0.6454,0.1587,15.9,London,medium
51.620000000000005,-0.19,2,17,property,0.35294117647058826,0.9586918593253719,property,0.6462,True,0.1955,0.6462,0.1583,15.8,London,medium
51.620000000000005,-0.19,3,15,property,0.0,1.0549201679861442,property,0.6478,True,0.1946,0.6478,0.1576,15.8,London,medium
51.620000000000005,-0.18,0,130,other,0.023076923076923078,1.0768086109820523,property,0.6482,False,0.1944,0.6482,0.1574,15.7,London,medium
51.620000000000005,-0.18,1,139,property,0.11510791366906475,1.0425763702478525,property,0.6495,True,0.1937,0.6495,0.1568,15.7,London,medium
51.620000000000005,-0.18,2,121,property,0.0743801652892562,1.023596538180509,property,0.65,True,0.1934,0.65,0.1566,15.7,London,medium
51.620000000000005,-0.18,3,118,property,0.0423728813559322,1.0369932456552338,property,0.6325,True,0.2074,0.6325,0.1601,16.0,London,medium
51.620000000000005,-0.17,0,30,property,0.16666666666666666,1.0564242198612623,property,0.5174,True,0.3045,0.5174,0.1781,17.8,London,uncertain
51.620000000000005,-0.17,1,26,property,0.038461538461538464,1.088010262277112,property,0.647,True,0.195,0.647,0.1579,15.8,London,medium
51.620000000000005,-0.17,2,30,property,0.06666666666666667,1.0521391662238093,violent,0.5239,False,0.2355,0.2406,0.5239,52.4,London,uncertain
51.620000000000005,-0.17,3,41,property,0.04878048780487805,1.0304139632566331,property,0.6505,True,0.1931,0.6505,0.1564,15.6,London,medium
51.620000000000005,-0.16,0,31,violent,0.06451612903225806,1.0914145617941,property,0.6487,False,0.1941,0.6487,0.1572,15.7,London,medium
51.620000000000005,-0.16,1,29,property,0.13793103448275862,1.065891213213607,property,0.6494,True,0.1934,0.6494,0.1572,15.7,London,medium
51.620000000000005,-0.16,2,21,property,0.38095238095238093,0.9165525293817653,property,0.6471,True,0.195,0.6471,0.1579,15.8,London,medium
51.620000000000005,-0.16,3,23,property,0.13043478260869565,1.074721225116281,property,0.6501,True,0.1933,0.6501,0.1566,15.7,London,medium
51.620000000000005,-0.15,0,54,violent,0.018518518518518517,1.0912111004202867,violent,0.5305,True,0.2303,0.2392,0.5305,53.0,London,uncertain
51.620000000000005,-0.15,1,71,property,0.07042253521126761,1.049850075038334,property,0.5605,True,0.2245,0.5605,0.215,21.5,London,medium
51.620000000000005,-0.15,2,50,violent,0.16,1.038811757145593,violent,0.5558,True,0.213,0.2312,0.5558,55.6,London,medium
51.620000000000005,-0.15,3,63,other,0.14285714285714285,1.0789922078775833,property,0.3935,False,0.3092,0.3935,0.2973,29.7,London,uncertain
51.620000000000005,-0.14,0,96,property,0.4270833333333333,0.9209144291090436,property,0.6503,True,0.1932,0.6503,0.1565,15.6,London,medium
51.620000000000005,-0.14,1,82,property,0.4878048780487805,0.8359025988868711,property,0.6504,True,0.1932,0.6504,0.1565,15.6,London,medium
51.620000000000005,-0.14,2,79,property,0.4177215189873418,0.9263159945192897,property,0.6508,True,0.1929,0.6508,0.1562,15.6,London,medium
51.620000000000005,-0.14,3,98,property,0.4489795918367347,0.8805800764184042,property,0.6509,True,0.1929,0.6509,0.1562,15.6,London,medium
51.620000000000005,-0.13,0,28,property,0.42857142857142855,0.8921178708188162,property,0.6485,True,0.1942,0.6485,0.1573,15.7,London,medium
51.620000000000005,-0.13,1,40,property,0.375,0.9002560512685369,property,0.6456,True,0.1958,0.6456,0.1586,15.9,London,medium
51.620000000000005,-0.13,2,41,property,0.24390243902439024,0.9450867453496511,property,0.6505,True,0.1931,0.6505,0.1564,15.6,London,medium
51.620000000000005,-0.13,3,38,property,0.13157894736842105,1.0325228878180137,property,0.6502,True,0.1933,0.6502,0.1565,15.7,London,medium
51.620000000000005,-0.12,0,31,property,0.25806451612903225,1.0269445292379726,property,0.593,True,0.2377,0.593,0.1693,16.9,London,medium
51.620000000000005,-0.12,1,31,property,0.1935483870967742,1.000617525519099,property,0.6286,True,0.2096,0.6286,0.1618,16.2,London,medium
51.620000000000005,-0.12,2,38,property,0.2894736842105263,1.020094373854497,property,0.6058,True,0.2272,0.6058,0.167,16.7,London,medium
51.620000000000005,-0.12,3,39,property,0.05128205128205128,1.0906913214036154,property,0.6502,True,0.1933,0.6502,0.1565,15.7,London,medium
51.620000000000005,-0.11,0,119,property,0.08403361344537816,1.081378096930719,property,0.6479,True,0.1946,0.6479,0.1576,15.8,London,medium
51.620000000000005,-0.11,1,97,property,0.030927835051546393,1.0880024156854,property,0.6474,True,0.1948,0.6474,0.1578,15.8,London,medium
51.620000000000005,-0.11,2,127,property,0.23622047244094488,1.0353968955800383,property,0.6484,True,0.1942,0.6484,0.1573,15.7,London,medium
51.620000000000005,-0.11,3,113,property,0.04424778761061947,1.0717730491377075,property,0.6499,True,0.1934,0.6499,0.1567,15.7,London,medium
51.620000000000005,-0.1,0,58,property,0.017241379310344827,1.0946801913700852,property,0.6495,True,0.1932,0.6495,0.1574,15.7,London,medium
51.620000000000005,-0.1,1,64,property,0.328125,0.9660357345400643,property,0.6491,True,0.1939,0.6491,0.157,15.7,London,medium
51.620000000000005,-0.1,2,56,property,0.16071428571428573,1.0362242795739007,property,0.6497,True,0.1932,0.6497,0.157,15.7,London,medium
51.620000000000005,-0.1,3,67,property,0.1044776119402985,0.9699046813254276,property,0.6496,True,0.1933,0.6496,0.1571,15.7,London,medium
51.620000000000005,-0.09,0,51,property,0.1568627450980392,1.0492460349798303,property,0.6481,True,0.1942,0.6481,0.1578,15.8,London,medium
51.620000000000005,-0.09,1,57,property,0.2807017543859649,1.0197694132472122,other,0.5966,False,0.5966,0.2357,0.1676,16.8,London,medium
51.620000000000005,-0.09,2,68,property,0.029411764705882353,1.0583453685867263,property,0.6304,True,0.2092,0.6304,0.1604,16.0,London,medium
51.620000000000005,-0.09,3,70,property,0.18571428571428572,1.0657490977934163,property,0.3881,True,0.315,0.3881,0.297,29.7,London,uncertain
51.620000000000005,-0.08,0,67,violent,0.04477611940298507,1.0944019467541333,violent,0.4234,True,0.297,0.2796,0.4234,42.3,London,uncertain
51.620000000000005,-0.08,1,91,other,0.06593406593406594,1.092438005375596,violent,0.5438,False,0.2187,0.2375,0.5438,54.4,London,uncertain
51.620000000000005,-0.08,2,75,other,0.06666666666666667,1.0749440472732568,violent,0.5342,False,0.2259,0.24,0.5342,53.4,London,uncertain
51.620000000000005,-0.08,3,83,violent,0.060240963855421686,1.0915582439404674,other,0.6177,False,0.6177,0.2199,0.1624,16.2,London,medium
51.620000000000005,-0.07,0,126,property,0.015873015873015872,1.0978561448493953,violent,0.5557,False,0.2137,0.2306,0.5557,55.6,London,medium
51.620000000000005,-0.07,1,111,property,0.036036036036036036,1.0969262184194792,violent,0.4827,False,0.2586,0.2587,0.4827,48.3,London,uncertain
51.620000000000005,-0.07,2,100,other,0.1,1.0888999753452238,violent,0.5588,False,0.2123,0.2289,0.5588,55.9,London,medium
51.620000000000005,-0.07,3,108,other,0.1111111111111111,1.0866549153502754,property,0.648,False,0.1942,0.648,0.1578,15.8,London,medium
51.620000000000005,-0.06,0,333,property,0.024024024024024024,1.097453412831332,other,0.6173,False,0.6173,0.219,0.1637,16.4,London,medium
51.620000000000005,-0.06,1,324,other,0.040123456790123455,1.094821727717954,other,0.6191,True,0.6191,0.2179,0.163,16.3,London,medium
51.620000000000005,-0.06,2,308,other,0.1461038961038961,1.0702675872857188,other,0.6197,True,0.6197,0.2178,0.1625,16.2,London,medium
51.620000000000005,-0.06,3,338,other,0.03254437869822485,1.0959818863602067,other,0.5096,True,0.5096,0.3144,0.176,17.6,London,uncertain
51.620000000000005,-0.05,0,87,other,0.09195402298850575,1.0817153021523296,violent,0.5511,False,0.2154,0.2335,0.5511,55.1,London,medium
51.620000000000005,-0.05,1,67,other,0.029850746268656716,1.0922657060739835,property,0.4843,False,0.2439,0.4843,0.2719,27.2,London,uncertain
51.620000000000005,-0.05,2,78,property,0.02564102564102564,1.0729668516796143,property,0.6252,True,0.2092,0.6252,0.1656,16.6,London,medium
51.620000000000005,-0.05,3,76,other,0.05263157894736842,1.0851928546349756,violent,0.4992,False,0.2296,0.2711,0.4992,49.9,London,uncertain
51.620000000000005,-0.04,0,29,property,0.10344827586206896,1.0835222669892097,property,0.4556,True,0.2315,0.4556,0.3129,31.3,London,uncertain
51.620000000000005,-0.04,1,29,property,0.27586206896551724,1.0271753091827658,property,0.4801,True,0.2315,0.4801,0.2884,28.8,London,uncertain
51.620000000000005,-0.04,2,23,other,0.043478260869565216,0.9272771162838269,property,0.6477,False,0.1947,0.6477,0.1577,15.8,London,medium
51.620000000000005,-0.04,3,23,property,0.08695652173913043,0.8378972277814775,property,0.6494,True,0.1937,0.6494,0.1569,15.7,London,medium
51.620000000000005,-0.03,0,9,property,0.1111111111111111,1.0608569471580214,property,0.6318,True,0.2035,0.6318,0.1648,16.5,London,medium
51.620000000000005,-0.03,1,5,violent,0.0,1.0549201679861442,property,0.6483,False,0.1943,0.6483,0.1574,15.7,London,medium
51.620000000000005,-0.03,2,10,violent,0.1,1.0888999753452238,property,0.6491,False,0.1939,0.6491,0.157,15.7,London,medium
51.620000000000005,-0.03,3,9,property,0.6666666666666666,0.6837389058487535,property,0.6448,True,0.196,0.6448,0.1592,15.9,London,medium
51.620000000000005,-0.02,0,97,property,0.05154639175257732,1.0921415151803595,property,0.649,True,0.194,0.649,0.1571,15.7,London,medium
51.620000000000005,-0.02,1,101,property,0.1188118811881188,1.062636075906322,property,0.6447,True,0.1963,0.6447,0.159,15.9,London,medium
51.620000000000005,-0.02,2,103,property,0.18446601941747573,1.0419359048866281,property,0.6405,True,0.1994,0.6405,0.1601,16.0,London,medium
51.620000000000005,-0.02,3,102,property,0.10784313725490197,1.0515447977664305,property,0.6504,True,0.1932,0.6504,0.1565,15.6,London,medium
51.620000000000005,-0.01,0,46,violent,0.08695652173913043,1.081163713485801,violent,0.5315,True,0.2229,0.2456,0.5315,53.1,London,uncertain
51.620000000000005,-0.01,1,60,violent,0.016666666666666666,1.0926356953049257,property,0.6449,False,0.1959,0.6449,0.1592,15.9,London,medium
51.620000000000005,-0.01,2,47,other,0.06382978723404255,1.0815382409131464,property,0.4965,False,0.2592,0.4965,0.2443,24.4,London,uncertain
51.620000000000005,-0.01,3,47,violent,0.06382978723404255,1.0289306832470473,property,0.6386,False,0.1994,0.6386,0.162,16.2,London,medium
51.620000000000005,0.0,0,49,property,0.04081632653061224,1.0417318696947038,other,0.6093,False,0.6093,0.2263,0.1644,16.4,London,medium
51.620000000000005,0.0,1,30,other,0.13333333333333333,1.0760342091133341,other,0.6146,True,0.6146,0.2216,0.1638,16.4,London,medium
51.620000000000005,0.0,2,38,other,0.05263157894736842,1.0601189359398382,property,0.6073,False,0.2304,0.6073,0.1623,16.2,London,medium
51.620000000000005,0.0,3,33,violent,0.030303030303030304,1.0958536606125853,property,0.6241,False,0.2088,0.6241,0.167,16.7,London,medium
51.620000000000005,0.01,0,38,other,0.07894736842105263,1.039354567438057,property,0.6348,False,0.2018,0.6348,0.1634,16.3,London,medium
51.620000000000005,0.01,1,44,other,0.045454545454545456,1.0886382779422423,property,0.6498,False,0.193,0.6498,0.1572,15.7,London,medium
51.620000000000005,0.01,2,33,property,0.15151515151515152,1.0271492471638468,property,0.6481,True,0.1941,0.6481,0.1578,15.8,London,medium
51.620000000000005,0.01,3,40,property,0.225,1.0044989032880594,property,0.6497,True,0.1931,0.6497,0.1573,15.7,London,medium
51.620000000000005,0.02,0,12,property,0.3333333333333333,0.9596147939120492,property,0.5612,True,0.2583,0.5612,0.1805,18.1,London,medium
51.620000000000005,0.02,1,16,property,0.25,0.9470571522825082,property,0.6495,True,0.1937,0.6495,0.1568,15.7,London,medium
51.620000000000005,0.02,2,13,violent,0.07692307692307693,1.0123308391031736,property,0.646,False,0.1956,0.646,0.1584,15.8,London,medium
51.620000000000005,0.02,3,14,violent,0.14285714285714285,0.9922819748525739,violent,0.4451,True,0.2234,0.3315,0.4451,44.5,London,uncertain
51.620000000000005,0.03,0,8,violent,0.125,0.9743147528693494,violent,0.4969,True,0.2234,0.2797,0.4969,49.7,London,uncertain
51.620000000000005,0.03,1,14,property,0.07142857142857142,1.060944240790747,property,0.648,True,0.1945,0.648,0.1575,15.7,London,medium
51.620000000000005,0.03,2,10,property,0.1,1.0888999753452238,violent,0.4318,False,0.224,0.3442,0.4318,43.2,London,uncertain
51.620000000000005,0.03,3,20,property,0.1,0.9433483923290391,property,0.6455,True,0.1956,0.6455,0.1589,15.9,London,medium
51.620000000000005,0.04,0,8,property,0.125,0.9743147528693494,property,0.644,True,0.1967,0.644,0.1593,15.9,London,medium
51.620000000000005,0.04,1,8,property,0.25,0.6615632592196846,violent,0.4976,False,0.2229,0.2795,0.4976,49.8,London,uncertain
51.620000000000005,0.04,2,8,other,0.125,0.9743147528693494,property,0.6398,False,0.199,0.6398,0.1612,16.1,London,medium
51.620000000000005,0.04,3,8,violent,0.0,1.0821955300387673,property,0.6457,False,0.1957,0.6457,0.1585,15.9,London,medium
51.620000000000005,0.12,0,8,other,0.375,0.9002560512685369,violent,0.4535,False,0.2296,0.3169,0.4535,45.4,London,uncertain
51.620000000000005,0.12,1,12,violent,0.16666666666666666,1.0114042647073518,property,0.4155,False,0.4034,0.4155,0.1811,18.1,London,uncertain
51.620000000000005,0.12,2,9,other,0.4444444444444444,0.8486855577264172,other,0.6185,True,0.6185,0.2183,0.1632,16.3,London,medium
51.620000000000005,0.12,3,11,other,0.18181818181818182,1.0670895187820832,other,0.3823,True,0.3823,0.2621,0.3556,35.6,London,uncertain
51.620000000000005,0.18,0,9,property,0.0,0.9649629230074277,property,0.6442,True,0.1966,0.6442,0.1592,15.9,London,medium
51.620000000000005,0.18,1,5,violent,0.0,1.0549201679861442,property,0.4806,False,0.3407,0.4806,0.1787,17.9,London,uncertain
51.620000000000005,0.18,2,4,other,0.5,0.5623351657797391,other,0.6179,True,0.6179,0.2183,0.1637,16.4,London,medium
51.620000000000005,0.18,3,7,property,0.2857142857142857,0.9556998911125343,other,0.6015,False,0.6015,0.2263,0.1722,17.2,London,medium
51.620000000000005,0.2,0,4,other,0.5,0.5623351657797391,property,0.6469,False,0.1951,0.6469,0.158,15.8,London,medium
51.620000000000005,0.2,2,4,violent,0.5,0.5623351657797391,violent,0.4354,True,0.2226,0.342,0.4354,43.5,London,uncertain
51.620000000000005,0.21,0,5,violent,0.4,0.9502705392332347,property,0.6442,False,0.1963,0.6442,0.1595,15.9,London,medium
51.620000000000005,0.21,1,4,violent,0.5,0.562335165779739,violent,0.5577,True,0.2128,0.2294,0.5577,55.8,London,medium
51.620000000000005,0.21,2,6,other,0.16666666666666666,1.0114042647073518,violent,0.4318,False,0.2223,0.3459,0.4318,43.2,London,uncertain
51.620000000000005,0.22,0,9,other,0.1111111111111111,1.0608569471580214,other,0.599,True,0.599,0.2323,0.1687,16.9,London,medium
51.620000000000005,0.22,1,7,other,0.14285714285714285,1.0789922078775833,other,0.6183,True,0.6183,0.2182,0.1636,16.4,London,medium
51.620000000000005,0.22,2,6,property,0.16666666666666666,1.0114042647073518,property,0.4824,True,0.3377,0.4824,0.1799,18.0,London,uncertain
51.620000000000005,0.22,3,5,other,0.4,0.9502705392332347,property,0.643,False,0.197,0.643,0.1601,16.0,London,medium
51.620000000000005,0.23,0,3,violent,0.0,1.0986122886681096,property,0.6444,False,0.1965,0.6444,0.1591,15.9,London,medium
51.620000000000005,0.23,1,4,property,0.0,0.6931472015900639,violent,0.4353,False,0.2265,0.3382,0.4353,43.5,London,uncertain
51.620000000000005,0.23,3,4,other,0.5,0.5623351657797391,property,0.6479,False,0.1946,0.6479,0.1576,15.8,London,medium
51.620000000000005,0.3,3,4,violent,0.0,0.6931472015900639,violent,0.5526,True,0.2153,0.2321,0.5526,55.3,London,medium
51.63,-0.5,1,4,property,0.25,1.0397207708399179,other,0.615,False,0.615,0.2204,0.1647,16.5,London,medium
51.63,-0.34,2,3,other,0.3333333333333333,0.6365141893815645,property,0.6482,False,0.1944,0.6482,0.1574,15.7,London,medium
51.63,-0.34,3,3,violent,0.3333333333333333,0.6365141893815645,violent,0.5611,True,0.2112,0.2277,0.5611,56.1,London,medium
51.63,-0.32,0,11,other,0.36363636363636365,0.8599672810355049,violent,0.5594,False,0.2121,0.2285,0.5594,55.9,London,medium
51.63,-0.32,1,6,other,0.16666666666666666,1.0114042647073518,other,0.5572,True,0.5572,0.2605,0.1823,18.2,London,medium
51.63,-0.32,2,9,other,0.1111111111111111,0.6869615976336276,property,0.5306,False,0.2799,0.5306,0.1895,18.9,London,uncertain
51.63,-0.32,3,5,violent,0.4,0.9502705392332347,other,0.6159,False,0.6159,0.2199,0.1642,16.4,London,medium
51.63,-0.31,0,8,property,0.125,0.9743147528693494,property,0.6465,True,0.1953,0.6465,0.1582,15.8,London,medium
51.63,-0.31,1,5,property,0.4,0.9502705392332347,property,0.6485,True,0.1942,0.6485,0.1573,15.7,London,medium
51.63,-0.31,2,3,violent,0.0,1.0986122886681096,other,0.6168,False,0.6168,0.2195,0.1637,16.4,London,medium
51.63,-0.31,3,8,property,0.125,0.9743147528693494,violent,0.438,False,0.2257,0.3362,0.438,43.8,London,uncertain
51.63,-0.3,0,3,property,0.3333333333333333,0.6365141893815645,property,0.4726,True,0.3378,0.4726,0.1895,19.0,London,uncertain
51.63,-0.3,3,4,property,0.5,0.5623351657797391,property,0.6346,True,0.2019,0.6346,0.1635,16.3,London,medium
51.63,-0.29,3,3,property,0.3333333333333333,0.6365141893815645,property,0.6504,True,0.1932,0.6504,0.1564,15.6,London,medium
51.63,-0.28,0,6,violent,0.0,1.0986122886681096,property,0.644,False,0.1964,0.644,0.1596,16.0,London,medium
51.63,-0.28,1,9,property,0.1111111111111111,1.0608569471580214,violent,0.5611,False,0.2112,0.2276,0.5611,56.1,London,medium
51.63,-0.28,2,10,violent,0.0,1.0549201679861442,property,0.6468,False,0.1952,0.6468,0.158,15.8,London,medium
51.63,-0.28,3,3,other,0.3333333333333333,0.6365141893815645,violent,0.4413,False,0.226,0.3327,0.4413,44.1,London,uncertain
51.63,-0.27,0,49,violent,0.10204081632653061,1.0511384256049312,property,0.6413,False,0.1982,0.6413,0.1605,16.1,London,medium
51.63,-0.27,1,43,violent,0.023255813953488372,1.0914082001162215,property,0.6174,False,0.2206,0.6174,0.162,16.2,London,medium
51.63,-0.27,2,39,other,0.02564102564102564,1.0842435291786918,other,0.5895,True,0.5895,0.238,0.1725,17.3,London,medium
51.63,-0.27,3,37,violent,0.05405405405405406,1.045253231189162,other,0.6081,False,0.6081,0.2242,0.1677,16.8,London,medium
51.63,-0.26,0,22,violent,0.2727272727272727,0.9949236325717752,property,0.6486,False,0.1942,0.6486,0.1573,15.7,London,medium
51.63,-0.26,1,20,property,0.1,1.0888999753452238,property,0.6463,True,0.1954,0.6463,0.1583,15.8,London,medium
51.63,-0.26,2,16,other,0.0625,1.0433534269422904,property,0.6496,False,0.1936,0.6496,0.1568,15.7,London,medium
51.63,-0.26,3,19,property,0.05263157894736842,0.955131195451464,other,0.5991,False,0.5991,0.2314,0.1695,17.0,London,medium
51.63,-0.25,0,5,violent,0.2,0.6730116880595105,other,0.6165,False,0.6165,0.2196,0.1639,16.4,London,medium
51.63,-0.25,1,10,property,0.3,0.8979457248567798,property,0.6198,True,0.2127,0.6198,0.1675,16.8,London,medium
51.63,-0.25,2,5,other,0.2,0.6730116880595106,other,0.3762,True,0.3762,0.2533,0.3705,37.0,London,uncertain
51.63,-0.25,3,9,property,0.1111111111111111,1.0608569471580214,violent,0.5097,False,0.2191,0.2713,0.5097,51.0,London,uncertain
51.63,-0.2,0,11,property,0.0,0.9347698978582792,other,0.6123,False,0.6123,0.2197,0.168,16.8,London,medium
51.63,-0.2,1,5,property,1.0,4.3446531758480495e-08,property,0.6481,True,0.1944,0.6481,0.1575,15.7,London,medium
51.63,-0.2,2,6,property,0.16666666666666666,1.0114042647073518,other,0.4404,False,0.4404,0.385,0.1746,17.5,London,uncertain
51.63,-0.19,0,7,property,0.7142857142857143,0.4101163396015586,property,0.6443,True,0.1961,0.6443,0.1596,16.0,London,medium
51.63,-0.19,1,6,property,0.16666666666666666,1.0114042647073518,property,0.6469,True,0.1951,0.6469,0.158,15.8,London,medium
51.63,-0.19,2,6,property,0.5,0.8675632284814613,property,0.6111,True,0.2177,0.6111,0.1713,17.1,London,medium
51.63,-0.19,3,9,property,0.0,0.9649629230074277,property,0.6487,True,0.1941,0.6487,0.1572,15.7,London,medium
51.63,-0.18,0,52,property,0.019230769230769232,0.994692334280647,property,0.6486,True,0.1942,0.6486,0.1573,15.7,London,medium
51.63,-0.18,1,48,property,0.25,0.9901000747284985,property,0.637,True,0.2006,0.637,0.1624,16.2,London,medium
51.63,-0.18,2,63,property,0.23809523809523808,1.0317858636429527,property,0.6498,True,0.1935,0.6498,0.1567,15.7,London,medium
51.63,-0.18,3,47,property,0.2978723404255319,0.9926069425177073,property,0.6502,True,0.1933,0.6502,0.1565,15.7,London,medium
51.63,-0.17,0,52,other,0.057692307692307696,1.0799744016329116,property,0.3599,False,0.3027,0.3599,0.3374,33.7,London,uncertain
51.63,-0.17,1,42,other,0.023809523809523808,1.0969101592798742,property,0.5806,False,0.2355,0.5806,0.1839,18.4,London,medium
51.63,-0.17,2,48,property,0.10416666666666667,1.0820397581034547,other,0.6005,False,0.6005,0.232,0.1675,16.7,London,medium
51.63,-0.17,3,46,property,0.043478260869565216,1.0648409968573886,violent,0.553,False,0.2128,0.2342,0.553,55.3,London,medium
51.63,-0.16,0,37,property,0.10810810810810811,1.0715849248248062,property,0.6496,True,0.1936,0.6496,0.1568,15.7,London,medium
51.63,-0.16,1,36,property,0.2222222222222222,1.0366279688586069,property,0.6503,True,0.1932,0.6503,0.1565,15.6,London,medium
51.63,-0.16,2,47,other,0.0425531914893617,1.0738536558823966,property,0.6122,False,0.2075,0.6122,0.1804,18.0,London,medium
51.63,-0.16,3,29,property,0.06896551724137931,1.075361286166348,property,0.6326,True,0.203,0.6326,0.1644,16.4,London,medium
51.63,-0.15,0,43,violent,0.023255813953488372,1.0980755053270417,property,0.5664,False,0.2617,0.5664,0.1719,17.2,London,medium
51.63,-0.15,1,41,property,0.0,1.0887341634397132,property,0.4937,True,0.2828,0.4937,0.2234,22.3,London,uncertain
51.63,-0.15,2,54,property,0.14814814814814814,1.0304089991452012,property,0.5711,True,0.2408,0.5711,0.1881,18.8,London,medium
51.63,-0.15,3,45,violent,0.022222222222222223,1.0971297078373583,other,0.4377,False,0.4377,0.307,0.2554,25.5,London,uncertain
51.63,-0.14,0,32,violent,0.0,1.0976250611902076,property,0.6461,False,0.1955,0.6461,0.1583,15.8,London,medium
51.63,-0.14,1,38,property,0.15789473684210525,1.070024954998012,property,0.6353,True,0.2012,0.6353,0.1635,16.3,London,medium
51.63,-0.14,2,35,property,0.17142857142857143,1.0364096074001297,property,0.6508,True,0.1929,0.6508,0.1563,15.6,London,medium
51.63,-0.14,3,33,property,0.12121212121212122,1.0535084081118615,property,0.6495,True,0.1934,0.6495,0.1571,15.7,London,medium
51.63,-0.13,0,110,property,0.23636363636363636,1.0389765999201237,property,0.649,True,0.194,0.649,0.1571,15.7,London,medium
51.63,-0.13,1,125,property,0.312,0.9758597042350404,property,0.6498,True,0.1935,0.6498,0.1567,15.7,London,medium
51.63,-0.13,2,134,property,0.21641791044776118,1.0351960787687835,property,0.6506,True,0.1931,0.6506,0.1564,15.6,London,medium
51.63,-0.13,3,103,property,0.27184466019417475,1.0102057672384255,property,0.6503,True,0.1932,0.6503,0.1565,15.7,London,medium
51.63,-0.12,0,18,property,0.2777777777777778,0.9809896824453154,property,0.6482,True,0.1944,0.6482,0.1574,15.7,London,medium
51.63,-0.12,1,21,property,0.3333333333333333,0.8787513508906516,other,0.5933,False,0.5933,0.2364,0.1704,17.0,London,medium
51.63,-0.12,2,14,property,0.35714285714285715,0.9799711820833054,property,0.6501,True,0.1933,0.6501,0.1566,15.7,London,medium
51.63,-0.12,3,23,property,0.08695652173913043,1.061208440905252,property,0.6495,True,0.1936,0.6495,0.1568,15.7,London,medium
51.63,-0.11,0,8,property,0.625,0.7356219397587946,property,0.6453,True,0.196,0.6453,0.1587,15.9,London,medium
51.63,-0.11,1,19,property,0.21052631578947367,1.0565758044102838,property,0.6475,True,0.1947,0.6475,0.1577,15.8,London,medium
51.63,-0.11,2,18,property,0.3888888888888889,0.9338238517147219,property,0.6455,True,0.1959,0.6455,0.1586,15.9,London,medium
51.63,-0.11,3,15,property,0.26666666666666666,1.009613758174038,property,0.6455,True,0.1959,0.6455,0.1586,15.9,London,medium
51.63,-0.1,0,67,property,0.13432835820895522,1.0654043776313684,property,0.6482,True,0.1944,0.6482,0.1574,15.7,London,medium
51.63,-0.1,1,67,property,0.05970149253731343,1.0812808403246528,property,0.6304,True,0.2042,0.6304,0.1654,16.5,London,medium
51.63,-0.1,2,66,property,0.18181818181818182,1.0208880675106418,property,0.6346,True,0.2019,0.6346,0.1635,16.3,London,medium
51.63,-0.1,3,69,property,0.21739130434782608,1.0427729104385877,property,0.6503,True,0.1932,0.6503,0.1565,15.6,London,medium
51.63,-0.09,0,27,violent,0.1111111111111111,1.0608569471580214,property,0.6476,False,0.1943,0.6476,0.1581,15.8,London,medium
51.63,-0.09,1,24,violent,0.16666666666666666,1.0114042647073518,violent,0.3864,True,0.2312,0.3824,0.3864,38.6,London,uncertain
51.63,-0.09,2,33,property,0.21212121212121213,1.048872013427051,property,0.6497,True,0.1933,0.6497,0.157,15.7,London,medium
51.63,-0.09,3,37,property,0.08108108108108109,1.0611532224746254,violent,0.4173,False,0.2299,0.3528,0.4173,41.7,London,uncertain
51.63,-0.08,0,31,property,0.06451612903225806,1.0914145617941,property,0.5843,True,0.2426,0.5843,0.1731,17.3,London,medium
51.63,-0.08,1,33,property,0.06060606060606061,1.0875314752904792,other,0.4252,False,0.4252,0.3779,0.1969,19.7,London,uncertain
51.63,-0.08,2,22,other,0.045454545454545456,1.0965754342577216,property,0.6347,False,0.2016,0.6347,0.1638,16.4,London,medium
51.63,-0.08,3,34,violent,0.058823529411764705,1.0926240370360876,property,0.6326,False,0.2002,0.6326,0.1673,16.7,London,medium
51.63,-0.07,0,95,violent,0.16842105263157894,1.0599565006144394,violent,0.512,True,0.2278,0.2603,0.512,51.2,London,uncertain
51.63,-0.07,1,93,other,0.043010752688172046,1.0876303931993179,violent,0.5489,False,0.2164,0.2347,0.5489,54.9,London,uncertain
51.63,-0.07,2,97,violent,0.10309278350515463,1.0842089682297849,property,0.6502,False,0.193,0.6502,0.1568,15.7,London,medium
51.63,-0.07,3,86,property,0.046511627906976744,1.0948614222644903,violent,0.5566,False,0.213,0.2304,0.5566,55.7,London,medium
51.63,-0.06,0,202,other,0.054455445544554455,1.0925996793471693,other,0.6151,True,0.6151,0.2217,0.1632,16.3,London,medium
51.63,-0.06,1,206,property,0.009708737864077669,1.0973754656457455,other,0.5539,False,0.5539,0.2685,0.1775,17.8,London,medium
51.63,-0.06,2,196,other,0.015306122448979591,1.0981188211802202,property,0.5347,False,0.291,0.5347,0.1742,17.4,London,uncertain
51.63,-0.06,3,201,other,0.03482587064676617,1.096324390395532,other,0.6027,True,0.6027,0.2329,0.1644,16.4,London,medium
51.63,-0.05,0,172,other,0.03488372093023256,1.0909390683411704,property,0.4737,False,0.3199,0.4737,0.2064,20.6,London,uncertain
51.63,-0.05,1,158,other,0.04430379746835443,1.088544088698701,property,0.6346,False,0.2029,0.6346,0.1626,16.3,London,medium
51.63,-0.05,2,174,other,0.05172413793103448,1.0959796227168808,violent,0.5044,False,0.2223,0.2732,0.5044,50.4,London,uncertain
51.63,-0.05,3,154,property,0.025974025974025976,1.097055972671387,violent,0.5401,False,0.2241,0.2358,0.5401,54.0,London,uncertain
51.63,-0.04,0,57,other,0.14035087719298245,1.0736253820943074,other,0.4194,True,0.4194,0.3203,0.2603,26.0,London,uncertain
51.63,-0.04,1,68,other,0.1323529411764706,1.0704559479553388,other,0.3591,True,0.3591,0.3273,0.3136,31.4,London,uncertain
51.63,-0.04,2,64,other,0.015625,1.0983693902617546,violent,0.5597,False,0.2119,0.2284,0.5597,56.0,London,medium
51.63,-0.04,3,59,other,0.03389830508474576,1.0974755388122173,property,0.4256,False,0.378,0.4256,0.1964,19.6,London,uncertain
51.63,-0.02,0,7,property,0.0,1.0042424730540764,property,0.6436,True,0.1969,0.6436,0.1595,15.9,London,medium
51.63,-0.02,1,7,property,0.14285714285714285,1.0789922078775833,other,0.5057,False,0.5057,0.3116,0.1827,18.3,London,uncertain
51.63,-0.02,2,6,other,0.16666666666666666,1.0114042647073518,property,0.5191,False,0.2955,0.5191,0.1854,18.5,London,uncertain
51.63,-0.02,3,11,property,0.18181818181818182,1.0670895187820832,violent,0.4805,False,0.2204,0.2991,0.4805,48.1,London,uncertain
51.63,-0.01,0,29,violent,0.034482758620689655,1.0588032571034944,property,0.6483,False,0.194,0.6483,0.1577,15.8,London,medium
51.63,-0.01,1,32,property,0.09375,1.086197972394526,property,0.6347,True,0.2013,0.6347,0.164,16.4,London,medium
51.63,-0.01,2,26,violent,0.0,1.0971128947333808,property,0.6364,False,0.2009,0.6364,0.1627,16.3,London,medium
51.63,-0.01,3,29,property,0.10344827586206896,1.0835222669892097,property,0.6498,True,0.1932,0.6498,0.157,15.7,London,medium
51.63,0.0,0,69,property,0.13043478260869565,1.074721225116281,property,0.6415,True,0.1981,0.6415,0.1604,16.0,London,medium
51.63,0.0,1,76,violent,0.07894736842105263,1.0828367030254842,property,0.6504,False,0.1932,0.6504,0.1564,15.6,London,medium
51.63,0.0,2,62,property,0.11290322580645161,1.0816589424374048,property,0.6505,True,0.1931,0.6505,0.1564,15.6,London,medium
51.63,0.0,3,67,violent,0.014925373134328358,1.0956731512446831,property,0.65,False,0.1931,0.65,0.1569,15.7,London,medium
51.63,0.01,0,54,other,0.037037037037037035,1.0944885526930284,other,0.6088,True,0.6088,0.2243,0.1669,16.7,London,medium
51.63,0.01,1,43,other,0.11627906976744186,1.0823649276334009,other,0.6106,True,0.6106,0.2233,0.1661,16.6,London,medium
51.63,0.01,2,52,other,0.19230769230769232,1.049098940971924,property,0.6481,False,0.1941,0.6481,0.1577,15.8,London,medium
51.63,0.01,3,61,other,0.19672131147540983,1.0386287045176457,other,0.5629,True,0.5629,0.2676,0.1695,17.0,London,medium
51.63,0.02,0,8,property,0.375,0.9002560512685369,violent,0.4318,False,0.2287,0.3395,0.4318,43.2,London,uncertain
51.63,0.02,1,6,other,0.3333333333333333,0.6365141893815645,violent,0.5596,False,0.212,0.2284,0.5596,56.0,London,medium
51.63,0.02,2,3,violent,0.0,1.0986122886681096,property,0.6471,False,0.1945,0.6471,0.1584,15.8,London,medium
51.63,0.02,3,9,violent,0.0,1.0986122886681096,violent,0.5609,True,0.2114,0.2277,0.5609,56.1,London,medium
51.63,0.22,0,5,property,0.6,0.5004024447610512,property,0.4848,True,0.3229,0.4848,0.1922,19.2,London,uncertain
51.63,0.22,1,4,property,0.0,0.6931472015900639,other,0.6101,False,0.6101,0.2247,0.1652,16.5,London,medium
51.63,0.22,2,5,violent,0.2,0.6730116880595106,violent,0.5616,True,0.211,0.2274,0.5616,56.2,London,medium
51.63,0.22,3,6,violent,0.3333333333333333,0.6365141893815645,other,0.6175,False,0.6175,0.2187,0.1638,16.4,London,medium
51.64,-0.3,2,3,violent,0.0,1.0986122886681096,property,0.6434,False,0.1971,0.6434,0.1596,16.0,London,medium
51.64,-0.26,0,6,property,1.0,4.3446531758480495e-08,violent,0.4773,False,0.2309,0.2917,0.4773,47.7,London,uncertain
51.64,-0.25,1,4,violent,0.0,0.6931472015900639,other,0.442,False,0.442,0.3828,0.1752,17.5,London,uncertain
51.64,-0.24,0,7,violent,0.0,1.0042424730540764,property,0.4462,False,0.23,0.4462,0.3238,32.4,London,uncertain
51.64,-0.24,1,8,property,0.125,0.9743147528693494,property,0.491,True,0.3201,0.491,0.1889,18.9,London,uncertain
51.64,-0.24,2,4,other,0.5,0.5623351657797391,property,0.6498,False,0.1935,0.6498,0.1567,15.7,London,medium
51.64,-0.24,3,3,other,0.3333333333333333,0.6365141893815645,violent,0.5519,False,0.2132,0.2349,0.5519,55.2,London,medium
51.64,-0.22,0,9,property,0.2222222222222222,0.9368883075390159,other,0.614,False,0.614,0.2204,0.1656,16.6,London,medium
51.64,-0.22,1,5,property,0.4,0.9502705392332347,violent,0.5605,False,0.2115,0.2279,0.5605,56.1,London,medium
51.64,-0.22,3,3,other,1.0,4.34465315364359e-08,property,0.6444,False,0.1965,0.6444,0.1591,15.9,London,medium
51.64,-0.21,0,18,other,0.16666666666666666,1.0114042647073518,other,0.3771,True,0.3771,0.2537,0.3691,36.9,London,uncertain
51.64,-0.21,1,9,property,0.1111111111111111,1.0608569471580214,other,0.6173,False,0.6173,0.2187,0.164,16.4,London,medium
51.64,-0.21,2,11,other,0.18181818181818182,1.0670895187820832,other,0.5523,True,0.5523,0.2413,0.2063,20.6,London,medium
51.64,-0.21,3,14,violent,0.07142857142857142,1.060944240790747,other,0.6197,False,0.6197,0.2176,0.1627,16.3,London,medium
51.64,-0.2,0,14,violent,0.14285714285714285,1.0789922078775833,property,0.6485,False,0.1939,0.6485,0.1576,15.8,London,medium
51.64,-0.2,1,14,violent,0.14285714285714285,1.0789922078775833,violent,0.3662,True,0.2952,0.3386,0.3662,36.6,London,uncertain
51.64,-0.2,2,11,violent,0.18181818181818182,1.0670895187820832,violent,0.5607,True,0.2114,0.2278,0.5607,56.1,London,medium
51.64,-0.2,3,15,property,0.13333333333333333,1.0437570363314086,violent,0.5604,False,0.2116,0.2279,0.5604,56.0,London,medium
51.64,-0.19,0,12,other,0.3333333333333333,0.9596147939120492,property,0.6469,False,0.1951,0.6469,0.158,15.8,London,medium
51.64,-0.19,1,16,property,0.0625,1.0433534269422904,violent,0.5563,False,0.2135,0.2302,0.5563,55.6,London,medium
51.64,-0.19,2,22,property,0.045454545454545456,0.9957374991778267,violent,0.5563,False,0.2135,0.2303,0.5563,55.6,London,medium
51.64,-0.19,3,21,property,0.09523809523809523,1.071018542409915,property,0.6419,True,0.1975,0.6419,0.1605,16.1,London,medium
51.64,-0.18,0,18,other,0.05555555555555555,1.0893096789558299,property,0.6484,False,0.1943,0.6484,0.1573,15.7,London,medium
51.64,-0.18,1,25,other,0.16,1.038811757145593,property,0.6478,False,0.1946,0.6478,0.1576,15.8,London,medium
51.64,-0.18,2,16,other,0.0625,1.0433534269422904,property,0.6492,False,0.1938,0.6492,0.157,15.7,London,medium
51.64,-0.18,3,18,other,0.05555555555555555,1.0893096789558299,property,0.6213,False,0.2138,0.6213,0.1649,16.5,London,medium
51.64,-0.17,0,32,property,0.0625,1.0795883408865785,property,0.649,True,0.1939,0.649,0.1571,15.7,London,medium
51.64,-0.17,1,29,property,0.3793103448275862,0.9123565151589663,property,0.6359,True,0.2012,0.6359,0.1629,16.3,London,medium
51.64,-0.17,2,37,property,0.24324324324324326,0.9881597967731373,property,0.6498,True,0.1935,0.6498,0.1567,15.7,London,medium
51.64,-0.17,3,42,property,0.14285714285714285,1.0789922078775833,property,0.6505,True,0.1931,0.6505,0.1564,15.6,London,medium
51.64,-0.16,0,37,property,0.43243243243243246,0.9255365868835534,property,0.6426,True,0.1975,0.6426,0.1599,16.0,London,medium
51.64,-0.16,1,66,property,0.2878787878787879,1.0000236771722495,property,0.6496,True,0.1936,0.6496,0.1568,15.7,London,medium
51.64,-0.16,2,35,property,0.2571428571428571,0.931443178165372,property,0.6496,True,0.1936,0.6496,0.1568,15.7,London,medium
51.64,-0.16,3,40,property,0.05,1.094280092589208,property,0.6488,True,0.194,0.6488,0.1571,15.7,London,medium
51.64,-0.15,0,20,property,0.25,1.0397207708399179,violent,0.5602,False,0.2117,0.2281,0.5602,56.0,London,medium
51.64,-0.15,1,12,violent,0.25,1.0397207708399179,property,0.6457,False,0.1958,0.6457,0.1585,15.9,London,medium
51.64,-0.15,2,18,violent,0.0,1.0688206728265008,property,0.6496,False,0.1936,0.6496,0.1568,15.7,London,medium
51.64,-0.15,3,11,property,0.09090909090909091,1.0361987848192837,property,0.6402,True,0.1985,0.6402,0.1613,16.1,London,medium
51.64,-0.14,0,59,other,0.1016949152542373,1.0769105075938459,other,0.6191,True,0.6191,0.2178,0.163,16.3,London,medium
51.64,-0.14,1,43,property,0.18604651162790697,1.060958876872216,other,0.604,False,0.604,0.2263,0.1697,17.0,London,medium
51.64,-0.14,2,55,other,0.07272727272727272,1.0516098143195147,other,0.6184,True,0.6184,0.2182,0.1634,16.3,London,medium
51.64,-0.14,3,45,other,0.08888888888888889,1.0499716848160465,other,0.6144,True,0.6144,0.2227,0.1629,16.3,London,medium
51.64,-0.13,0,29,property,0.0,1.0974088280586503,other,0.606,False,0.606,0.2273,0.1667,16.7,London,medium
51.64,-0.13,1,44,property,0.11363636363636363,1.073553469837396,other,0.3992,False,0.3992,0.2559,0.3449,34.5,London,uncertain
51.64,-0.13,2,48,other,0.041666666666666664,1.0933903064791184,other,0.6207,True,0.6207,0.217,0.1623,16.2,London,medium
51.64,-0.13,3,47,property,0.02127659574468085,1.0839731700389386,other,0.6078,False,0.6078,0.2243,0.1678,16.8,London,medium
51.64,-0.12,0,21,property,0.047619047619047616,0.6920129858631268,property,0.6484,True,0.1943,0.6484,0.1574,15.7,London,medium
51.64,-0.12,1,19,violent,0.0,1.087074155537762,property,0.6454,False,0.1959,0.6454,0.1587,15.9,London,medium
51.64,-0.12,2,18,property,0.05555555555555555,1.0893096789558299,violent,0.5021,False,0.2219,0.276,0.5021,50.2,London,uncertain
51.64,-0.12,3,18,property,0.1111111111111111,1.0608569471580214,property,0.6465,True,0.1953,0.6465,0.1582,15.8,London,medium
51.64,-0.11,0,17,property,0.17647058823529413,1.0551016181686426,property,0.6485,True,0.1942,0.6485,0.1573,15.7,London,medium
51.64,-0.11,1,17,violent,0.17647058823529413,1.0551016181686426,property,0.6485,False,0.1942,0.6485,0.1573,15.7,London,medium
51.64,-0.11,2,21,property,0.19047619047619047,0.9829007277151564,property,0.6499,True,0.1935,0.6499,0.1567,15.7,London,medium
51.64,-0.11,3,32,property,0.4375,0.8688134127978941,property,0.6413,True,0.1982,0.6413,0.1605,16.1,London,medium
51.64,-0.1,0,26,other,0.07692307692307693,1.0695416913993134,property,0.6454,False,0.1959,0.6454,0.1587,15.9,London,medium
51.64,-0.1,1,22,property,0.4090909090909091,0.896050224140659,property,0.6458,True,0.1957,0.6458,0.1585,15.9,London,medium
51.64,-0.1,2,14,property,0.2857142857142857,0.6517565822441624,property,0.6468,True,0.1952,0.6468,0.1581,15.8,London,medium
51.64,-0.1,3,14,property,0.07142857142857142,1.060944240790747,property,0.6466,True,0.1953,0.6466,0.1581,15.8,London,medium
51.64,-0.09,0,18,property,0.16666666666666666,1.0114042647073518,property,0.6463,True,0.1955,0.6463,0.1583,15.8,London,medium
51.64,-0.09,1,18,property,0.2777777777777778,0.8277381569989198,property,0.6416,True,0.198,0.6416,0.1604,16.0,London,medium
51.64,-0.09,2,18,property,0.7222222222222222,0.5566469035821068,property,0.6494,True,0.1937,0.6494,0.1569,15.7,London,medium
51.64,-0.09,3,7,property,0.42857142857142855,0.5982696097102536,property,0.6456,True,0.1958,0.6456,0.1586,15.9,London,medium
51.64,-0.08,0,42,property,0.2857142857142857,0.9965089682692919,property,0.6416,True,0.198,0.6416,0.1604,16.0,London,medium
51.64,-0.08,1,38,property,0.2631578947368421,0.9780499489805361,property,0.6493,True,0.1938,0.6493,0.1569,15.7,London,medium
51.64,-0.08,2,31,property,0.16129032258064516,1.0676208772568145,property,0.6335,True,0.2025,0.6335,0.164,16.4,London,medium
51.64,-0.08,3,33,property,0.3333333333333333,0.9136334974790451,property,0.6444,True,0.1965,0.6444,0.1591,15.9,London,medium
51.64,-0.07,0,63,property,0.38095238095238093,0.9165525293817653,property,0.6481,True,0.1945,0.6481,0.1575,15.7,London,medium
51.64,-0.07,1,66,property,0.3787878787878788,0.9388550574525971,property,0.6476,True,0.1947,0.6476,0.1577,15.8,London,medium
51.64,-0.07,2,69,property,0.391304347826087,0.9565694036682177,property,0.6508,True,0.1929,0.6508,0.1562,15.6,London,medium
51.64,-0.07,3,71,property,0.3380281690140845,0.9875059230000887,property,0.6505,True,0.1931,0.6505,0.1564,15.6,London,medium
51.64,-0.06,0,53,other,0.09433962264150944,1.089955870082973,property,0.6254,False,0.211,0.6254,0.1637,16.4,London,medium
51.64,-0.06,1,44,violent,0.045454545454545456,1.0702359491930813,property,0.6504,False,0.1932,0.6504,0.1564,15.6,London,medium
51.64,-0.06,2,62,other,0.016129032258064516,1.0902968400578485,property,0.65,False,0.1931,0.65,0.1569,15.7,London,medium
51.64,-0.06,3,64,property,0.078125,1.091213056844872,property,0.6508,True,0.1929,0.6508,0.1562,15.6,London,medium
51.64,-0.05,0,125,property,0.008,1.0965999538076665,other,0.6151,False,0.6151,0.2217,0.1633,16.3,London,medium
51.64,-0.05,1,162,property,0.037037037037037035,1.084796742657462,other,0.4011,False,0.4011,0.3869,0.212,21.2,London,uncertain
51.64,-0.05,2,123,property,0.0975609756097561,1.0696355324232563,other,0.6136,False,0.6136,0.222,0.1644,16.4,London,medium
51.64,-0.05,3,145,property,0.006896551724137931,1.0965364911602198,property,0.4188,True,0.3013,0.4188,0.2798,28.0,London,uncertain
51.64,-0.04,0,80,property,0.1125,1.0782375765383017,violent,0.4959,False,0.2506,0.2535,0.4959,49.6,London,uncertain
51.64,-0.04,1,93,violent,0.03225806451612903,1.0954856494877212,other,0.6172,False,0.6172,0.2202,0.1626,16.3,London,medium
51.64,-0.04,2,88,other,0.07954545454545454,1.088577677447068,violent,0.4265,False,0.2917,0.2819,0.4265,42.6,London,uncertain
51.64,-0.04,3,84,other,0.10714285714285714,1.087482881219986,violent,0.5593,False,0.2117,0.2289,0.5593,55.9,London,medium
51.64,-0.03,0,15,property,0.26666666666666666,1.009613758174038,property,0.6425,True,0.1972,0.6425,0.1603,16.0,London,medium
51.64,-0.03,1,19,other,0.10526315789473684,1.0132690262497301,property,0.6473,False,0.1949,0.6473,0.1578,15.8,London,medium
51.64,-0.03,2,21,other,0.3333333333333333,0.9773202089564674,property,0.6496,False,0.1936,0.6496,0.1568,15.7,London,medium
51.64,-0.03,3,17,violent,0.0,1.0950778621205006,property,0.6465,False,0.1953,0.6465,0.1582,15.8,London,medium
51.64,-0.01,0,58,other,0.10344827586206896,1.0714250995036434,property,0.3581,False,0.3468,0.3581,0.2951,29.5,London,uncertain
51.64,-0.01,1,41,other,0.04878048780487805,1.0657574066673614,property,0.6053,False,0.2239,0.6053,0.1708,17.1,London,medium
51.64,-0.01,2,41,other,0.2682926829268293,0.9047230174401557,other,0.6089,True,0.6089,0.2267,0.1644,16.4,London,medium
51.64,-0.01,3,52,other,0.21153846153846154,1.0337800453915473,property,0.436,False,0.3781,0.436,0.186,18.6,London,uncertain
51.64,0.01,0,3,other,0.3333333333333333,0.6365141893815645,other,0.4529,True,0.4529,0.3674,0.1797,18.0,London,uncertain
51.64,0.01,1,3,violent,0.0,1.0986122886681096,property,0.6476,False,0.1947,0.6476,0.1577,15.8,London,medium
51.64,0.06,1,3,property,0.3333333333333333,0.6365141893815645,property,0.6319,True,0.2034,0.6319,0.1647,16.5,London,medium
51.64,0.09,1,3,violent,0.3333333333333333,0.6365141893815645,property,0.6493,False,0.1938,0.6493,0.1569,15.7,London,medium
51.65,-0.41000000000000003,3,3,property,0.3333333333333333,0.6365141893815645,property,0.6358,True,0.2013,0.6358,0.163,16.3,London,medium
51.65,-0.39,2,3,property,0.3333333333333333,0.6365141893815645,property,0.6493,True,0.1938,0.6493,0.1569,15.7,London,medium
51.65,-0.24,0,5,property,0.0,1.0549201679861442,other,0.6126,False,0.6126,0.2213,0.1661,16.6,London,medium
51.65,-0.24,1,4,other,0.5,0.5623351657797391,property,0.6413,False,0.1977,0.6413,0.1609,16.1,London,medium
51.65,-0.24,2,3,property,0.3333333333333333,0.6365141893815645,property,0.4756,True,0.3432,0.4756,0.1812,18.1,London,uncertain
51.65,-0.24,3,12,other,0.3333333333333333,0.9596147939120492,violent,0.3774,False,0.3415,0.2812,0.3774,37.7,London,uncertain
51.65,-0.23,0,3,property,0.3333333333333333,0.6365141893815645,property,0.6468,True,0.1951,0.6468,0.158,15.8,London,medium
51.65,-0.23,1,4,property,0.5,0.5623351657797391,violent,0.424,False,0.2249,0.3511,0.424,42.4,London,uncertain
51.65,-0.22,0,20,other,0.1,1.0486537893593546,other,0.5964,True,0.5964,0.2333,0.1702,17.0,London,medium
51.65,-0.22,1,19,property,0.0,1.087074155537762,other,0.6201,False,0.6201,0.2173,0.1626,16.3,London,medium
51.65,-0.22,2,22,violent,0.045454545454545456,0.9957374991778267,other,0.6114,False,0.6114,0.2251,0.1634,16.3,London,medium
51.65,-0.22,3,15,property,0.2,1.0606018056124555,violent,0.5612,False,0.2112,0.2276,0.5612,56.1,London,medium
51.65,-0.21,0,65,violent,0.046153846153846156,1.0955732915629848,other,0.6065,False,0.6065,0.2265,0.167,16.7,London,medium
51.65,-0.21,1,86,violent,0.0,1.0611006995554852,other,0.6206,False,0.6206,0.217,0.1624,16.2,London,medium
51.65,-0.21,2,83,other,0.10843373493975904,1.022917375705821,other,0.6204,True,0.6204,0.2172,0.1624,16.2,London,medium
51.65,-0.21,3,66,violent,0.030303030303030304,1.012911933213318,violent,0.4313,True,0.2739,0.2948,0.4313,43.1,London,uncertain
51.65,-0.2,0,97,property,0.10309278350515463,1.0779898063835769,other,0.5977,False,0.5977,0.234,0.1682,16.8,London,medium
51.65,-0.2,1,89,other,0.06741573033707865,1.0608143072225187,property,0.4253,False,0.3967,0.4253,0.178,17.8,London,uncertain
51.65,-0.2,2,82,property,0.04878048780487805,1.0780488317876504,property,0.6498,True,0.1932,0.6498,0.157,15.7,London,medium
51.65,-0.2,3,94,property,0.1276595744680851,1.0732806787292053,property,0.6498,True,0.1932,0.6498,0.157,15.7,London,medium
51.65,-0.19,0,62,property,0.14516129032258066,1.0479317045985184,property,0.6363,True,0.2009,0.6363,0.1627,16.3,London,medium
51.65,-0.19,1,66,property,0.24242424242424243,0.9783338604288463,property,0.6441,True,0.1966,0.6441,0.1592,15.9,London,medium
51.65,-0.19,2,58,property,0.22413793103448276,1.0160051433118948,property,0.6433,True,0.1968,0.6433,0.1599,16.0,London,medium
51.65,-0.19,3,68,property,0.16176470588235295,1.0646124748955916,property,0.6487,True,0.1938,0.6487,0.1575,15.8,London,medium
51.65,-0.18,0,55,other,0.03636363636363636,1.0963156586476261,other,0.607,True,0.607,0.2255,0.1675,16.7,London,medium
51.65,-0.18,1,62,other,0.04838709677419355,1.0598566656591406,other,0.6153,True,0.6153,0.2201,0.1646,16.5,London,medium
51.65,-0.18,2,78,property,0.01282051282051282,1.0950974339537836,other,0.6177,False,0.6177,0.2185,0.1637,16.4,London,medium
51.65,-0.18,3,68,other,0.04411764705882353,1.0808972028316473,other,0.6177,True,0.6177,0.2188,0.1635,16.4,London,medium
51.65,-0.17,0,94,property,0.09574468085106383,1.0817339176888774,violent,0.4646,False,0.2347,0.3007,0.4646,46.5,London,uncertain
51.65,-0.17,1,99,property,0.09090909090909091,1.0905668491367564,property,0.6469,True,0.1951,0.6469,0.158,15.8,London,medium
51.65,-0.17,2,96,property,0.13541666666666666,1.0736648721010211,property,0.5506,True,0.2366,0.5506,0.2128,21.3,London,medium
51.65,-0.17,3,84,violent,0.07142857142857142,1.0897973126663918,property,0.646,False,0.1953,0.646,0.1587,15.9,London,medium
51.65,-0.16,0,24,property,0.08333333333333333,1.077556327066801,other,0.6069,False,0.6069,0.2248,0.1683,16.8,London,medium
51.65,-0.16,1,21,property,0.14285714285714285,0.9302998331833918,other,0.6189,False,0.6189,0.218,0.1631,16.3,London,medium
51.65,-0.16,2,31,property,0.0,1.0943511658532066,other,0.6188,False,0.6188,0.218,0.1631,16.3,London,medium
51.65,-0.16,3,29,property,0.034482758620689655,1.0901154415671217,other,0.6178,False,0.6178,0.2187,0.1634,16.3,London,medium
51.65,-0.15,0,52,property,0.2692307692307692,0.9722463258972045,property,0.639,True,0.1995,0.639,0.1615,16.2,London,medium
51.65,-0.15,1,40,property,0.375,0.9471373499198397,property,0.6492,True,0.1938,0.6492,0.157,15.7,London,medium
51.65,-0.15,2,39,property,0.2564102564102564,0.9986080503255144,property,0.6501,True,0.1933,0.6501,0.1566,15.7,London,medium
51.65,-0.15,3,41,property,0.34146341463414637,0.9900011067427861,property,0.634,True,0.2022,0.634,0.1638,16.4,London,medium
51.65,-0.14,0,15,other,0.26666666666666666,1.0096137581740383,other,0.61,True,0.61,0.2231,0.1669,16.7,London,medium
51.65,-0.14,1,12,other,0.08333333333333333,1.0775563270668007,other,0.6167,True,0.6167,0.2194,0.1638,16.4,London,medium
51.65,-0.14,2,17,property,0.11764705882352941,1.0852280400722045,other,0.6188,False,0.6188,0.2178,0.1634,16.3,London,medium
51.65,-0.14,3,11,violent,0.36363636363636365,0.8599672810355049,other,0.6168,False,0.6168,0.2195,0.1638,16.4,London,medium
51.65,-0.13,0,28,violent,0.17857142857142858,1.0607314736099946,property,0.6485,False,0.1939,0.6485,0.1576,15.8,London,medium
51.65,-0.13,1,25,property,0.08,1.0875656525975472,property,0.6464,True,0.1954,0.6464,0.1582,15.8,London,medium
51.65,-0.13,2,28,property,0.32142857142857145,0.9739909329825542,property,0.6478,True,0.1946,0.6478,0.1576,15.8,London,medium
51.65,-0.13,3,24,property,0.25,0.9901000747284985,property,0.6415,True,0.1981,0.6415,0.1604,16.0,London,medium
51.65,-0.12,0,17,property,0.17647058823529413,0.9560443809671457,property,0.6456,True,0.1958,0.6456,0.1586,15.9,London,medium
51.65,-0.12,1,8,property,0.5,0.562335165779739,property,0.645,True,0.1962,0.645,0.1589,15.9,London,medium
51.65,-0.12,2,14,property,0.21428571428571427,1.0346012329101812,property,0.6458,True,0.1957,0.6458,0.1585,15.8,London,medium
51.65,-0.12,3,11,property,0.5454545454545454,0.7595473914748635,property,0.6347,True,0.2055,0.6347,0.1598,16.0,London,medium
51.65,-0.11,0,34,violent,0.20588235294117646,1.0583763496782659,violent,0.5487,True,0.217,0.2343,0.5487,54.9,London,uncertain
51.65,-0.11,1,36,violent,0.08333333333333333,1.046654153838786,property,0.386,False,0.2756,0.386,0.3384,33.8,London,uncertain
51.65,-0.11,2,36,violent,0.1111111111111111,1.0207543464748885,violent,0.5292,True,0.2221,0.2486,0.5292,52.9,London,uncertain
51.65,-0.11,3,43,violent,0.023255813953488372,0.9378474757000332,property,0.6507,False,0.193,0.6507,0.1563,15.6,London,medium
51.65,-0.1,0,9,property,0.4444444444444444,0.8486855577264172,property,0.6487,True,0.1941,0.6487,0.1572,15.7,London,medium
51.65,-0.1,1,7,property,0.42857142857142855,0.5982696097102534,property,0.645,True,0.1962,0.645,0.1588,15.9,London,medium
51.65,-0.1,2,9,property,0.2222222222222222,0.936888307539016,property,0.6474,True,0.1945,0.6474,0.1581,15.8,London,medium
51.65,-0.1,3,8,property,0.375,0.9002560512685369,property,0.647,True,0.1951,0.647,0.158,15.8,London,medium
51.65,-0.09,0,37,property,0.10810810810810811,0.9887372688897627,property,0.648,True,0.1945,0.648,0.1575,15.7,London,medium
51.65,-0.09,1,41,property,0.0975609756097561,1.0611692507830748,property,0.6358,True,0.2013,0.6358,0.163,16.3,London,medium
51.65,-0.09,2,46,other,0.06521739130434782,1.0746716538634222,property,0.6502,False,0.1933,0.6502,0.1565,15.7,London,medium
51.65,-0.09,3,32,property,0.125,1.0361059705283655,property,0.6511,True,0.1928,0.6511,0.1561,15.6,London,medium
51.65,-0.08,0,189,property,0.12169312169312169,1.0804733303680334,property,0.6491,True,0.1939,0.6491,0.157,15.7,London,medium
51.65,-0.08,1,219,property,0.1050228310502283,1.0801055539378939,property,0.6499,True,0.1935,0.6499,0.1567,15.7,London,medium
51.65,-0.08,2,218,property,0.12844036697247707,1.039402549853283,property,0.6502,True,0.1933,0.6502,0.1565,15.7,London,medium
51.65,-0.08,3,233,property,0.15879828326180256,1.067978219866811,property,0.6488,True,0.1941,0.6488,0.1572,15.7,London,medium
51.65,-0.07,0,53,other,0.11320754716981132,1.083780469283205,property,0.4127,False,0.4006,0.4127,0.1867,18.7,London,uncertain
51.65,-0.07,1,65,property,0.046153846153846156,1.0955732915629848,other,0.6076,False,0.6076,0.2268,0.1656,16.6,London,medium
51.65,-0.07,2,75,property,0.02666666666666667,1.0915253473275621,other,0.6022,False,0.6022,0.231,0.1668,16.7,London,medium
51.65,-0.07,3,85,other,0.023529411764705882,1.0946856326038188,other,0.6183,True,0.6183,0.2185,0.1632,16.3,London,medium
51.65,-0.06,0,223,property,0.4125560538116592,0.9275420988625904,property,0.5872,True,0.2432,0.5872,0.1696,17.0,London,medium
51.65,-0.06,1,228,property,0.47368421052631576,0.8785381733984767,property,0.6482,True,0.1944,0.6482,0.1574,15.7,London,medium
51.65,-0.06,2,226,property,0.46017699115044247,0.9008977180757488,property,0.6503,True,0.1932,0.6503,0.1565,15.6,London,medium
51.65,-0.06,3,210,property,0.5190476190476191,0.8472609140864683,property,0.6506,True,0.193,0.6506,0.1563,15.6,London,medium
51.65,-0.05,0,154,property,0.006493506493506494,1.0917927008306587,property,0.5042,True,0.3172,0.5042,0.1786,17.9,London,uncertain
51.65,-0.05,1,142,property,0.04225352112676056,1.061206620569116,property,0.6484,True,0.194,0.6484,0.1576,15.8,London,medium
51.65,-0.05,2,146,property,0.04794520547945205,1.0820123432941635,property,0.5697,True,0.2611,0.5697,0.1692,16.9,London,medium
51.65,-0.05,3,130,property,0.015384615384615385,1.0945727320737377,property,0.6488,True,0.194,0.6488,0.1571,15.7,London,medium
51.65,-0.04,0,83,property,0.03614457831325301,1.0868157652293455,violent,0.5396,False,0.2169,0.2435,0.5396,54.0,London,uncertain
51.65,-0.04,1,76,violent,0.05263157894736842,1.0851928546349756,violent,0.559,True,0.2121,0.2289,0.559,55.9,London,medium
51.65,-0.04,2,82,other,0.012195121951219513,1.0984641612991375,property,0.6373,False,0.2007,0.6373,0.1619,16.2,London,medium
51.65,-0.04,3,102,other,0.0196078431372549,1.0974582200395584,violent,0.5465,False,0.2137,0.2398,0.5465,54.6,London,uncertain
51.65,-0.03,0,59,property,0.0847457627118644,1.084672154272676,property,0.6338,True,0.202,0.6338,0.1642,16.4,London,medium
51.65,-0.03,1,49,property,0.1836734693877551,1.0363122190325798,property,0.6502,True,0.1933,0.6502,0.1565,15.7,London,medium
51.65,-0.03,2,43,other,0.023255813953488372,1.0914082001162215,property,0.6507,False,0.193,0.6507,0.1563,15.6,London,medium
51.65,-0.03,3,48,property,0.2708333333333333,1.0239588563257431,property,0.6494,True,0.1937,0.6494,0.1569,15.7,London,medium
51.65,-0.01,0,4,property,0.25,1.0397207708399179,property,0.6473,True,0.1949,0.6473,0.1578,15.8,London,medium
51.65,-0.01,1,7,property,0.7142857142857143,0.4101163396015586,property,0.6479,True,0.1946,0.6479,0.1576,15.8,London,medium
51.65,-0.01,3,3,property,1.0,4.3446531758480495e-08,other,0.6151,False,0.6151,0.22,0.1649,16.5,London,medium
51.65,0.08,2,3,violent,0.3333333333333333,0.6365141893815645,property,0.6437,False,0.1969,0.6437,0.1594,15.9,London,medium
51.660000000000004,-0.9,3,4,other,1.0,4.34465315364359e-08,property,0.6336,False,0.2024,0.6336,0.1639,16.4,London,medium
51.660000000000004,-0.4,3,4,violent,1.0,4.3446531758480495e-08,violent,0.5584,True,0.2125,0.229,0.5584,55.8,London,medium
51.660000000000004,-0.39,0,3,violent,1.0,4.3446531758480495e-08,property,0.6405,False,0.1986,0.6405,0.1609,16.1,London,medium
51.660000000000004,-0.39,1,4,violent,0.0,0.6931472015900639,property,0.6433,False,0.1971,0.6433,0.1596,16.0,London,medium
51.660000000000004,-0.21,0,13,violent,0.0,1.0733942812811266,property,0.6462,False,0.1955,0.6462,0.1583,15.8,London,medium
51.660000000000004,-0.21,1,12,property,0.3333333333333333,0.9596147939120492,property,0.5742,True,0.2504,0.5742,0.1754,17.5,London,medium
51.660000000000004,-0.21,2,7,property,0.2857142857142857,0.9556998911125343,property,0.6496,True,0.1936,0.6496,0.1568,15.7,London,medium
51.660000000000004,-0.21,3,10,property,0.3,0.8979457248567798,property,0.6447,True,0.196,0.6447,0.1593,15.9,London,medium
51.660000000000004,-0.2,0,66,property,0.36363636363636365,0.8599672810355049,property,0.5052,True,0.3097,0.5052,0.1851,18.5,London,uncertain
51.660000000000004,-0.2,1,57,property,0.3157894736842105,0.9591824302739718,property,0.6476,True,0.1947,0.6476,0.1577,15.8,London,medium
51.660000000000004,-0.2,2,66,property,0.42424242424242425,0.7804181309188555,property,0.6256,True,0.2069,0.6256,0.1675,16.8,London,medium
51.660000000000004,-0.2,3,64,property,0.328125,0.9660357345400643,property,0.6488,True,0.194,0.6488,0.1571,15.7,London,medium
51.660000000000004,-0.19,0,6,other,0.16666666666666666,1.0114042647073518,other,0.6172,True,0.6172,0.2191,0.1638,16.4,London,medium
51.660000000000004,-0.19,3,7,other,0.14285714285714285,1.0789922078775833,violent,0.562,False,0.2109,0.2271,0.562,56.2,London,medium
51.660000000000004,-0.18,0,12,other,0.25,0.887694275799104,property,0.6452,False,0.196,0.6452,0.1587,15.9,London,medium
51.660000000000004,-0.18,1,11,property,0.18181818181818182,1.0670895187820832,property,0.6461,True,0.1955,0.6461,0.1583,15.8,London,medium
51.660000000000004,-0.18,2,9,property,0.4444444444444444,0.8486855577264172,property,0.6456,True,0.1958,0.6456,0.1586,15.9,London,medium
51.660000000000004,-0.18,3,10,violent,0.1,0.9433483923290391,property,0.6458,False,0.1957,0.6458,0.1585,15.9,London,medium
51.660000000000004,-0.17,1,5,violent,0.0,1.0549201679861442,property,0.6439,False,0.1965,0.6439,0.1597,16.0,London,medium
51.660000000000004,-0.17,2,4,violent,0.5,0.562335165779739,violent,0.5569,True,0.2132,0.2299,0.5569,55.7,London,medium
51.660000000000004,-0.17,3,5,property,0.2,0.6730116880595105,property,0.6455,True,0.1954,0.6455,0.1591,15.9,London,medium
51.660000000000004,-0.16,0,3,property,0.3333333333333333,0.6365141893815645,property,0.6418,True,0.1979,0.6418,0.1603,16.0,London,medium
51.660000000000004,-0.16,2,4,violent,0.5,0.562335165779739,violent,0.5046,True,0.2292,0.2661,0.5046,50.5,London,uncertain
51.660000000000004,-0.16,3,8,violent,0.0,1.0821955300387673,property,0.6442,False,0.1963,0.6442,0.1595,15.9,London,medium
51.660000000000004,-0.15,0,3,other,0.3333333333333333,0.6365141893815645,other,0.4202,True,0.4202,0.3943,0.1855,18.5,London,uncertain
51.660000000000004,-0.15,1,7,violent,0.0,1.0042424730540764,other,0.6152,False,0.6152,0.2201,0.1647,16.5,London,medium
51.660000000000004,-0.15,2,3,other,0.3333333333333333,0.6365141893815645,other,0.614,True,0.614,0.2205,0.1655,16.6,London,medium
51.660000000000004,-0.14,3,5,property,0.4,0.9502705392332347,violent,0.4262,False,0.2233,0.3505,0.4262,42.6,London,uncertain
51.660000000000004,-0.11,0,4,property,0.0,0.6931472015900639,property,0.6473,True,0.1949,0.6473,0.1578,15.8,London,medium
51.660000000000004,-0.11,1,5,property,0.2,0.6730116880595106,property,0.6423,True,0.1976,0.6423,0.16,16.0,London,medium
51.660000000000004,-0.11,2,4,violent,0.0,0.6931472015900639,property,0.6449,False,0.1962,0.6449,0.1589,15.9,London,medium
51.660000000000004,-0.11,3,6,violent,0.16666666666666666,1.0114042647073518,property,0.6431,False,0.1969,0.6431,0.16,16.0,London,medium
51.660000000000004,-0.1,0,51,other,0.11764705882352941,1.0852280400722045,property,0.6484,False,0.194,0.6484,0.1576,15.8,London,medium
51.660000000000004,-0.1,1,49,property,0.0,1.0427527034537774,property,0.6483,True,0.1943,0.6483,0.1574,15.7,London,medium
51.660000000000004,-0.1,2,34,property,0.14705882352941177,1.0727833145426442,property,0.6472,True,0.1944,0.6472,0.1584,15.8,London,medium
51.660000000000004,-0.1,3,31,other,0.06451612903225806,1.0914145617941,property,0.6468,False,0.1947,0.6468,0.1586,15.9,London,medium
51.660000000000004,-0.09,0,66,violent,0.030303030303030304,1.095853660612585,property,0.6468,False,0.1952,0.6468,0.158,15.8,London,medium
51.660000000000004,-0.09,1,40,other,0.05,1.080527626604172,property,0.6488,False,0.1941,0.6488,0.1572,15.7,London,medium
51.660000000000004,-0.09,2,49,property,0.04081632653061224,1.0417318696947038,property,0.6496,True,0.1936,0.6496,0.1568,15.7,London,medium
51.660000000000004,-0.09,3,41,violent,0.12195121951219512,1.0421897361624866,property,0.6427,False,0.1974,0.6427,0.1599,16.0,London,medium
51.660000000000004,-0.08,0,85,violent,0.2235294117647059,1.0513298131651105,violent,0.4871,True,0.2274,0.2855,0.4871,48.7,London,uncertain
51.660000000000004,-0.08,1,74,property,0.08108108108108109,1.0749814364085546,property,0.643,True,0.197,0.643,0.1601,16.0,London,medium
51.660000000000004,-0.08,2,85,property,0.058823529411764705,1.0943965004871792,property,0.6399,True,0.1971,0.6399,0.1629,16.3,London,medium
51.660000000000004,-0.08,3,74,violent,0.0,1.098428834126322,property,0.65,False,0.1931,0.65,0.1569,15.7,London,medium
51.660000000000004,-0.07,0,24,property,0.2916666666666667,1.0054668293254951,property,0.6427,True,0.1974,0.6427,0.1599,16.0,London,medium
51.660000000000004,-0.07,1,32,property,0.09375,1.0861979723945263,property,0.6434,True,0.197,0.6434,0.1596,16.0,London,medium
51.660000000000004,-0.07,2,31,violent,0.12903225806451613,1.0599864113257504,property,0.65,False,0.1931,0.65,0.1569,15.7,London,medium
51.660000000000004,-0.07,3,33,property,0.09090909090909091,1.073502017562408,property,0.6501,True,0.1933,0.6501,0.1566,15.7,London,medium
51.660000000000004,-0.06,0,92,property,0.021739130434782608,1.0859709291264965,other,0.5719,False,0.5719,0.2578,0.1703,17.0,London,medium
51.660000000000004,-0.06,1,84,other,0.07142857142857142,1.0936195504301194,property,0.5469,False,0.2728,0.5469,0.1804,18.0,London,uncertain
51.660000000000004,-0.06,2,81,other,0.06172839506172839,1.0313986887703015,property,0.4286,False,0.3829,0.4286,0.1886,18.9,London,uncertain
51.660000000000004,-0.06,3,94,other,0.02127659574468085,1.0839731700389386,property,0.4533,False,0.3705,0.4533,0.1762,17.6,London,uncertain
51.660000000000004,-0.05,0,140,property,0.007142857142857143,1.0758184264583963,property,0.6477,True,0.1944,0.6477,0.1579,15.8,London,medium
51.660000000000004,-0.05,1,127,violent,0.03937007874015748,1.08194684078408,property,0.647,False,0.195,0.647,0.1579,15.8,London,medium
51.660000000000004,-0.05,2,141,violent,0.12056737588652482,1.0827172568824495,property,0.6497,False,0.1933,0.6497,0.1571,15.7,London,medium
51.660000000000004,-0.05,3,128,property,0.0390625,1.050653476860269,property,0.6498,True,0.1932,0.6498,0.157,15.7,London,medium
51.660000000000004,-0.04,0,71,violent,0.07042253521126761,1.0889793316560201,property,0.5244,False,0.222,0.5244,0.2537,25.4,London,uncertain
51.660000000000004,-0.04,1,63,property,0.06349206349206349,1.056653710590147,property,0.5913,True,0.2123,0.5913,0.1964,19.6,London,medium
51.660000000000004,-0.04,2,85,property,0.08235294117647059,1.058338599315823,property,0.6446,True,0.1961,0.6446,0.1593,15.9,London,medium
51.660000000000004,-0.04,3,64,property,0.1875,1.0585075732372948,property,0.6019,True,0.2116,0.6019,0.1865,18.6,London,medium
51.660000000000004,-0.03,0,45,property,0.08888888888888889,1.0746193426263733,property,0.643,True,0.1972,0.643,0.1597,16.0,London,medium
51.660000000000004,-0.03,1,53,violent,0.03773584905660377,1.0792795844322307,property,0.6463,False,0.1952,0.6463,0.1586,15.9,London,medium
51.660000000000004,-0.03,2,35,other,0.08571428571428572,1.0882194459083807,property,0.649,False,0.1936,0.649,0.1573,15.7,London,medium
51.660000000000004,-0.03,3,34,other,0.08823529411764706,1.0822819419272887,other,0.5064,True,0.5064,0.245,0.2486,24.9,London,uncertain
51.660000000000004,-0.02,0,4,other,0.25,1.0397207708399179,property,0.6463,False,0.1954,0.6463,0.1583,15.8,London,medium
51.660000000000004,-0.02,1,3,property,1.0,4.3446531758480495e-08,property,0.6493,True,0.1938,0.6493,0.1569,15.7,London,medium
51.660000000000004,-0.02,2,3,violent,0.0,1.0986122886681096,property,0.6492,False,0.1938,0.6492,0.157,15.7,London,medium
51.660000000000004,-0.02,3,6,property,0.6666666666666666,0.4505612301390093,property,0.6493,True,0.1938,0.6493,0.1569,15.7,London,medium
51.660000000000004,-0.01,0,6,violent,0.16666666666666666,1.0114042647073518,violent,0.5574,True,0.213,0.2296,0.5574,55.7,London,medium
51.660000000000004,-0.01,1,5,violent,0.6,0.5004024447610512,property,0.6446,False,0.1961,0.6446,0.1593,15.9,London,medium
51.660000000000004,-0.01,2,3,property,1.0,4.3446531758480495e-08,property,0.6486,True,0.1938,0.6486,0.1575,15.8,London,medium
51.660000000000004,-0.01,3,5,violent,0.4,0.9502705392332347,violent,0.4302,True,0.2281,0.3417,0.4302,43.0,London,uncertain
51.67,-0.2,0,4,other,0.25,1.0397207708399179,other,0.612,True,0.612,0.2216,0.1664,16.6,London,medium
51.67,-0.17,0,9,violent,0.2222222222222222,0.936888307539016,property,0.6469,False,0.1947,0.6469,0.1585,15.8,London,medium
51.67,-0.17,1,8,property,0.375,0.9002560512685369,property,0.647,True,0.1948,0.647,0.1583,15.8,London,medium
51.67,-0.17,2,7,violent,0.14285714285714285,0.6829081257408294,violent,0.5569,True,0.2132,0.2299,0.5569,55.7,London,medium
51.67,-0.17,3,8,violent,0.0,1.0821955300387671,property,0.6486,False,0.1942,0.6486,0.1572,15.7,London,medium
51.67,-0.16,1,9,violent,0.0,1.0986122886681096,property,0.6441,False,0.1967,0.6441,0.1593,15.9,London,medium
51.67,-0.16,2,4,property,0.5,0.5623351657797391,property,0.6455,True,0.1959,0.6455,0.1586,15.9,London,medium
51.67,-0.16,3,5,property,0.2,0.6730116880595106,property,0.6463,True,0.1954,0.6463,0.1583,15.8,London,medium
51.67,-0.11,0,12,other,0.75,0.5660857389596289,violent,0.4638,False,0.257,0.2793,0.4638,46.4,London,uncertain
51.67,-0.11,1,9,property,0.2222222222222222,0.9368883075390159,property,0.6441,True,0.1967,0.6441,0.1593,15.9,London,medium
51.67,-0.11,2,9,property,0.0,0.9649629230074277,other,0.4221,False,0.4221,0.3995,0.1784,17.8,London,uncertain
51.67,-0.11,3,12,other,0.08333333333333333,0.9184277849930977,property,0.6466,False,0.1953,0.6466,0.1581,15.8,London,medium
51.67,-0.1,0,52,violent,0.34615384615384615,0.9727696382494828,violent,0.5471,True,0.2176,0.2353,0.5471,54.7,London,uncertain
51.67,-0.1,1,39,violent,0.5897435897435898,0.7418356633230916,violent,0.5344,True,0.2238,0.2418,0.5344,53.4,London,uncertain
51.67,-0.1,2,46,violent,0.43478260869565216,0.8761994574635853,violent,0.5504,True,0.2161,0.2334,0.5504,55.0,London,medium
51.67,-0.1,3,45,violent,0.4666666666666667,0.8608513906312316,violent,0.5504,True,0.2161,0.2334,0.5504,55.0,London,medium
51.67,-0.09,0,28,other,0.03571428571428571,1.0973511772469036,violent,0.5412,False,0.2207,0.2381,0.5412,54.1,London,uncertain
51.67,-0.09,1,36,property,0.05555555555555555,1.066834855206893,property,0.5302,True,0.2207,0.5302,0.2491,24.9,London,uncertain
51.67,-0.09,2,23,property,0.043478260869565216,1.08501115745815,property,0.6471,True,0.195,0.6471,0.1579,15.8,London,medium
51.67,-0.09,3,26,property,0.34615384615384615,0.9727696382494826,violent,0.5478,False,0.2157,0.2365,0.5478,54.8,London,uncertain
51.67,-0.08,0,18,property,0.0,1.0688206728265008,property,0.6435,True,0.197,0.6435,0.1595,16.0,London,medium
51.67,-0.08,1,21,other,0.14285714285714285,1.0353605606849843,property,0.5184,False,0.3068,0.5184,0.1748,17.5,London,uncertain
51.67,-0.08,2,25,property,0.08,0.9732531211321691,violent,0.4611,False,0.2672,0.2717,0.4611,46.1,London,uncertain
51.67,-0.08,3,18,property,0.0,1.0688206728265008,other,0.6156,False,0.6156,0.2198,0.1645,16.5,London,medium
51.67,-0.07,0,19,property,0.5789473684210527,0.7534424611802384,other,0.4312,False,0.4312,0.3865,0.1822,18.2,London,uncertain
51.67,-0.07,1,18,other,0.1111111111111111,1.0608569471580214,other,0.6173,True,0.6173,0.2189,0.1639,16.4,London,medium
51.67,-0.07,2,25,property,0.12,1.068358338884637,property,0.6451,True,0.1961,0.6451,0.1588,15.9,London,medium
51.67,-0.07,3,20,other,0.15,1.0670938948757507,property,0.6462,False,0.1955,0.6462,0.1583,15.8,London,medium
51.67,-0.06,0,25,other,0.16,0.9622678365069895,property,0.6493,False,0.1938,0.6493,0.1569,15.7,London,medium
51.67,-0.06,1,26,violent,0.038461538461538464,1.088010262277112,property,0.4757,False,0.2846,0.4757,0.2397,24.0,London,uncertain
51.67,-0.06,2,27,other,0.1111111111111111,1.0866549153502754,violent,0.406,False,0.2811,0.3129,0.406,40.6,London,uncertain
51.67,-0.06,3,29,property,0.1724137931034483,1.0702128536458757,property,0.6417,True,0.1977,0.6417,0.1606,16.1,London,medium
51.67,-0.05,0,99,other,0.010101010101010102,1.0964394315594017,other,0.621,True,0.621,0.217,0.162,16.2,London,medium
51.67,-0.05,1,70,violent,0.05714285714285714,1.0954041286732956,other,0.6162,False,0.6162,0.2208,0.163,16.3,London,medium
51.67,-0.05,2,74,other,0.05405405405405406,1.0774012677912759,other,0.5642,True,0.5642,0.2453,0.1905,19.0,London,medium
51.67,-0.05,3,92,other,0.010869565217391304,1.0977806281551432,other,0.6074,True,0.6074,0.2264,0.1662,16.6,London,medium
51.67,-0.04,0,138,other,0.06521739130434782,1.089689520279006,violent,0.4074,False,0.2492,0.3434,0.4074,40.7,London,uncertain
51.67,-0.04,1,138,property,0.028985507246376812,1.0936651147668366,violent,0.3832,False,0.2905,0.3263,0.3832,38.3,London,uncertain
51.67,-0.04,2,130,property,0.023076923076923078,1.097491650854058,other,0.6164,False,0.6164,0.221,0.1626,16.3,London,medium
51.67,-0.04,3,137,violent,0.021897810218978103,1.0966318541943985,other,0.5702,False,0.5702,0.2481,0.1817,18.2,London,medium
51.67,-0.03,0,79,violent,0.02531645569620253,1.0940612522379698,violent,0.5437,True,0.216,0.2403,0.5437,54.4,London,uncertain
51.67,-0.03,1,73,other,0.0958904109589041,1.0746568807439911,violent,0.4291,False,0.248,0.323,0.4291,42.9,London,uncertain
51.67,-0.03,2,88,other,0.2159090909090909,1.046201949758141,other,0.4762,True,0.4762,0.3198,0.204,20.4,London,uncertain
51.67,-0.03,3,99,other,0.050505050505050504,1.0909304573780019,other,0.4279,True,0.4279,0.3511,0.221,22.1,London,uncertain
51.67,-0.02,0,66,property,0.09090909090909091,1.0843629508682477,other,0.6159,False,0.6159,0.2199,0.1643,16.4,London,medium
51.67,-0.02,1,73,other,0.2328767123287671,1.0441893859331406,other,0.6179,True,0.6179,0.2187,0.1634,16.3,London,medium
51.67,-0.02,2,80,violent,0.0,1.0703529056712562,other,0.617,False,0.617,0.2192,0.1637,16.4,London,medium
51.67,-0.02,3,60,other,0.08333333333333333,1.087973572530955,other,0.6182,True,0.6182,0.2186,0.1633,16.3,London,medium
51.67,-0.01,0,17,property,0.0,1.0950778621205006,violent,0.5456,False,0.2186,0.2358,0.5456,54.6,London,uncertain
51.67,-0.01,1,14,other,0.07142857142857142,1.060944240790747,other,0.3713,True,0.3713,0.2682,0.3605,36.1,London,uncertain
51.67,-0.01,2,17,other,0.058823529411764705,1.073383620336505,other,0.5935,True,0.5935,0.2321,0.1744,17.4,London,medium
51.67,-0.01,3,19,violent,0.10526315789473684,1.0795295733255184,other,0.4254,False,0.4254,0.2596,0.315,31.5,London,uncertain
51.67,0.0,2,3,property,0.3333333333333333,0.6365141893815645,property,0.6358,True,0.2013,0.6358,0.163,16.3,London,medium
51.68,-0.13,0,6,property,0.0,0.6931472015900639,other,0.6175,False,0.6175,0.2186,0.1639,16.4,London,medium
51.68,-0.13,2,4,other,0.25,1.0397207708399179,property,0.4808,False,0.3401,0.4808,0.179,17.9,London,uncertain
51.68,-0.13,3,4,property,0.0,0.6931472015900639,property,0.4732,True,0.3412,0.4732,0.1856,18.6,London,uncertain
51.68,-0.11,1,4,other,0.25,1.0397207708399179,property,0.643,False,0.1973,0.643,0.1598,16.0,London,medium
51.68,-0.11,2,3,other,0.3333333333333333,0.6365141893815645,property,0.6481,False,0.1944,0.6481,0.1575,15.7,London,medium
51.68,-0.1,1,8,violent,0.0,1.0821955300387673,property,0.6445,False,0.1962,0.6445,0.1594,15.9,London,medium
51.68,-0.1,3,8,violent,0.0,1.0821955300387673,property,0.6448,False,0.1963,0.6448,0.1589,15.9,London,medium
51.68,-0.07,3,3,other,0.3333333333333333,0.6365141893815645,property,0.5311,False,0.2894,0.5311,0.1795,17.9,London,uncertain
51.68,-0.06,0,3,violent,0.3333333333333333,0.6365141893815645,property,0.6451,False,0.1961,0.6451,0.1588,15.9,London,medium
51.68,-0.06,1,3,property,0.3333333333333333,0.6365141893815645,property,0.6456,True,0.1958,0.6456,0.1586,15.9,London,medium
51.68,-0.05,0,63,other,0.12698412698412698,1.0663549680975852,property,0.6451,False,0.1961,0.6451,0.1588,15.9,London,medium
51.68,-0.05,1,54,violent,0.037037037037037035,1.067938505038001,violent,0.4905,True,0.2531,0.2564,0.4905,49.1,London,uncertain
51.68,-0.05,2,51,property,0.0,1.0841193022277626,property,0.6277,True,0.208,0.6277,0.1644,16.4,London,medium
51.68,-0.05,3,68,property,0.04411764705882353,1.080897202831647,violent,0.5502,False,0.2153,0.2345,0.5502,55.0,London,medium
51.68,-0.04,0,42,other,0.023809523809523808,1.0638346754067458,other,0.616,True,0.616,0.2197,0.1642,16.4,London,medium
51.68,-0.04,1,32,other,0.1875,1.0585075732372948,other,0.6165,True,0.6165,0.2194,0.1641,16.4,London,medium
51.68,-0.04,2,39,other,0.1794871794871795,0.9966502632207201,property,0.6094,False,0.227,0.6094,0.1636,16.4,London,medium
51.68,-0.04,3,39,other,0.02564102564102564,1.0579794690576378,other,0.6197,True,0.6197,0.2176,0.1627,16.3,London,medium
51.68,-0.03,0,37,property,0.10810810810810811,1.0398276548241476,property,0.5671,True,0.2206,0.5671,0.2123,21.2,London,medium
51.68,-0.03,1,24,property,0.08333333333333333,1.024010220294295,property,0.6493,True,0.1938,0.6493,0.1569,15.7,London,medium
51.68,-0.03,2,39,violent,0.02564102564102564,1.0842435291786918,property,0.6489,False,0.194,0.6489,0.1571,15.7,London,medium
51.68,-0.03,3,36,property,0.027777777777777776,1.0962947871994975,property,0.6473,True,0.1946,0.6473,0.1581,15.8,London,medium
51.68,-0.02,0,5,property,0.6,0.5004024447610513,property,0.6443,True,0.1966,0.6443,0.1592,15.9,London,medium
51.68,-0.02,1,5,other,0.4,0.9502705392332347,property,0.6449,False,0.1962,0.6449,0.1589,15.9,London,medium
51.68,-0.02,3,7,property,0.2857142857142857,0.9556998911125343,property,0.6454,True,0.1959,0.6454,0.1586,15.9,London,medium
51.68,-0.01,2,3,property,0.3333333333333333,0.6365141893815645,property,0.6498,True,0.1935,0.6498,0.1567,15.7,London,medium
51.69,-0.23,0,3,violent,0.0,1.0986122886681096,violent,0.5601,True,0.2118,0.2281,0.5601,56.0,London,medium
51.69,-0.23,1,6,violent,1.0,4.3446531758480495e-08,property,0.6305,False,0.2042,0.6305,0.1653,16.5,London,medium
51.69,-0.23,2,3,violent,1.0,4.3446531758480495e-08,property,0.6507,False,0.193,0.6507,0.1563,15.6,London,medium
51.69,-0.23,3,3,violent,0.0,1.0986122886681096,property,0.6356,False,0.2013,0.6356,0.163,16.3,London,medium
51.69,-0.04,0,3,violent,0.3333333333333333,0.6365141893815645,property,0.6429,False,0.1973,0.6429,0.1598,16.0,London,medium
51.69,-0.03,0,7,violent,0.0,1.0042424730540764,violent,0.4441,True,0.2364,0.3195,0.4441,44.4,London,uncertain
51.69,-0.03,1,4,violent,0.5,0.562335165779739,violent,0.432,True,0.2248,0.3432,0.432,43.2,London,uncertain
51.69,-0.03,2,5,violent,0.6,0.5004024447610513,violent,0.5045,True,0.2204,0.275,0.5045,50.5,London,uncertain
51.7,-0.03,0,3,violent,0.3333333333333333,0.6365141893815645,violent,0.5597,True,0.212,0.2283,0.5597,56.0,London,medium
51.71,-0.05,2,4,violent,0.5,0.5623351657797391,property,0.6101,False,0.2154,0.6101,0.1744,17.4,London,medium
51.71,-0.04,1,3,other,0.3333333333333333,0.6365141893815645,property,0.6089,False,0.2161,0.6089,0.175,17.5,London,medium
51.75,-0.47000000000000003,1,5,violent,1.0,4.3446531758480495e-08,violent,0.5509,True,0.216,0.2331,0.5509,55.1,London,medium
51.77,-0.22,3,4,violent,0.0,0.6931472015900639,property,0.6234,False,0.2081,0.6234,0.1685,16.9,London,medium
51.77,0.08,3,3,violent,0.0,1.0986122886681096,property,0.6248,False,0.2073,0.6248,0.1679,16.8,London,medium
51.88,-0.42,3,3,violent,0.3333333333333333,0.6365141893815645,violent,0.5541,True,0.2145,0.2314,0.5541,55.4,London,medium
51.88,0.25,0,3,property,1.0,4.3446531758480495e-08,property,0.609,True,0.2161,0.609,0.1749,17.5,London,medium
51.88,0.25,1,9,property,0.6666666666666666,0.6837389058487535,property,0.6146,True,0.213,0.6146,0.1724,17.2,London,medium
51.88,0.25,2,3,violent,0.3333333333333333,0.6365141893815645,property,0.6125,False,0.2141,0.6125,0.1733,17.3,London,medium
51.88,0.25,3,6,property,1.0,4.3446531758480495e-08,property,0.6129,True,0.2139,0.6129,0.1732,17.3,London,medium
51.9,0.27,1,3,other,0.3333333333333333,0.6365141893815645,property,0.5976,False,0.2224,0.5976,0.1801,18.0,London,medium
52.050000000000004,1.17,0,3,violent,0.0,1.0986122886681096,property,0.5832,False,0.2303,0.5832,0.1865,18.7,London,medium
52.14,-0.45,2,3,violent,1.0,4.3446531758480495e-08,property,0.6236,False,0.208,0.6236,0.1684,16.8,London,medium
52.14,0.52,1,3,violent,1.0,4.3446531758480495e-08,property,0.6048,False,0.2184,0.6048,0.1768,17.7,London,medium
52.32,-1.25,3,5,other,0.6,0.5004024447610513,property,0.6094,False,0.2158,0.6094,0.1747,17.5,London,medium
52.480000000000004,-1.9000000000000001,0,4,violent,0.5,0.5623351657797391,violent,0.5226,True,0.2293,0.2481,0.5226,52.3,London,uncertain
52.480000000000004,-1.9000000000000001,1,3,violent,0.0,1.0986122886681096,property,0.6075,False,0.2169,0.6075,0.1756,17.6,London,medium
52.5,-1.9100000000000001,2,3,violent,1.0,4.3446531758480495e-08,property,0.6102,False,0.2154,0.6102,0.1744,17.4,London,medium
52.6,1.73,2,4,violent,1.0,4.3446531758480495e-08,property,0.5882,False,0.2276,0.5882,0.1843,18.4,London,medium
53.21,-2.52,3,3,violent,1.0,4.3446531758480495e-08,property,0.6098,False,0.2156,0.6098,0.1746,17.5,London,medium
53.39,-2.94,1,3,violent,1.0,4.3446531758480495e-08,property,0.6071,False,0.2171,0.6071,0.1758,17.6,London,medium
53.53,-1.16,2,3,other,1.0,4.34465315364359e-08,property,0.6222,False,0.2088,0.6222,0.169,16.9,London,medium
53.79,-1.71,2,3,violent,1.0,4.3446531758480495e-08,property,0.6232,False,0.2082,0.6232,0.1686,16.9,London,medium
