lat_bin,lon_bin,time_slot,total_count,dominant_category,dominance_gap,entropy,predicted_category,confidence_calibrated,correct,proba_other,proba_property,proba_violent,risk_score,city,confidence_tier
41.64,-87.62,1,4,property,1.0,4.3446531758480495e-08,property,0.7834,True,0.0035,0.7834,0.2131,21.3,Chicago,medium
41.64,-87.62,3,4,property,0.5,0.562335165779739,property,0.7833,True,0.0035,0.7833,0.2132,21.3,Chicago,medium
41.64,-87.61,1,7,violent,0.42857142857142855,0.5982696097102534,property,0.7812,False,0.0036,0.7812,0.2152,21.5,Chicago,medium
41.64,-87.61,2,7,violent,0.14285714285714285,0.6829081257408294,property,0.7808,False,0.0036,0.7808,0.2156,21.6,Chicago,medium
41.64,-87.61,3,6,violent,0.3333333333333333,0.6365141893815645,property,0.7815,False,0.0036,0.7815,0.2149,21.5,Chicago,medium
41.64,-87.60000000000001,0,3,property,1.0,4.3446531758480495e-08,property,0.4995,True,0.0081,0.4995,0.4924,49.2,Chicago,uncertain
41.64,-87.60000000000001,3,3,property,1.0,4.3446531758480495e-08,property,0.6197,True,0.0061,0.6197,0.3742,37.4,Chicago,medium
41.65,-87.62,0,110,property,0.17272727272727273,0.8698730864664104,violent,0.5563,False,0.0084,0.4353,0.5563,55.6,Chicago,medium
41.65,-87.62,1,124,violent,0.0,1.023152596221583,property,0.7826,False,0.0034,0.7826,0.2139,21.4,Chicago,medium
41.65,-87.62,2,146,property,0.11643835616438356,0.9645116851743873,violent,0.502,False,0.0077,0.4903,0.502,50.2,Chicago,uncertain
41.65,-87.62,3,147,property,0.10884353741496598,0.845351012642879,violent,0.5638,False,0.0085,0.4276,0.5638,56.4,Chicago,medium
41.65,-87.61,0,117,property,0.07692307692307693,0.9225949591648204,violent,0.561,False,0.0085,0.4305,0.561,56.1,Chicago,medium
41.65,-87.61,1,124,violent,0.03225806451612903,0.9876542462240765,property,0.6125,False,0.0061,0.6125,0.3814,38.1,Chicago,medium
41.65,-87.61,2,184,violent,0.08695652173913043,0.9720275506313989,violent,0.5609,True,0.0085,0.4306,0.5609,56.1,Chicago,medium
41.65,-87.61,3,186,violent,0.026881720430107527,0.8763645493466269,violent,0.567,True,0.0086,0.4244,0.567,56.7,Chicago,medium
41.65,-87.60000000000001,0,95,property,0.1368421052631579,0.8749091215593661,violent,0.5619,False,0.0086,0.4295,0.5619,56.2,Chicago,medium
41.65,-87.60000000000001,1,152,violent,0.17105263157894737,0.9581307778823795,violent,0.5538,True,0.0085,0.4377,0.5538,55.4,Chicago,medium
41.65,-87.60000000000001,2,195,violent,0.14358974358974358,0.9983744672732505,violent,0.5472,True,0.0085,0.4442,0.5472,54.7,Chicago,uncertain
41.65,-87.60000000000001,3,168,violent,0.23809523809523808,0.9272477798082098,violent,0.5585,True,0.0086,0.4329,0.5585,55.9,Chicago,medium
41.65,-87.59,0,7,property,0.14285714285714285,1.0789922078775833,violent,0.5531,False,0.0085,0.4384,0.5531,55.3,Chicago,medium
41.65,-87.59,1,8,violent,0.375,0.9002560512685369,property,0.7814,False,0.0035,0.7814,0.215,21.5,Chicago,medium
41.65,-87.59,2,7,property,0.14285714285714285,1.0789922078775833,violent,0.5147,False,0.0082,0.4772,0.5147,51.5,Chicago,uncertain
41.65,-87.59,3,9,violent,0.1111111111111111,1.0608569471580214,violent,0.5168,True,0.008,0.4753,0.5168,51.7,Chicago,uncertain
41.65,-87.56,0,16,property,0.75,0.3767701826029325,violent,0.535,False,0.0083,0.4567,0.535,53.5,Chicago,uncertain
41.65,-87.56,1,4,property,1.0,4.3446531758480495e-08,property,0.7834,True,0.0035,0.7834,0.2131,21.3,Chicago,medium
41.65,-87.56,2,17,property,0.4117647058823529,0.6057975204897723,property,0.7834,True,0.0035,0.7834,0.2131,21.3,Chicago,medium
41.65,-87.56,3,12,property,0.8333333333333334,0.28683600449259056,property,0.7829,True,0.0035,0.7829,0.2137,21.4,Chicago,medium
41.65,-87.55,0,94,property,0.20212765957446807,0.8843256301572471,property,0.7834,True,0.0034,0.7834,0.2132,21.3,Chicago,medium
41.65,-87.55,1,100,property,0.17,0.9947690047638589,property,0.7836,True,0.0034,0.7836,0.213,21.3,Chicago,medium
41.65,-87.55,2,161,violent,0.049689440993788817,1.0567338853962944,property,0.7805,False,0.0035,0.7805,0.216,21.6,Chicago,medium
41.65,-87.55,3,157,violent,0.01910828025477707,0.9860310415665903,property,0.7832,False,0.0034,0.7832,0.2134,21.3,Chicago,medium
41.65,-87.54,0,98,property,0.30612244897959184,0.8301974187830223,property,0.7831,True,0.0034,0.7831,0.2135,21.3,Chicago,medium
41.65,-87.54,1,105,property,0.19047619047619047,1.03202517446212,property,0.7833,True,0.0035,0.7833,0.2132,21.3,Chicago,medium
41.65,-87.54,2,171,property,0.07602339181286549,1.0419163605142447,property,0.7745,True,0.0036,0.7745,0.2219,22.2,Chicago,medium
41.65,-87.54,3,158,property,0.1518987341772152,1.0001709984634777,property,0.7803,True,0.0035,0.7803,0.2162,21.6,Chicago,medium
41.65,-87.53,0,63,violent,0.15873015873015872,1.0432155427733667,property,0.5033,False,0.0077,0.5033,0.489,48.9,Chicago,uncertain
41.65,-87.53,1,80,property,0.025,1.0545294793830082,property,0.7597,True,0.0039,0.7597,0.2364,23.6,Chicago,medium
41.65,-87.53,2,87,violent,0.10344827586206896,1.052787230251689,violent,0.5269,True,0.0082,0.4649,0.5269,52.7,Chicago,uncertain
41.65,-87.53,3,104,violent,0.10576923076923077,0.8871013363271303,violent,0.549,True,0.0084,0.4426,0.549,54.9,Chicago,uncertain
41.660000000000004,-87.65,0,23,property,0.4782608695652174,0.7965853690105892,property,0.7784,True,0.0036,0.7784,0.218,21.8,Chicago,medium
41.660000000000004,-87.65,1,30,property,0.6,0.6828690186734608,property,0.7831,True,0.0035,0.7831,0.2134,21.3,Chicago,medium
41.660000000000004,-87.65,2,28,property,0.2857142857142857,1.0110373360577514,property,0.778,True,0.0036,0.778,0.2183,21.8,Chicago,medium
41.660000000000004,-87.65,3,33,violent,0.030303030303030304,0.9779398925081064,property,0.7597,False,0.0039,0.7597,0.2364,23.6,Chicago,medium
41.660000000000004,-87.64,0,184,property,0.3423913043478261,0.9144605665283239,property,0.7827,True,0.0034,0.7827,0.2138,21.4,Chicago,medium
41.660000000000004,-87.64,1,200,property,0.25,0.9841414803330099,property,0.7832,True,0.0034,0.7832,0.2134,21.3,Chicago,medium
41.660000000000004,-87.64,2,258,property,0.12015503875968993,0.996394516139548,property,0.72,True,0.0045,0.72,0.2756,27.6,Chicago,medium
41.660000000000004,-87.64,3,273,property,0.27472527472527475,0.9297745990129098,property,0.771,True,0.0036,0.771,0.2254,22.5,Chicago,medium
41.660000000000004,-87.63,0,78,property,0.23076923076923078,0.7670317662908688,property,0.7815,True,0.0035,0.7815,0.215,21.5,Chicago,medium
41.660000000000004,-87.63,1,70,property,0.17142857142857143,0.9526182317210731,property,0.7827,True,0.0035,0.7827,0.2138,21.4,Chicago,medium
41.660000000000004,-87.63,2,96,property,0.0625,1.025837907108503,property,0.7795,True,0.0035,0.7795,0.217,21.7,Chicago,medium
41.660000000000004,-87.63,3,99,violent,0.09090909090909091,0.8753644152637776,property,0.6766,False,0.0051,0.6766,0.3184,31.8,Chicago,medium
41.660000000000004,-87.62,0,98,property,0.05102040816326531,0.9348237802593454,property,0.534,True,0.0072,0.534,0.4588,45.9,Chicago,uncertain
41.660000000000004,-87.62,1,74,violent,0.05405405405405406,0.9938214416264048,property,0.7826,False,0.0034,0.7826,0.2139,21.4,Chicago,medium
41.660000000000004,-87.62,2,81,property,0.06172839506172839,0.9037958567458306,violent,0.4983,False,0.0078,0.494,0.4983,49.8,Chicago,uncertain
41.660000000000004,-87.62,3,119,violent,0.03361344537815126,1.0035832168540602,violent,0.552,True,0.0084,0.4396,0.552,55.2,Chicago,medium
41.660000000000004,-87.61,0,249,property,0.11646586345381527,0.9981682101589353,violent,0.5611,False,0.0085,0.4304,0.5611,56.1,Chicago,medium
41.660000000000004,-87.61,1,271,property,0.02214022140221402,1.005109878467071,property,0.5646,True,0.0068,0.5646,0.4286,42.9,Chicago,medium
41.660000000000004,-87.61,2,323,violent,0.05572755417956656,0.9679175395387791,violent,0.5679,True,0.0086,0.4235,0.5679,56.8,Chicago,medium
41.660000000000004,-87.61,3,326,violent,0.1687116564417178,0.9255778785768304,violent,0.5668,True,0.0086,0.4246,0.5668,56.7,Chicago,medium
41.660000000000004,-87.60000000000001,0,325,violent,0.08307692307692308,0.9606019628157941,violent,0.5681,True,0.0086,0.4233,0.5681,56.8,Chicago,medium
41.660000000000004,-87.60000000000001,1,354,violent,0.011299435028248588,1.0200806976063843,violent,0.5376,True,0.0082,0.4541,0.5376,53.8,Chicago,uncertain
41.660000000000004,-87.60000000000001,2,477,violent,0.18448637316561844,0.9620589373619348,violent,0.5633,True,0.0086,0.4281,0.5633,56.3,Chicago,medium
41.660000000000004,-87.60000000000001,3,532,violent,0.04887218045112782,0.9133187391456619,violent,0.56,True,0.0086,0.4314,0.56,56.0,Chicago,medium
41.660000000000004,-87.59,0,20,violent,0.0,0.9489154358953991,violent,0.5507,True,0.0084,0.441,0.5507,55.1,Chicago,medium
41.660000000000004,-87.59,1,25,property,0.04,0.915594938493882,violent,0.5516,False,0.0085,0.4399,0.5516,55.2,Chicago,medium
41.660000000000004,-87.59,2,49,property,0.16326530612244897,0.8667637092885128,violent,0.5563,False,0.0085,0.4352,0.5563,55.6,Chicago,medium
41.660000000000004,-87.59,3,29,property,0.034482758620689655,1.0588032571034944,violent,0.5566,False,0.0085,0.4349,0.5566,55.7,Chicago,medium
41.660000000000004,-87.58,0,5,property,1.0,4.3446531758480495e-08,property,0.7822,True,0.0035,0.7822,0.2143,21.4,Chicago,medium
41.660000000000004,-87.58,3,3,property,1.0,4.3446531758480495e-08,property,0.7817,True,0.0035,0.7817,0.2148,21.5,Chicago,medium
41.660000000000004,-87.57000000000001,0,4,property,1.0,4.3446531758480495e-08,property,0.7826,True,0.0035,0.7826,0.2139,21.4,Chicago,medium
41.660000000000004,-87.57000000000001,2,5,property,1.0,4.3446531758480495e-08,property,0.7827,True,0.0035,0.7827,0.2138,21.4,Chicago,medium
41.660000000000004,-87.57000000000001,3,4,property,0.5,0.5623351657797391,property,0.6141,True,0.0061,0.6141,0.3798,38.0,Chicago,medium
41.660000000000004,-87.56,0,34,property,0.23529411764705882,1.0027399543973452,property,0.7841,True,0.0034,0.7841,0.2125,21.3,Chicago,medium
41.660000000000004,-87.56,1,44,property,0.22727272727272727,0.9060572229474037,property,0.7839,True,0.0034,0.7839,0.2127,21.3,Chicago,medium
41.660000000000004,-87.56,2,57,property,0.2982456140350877,0.9060084344788748,property,0.7823,True,0.0035,0.7823,0.2142,21.4,Chicago,medium
41.660000000000004,-87.56,3,57,violent,0.19298245614035087,1.0380471813202101,property,0.784,False,0.0034,0.784,0.2126,21.3,Chicago,medium
41.660000000000004,-87.55,0,106,property,0.32075471698113206,0.9507459081352947,property,0.7834,True,0.0034,0.7834,0.2132,21.3,Chicago,medium
41.660000000000004,-87.55,1,71,property,0.014084507042253521,1.0972133767041512,property,0.784,True,0.0034,0.784,0.2126,21.3,Chicago,medium
41.660000000000004,-87.55,2,140,violent,0.007142857142857143,1.0916198387564175,property,0.7811,False,0.0035,0.7811,0.2154,21.5,Chicago,medium
41.660000000000004,-87.55,3,149,violent,0.006711409395973154,1.0720276836957197,property,0.7827,False,0.0035,0.7827,0.2138,21.4,Chicago,medium
41.660000000000004,-87.54,0,44,property,0.06818181818181818,0.9658066249070486,property,0.7829,True,0.0035,0.7829,0.2136,21.4,Chicago,medium
41.660000000000004,-87.54,1,19,property,0.15789473684210525,1.045978165699395,property,0.7839,True,0.0035,0.7839,0.2127,21.3,Chicago,medium
41.660000000000004,-87.54,2,47,property,0.02127659574468085,1.0311152951423803,property,0.7534,True,0.004,0.7534,0.2426,24.3,Chicago,medium
41.660000000000004,-87.54,3,53,violent,0.1509433962264151,0.8593034771784622,property,0.7833,False,0.0034,0.7833,0.2133,21.3,Chicago,medium
41.67,-87.66,0,50,property,0.3,0.8298058102105388,property,0.7829,True,0.0034,0.7829,0.2137,21.4,Chicago,medium
41.67,-87.66,1,54,property,0.2037037037037037,0.9649166066545354,property,0.7822,True,0.0035,0.7822,0.2144,21.4,Chicago,medium
41.67,-87.66,2,61,property,0.04918032786885246,1.085141361281851,property,0.7616,True,0.0038,0.7616,0.2346,23.5,Chicago,medium
41.67,-87.66,3,87,property,0.1724137931034483,0.953299400177821,property,0.7633,True,0.0038,0.7633,0.2329,23.3,Chicago,medium
41.67,-87.65,0,95,property,0.24210526315789474,0.9940215957091427,property,0.7702,True,0.0037,0.7702,0.2261,22.6,Chicago,medium
41.67,-87.65,1,85,property,0.10588235294117647,0.967442733828719,property,0.7812,True,0.0035,0.7812,0.2153,21.5,Chicago,medium
41.67,-87.65,2,98,property,0.19387755102040816,0.9451860780992043,violent,0.5506,False,0.0084,0.441,0.5506,55.1,Chicago,medium
41.67,-87.65,3,104,property,0.21153846153846154,0.8497802778115935,violent,0.5458,False,0.0083,0.4459,0.5458,54.6,Chicago,uncertain
41.67,-87.64,0,251,property,0.1952191235059761,0.9209790850034756,violent,0.5153,False,0.0079,0.4768,0.5153,51.5,Chicago,uncertain
41.67,-87.64,1,251,property,0.13147410358565736,0.9947365605960155,property,0.7729,True,0.0036,0.7729,0.2235,22.4,Chicago,medium
41.67,-87.64,2,378,property,0.10052910052910052,0.9664268894816301,violent,0.5467,False,0.0083,0.445,0.5467,54.7,Chicago,uncertain
41.67,-87.64,3,399,property,0.10025062656641603,0.9809957755391738,violent,0.5545,False,0.0084,0.4371,0.5545,55.4,Chicago,medium
41.67,-87.63,0,229,property,0.38427947598253276,0.8521365824074845,property,0.7829,True,0.0034,0.7829,0.2137,21.4,Chicago,medium
41.67,-87.63,1,222,property,0.0990990990990991,1.0181084018236692,property,0.7831,True,0.0034,0.7831,0.2135,21.3,Chicago,medium
41.67,-87.63,2,303,property,0.0627062706270627,0.9895714518283907,property,0.6557,True,0.0054,0.6557,0.3389,33.9,Chicago,medium
41.67,-87.63,3,324,property,0.22530864197530864,0.8608260621935759,property,0.7436,True,0.0041,0.7436,0.2523,25.2,Chicago,medium
41.67,-87.62,0,245,property,0.11428571428571428,1.0133321228853225,property,0.7786,True,0.0035,0.7786,0.2179,21.8,Chicago,medium
41.67,-87.62,1,278,violent,0.10071942446043165,1.0141956495920512,property,0.7803,False,0.0035,0.7803,0.2162,21.6,Chicago,medium
41.67,-87.62,2,368,property,0.035326086956521736,0.992468347278579,property,0.5569,True,0.0069,0.5569,0.4362,43.6,Chicago,medium
41.67,-87.62,3,370,property,0.008108108108108109,0.9405839844455267,property,0.7429,True,0.0041,0.7429,0.253,25.3,Chicago,medium
41.67,-87.60000000000001,0,3,violent,0.3333333333333333,0.6365141893815645,violent,0.55,True,0.0085,0.4415,0.55,55.0,Chicago,medium
41.67,-87.58,1,3,violent,0.3333333333333333,0.6365141893815645,property,0.7773,False,0.0036,0.7773,0.2191,21.9,Chicago,medium
41.67,-87.57000000000001,0,4,other,0.25,1.0397207708399179,property,0.7838,False,0.0034,0.7838,0.2128,21.3,Chicago,medium
41.67,-87.57000000000001,1,6,property,0.3333333333333333,0.6365141893815645,property,0.7833,True,0.0035,0.7833,0.2132,21.3,Chicago,medium
41.67,-87.57000000000001,2,3,property,0.3333333333333333,0.6365141893815645,property,0.783,True,0.0036,0.783,0.2135,21.3,Chicago,medium
41.67,-87.56,0,41,property,0.2926829268292683,0.8571800146382267,property,0.7842,True,0.0035,0.7842,0.2123,21.2,Chicago,medium
41.67,-87.56,1,28,property,0.35714285714285715,0.6279416098352302,property,0.783,True,0.0035,0.783,0.2135,21.4,Chicago,medium
41.67,-87.56,2,41,property,0.43902439024390244,0.8645524047454454,property,0.7834,True,0.0035,0.7834,0.2131,21.3,Chicago,medium
41.67,-87.56,3,35,property,0.5142857142857142,0.7728022463152269,property,0.7793,True,0.0036,0.7793,0.2171,21.7,Chicago,medium
41.67,-87.55,0,10,property,0.4,0.610864323167295,property,0.7837,True,0.0035,0.7837,0.2128,21.3,Chicago,medium
41.67,-87.55,1,14,violent,0.2857142857142857,0.9556998911125343,property,0.7828,False,0.0035,0.7828,0.2137,21.4,Chicago,medium
41.67,-87.55,2,10,violent,0.0,1.0549201679861442,property,0.7817,False,0.0035,0.7817,0.2148,21.5,Chicago,medium
41.67,-87.55,3,25,property,0.16,0.8199696830860377,property,0.782,True,0.0035,0.782,0.2145,21.4,Chicago,medium
41.67,-87.54,0,24,property,0.5833333333333334,0.7214636866925115,property,0.7556,True,0.004,0.7556,0.2404,24.0,Chicago,medium
41.67,-87.54,1,10,property,0.3,0.8979457248567798,property,0.783,True,0.0035,0.783,0.2135,21.3,Chicago,medium
41.67,-87.54,2,25,property,0.36,0.8441124264544575,property,0.7835,True,0.0035,0.7835,0.213,21.3,Chicago,medium
41.67,-87.54,3,27,property,0.8148148148148148,0.4195558923202333,property,0.7829,True,0.0035,0.7829,0.2136,21.4,Chicago,medium
41.68,-87.73,2,4,violent,0.0,0.6931472015900639,property,0.7806,False,0.0036,0.7806,0.2159,21.6,Chicago,medium
41.68,-87.73,3,3,property,0.3333333333333333,0.6365141893815645,property,0.7838,True,0.0035,0.7838,0.2127,21.3,Chicago,medium
41.68,-87.72,0,48,property,0.16666666666666666,0.9673035257822862,violent,0.5171,False,0.0081,0.4748,0.5171,51.7,Chicago,uncertain
41.68,-87.72,1,50,property,0.34,0.9671134041663516,property,0.7543,True,0.0041,0.7543,0.2416,24.2,Chicago,medium
41.68,-87.72,2,58,property,0.10344827586206896,0.9925086555080169,property,0.7158,True,0.0051,0.7158,0.2792,27.9,Chicago,medium
41.68,-87.72,3,75,property,0.36,0.8840599124044269,property,0.7667,True,0.0038,0.7667,0.2295,23.0,Chicago,medium
41.68,-87.71000000000001,0,26,property,0.3076923076923077,1.0100997593541636,property,0.7822,True,0.0035,0.7822,0.2142,21.4,Chicago,medium
41.68,-87.71000000000001,1,8,violent,0.0,1.0821955300387673,property,0.783,False,0.0035,0.783,0.2135,21.3,Chicago,medium
41.68,-87.71000000000001,2,17,property,0.17647058823529413,1.0551016181686426,property,0.7125,True,0.0049,0.7125,0.2825,28.3,Chicago,medium
41.68,-87.71000000000001,3,29,property,0.3448275862068966,0.7562833541179105,property,0.7772,True,0.0036,0.7772,0.2192,21.9,Chicago,medium
41.68,-87.69,0,3,property,0.3333333333333333,0.6365141893815645,property,0.778,True,0.0036,0.778,0.2185,21.8,Chicago,medium
41.68,-87.69,1,3,violent,0.3333333333333333,0.6365141893815645,property,0.7122,False,0.0051,0.7122,0.2827,28.3,Chicago,medium
41.68,-87.69,2,8,violent,0.125,0.9743147528693494,property,0.7831,False,0.0035,0.7831,0.2134,21.3,Chicago,medium
41.68,-87.69,3,8,violent,0.375,0.9002560512685369,property,0.7836,False,0.0035,0.7836,0.2129,21.3,Chicago,medium
41.68,-87.68,0,69,property,0.4057971014492754,0.9191904757256881,property,0.7846,True,0.0035,0.7846,0.2119,21.2,Chicago,medium
41.68,-87.68,1,92,property,0.391304347826087,0.9203136197297483,property,0.7846,True,0.0036,0.7846,0.2118,21.2,Chicago,medium
41.68,-87.68,2,126,property,0.31746031746031744,0.884727462125875,property,0.7846,True,0.0035,0.7846,0.2119,21.2,Chicago,medium
41.68,-87.68,3,136,property,0.47058823529411764,0.7795831285961154,property,0.7844,True,0.0035,0.7844,0.2121,21.2,Chicago,medium
41.68,-87.67,0,120,property,0.3333333333333333,0.8602030628046026,property,0.7798,True,0.0035,0.7798,0.2167,21.7,Chicago,medium
41.68,-87.67,1,115,property,0.1826086956521739,0.9805756284656957,property,0.7836,True,0.0034,0.7836,0.2129,21.3,Chicago,medium
41.68,-87.67,2,145,property,0.1103448275862069,1.0259537911108194,property,0.7819,True,0.0035,0.7819,0.2147,21.5,Chicago,medium
41.68,-87.67,3,156,property,0.09615384615384616,0.9895531005781191,property,0.581,True,0.0066,0.581,0.4124,41.2,Chicago,medium
41.68,-87.66,0,230,property,0.26521739130434785,0.9215215252520899,property,0.7831,True,0.0034,0.7831,0.2134,21.3,Chicago,medium
41.68,-87.66,1,302,property,0.38741721854304634,0.8752624814516978,property,0.7838,True,0.0034,0.7838,0.2127,21.3,Chicago,medium
41.68,-87.66,2,525,property,0.32571428571428573,0.8638481990860363,property,0.7834,True,0.0034,0.7834,0.2131,21.3,Chicago,medium
41.68,-87.66,3,410,property,0.22439024390243903,0.9442220436470239,property,0.7801,True,0.0035,0.7801,0.2164,21.6,Chicago,medium
41.68,-87.65,0,187,property,0.19786096256684493,0.9213707002581827,property,0.7634,True,0.0038,0.7634,0.2328,23.3,Chicago,medium
41.68,-87.65,1,201,property,0.23880597014925373,0.9720275390064926,property,0.7819,True,0.0035,0.7819,0.2147,21.5,Chicago,medium
41.68,-87.65,2,338,property,0.11834319526627218,0.9329884138522488,property,0.6356,True,0.0057,0.6356,0.3587,35.9,Chicago,medium
41.68,-87.65,3,326,property,0.0705521472392638,0.9078962199111328,violent,0.5507,False,0.0084,0.441,0.5507,55.1,Chicago,medium
41.68,-87.64,0,436,property,0.2798165137614679,0.8058862872929591,property,0.6052,True,0.0061,0.6052,0.3887,38.9,Chicago,medium
41.68,-87.64,1,430,property,0.07441860465116279,0.9808301685234108,property,0.7722,True,0.0036,0.7722,0.2242,22.4,Chicago,medium
41.68,-87.64,2,622,property,0.07877813504823152,0.9109448350533756,violent,0.5031,False,0.0077,0.4892,0.5031,50.3,Chicago,uncertain
41.68,-87.64,3,605,property,0.07933884297520662,0.9313034309999673,violent,0.5557,False,0.0084,0.4359,0.5557,55.6,Chicago,medium
41.68,-87.63,0,491,property,0.18533604887983707,0.9001882993155099,property,0.5024,True,0.0075,0.5024,0.4901,49.0,Chicago,uncertain
41.68,-87.63,1,475,property,0.04,0.9786973757822459,property,0.7752,True,0.0036,0.7752,0.2213,22.1,Chicago,medium
41.68,-87.63,2,602,property,0.029900332225913623,0.9670004090967181,violent,0.5604,False,0.0085,0.4312,0.5604,56.0,Chicago,medium
41.68,-87.63,3,684,property,0.07456140350877193,0.8983484903598657,violent,0.563,False,0.0085,0.4285,0.563,56.3,Chicago,medium
41.68,-87.62,0,469,property,0.08528784648187633,0.8783887087846739,violent,0.551,False,0.0084,0.4407,0.551,55.1,Chicago,medium
41.68,-87.62,1,445,property,0.058426966292134834,1.0278326403580265,property,0.7794,True,0.0035,0.7794,0.2171,21.7,Chicago,medium
41.68,-87.62,2,621,violent,0.08373590982286634,0.9654112233520663,violent,0.4996,True,0.0077,0.4928,0.4996,50.0,Chicago,uncertain
41.68,-87.62,3,659,violent,0.06069802731411229,0.94480565274802,violent,0.5579,True,0.0084,0.4336,0.5579,55.8,Chicago,medium
41.68,-87.61,0,23,property,0.21739130434782608,0.9021825489048646,property,0.7545,True,0.0039,0.7545,0.2416,24.2,Chicago,medium
41.68,-87.61,1,21,violent,0.0,0.8515842539195699,property,0.7834,False,0.0034,0.7834,0.2132,21.3,Chicago,medium
41.68,-87.61,2,40,violent,0.0,0.9489154358953991,property,0.7779,False,0.0036,0.7779,0.2186,21.9,Chicago,medium
41.68,-87.61,3,37,violent,0.05405405405405406,0.9167571541585003,property,0.7693,False,0.0037,0.7693,0.227,22.7,Chicago,medium
41.68,-87.60000000000001,0,8,property,0.5,0.562335165779739,violent,0.5416,False,0.0084,0.45,0.5416,54.2,Chicago,uncertain
41.68,-87.60000000000001,1,5,property,0.6,0.5004024447610512,property,0.7834,True,0.0035,0.7834,0.2131,21.3,Chicago,medium
41.68,-87.60000000000001,2,3,property,1.0,4.3446531758480495e-08,property,0.7807,True,0.0036,0.7807,0.2157,21.6,Chicago,medium
41.68,-87.60000000000001,3,3,property,0.3333333333333333,0.6365141893815645,property,0.7828,True,0.0035,0.7828,0.2137,21.4,Chicago,medium
41.68,-87.56,0,4,property,0.25,1.0397207708399179,property,0.6161,True,0.0061,0.6161,0.3778,37.8,Chicago,medium
41.68,-87.56,1,3,property,0.3333333333333333,0.6365141893815645,property,0.7832,True,0.0035,0.7832,0.2132,21.3,Chicago,medium
41.68,-87.56,2,4,property,1.0,4.3446531758480495e-08,property,0.7841,True,0.0035,0.7841,0.2125,21.2,Chicago,medium
41.68,-87.54,0,17,property,0.5882352941176471,0.6779087256441981,property,0.783,True,0.0035,0.783,0.2135,21.4,Chicago,medium
41.68,-87.54,1,39,property,0.5897435897435898,0.6624440344790888,property,0.7841,True,0.0034,0.7841,0.2125,21.2,Chicago,medium
41.68,-87.54,2,88,property,0.7613636363636364,0.47498917898057613,property,0.784,True,0.0034,0.784,0.2126,21.3,Chicago,medium
41.68,-87.54,3,53,property,0.3584905660377358,0.8370430777415143,property,0.7836,True,0.0034,0.7836,0.213,21.3,Chicago,medium
41.68,-87.53,0,9,property,0.1111111111111111,0.6869615976336275,property,0.7837,True,0.0035,0.7837,0.2128,21.3,Chicago,medium
41.68,-87.53,1,9,property,0.5555555555555556,0.5297062202512142,property,0.7812,True,0.0036,0.7812,0.2152,21.5,Chicago,medium
41.68,-87.53,2,15,violent,0.3333333333333333,0.9276173343271816,property,0.7822,False,0.0036,0.7822,0.2142,21.4,Chicago,medium
41.68,-87.53,3,26,violent,0.34615384615384615,0.7657827233140068,property,0.7841,False,0.0035,0.7841,0.2124,21.2,Chicago,medium
41.69,-87.73,2,7,property,0.42857142857142855,0.5982696097102534,property,0.783,True,0.0036,0.783,0.2134,21.3,Chicago,medium
41.69,-87.72,0,21,property,0.47619047619047616,0.7270013625470586,property,0.784,True,0.0035,0.784,0.2125,21.2,Chicago,medium
41.69,-87.72,1,34,property,0.14705882352941177,0.9960459302460973,property,0.7843,True,0.0035,0.7843,0.2121,21.2,Chicago,medium
41.69,-87.72,2,52,violent,0.1346153846153846,1.022905094353313,property,0.7836,False,0.0035,0.7836,0.2129,21.3,Chicago,medium
41.69,-87.72,3,37,violent,0.1891891891891892,1.0024374473202595,property,0.7841,False,0.0035,0.7841,0.2124,21.2,Chicago,medium
41.69,-87.71000000000001,0,61,property,0.4098360655737705,0.8901978125813683,property,0.7832,True,0.0036,0.7832,0.2133,21.3,Chicago,medium
41.69,-87.71000000000001,1,45,property,0.06666666666666667,1.0851886129676505,property,0.7837,True,0.0036,0.7837,0.2128,21.3,Chicago,medium
41.69,-87.71000000000001,2,82,property,0.15853658536585366,1.057395950978033,property,0.7777,True,0.0037,0.7777,0.2186,21.9,Chicago,medium
41.69,-87.71000000000001,3,61,property,0.2459016393442623,0.9889510428542083,property,0.7839,True,0.0035,0.7839,0.2126,21.3,Chicago,medium
41.69,-87.7,0,94,property,0.19148936170212766,0.9050345318804041,property,0.7698,True,0.0038,0.7698,0.2264,22.6,Chicago,medium
41.69,-87.7,1,67,violent,0.11940298507462686,1.0417924409967876,property,0.7832,False,0.0037,0.7832,0.2131,21.3,Chicago,medium
41.69,-87.7,2,127,property,0.13385826771653545,1.0231588692864777,property,0.776,True,0.0038,0.776,0.2202,22.0,Chicago,medium
41.69,-87.7,3,133,property,0.15037593984962405,0.9737416145036357,property,0.7787,True,0.0037,0.7787,0.2176,21.8,Chicago,medium
41.69,-87.69,0,48,property,0.6041666666666666,0.5794656928739611,property,0.7846,True,0.0034,0.7846,0.212,21.2,Chicago,medium
41.69,-87.69,1,36,property,0.4444444444444444,0.7603741834880299,property,0.7843,True,0.0036,0.7843,0.2122,21.2,Chicago,medium
41.69,-87.69,2,45,property,0.08888888888888889,1.0499716848160465,property,0.7846,True,0.0034,0.7846,0.212,21.2,Chicago,medium
41.69,-87.69,3,53,property,0.4528301886792453,0.8677371739993153,property,0.7844,True,0.0034,0.7844,0.2122,21.2,Chicago,medium
41.69,-87.68,0,120,property,0.30833333333333335,0.9277643917535792,property,0.7845,True,0.0035,0.7845,0.212,21.2,Chicago,medium
41.69,-87.68,1,159,violent,0.018867924528301886,0.9990173694118492,property,0.7844,False,0.0035,0.7844,0.2121,21.2,Chicago,medium
41.69,-87.68,2,236,violent,0.13983050847457626,0.9341796312675521,property,0.7844,False,0.0035,0.7844,0.2121,21.2,Chicago,medium
41.69,-87.68,3,177,property,0.07909604519774012,0.9394142954227727,property,0.7843,True,0.0035,0.7843,0.2122,21.2,Chicago,medium
41.69,-87.67,0,135,property,0.13333333333333333,0.954925081381506,property,0.7767,True,0.0036,0.7767,0.2197,22.0,Chicago,medium
41.69,-87.67,1,223,property,0.04484304932735426,1.0262909851299191,property,0.7838,True,0.0034,0.7838,0.2128,21.3,Chicago,medium
41.69,-87.67,2,359,property,0.025069637883008356,1.0468405984890161,property,0.5059,True,0.0076,0.5059,0.4865,48.7,Chicago,uncertain
41.69,-87.67,3,249,violent,0.008032128514056224,1.080049831083679,property,0.6883,False,0.0051,0.6883,0.3067,30.7,Chicago,medium
41.69,-87.66,0,273,property,0.2271062271062271,0.869501897004244,property,0.7785,True,0.0035,0.7785,0.218,21.8,Chicago,medium
41.69,-87.66,1,239,property,0.08786610878661087,0.9895935733967134,property,0.7822,True,0.0035,0.7822,0.2144,21.4,Chicago,medium
41.69,-87.66,2,357,property,0.011204481792717087,0.997885443104618,violent,0.5447,False,0.0083,0.447,0.5447,54.5,Chicago,uncertain
41.69,-87.66,3,372,property,0.07795698924731183,0.9189020045165407,property,0.5575,True,0.0068,0.5575,0.4357,43.6,Chicago,medium
41.69,-87.65,0,254,property,0.23622047244094488,0.8836246526464782,property,0.7824,True,0.0034,0.7824,0.2142,21.4,Chicago,medium
41.69,-87.65,1,221,property,0.20361990950226244,0.9720077407003516,property,0.7834,True,0.0034,0.7834,0.2132,21.3,Chicago,medium
41.69,-87.65,2,314,property,0.11146496815286625,0.9584428551780906,property,0.7727,True,0.0036,0.7727,0.2237,22.4,Chicago,medium
41.69,-87.65,3,350,property,0.06285714285714286,0.9591913447857906,property,0.6861,True,0.005,0.6861,0.309,30.9,Chicago,medium
41.69,-87.64,0,262,property,0.2366412213740458,0.8923871517034747,property,0.7829,True,0.0034,0.7829,0.2136,21.4,Chicago,medium
41.69,-87.64,1,284,property,0.03873239436619718,0.9710354775922265,property,0.7496,True,0.004,0.7496,0.2465,24.6,Chicago,medium
41.69,-87.64,2,436,property,0.013761467889908258,0.956923234758781,violent,0.545,False,0.0083,0.4467,0.545,54.5,Chicago,uncertain
41.69,-87.64,3,377,property,0.14058355437665782,0.9310490827139317,property,0.7732,True,0.0036,0.7732,0.2232,22.3,Chicago,medium
41.69,-87.63,0,332,property,0.14457831325301204,0.9408129181699437,violent,0.4996,False,0.0077,0.4927,0.4996,50.0,Chicago,uncertain
41.69,-87.63,1,347,violent,0.002881844380403458,0.999177972385215,property,0.7789,False,0.0035,0.7789,0.2175,21.8,Chicago,medium
41.69,-87.63,2,498,violent,0.13654618473895583,0.9507172390462005,violent,0.5571,True,0.0084,0.4345,0.5571,55.7,Chicago,medium
41.69,-87.63,3,512,violent,0.041015625,0.9531966526759257,violent,0.5592,True,0.0085,0.4323,0.5592,55.9,Chicago,medium
41.69,-87.62,0,535,property,0.0691588785046729,0.9476536903160119,violent,0.5632,False,0.0085,0.4282,0.5632,56.3,Chicago,medium
41.69,-87.62,1,637,property,0.03767660910518053,1.003414148851878,property,0.7768,True,0.0036,0.7768,0.2196,22.0,Chicago,medium
41.69,-87.62,2,859,violent,0.051222351571594875,0.9561847513529795,property,0.6832,False,0.005,0.6832,0.3118,31.2,Chicago,medium
41.69,-87.62,3,765,violent,0.03790849673202614,0.9390788230976468,violent,0.5608,True,0.0085,0.4307,0.5608,56.1,Chicago,medium
41.69,-87.61,0,348,property,0.10919540229885058,0.929863605463195,property,0.7144,True,0.0045,0.7144,0.2811,28.1,Chicago,medium
41.69,-87.61,1,437,property,0.009153318077803204,0.9953193614590881,property,0.7834,True,0.0034,0.7834,0.2132,21.3,Chicago,medium
41.69,-87.61,2,582,violent,0.061855670103092786,1.007291535934069,property,0.7228,False,0.0044,0.7228,0.2729,27.3,Chicago,medium
41.69,-87.61,3,536,violent,0.005597014925373134,0.968644607689744,property,0.6827,False,0.005,0.6827,0.3123,31.2,Chicago,medium
41.69,-87.60000000000001,0,71,property,0.18309859154929578,1.0486989110557117,violent,0.5376,False,0.0082,0.4542,0.5376,53.8,Chicago,uncertain
41.69,-87.60000000000001,1,96,violent,0.0,1.0821955300387673,property,0.5014,False,0.0076,0.5014,0.491,49.1,Chicago,uncertain
41.69,-87.60000000000001,2,119,violent,0.01680672268907563,1.0499428304714966,property,0.6916,False,0.0051,0.6916,0.3033,30.3,Chicago,medium
41.69,-87.60000000000001,3,80,property,0.1125,1.037946108807942,property,0.7334,True,0.0044,0.7334,0.2622,26.2,Chicago,medium
41.69,-87.58,1,3,property,0.3333333333333333,0.6365141893815645,property,0.7839,True,0.0034,0.7839,0.2127,21.3,Chicago,medium
41.69,-87.56,1,3,property,0.3333333333333333,0.6365141893815645,property,0.7829,True,0.0035,0.7829,0.2136,21.4,Chicago,medium
41.69,-87.54,0,86,property,0.22093023255813954,0.9585855338574549,property,0.7841,True,0.0034,0.7841,0.2124,21.2,Chicago,medium
41.69,-87.54,1,91,violent,0.06593406593406594,1.092438005375596,violent,0.5259,True,0.0081,0.466,0.5259,52.6,Chicago,uncertain
41.69,-87.54,2,169,violent,0.08284023668639054,1.0793308652222056,violent,0.5272,True,0.0081,0.4647,0.5272,52.7,Chicago,uncertain
41.69,-87.54,3,149,property,0.10738255033557047,1.0738112144928815,property,0.7839,True,0.0035,0.7839,0.2127,21.3,Chicago,medium
41.69,-87.53,0,71,property,0.4647887323943662,0.8391033436110251,property,0.7845,True,0.0034,0.7845,0.212,21.2,Chicago,medium
41.69,-87.53,1,51,other,0.13725490196078433,1.0775023071355077,property,0.7836,False,0.0035,0.7836,0.2129,21.3,Chicago,medium
41.69,-87.53,2,57,property,0.10526315789473684,1.0647955156789823,property,0.7833,True,0.0035,0.7833,0.2132,21.3,Chicago,medium
41.69,-87.53,3,96,property,0.2604166666666667,0.9773903714709475,property,0.7836,True,0.0034,0.7836,0.2129,21.3,Chicago,medium
41.69,-87.52,2,3,property,0.3333333333333333,0.6365141893815645,property,0.7623,True,0.0042,0.7623,0.2335,23.3,Chicago,medium
41.69,-87.52,3,5,violent,0.2,0.6730116880595105,property,0.7792,False,0.0036,0.7792,0.2172,21.7,Chicago,medium
41.7,-87.72,0,23,property,0.391304347826087,0.9381390150046416,property,0.7841,True,0.0034,0.7841,0.2125,21.2,Chicago,medium
41.7,-87.72,1,26,property,0.38461538461538464,0.9251290835720822,property,0.7816,True,0.0037,0.7816,0.2147,21.5,Chicago,medium
41.7,-87.72,2,30,property,0.16666666666666666,0.9333939009080586,property,0.7342,True,0.0047,0.7342,0.2611,26.1,Chicago,medium
41.7,-87.72,3,39,property,0.3333333333333333,0.9862927357874,property,0.7816,True,0.0035,0.7816,0.2149,21.5,Chicago,medium
41.7,-87.71000000000001,0,31,property,0.16129032258064516,1.0676208772568145,property,0.7843,True,0.0035,0.7843,0.2122,21.2,Chicago,medium
41.7,-87.71000000000001,1,26,other,0.11538461538461539,0.9632492517543758,property,0.779,False,0.0037,0.779,0.2173,21.7,Chicago,medium
41.7,-87.71000000000001,2,32,other,0.03125,1.0662173875546272,property,0.726,False,0.005,0.726,0.2689,26.9,Chicago,medium
41.7,-87.71000000000001,3,43,property,0.046511627906976744,1.0232852669376267,property,0.784,True,0.0035,0.784,0.2124,21.2,Chicago,medium
41.7,-87.7,0,49,property,0.4489795918367347,0.8805800764184042,property,0.7852,True,0.0035,0.7852,0.2113,21.1,Chicago,medium
41.7,-87.7,1,44,property,0.06818181818181818,1.0790920734763023,property,0.7835,True,0.0037,0.7835,0.2128,21.3,Chicago,medium
41.7,-87.7,2,74,violent,0.04054054054054054,1.0837079356051338,property,0.7811,False,0.0037,0.7811,0.2151,21.5,Chicago,medium
41.7,-87.7,3,80,property,0.175,0.9656553698895363,property,0.7843,True,0.0035,0.7843,0.2122,21.2,Chicago,medium
41.7,-87.69,0,33,property,0.6666666666666666,0.661612885737922,property,0.7846,True,0.0035,0.7846,0.2118,21.2,Chicago,medium
41.7,-87.69,1,14,property,0.5714285714285714,0.7963116401738131,property,0.7835,True,0.0037,0.7835,0.2128,21.3,Chicago,medium
41.7,-87.69,2,32,property,0.125,1.0717300941124526,property,0.7851,True,0.0035,0.7851,0.2114,21.1,Chicago,medium
41.7,-87.69,3,42,property,0.47619047619047616,0.8641502031949699,property,0.7845,True,0.0035,0.7845,0.212,21.2,Chicago,medium
41.7,-87.68,0,72,property,0.5416666666666666,0.7291735690848529,property,0.7845,True,0.0035,0.7845,0.212,21.2,Chicago,medium
41.7,-87.68,1,79,property,0.20253164556962025,1.0507700214841358,property,0.7851,True,0.0035,0.7851,0.2114,21.1,Chicago,medium
41.7,-87.68,2,101,property,0.16831683168316833,1.0480493699452076,property,0.7849,True,0.0035,0.7849,0.2116,21.2,Chicago,medium
41.7,-87.68,3,103,property,0.2621359223300971,0.9058816659805062,property,0.7845,True,0.0035,0.7845,0.212,21.2,Chicago,medium
41.7,-87.67,0,74,property,0.47297297297297297,0.844647194772191,property,0.7838,True,0.0034,0.7838,0.2127,21.3,Chicago,medium
41.7,-87.67,1,68,property,0.47058823529411764,0.841568893609185,property,0.7843,True,0.0035,0.7843,0.2122,21.2,Chicago,medium
41.7,-87.67,2,121,property,0.256198347107438,1.000465220356668,property,0.7838,True,0.0035,0.7838,0.2127,21.3,Chicago,medium
41.7,-87.67,3,107,property,0.2803738317757009,0.9332940455891314,property,0.7834,True,0.0035,0.7834,0.2132,21.3,Chicago,medium
41.7,-87.66,0,107,property,0.308411214953271,0.934509097759618,property,0.7796,True,0.0035,0.7796,0.2169,21.7,Chicago,medium
41.7,-87.66,1,128,property,0.21875,1.0358042841981745,property,0.7826,True,0.0035,0.7826,0.2139,21.4,Chicago,medium
41.7,-87.66,2,188,property,0.1702127659574468,1.0606183684191353,property,0.7675,True,0.0038,0.7675,0.2288,22.9,Chicago,medium
41.7,-87.66,3,129,property,0.09302325581395349,0.9670887760815146,property,0.7636,True,0.0038,0.7636,0.2326,23.3,Chicago,medium
41.7,-87.65,0,145,property,0.31724137931034485,0.9149745154772566,property,0.7769,True,0.0035,0.7769,0.2196,22.0,Chicago,medium
41.7,-87.65,1,144,property,0.2361111111111111,1.0057274119494648,property,0.7798,True,0.0035,0.7798,0.2166,21.7,Chicago,medium
41.7,-87.65,2,232,property,0.021551724137931036,1.0671662518116738,property,0.531,True,0.0073,0.531,0.4618,46.2,Chicago,uncertain
41.7,-87.65,3,212,property,0.1179245283018868,1.0093929069072805,property,0.5443,True,0.007,0.5443,0.4487,44.9,Chicago,uncertain
41.7,-87.64,0,191,property,0.418848167539267,0.8316801081012397,property,0.7834,True,0.0034,0.7834,0.2132,21.3,Chicago,medium
41.7,-87.64,1,244,property,0.0942622950819672,1.0083333621041781,property,0.7837,True,0.0035,0.7837,0.2128,21.3,Chicago,medium
41.7,-87.64,2,348,property,0.06609195402298851,1.0174167455927656,property,0.7832,True,0.0034,0.7832,0.2134,21.3,Chicago,medium
41.7,-87.64,3,354,property,0.1327683615819209,0.9613728398326227,property,0.7831,True,0.0034,0.7831,0.2134,21.3,Chicago,medium
41.7,-87.63,0,400,property,0.1575,0.8801185166264281,violent,0.5601,False,0.0085,0.4314,0.5601,56.0,Chicago,medium
41.7,-87.63,1,389,property,0.033419023136246784,0.9670848037596165,property,0.7675,True,0.0037,0.7675,0.2288,22.9,Chicago,medium
41.7,-87.63,2,526,property,0.11216730038022814,1.0006798529936556,violent,0.5618,False,0.0085,0.4297,0.5618,56.2,Chicago,medium
41.7,-87.63,3,573,violent,0.010471204188481676,0.9480655551210381,violent,0.5642,True,0.0085,0.4273,0.5642,56.4,Chicago,medium
41.7,-87.62,0,521,property,0.1017274472168906,0.9594231449302513,violent,0.5275,False,0.008,0.4644,0.5275,52.8,Chicago,uncertain
41.7,-87.62,1,482,property,0.12033195020746888,0.9580584358644713,property,0.7805,True,0.0035,0.7805,0.216,21.6,Chicago,medium
41.7,-87.62,2,665,property,0.042105263157894736,1.03529953281446,violent,0.5545,False,0.0084,0.4371,0.5545,55.4,Chicago,medium
41.7,-87.62,3,675,property,0.1259259259259259,1.0006003113847655,violent,0.5586,False,0.0085,0.4329,0.5586,55.9,Chicago,medium
41.7,-87.61,0,311,property,0.21864951768488747,0.9779869833156107,property,0.7792,True,0.0035,0.7792,0.2173,21.7,Chicago,medium
41.7,-87.61,1,378,property,0.12698412698412698,1.005859966858083,property,0.7829,True,0.0034,0.7829,0.2136,21.4,Chicago,medium
41.7,-87.61,2,435,property,0.07586206896551724,0.9900775475324084,property,0.7547,True,0.0039,0.7547,0.2414,24.1,Chicago,medium
41.7,-87.61,3,445,property,0.1258426966292135,0.9132378414445887,property,0.715,True,0.0045,0.715,0.2805,28.1,Chicago,medium
41.7,-87.60000000000001,0,66,violent,0.0,0.8079366792945711,violent,0.5489,True,0.0084,0.4428,0.5489,54.9,Chicago,uncertain
41.7,-87.60000000000001,1,162,property,0.3765432098765432,0.7920086147265303,property,0.7834,True,0.0034,0.7834,0.2132,21.3,Chicago,medium
41.7,-87.60000000000001,2,335,property,0.5671641791044776,0.6649420853320867,property,0.7833,True,0.0034,0.7833,0.2133,21.3,Chicago,medium
41.7,-87.60000000000001,3,291,property,0.5292096219931272,0.6569539811953193,property,0.7794,True,0.0035,0.7794,0.217,21.7,Chicago,medium
41.7,-87.59,0,8,property,0.375,0.9002560512685369,property,0.7839,True,0.0034,0.7839,0.2127,21.3,Chicago,medium
41.7,-87.59,1,30,property,0.8333333333333334,0.3887343902209295,property,0.7832,True,0.0035,0.7832,0.2133,21.3,Chicago,medium
41.7,-87.59,2,32,property,0.625,0.65619279201862,property,0.7829,True,0.0035,0.7829,0.2136,21.4,Chicago,medium
41.7,-87.59,3,33,property,0.696969696969697,0.5898691618387124,property,0.7822,True,0.0036,0.7822,0.2142,21.4,Chicago,medium
41.7,-87.57000000000001,0,44,violent,0.22727272727272727,0.9060572229474037,violent,0.5262,True,0.0082,0.4656,0.5262,52.6,Chicago,uncertain
41.7,-87.57000000000001,1,53,violent,0.1320754716981132,0.9579749764093853,property,0.666,False,0.0053,0.666,0.3287,32.9,Chicago,medium
41.7,-87.57000000000001,2,61,violent,0.08196721311475409,1.0484245337887894,violent,0.5349,True,0.0083,0.4569,0.5349,53.5,Chicago,uncertain
41.7,-87.57000000000001,3,104,violent,0.10576923076923077,0.9214811243126236,violent,0.5449,True,0.0084,0.4467,0.5449,54.5,Chicago,uncertain
41.7,-87.56,0,244,property,0.11065573770491803,0.9977166558993031,property,0.6717,True,0.0052,0.6717,0.3231,32.3,Chicago,medium
41.7,-87.56,1,202,violent,0.14356435643564355,1.0032137706300064,property,0.498,False,0.0076,0.498,0.4944,49.4,Chicago,uncertain
41.7,-87.56,2,286,violent,0.024475524475524476,1.018967067651928,violent,0.553,True,0.0084,0.4386,0.553,55.3,Chicago,medium
41.7,-87.56,3,328,property,0.14634146341463414,0.9332955808337482,violent,0.5492,False,0.0084,0.4425,0.5492,54.9,Chicago,uncertain
41.7,-87.55,0,6,property,0.5,0.8675632284814613,property,0.7837,True,0.0035,0.7837,0.2128,21.3,Chicago,medium
41.7,-87.55,1,6,violent,0.3333333333333333,0.6365141893815645,property,0.7836,False,0.0035,0.7836,0.2129,21.3,Chicago,medium
41.7,-87.55,2,4,property,0.25,1.0397207708399179,property,0.7833,True,0.0035,0.7833,0.2132,21.3,Chicago,medium
41.7,-87.55,3,4,violent,0.0,0.6931472015900639,property,0.7834,False,0.0035,0.7834,0.2131,21.3,Chicago,medium
41.7,-87.54,0,236,property,0.2923728813559322,0.8838913280111886,property,0.7838,True,0.0034,0.7838,0.2128,21.3,Chicago,medium
41.7,-87.54,1,190,property,0.15263157894736842,0.9649370790378683,property,0.7838,True,0.0034,0.7838,0.2128,21.3,Chicago,medium
41.7,-87.54,2,324,property,0.12962962962962962,0.9792875299608688,property,0.763,True,0.0038,0.763,0.2332,23.3,Chicago,medium
41.7,-87.54,3,339,property,0.08259587020648967,0.9222254571299225,property,0.7828,True,0.0035,0.7828,0.2138,21.4,Chicago,medium
41.7,-87.53,0,211,property,0.35071090047393366,0.7741114648374919,property,0.7841,True,0.0034,0.7841,0.2125,21.2,Chicago,medium
41.7,-87.53,1,147,property,0.1360544217687075,0.9933986968856281,property,0.7833,True,0.0035,0.7833,0.2132,21.3,Chicago,medium
41.7,-87.53,2,265,property,0.033962264150943396,0.945418056607517,property,0.7838,True,0.0034,0.7838,0.2128,21.3,Chicago,medium
41.7,-87.53,3,292,property,0.14383561643835616,0.9089489784144174,property,0.7838,True,0.0034,0.7838,0.2128,21.3,Chicago,medium
41.7,-87.52,0,8,property,1.0,4.3446531758480495e-08,property,0.7276,True,0.0045,0.7276,0.268,26.8,Chicago,medium
41.7,-87.52,1,6,property,0.16666666666666666,1.0114042647073518,property,0.7832,True,0.0036,0.7832,0.2132,21.3,Chicago,medium
41.7,-87.52,2,3,property,0.3333333333333333,0.6365141893815645,property,0.6062,True,0.0063,0.6062,0.3876,38.8,Chicago,medium
41.7,-87.52,3,8,violent,0.0,1.0821955300387673,property,0.783,False,0.0035,0.783,0.2135,21.4,Chicago,medium
41.71,-87.72,0,16,property,0.625,0.4825775864177004,property,0.785,True,0.0035,0.785,0.2115,21.2,Chicago,medium
41.71,-87.72,1,13,violent,0.23076923076923078,0.9839614460010255,property,0.7839,False,0.0036,0.7839,0.2125,21.2,Chicago,medium
41.71,-87.72,2,18,property,0.3888888888888889,0.9338238517147219,property,0.7848,True,0.0035,0.7848,0.2117,21.2,Chicago,medium
41.71,-87.72,3,17,property,0.29411764705882354,0.923840705630872,property,0.7841,True,0.0035,0.7841,0.2124,21.2,Chicago,medium
41.71,-87.71000000000001,0,9,other,0.1111111111111111,1.0608569471580214,property,0.7848,False,0.0035,0.7848,0.2118,21.2,Chicago,medium
41.71,-87.71000000000001,1,5,property,0.6,0.5004024447610512,property,0.7844,True,0.0036,0.7844,0.2121,21.2,Chicago,medium
41.71,-87.71000000000001,2,13,other,0.07692307692307693,1.0928305535284886,property,0.7848,False,0.0036,0.7848,0.2117,21.2,Chicago,medium
41.71,-87.71000000000001,3,10,property,0.2,1.0296530140645737,property,0.7846,True,0.0035,0.7846,0.2119,21.2,Chicago,medium
41.71,-87.7,0,18,property,0.2222222222222222,0.6682484987195559,property,0.7837,True,0.0035,0.7837,0.2128,21.3,Chicago,medium
41.71,-87.7,1,29,property,0.5862068965517241,0.7802156202916117,property,0.7848,True,0.0036,0.7848,0.2116,21.2,Chicago,medium
41.71,-87.7,2,50,property,0.04,0.9759851059495329,property,0.7849,True,0.0035,0.7849,0.2116,21.2,Chicago,medium
41.71,-87.7,3,32,property,0.25,0.9470571522825082,property,0.7851,True,0.0035,0.7851,0.2114,21.1,Chicago,medium
41.71,-87.69,0,31,property,0.7096774193548387,0.625484967268576,property,0.7849,True,0.0034,0.7849,0.2117,21.2,Chicago,medium
41.71,-87.69,1,20,property,0.2,0.926506603289533,property,0.7836,True,0.0036,0.7836,0.2128,21.3,Chicago,medium
41.71,-87.69,2,44,property,0.045454545454545456,1.0702359491930813,property,0.7571,True,0.0043,0.7571,0.2387,23.9,Chicago,medium
41.71,-87.69,3,45,property,0.5333333333333333,0.7936342500991989,property,0.7839,True,0.0035,0.7839,0.2127,21.3,Chicago,medium
41.71,-87.68,0,96,property,0.5,0.7431098912098039,property,0.7842,True,0.0035,0.7842,0.2124,21.2,Chicago,medium
41.71,-87.68,1,90,property,0.4222222222222222,0.8298192254341799,property,0.7848,True,0.0035,0.7848,0.2118,21.2,Chicago,medium
41.71,-87.68,2,152,property,0.16447368421052633,0.9677235506914876,property,0.7843,True,0.0034,0.7843,0.2122,21.2,Chicago,medium
41.71,-87.68,3,119,property,0.42016806722689076,0.8592129350132618,property,0.7845,True,0.0034,0.7845,0.212,21.2,Chicago,medium
41.71,-87.67,0,83,property,0.4578313253012048,0.9047806385034803,property,0.7845,True,0.0034,0.7845,0.2121,21.2,Chicago,medium
41.71,-87.67,1,83,property,0.2891566265060241,1.0043898839313936,property,0.7849,True,0.0034,0.7849,0.2117,21.2,Chicago,medium
41.71,-87.67,2,122,property,0.27049180327868855,0.9880732207305016,property,0.7841,True,0.0034,0.7841,0.2125,21.3,Chicago,medium
41.71,-87.67,3,128,property,0.3671875,0.9543452647185284,property,0.7841,True,0.0034,0.7841,0.2125,21.3,Chicago,medium
41.71,-87.66,0,149,property,0.38926174496644295,0.8964246151940317,property,0.7837,True,0.0034,0.7837,0.2129,21.3,Chicago,medium
41.71,-87.66,1,122,property,0.13114754098360656,1.0153246542714496,property,0.7837,True,0.0034,0.7837,0.2128,21.3,Chicago,medium
41.71,-87.66,2,212,property,0.1509433962264151,0.9894154480092203,property,0.6647,True,0.0053,0.6647,0.33,33.0,Chicago,medium
41.71,-87.66,3,184,property,0.14130434782608695,0.9649402822870368,property,0.7788,True,0.0035,0.7788,0.2177,21.8,Chicago,medium
41.71,-87.65,0,260,property,0.35,0.8618431681948681,property,0.7813,True,0.0035,0.7813,0.2153,21.5,Chicago,medium
41.71,-87.65,1,243,property,0.12345679012345678,0.9777014661830234,violent,0.5119,False,0.0079,0.4802,0.5119,51.2,Chicago,uncertain
41.71,-87.65,2,390,violent,0.007692307692307693,1.013178098028297,violent,0.5464,True,0.0083,0.4453,0.5464,54.6,Chicago,uncertain
41.71,-87.65,3,377,property,0.10079575596816977,0.9632587078656033,property,0.7608,True,0.0038,0.7608,0.2354,23.5,Chicago,medium
41.71,-87.64,0,314,property,0.34076433121019106,0.851186034340558,property,0.716,True,0.0045,0.716,0.2795,28.0,Chicago,medium
41.71,-87.64,1,332,property,0.12349397590361445,1.0380415833679275,property,0.7834,True,0.0034,0.7834,0.2132,21.3,Chicago,medium
41.71,-87.64,2,448,property,0.08928571428571429,0.9611550218196365,property,0.7,True,0.0047,0.7,0.2953,29.5,Chicago,medium
41.71,-87.64,3,455,property,0.15164835164835164,0.9172258722639366,property,0.7349,True,0.0042,0.7349,0.2609,26.1,Chicago,medium
41.71,-87.63,0,351,property,0.2678062678062678,0.8813385802622922,property,0.6013,True,0.0061,0.6013,0.3926,39.3,Chicago,medium
41.71,-87.63,1,338,property,0.038461538461538464,0.985183616518984,property,0.7782,True,0.0035,0.7782,0.2183,21.8,Chicago,medium
41.71,-87.63,2,552,property,0.016304347826086956,0.9831220315930405,property,0.5354,True,0.0071,0.5354,0.4575,45.7,Chicago,uncertain
41.71,-87.63,3,572,property,0.013986013986013986,0.9045597756594846,violent,0.5519,False,0.0084,0.4397,0.5519,55.2,Chicago,medium
41.71,-87.62,0,387,property,0.3049095607235142,0.9046103569098,property,0.7603,True,0.0038,0.7603,0.2359,23.6,Chicago,medium
41.71,-87.62,1,424,property,0.05660377358490566,1.006020197794604,property,0.7834,True,0.0034,0.7834,0.2132,21.3,Chicago,medium
41.71,-87.62,2,550,property,0.10181818181818182,0.997042328607808,property,0.6529,True,0.0054,0.6529,0.3417,34.2,Chicago,medium
41.71,-87.62,3,535,property,0.022429906542056073,0.9414859201597445,property,0.6484,True,0.0055,0.6484,0.3462,34.6,Chicago,medium
41.71,-87.61,0,230,property,0.2956521739130435,0.8930418764491418,property,0.783,True,0.0034,0.783,0.2135,21.4,Chicago,medium
41.71,-87.61,1,231,property,0.09956709956709957,1.027974097730366,property,0.7831,True,0.0034,0.7831,0.2134,21.3,Chicago,medium
41.71,-87.61,2,405,property,0.022222222222222223,0.9612318704186175,property,0.4975,True,0.0076,0.4975,0.4949,49.5,Chicago,uncertain
41.71,-87.61,3,388,property,0.07474226804123711,0.930562006590588,property,0.7655,True,0.0037,0.7655,0.2308,23.1,Chicago,medium
41.71,-87.60000000000001,0,124,violent,0.04032258064516129,0.9551565036941114,property,0.6964,False,0.0049,0.6964,0.2987,29.9,Chicago,medium
41.71,-87.60000000000001,1,175,property,0.09142857142857143,0.9399350913987263,violent,0.5475,False,0.0084,0.4441,0.5475,54.8,Chicago,uncertain
41.71,-87.60000000000001,2,203,violent,0.014778325123152709,0.9986038575202709,violent,0.5511,True,0.0084,0.4405,0.5511,55.1,Chicago,medium
41.71,-87.60000000000001,3,218,property,0.022935779816513763,0.9567350156916993,property,0.5432,True,0.007,0.5432,0.4498,45.0,Chicago,uncertain
41.71,-87.59,0,9,property,0.1111111111111111,0.6869615976336275,property,0.7789,True,0.0035,0.7789,0.2176,21.8,Chicago,medium
41.71,-87.59,1,26,property,0.07692307692307693,0.9078086915252533,property,0.784,True,0.0035,0.784,0.2125,21.3,Chicago,medium
41.71,-87.59,2,35,property,0.14285714285714285,0.8617069877781027,property,0.7834,True,0.0034,0.7834,0.2131,21.3,Chicago,medium
41.71,-87.59,3,28,property,0.17857142857142858,0.9414030525867062,violent,0.506,False,0.0078,0.4861,0.506,50.6,Chicago,uncertain
41.71,-87.58,0,86,property,0.7790697674418605,0.3972454932559829,property,0.783,True,0.0035,0.783,0.2135,21.4,Chicago,medium
41.71,-87.58,1,78,property,0.6666666666666666,0.5442256024127341,property,0.7831,True,0.0035,0.7831,0.2134,21.3,Chicago,medium
41.71,-87.58,2,123,property,0.6910569105691057,0.6026452988782632,property,0.7833,True,0.0035,0.7833,0.2132,21.3,Chicago,medium
41.71,-87.58,3,100,property,0.73,0.4409880947400749,property,0.7832,True,0.0035,0.7832,0.2133,21.3,Chicago,medium
41.71,-87.57000000000001,0,143,property,0.3356643356643357,0.8230205654775121,property,0.774,True,0.0036,0.774,0.2224,22.2,Chicago,medium
41.71,-87.57000000000001,1,158,violent,0.08227848101265822,1.016163966198716,property,0.7623,False,0.0038,0.7623,0.2339,23.4,Chicago,medium
41.71,-87.57000000000001,2,225,violent,0.05333333333333334,1.0244265309122973,violent,0.5431,True,0.0083,0.4486,0.5431,54.3,Chicago,uncertain
41.71,-87.57000000000001,3,211,property,0.12796208530805686,0.9165818191328704,property,0.7167,True,0.0045,0.7167,0.2788,27.9,Chicago,medium
41.71,-87.56,0,156,property,0.21153846153846154,0.8497802778115935,property,0.7803,True,0.0035,0.7803,0.2162,21.6,Chicago,medium
41.71,-87.56,1,164,property,0.07926829268292683,1.033307271230977,property,0.7834,True,0.0034,0.7834,0.2132,21.3,Chicago,medium
41.71,-87.56,2,207,property,0.20772946859903382,0.870403832797807,property,0.7734,True,0.0036,0.7734,0.223,22.3,Chicago,medium
41.71,-87.56,3,247,property,0.17408906882591094,0.8872040898041438,property,0.7752,True,0.0036,0.7752,0.2213,22.1,Chicago,medium
41.71,-87.55,0,59,property,0.4915254237288136,0.7576790869670583,property,0.7785,True,0.0035,0.7785,0.218,21.8,Chicago,medium
41.71,-87.55,1,43,property,0.18604651162790697,0.8790943401077131,property,0.783,True,0.0035,0.783,0.2136,21.4,Chicago,medium
41.71,-87.55,2,54,violent,0.018518518518518517,0.9887797884511571,property,0.781,False,0.0035,0.781,0.2155,21.5,Chicago,medium
41.71,-87.55,3,80,property,0.075,0.8540414555303109,property,0.7835,True,0.0034,0.7835,0.2131,21.3,Chicago,medium
41.71,-87.54,0,162,property,0.19135802469135801,0.9355951698644382,property,0.7837,True,0.0034,0.7837,0.2128,21.3,Chicago,medium
41.71,-87.54,1,157,property,0.1464968152866242,0.9576294500470925,property,0.7833,True,0.0035,0.7833,0.2133,21.3,Chicago,medium
41.71,-87.54,2,238,violent,0.10084033613445378,0.978754149693682,property,0.7495,False,0.004,0.7495,0.2464,24.6,Chicago,medium
41.71,-87.54,3,229,property,0.03056768558951965,0.9424004408463093,property,0.7795,True,0.0035,0.7795,0.2169,21.7,Chicago,medium
41.71,-87.53,0,82,property,0.36585365853658536,0.9483004932862447,property,0.7838,True,0.0034,0.7838,0.2127,21.3,Chicago,medium
41.71,-87.53,1,40,property,0.325,0.9214462168313544,property,0.7837,True,0.0034,0.7837,0.2128,21.3,Chicago,medium
41.71,-87.53,2,103,property,0.019417475728155338,1.0691782513334875,property,0.7811,True,0.0035,0.7811,0.2154,21.5,Chicago,medium
41.71,-87.53,3,115,violent,0.008695652173913044,0.9790968226679324,property,0.7837,False,0.0034,0.7837,0.2129,21.3,Chicago,medium
41.72,-87.68,0,76,property,0.5394736842105263,0.7975162171613736,property,0.7848,True,0.0035,0.7848,0.2117,21.2,Chicago,medium
41.72,-87.68,1,87,property,0.26436781609195403,0.9804328685408203,property,0.7848,True,0.0035,0.7848,0.2117,21.2,Chicago,medium
41.72,-87.68,2,162,property,0.19753086419753085,1.019768866115466,property,0.785,True,0.0034,0.785,0.2116,21.2,Chicago,medium
41.72,-87.68,3,122,property,0.1885245901639344,1.0114291819132257,property,0.7848,True,0.0034,0.7848,0.2117,21.2,Chicago,medium
41.72,-87.67,0,60,property,0.7,0.639031859650177,property,0.7849,True,0.0034,0.7849,0.2117,21.2,Chicago,medium
41.72,-87.67,1,95,property,0.24210526315789474,0.8913252451709004,property,0.7847,True,0.0034,0.7847,0.2119,21.2,Chicago,medium
41.72,-87.67,2,112,property,0.11607142857142858,0.9640735025183845,property,0.7843,True,0.0034,0.7843,0.2123,21.2,Chicago,medium
41.72,-87.67,3,110,property,0.4,0.9096925112946669,property,0.7843,True,0.0034,0.7843,0.2123,21.2,Chicago,medium
41.72,-87.66,0,282,property,0.20921985815602837,0.8951370222920272,property,0.78,True,0.0035,0.78,0.2166,21.7,Chicago,medium
41.72,-87.66,1,476,property,0.1953781512605042,0.9126996825168825,property,0.784,True,0.0034,0.784,0.2126,21.3,Chicago,medium
41.72,-87.66,2,699,property,0.10872675250357654,0.9175716115808258,property,0.7769,True,0.0035,0.7769,0.2196,22.0,Chicago,medium
41.72,-87.66,3,476,property,0.24369747899159663,0.8685993086503008,property,0.7788,True,0.0035,0.7788,0.2177,21.8,Chicago,medium
41.72,-87.65,0,257,property,0.35797665369649806,0.8718108363628992,property,0.7821,True,0.0034,0.7821,0.2144,21.4,Chicago,medium
41.72,-87.65,1,237,property,0.21518987341772153,0.9120671187594142,property,0.7833,True,0.0034,0.7833,0.2133,21.3,Chicago,medium
41.72,-87.65,2,367,property,0.043596730245231606,0.9321246188501408,property,0.7375,True,0.0042,0.7375,0.2583,25.8,Chicago,medium
41.72,-87.65,3,365,property,0.07397260273972603,0.943805821814095,property,0.7368,True,0.0042,0.7368,0.259,25.9,Chicago,medium
41.72,-87.64,0,333,property,0.30930930930930933,0.9059889764403375,property,0.7833,True,0.0034,0.7833,0.2133,21.3,Chicago,medium
41.72,-87.64,1,322,property,0.09316770186335403,0.9431514278853113,property,0.7834,True,0.0034,0.7834,0.2132,21.3,Chicago,medium
41.72,-87.64,2,468,property,0.1111111111111111,0.9902108090301549,property,0.7789,True,0.0035,0.7789,0.2175,21.8,Chicago,medium
41.72,-87.64,3,472,property,0.23940677966101695,0.9160640798139552,property,0.7769,True,0.0035,0.7769,0.2195,22.0,Chicago,medium
41.72,-87.63,0,445,property,0.12808988764044943,0.9167059906318548,property,0.7084,True,0.0046,0.7084,0.2871,28.7,Chicago,medium
41.72,-87.63,1,410,property,0.12439024390243902,0.9736428822251506,property,0.7834,True,0.0034,0.7834,0.2132,21.3,Chicago,medium
41.72,-87.63,2,579,violent,0.013816925734024179,0.9567048606598298,property,0.5462,False,0.007,0.5462,0.4469,44.7,Chicago,uncertain
41.72,-87.63,3,633,property,0.11848341232227488,0.9379990772427081,violent,0.5514,False,0.0084,0.4402,0.5514,55.1,Chicago,medium
41.72,-87.62,0,474,property,0.3206751054852321,0.8031873191557607,property,0.7818,True,0.0034,0.7818,0.2147,21.5,Chicago,medium
41.72,-87.62,1,368,property,0.1331521739130435,0.9315915004286733,property,0.7814,True,0.0035,0.7814,0.2151,21.5,Chicago,medium
41.72,-87.62,2,571,property,0.09457092819614711,0.8902188636793237,violent,0.5431,False,0.0083,0.4486,0.5431,54.3,Chicago,uncertain
41.72,-87.62,3,482,property,0.0975103734439834,0.9128734960837284,property,0.7693,True,0.0037,0.7693,0.2271,22.7,Chicago,medium
41.72,-87.61,0,126,property,0.21428571428571427,0.9853777460950132,property,0.783,True,0.0034,0.783,0.2135,21.4,Chicago,medium
41.72,-87.61,1,132,property,0.18181818181818182,1.0081887070719704,property,0.7833,True,0.0034,0.7833,0.2133,21.3,Chicago,medium
41.72,-87.61,2,196,property,0.0663265306122449,1.0175127505215318,property,0.7819,True,0.0035,0.7819,0.2147,21.5,Chicago,medium
41.72,-87.61,3,186,property,0.10752688172043011,0.9017683787815503,property,0.7721,True,0.0036,0.7721,0.2243,22.4,Chicago,medium
41.72,-87.60000000000001,0,202,property,0.22277227722772278,0.8182105995130537,property,0.7816,True,0.0034,0.7816,0.2149,21.5,Chicago,medium
41.72,-87.60000000000001,1,179,property,0.26256983240223464,0.9108647588049836,property,0.7834,True,0.0034,0.7834,0.2132,21.3,Chicago,medium
41.72,-87.60000000000001,2,233,property,0.10300429184549356,0.9654461564115203,property,0.7409,True,0.0041,0.7409,0.255,25.5,Chicago,medium
41.72,-87.60000000000001,3,231,property,0.09956709956709957,0.936135680195066,property,0.7777,True,0.0035,0.7777,0.2188,21.9,Chicago,medium
41.72,-87.59,0,71,property,0.23943661971830985,0.8401559751527795,property,0.7812,True,0.0035,0.7812,0.2153,21.5,Chicago,medium
41.72,-87.59,1,90,property,0.25555555555555554,0.9672198114355521,property,0.7841,True,0.0034,0.7841,0.2125,21.3,Chicago,medium
41.72,-87.59,2,138,property,0.15217391304347827,0.9033179147502982,property,0.7826,True,0.0034,0.7826,0.214,21.4,Chicago,medium
41.72,-87.59,3,125,property,0.272,0.9128994569031912,property,0.7716,True,0.0036,0.7716,0.2247,22.5,Chicago,medium
41.72,-87.58,0,169,property,0.22485207100591717,0.8614706992791434,property,0.5349,True,0.0071,0.5349,0.458,45.8,Chicago,uncertain
41.72,-87.58,1,211,property,0.061611374407582936,0.9069942085491821,property,0.784,True,0.0034,0.784,0.2126,21.3,Chicago,medium
41.72,-87.58,2,355,property,0.07042253521126761,0.855970771356618,property,0.7839,True,0.0034,0.7839,0.2127,21.3,Chicago,medium
41.72,-87.58,3,317,property,0.01892744479495268,0.8908556565200921,property,0.7773,True,0.0035,0.7773,0.2191,21.9,Chicago,medium
41.72,-87.57000000000001,0,212,property,0.09905660377358491,0.9272896078352766,property,0.7799,True,0.0035,0.7799,0.2166,21.7,Chicago,medium
41.72,-87.57000000000001,1,263,violent,0.011406844106463879,1.0139683214697124,property,0.7835,False,0.0034,0.7835,0.213,21.3,Chicago,medium
41.72,-87.57000000000001,2,374,property,0.053475935828877004,0.9416234199200616,property,0.779,True,0.0035,0.779,0.2175,21.8,Chicago,medium
41.72,-87.57000000000001,3,306,violent,0.06862745098039216,0.9382927737262626,property,0.6349,False,0.0058,0.6349,0.3594,35.9,Chicago,medium
41.72,-87.56,0,121,property,0.2231404958677686,1.0104425826135224,property,0.7829,True,0.0034,0.7829,0.2137,21.4,Chicago,medium
41.72,-87.56,1,122,property,0.2540983606557377,0.9219070054749671,property,0.783,True,0.0034,0.783,0.2135,21.4,Chicago,medium
41.72,-87.56,2,193,violent,0.010362694300518135,1.040811425133755,property,0.7612,False,0.0038,0.7612,0.235,23.5,Chicago,medium
41.72,-87.56,3,177,property,0.096045197740113,0.9623456719100792,property,0.7804,True,0.0035,0.7804,0.2161,21.6,Chicago,medium
41.72,-87.55,0,103,property,0.3106796116504854,0.9037085870311656,property,0.7835,True,0.0034,0.7835,0.213,21.3,Chicago,medium
41.72,-87.55,1,104,property,0.27884615384615385,0.9594737485948799,property,0.7833,True,0.0034,0.7833,0.2133,21.3,Chicago,medium
41.72,-87.55,2,145,property,0.08275862068965517,0.986722627331315,property,0.7763,True,0.0036,0.7763,0.2201,22.0,Chicago,medium
41.72,-87.55,3,159,property,0.14465408805031446,0.9559961575143374,property,0.7773,True,0.0035,0.7773,0.2191,21.9,Chicago,medium
41.72,-87.54,0,139,property,0.050359712230215826,0.9485838268084245,property,0.7798,True,0.0035,0.7798,0.2167,21.7,Chicago,medium
41.72,-87.54,1,150,property,0.08666666666666667,1.0108689195869562,property,0.7832,True,0.0034,0.7832,0.2134,21.3,Chicago,medium
41.72,-87.54,2,183,property,0.02185792349726776,1.0303729904483265,property,0.7442,True,0.0041,0.7442,0.2517,25.2,Chicago,medium
41.72,-87.54,3,245,property,0.04897959183673469,0.9733993160893152,property,0.7414,True,0.0041,0.7414,0.2545,25.5,Chicago,medium
41.72,-87.53,0,51,property,0.0784313725490196,0.9425304096641806,property,0.7823,True,0.0035,0.7823,0.2143,21.4,Chicago,medium
41.72,-87.53,1,54,violent,0.018518518518518517,0.9887797884511571,property,0.7825,False,0.0035,0.7825,0.214,21.4,Chicago,medium
41.72,-87.53,2,83,violent,0.07228915662650602,0.8762382546099481,property,0.7785,False,0.0035,0.7785,0.218,21.8,Chicago,medium
41.72,-87.53,3,75,violent,0.13333333333333333,0.966754492862519,property,0.7822,False,0.0035,0.7822,0.2143,21.4,Chicago,medium
41.730000000000004,-87.74,0,11,violent,0.09090909090909091,0.6890092595109152,property,0.7744,False,0.0037,0.7744,0.222,22.2,Chicago,medium
41.730000000000004,-87.74,1,10,violent,0.3,0.8979457248567798,property,0.7836,False,0.0035,0.7836,0.2128,21.3,Chicago,medium
41.730000000000004,-87.74,2,9,violent,0.2222222222222222,0.9368883075390159,property,0.7661,False,0.0038,0.7661,0.2302,23.0,Chicago,medium
41.730000000000004,-87.74,3,15,violent,0.13333333333333333,0.8823109245150755,property,0.6661,False,0.0055,0.6661,0.3284,32.8,Chicago,medium
41.730000000000004,-87.73,1,3,property,0.3333333333333333,0.6365141893815645,property,0.7835,True,0.0035,0.7835,0.2129,21.3,Chicago,medium
41.730000000000004,-87.73,2,4,property,0.25,1.0397207708399179,property,0.772,True,0.0037,0.772,0.2243,22.4,Chicago,medium
41.730000000000004,-87.73,3,8,property,0.375,0.9002560512685369,property,0.7832,True,0.0035,0.7832,0.2133,21.3,Chicago,medium
41.730000000000004,-87.72,0,6,violent,0.0,0.6931472015900639,property,0.6932,False,0.0056,0.6932,0.3012,30.1,Chicago,medium
41.730000000000004,-87.72,2,9,property,0.5555555555555556,0.5297062202512142,property,0.7802,True,0.0035,0.7802,0.2162,21.6,Chicago,medium
41.730000000000004,-87.72,3,9,violent,0.0,0.9649629230074277,property,0.7586,False,0.0039,0.7586,0.2374,23.7,Chicago,medium
41.730000000000004,-87.68,0,39,property,0.6923076923076923,0.5779967022096044,property,0.7843,True,0.0034,0.7843,0.2123,21.2,Chicago,medium
41.730000000000004,-87.68,1,32,property,0.09375,0.9344359631484513,property,0.784,True,0.0034,0.784,0.2125,21.3,Chicago,medium
41.730000000000004,-87.68,2,56,property,0.42857142857142855,0.7982042955798663,property,0.7839,True,0.0034,0.7839,0.2127,21.3,Chicago,medium
41.730000000000004,-87.68,3,41,property,0.5365853658536586,0.738760099648023,property,0.7842,True,0.0034,0.7842,0.2124,21.2,Chicago,medium
41.730000000000004,-87.67,0,129,property,0.3953488372093023,0.9062232987766864,property,0.7839,True,0.0034,0.7839,0.2127,21.3,Chicago,medium
41.730000000000004,-87.67,1,128,property,0.2734375,0.9655594518793464,property,0.7847,True,0.0034,0.7847,0.2119,21.2,Chicago,medium
41.730000000000004,-87.67,2,159,property,0.1509433962264151,1.0277088061786976,property,0.7834,True,0.0035,0.7834,0.2132,21.3,Chicago,medium
41.730000000000004,-87.67,3,145,property,0.35172413793103446,0.8520448898630273,property,0.7838,True,0.0034,0.7838,0.2128,21.3,Chicago,medium
41.730000000000004,-87.66,0,498,property,0.29116465863453816,0.8986171874655033,property,0.7785,True,0.0035,0.7785,0.218,21.8,Chicago,medium
41.730000000000004,-87.66,1,469,property,0.17484008528784648,0.9718120434366155,property,0.784,True,0.0034,0.784,0.2126,21.3,Chicago,medium
41.730000000000004,-87.66,2,695,property,0.16115107913669063,0.9498354539267985,property,0.7766,True,0.0036,0.7766,0.2199,22.0,Chicago,medium
41.730000000000004,-87.66,3,693,property,0.10533910533910534,0.9309533016754227,property,0.7528,True,0.0039,0.7528,0.2433,24.3,Chicago,medium
41.730000000000004,-87.65,0,230,property,0.23478260869565218,0.9242162465347712,property,0.7793,True,0.0035,0.7793,0.2172,21.7,Chicago,medium
41.730000000000004,-87.65,1,232,property,0.2629310344827586,0.9713946722406184,property,0.7835,True,0.0034,0.7835,0.2131,21.3,Chicago,medium
41.730000000000004,-87.65,2,351,property,0.1225071225071225,0.9678980720467506,property,0.7577,True,0.0039,0.7577,0.2384,23.8,Chicago,medium
41.730000000000004,-87.65,3,322,property,0.07763975155279502,0.8732648639528025,property,0.7271,True,0.0043,0.7271,0.2686,26.9,Chicago,medium
41.730000000000004,-87.64,0,323,property,0.29411764705882354,0.8694536996972475,property,0.7836,True,0.0034,0.7836,0.213,21.3,Chicago,medium
41.730000000000004,-87.64,1,290,property,0.1482758620689655,0.997104286494995,property,0.7837,True,0.0034,0.7837,0.2129,21.3,Chicago,medium
41.730000000000004,-87.64,2,383,property,0.08616187989556136,1.0035297199955795,property,0.7737,True,0.0036,0.7737,0.2227,22.3,Chicago,medium
41.730000000000004,-87.64,3,459,property,0.06318082788671024,0.9772045845861319,property,0.7567,True,0.0039,0.7567,0.2394,23.9,Chicago,medium
41.730000000000004,-87.63,0,309,property,0.07119741100323625,0.915283843454061,property,0.682,True,0.005,0.682,0.3129,31.3,Chicago,medium
41.730000000000004,-87.63,1,231,property,0.05194805194805195,0.9332848590015106,property,0.7835,True,0.0034,0.7835,0.2131,21.3,Chicago,medium
41.730000000000004,-87.63,2,335,property,0.0029850746268656717,0.983735663186879,property,0.7759,True,0.0036,0.7759,0.2205,22.1,Chicago,medium
41.730000000000004,-87.63,3,352,property,0.16761363636363635,0.923703863285904,property,0.7474,True,0.004,0.7474,0.2486,24.9,Chicago,medium
41.730000000000004,-87.62,0,233,property,0.33905579399141633,0.8478332782413209,property,0.7838,True,0.0034,0.7838,0.2128,21.3,Chicago,medium
41.730000000000004,-87.62,1,200,property,0.095,1.0116427596098208,property,0.7839,True,0.0034,0.7839,0.2127,21.3,Chicago,medium
41.730000000000004,-87.62,2,283,property,0.31095406360424027,0.9252162917570628,property,0.7835,True,0.0034,0.7835,0.213,21.3,Chicago,medium
41.730000000000004,-87.62,3,279,property,0.15412186379928317,0.9465538104703467,property,0.7839,True,0.0034,0.7839,0.2127,21.3,Chicago,medium
41.730000000000004,-87.61,0,331,property,0.2537764350453172,0.951762746251763,property,0.7614,True,0.0038,0.7614,0.2348,23.5,Chicago,medium
41.730000000000004,-87.61,1,299,property,0.1806020066889632,0.9930605251961299,property,0.7837,True,0.0034,0.7837,0.2129,21.3,Chicago,medium
41.730000000000004,-87.61,2,404,property,0.09405940594059406,0.9498401166117565,property,0.7237,True,0.0044,0.7237,0.2719,27.2,Chicago,medium
41.730000000000004,-87.61,3,438,property,0.136986301369863,0.9176703957178112,property,0.7565,True,0.0039,0.7565,0.2396,24.0,Chicago,medium
41.730000000000004,-87.60000000000001,0,446,violent,0.03139013452914798,0.9718531990583001,violent,0.5359,True,0.0082,0.4559,0.5359,53.6,Chicago,uncertain
41.730000000000004,-87.60000000000001,1,464,property,0.03017241379310345,0.9880667799980178,property,0.7807,True,0.0035,0.7807,0.2158,21.6,Chicago,medium
41.730000000000004,-87.60000000000001,2,541,violent,0.025878003696857672,0.994892006862454,property,0.5742,False,0.0066,0.5742,0.4192,41.9,Chicago,medium
41.730000000000004,-87.60000000000001,3,642,violent,0.03894080996884735,0.9676721877074914,violent,0.5488,True,0.0083,0.4428,0.5488,54.9,Chicago,uncertain
41.730000000000004,-87.59,0,308,property,0.17857142857142858,0.9414030525867062,property,0.7767,True,0.0036,0.7767,0.2198,22.0,Chicago,medium
41.730000000000004,-87.59,1,292,property,0.1780821917808219,0.9352046596104427,property,0.7839,True,0.0034,0.7839,0.2127,21.3,Chicago,medium
41.730000000000004,-87.59,2,438,property,0.18949771689497716,0.9118879049231019,property,0.7839,True,0.0034,0.7839,0.2127,21.3,Chicago,medium
41.730000000000004,-87.59,3,419,property,0.1718377088305489,0.9063541593382004,property,0.7806,True,0.0035,0.7806,0.2159,21.6,Chicago,medium
41.730000000000004,-87.58,0,220,property,0.2909090909090909,0.8569610932036626,property,0.784,True,0.0034,0.784,0.2126,21.3,Chicago,medium
41.730000000000004,-87.58,1,205,property,0.14146341463414633,0.9855483744083264,property,0.7838,True,0.0034,0.7838,0.2128,21.3,Chicago,medium
41.730000000000004,-87.58,2,307,property,0.04560260586319218,0.9924571476651599,property,0.7819,True,0.0035,0.7819,0.2147,21.5,Chicago,medium
41.730000000000004,-87.58,3,268,property,0.1417910447761194,0.9912995415409422,property,0.7838,True,0.0034,0.7838,0.2128,21.3,Chicago,medium
41.730000000000004,-87.57000000000001,0,269,property,0.21933085501858737,0.9169258240772153,property,0.7833,True,0.0034,0.7833,0.2132,21.3,Chicago,medium
41.730000000000004,-87.57000000000001,1,235,property,0.22127659574468084,0.990025007189025,property,0.7834,True,0.0035,0.7834,0.2131,21.3,Chicago,medium
41.730000000000004,-87.57000000000001,2,390,property,0.17692307692307693,0.9529836345152561,property,0.783,True,0.0034,0.783,0.2135,21.4,Chicago,medium
41.730000000000004,-87.57000000000001,3,420,property,0.19047619047619047,0.9355343212509736,property,0.7821,True,0.0034,0.7821,0.2145,21.4,Chicago,medium
41.730000000000004,-87.56,0,255,property,0.1568627450980392,0.9648399913978293,property,0.7771,True,0.0035,0.7771,0.2193,21.9,Chicago,medium
41.730000000000004,-87.56,1,270,property,0.003703703703703704,0.9797507334590625,violent,0.5127,False,0.0079,0.4794,0.5127,51.3,Chicago,uncertain
41.730000000000004,-87.56,2,428,violent,0.056074766355140186,0.9580942768213381,violent,0.5504,True,0.0084,0.4412,0.5504,55.0,Chicago,medium
41.730000000000004,-87.56,3,382,property,0.193717277486911,0.9109292189760708,property,0.69,True,0.0049,0.69,0.3051,30.5,Chicago,medium
41.730000000000004,-87.55,0,496,property,0.004032258064516129,0.9376905846088712,property,0.7183,True,0.0045,0.7183,0.2773,27.7,Chicago,medium
41.730000000000004,-87.55,1,698,property,0.05157593123209169,0.9435250936794716,property,0.7833,True,0.0034,0.7833,0.2133,21.3,Chicago,medium
41.730000000000004,-87.55,2,928,violent,0.0010775862068965517,0.9288552260153027,property,0.7762,False,0.0036,0.7762,0.2202,22.0,Chicago,medium
41.730000000000004,-87.55,3,816,violent,0.013480392156862746,0.9157650332084091,property,0.536,False,0.0071,0.536,0.4569,45.7,Chicago,uncertain
41.730000000000004,-87.54,0,49,property,0.10204081632653061,0.9136219606154348,violent,0.5512,False,0.0084,0.4404,0.5512,55.1,Chicago,medium
41.730000000000004,-87.54,1,53,violent,0.18867924528301888,1.0094005281351683,violent,0.5465,True,0.0084,0.4451,0.5465,54.7,Chicago,uncertain
41.730000000000004,-87.54,2,103,violent,0.10679611650485436,0.9061549326995133,violent,0.5575,True,0.0085,0.434,0.5575,55.7,Chicago,medium
41.730000000000004,-87.54,3,63,property,0.031746031746031744,1.0346214088581362,violent,0.5436,False,0.0083,0.4481,0.5436,54.4,Chicago,uncertain
41.74,-87.74,0,72,property,0.25,0.887694275799104,property,0.7842,True,0.0034,0.7842,0.2124,21.2,Chicago,medium
41.74,-87.74,1,59,property,0.1694915254237288,0.9587248070477769,property,0.7841,True,0.0034,0.7841,0.2125,21.2,Chicago,medium
41.74,-87.74,2,96,property,0.052083333333333336,1.01663327416618,property,0.784,True,0.0034,0.784,0.2126,21.3,Chicago,medium
41.74,-87.74,3,103,property,0.17475728155339806,0.912175687775296,property,0.7839,True,0.0035,0.7839,0.2127,21.3,Chicago,medium
41.74,-87.73,0,107,property,0.4766355140186916,0.7442476540989669,property,0.7846,True,0.0034,0.7846,0.2119,21.2,Chicago,medium
41.74,-87.73,1,88,property,0.13636363636363635,1.0462603889484867,property,0.7845,True,0.0034,0.7845,0.2121,21.2,Chicago,medium
41.74,-87.73,2,102,property,0.1568627450980392,1.0492460349798303,property,0.7841,True,0.0034,0.7841,0.2125,21.2,Chicago,medium
41.74,-87.73,3,134,property,0.1865671641791045,0.9655084390748858,property,0.7842,True,0.0034,0.7842,0.2124,21.2,Chicago,medium
41.74,-87.72,0,165,property,0.5151515151515151,0.8296961638371674,property,0.7839,True,0.0034,0.7839,0.2127,21.3,Chicago,medium
41.74,-87.72,1,158,property,0.0379746835443038,1.0557505039341732,property,0.7841,True,0.0034,0.7841,0.2125,21.2,Chicago,medium
41.74,-87.72,2,207,property,0.10628019323671498,0.9945937393996442,property,0.7832,True,0.0034,0.7832,0.2134,21.3,Chicago,medium
41.74,-87.72,3,250,property,0.168,0.9390002813219058,property,0.7839,True,0.0034,0.7839,0.2127,21.3,Chicago,medium
41.74,-87.71000000000001,0,105,property,0.4,0.9071864652182098,property,0.7834,True,0.0034,0.7834,0.2132,21.3,Chicago,medium
41.74,-87.71000000000001,1,113,property,0.415929203539823,0.9271605675538858,property,0.7839,True,0.0034,0.7839,0.2127,21.3,Chicago,medium
41.74,-87.71000000000001,2,143,property,0.08391608391608392,1.0524098463353275,property,0.7805,True,0.0035,0.7805,0.216,21.6,Chicago,medium
41.74,-87.71000000000001,3,159,property,0.1949685534591195,1.0230095680617668,property,0.7814,True,0.0035,0.7814,0.2151,21.5,Chicago,medium
41.74,-87.7,0,112,property,0.6071428571428571,0.6539550878800992,property,0.7841,True,0.0034,0.7841,0.2125,21.2,Chicago,medium
41.74,-87.7,1,136,property,0.25,0.9557096690316873,property,0.7846,True,0.0034,0.7846,0.212,21.2,Chicago,medium
41.74,-87.7,2,223,property,0.004484304932735426,0.9468707635064897,property,0.7842,True,0.0034,0.7842,0.2124,21.2,Chicago,medium
41.74,-87.7,3,162,property,0.15432098765432098,0.9038884349685294,property,0.7838,True,0.0034,0.7838,0.2128,21.3,Chicago,medium
41.74,-87.69,0,102,property,0.28431372549019607,0.9940744734073338,property,0.7842,True,0.0034,0.7842,0.2124,21.2,Chicago,medium
41.74,-87.69,1,93,property,0.2903225806451613,0.9389262276259043,property,0.7844,True,0.0034,0.7844,0.2122,21.2,Chicago,medium
41.74,-87.69,2,131,property,0.19083969465648856,0.9929624041333787,property,0.784,True,0.0034,0.784,0.2126,21.3,Chicago,medium
41.74,-87.69,3,130,property,0.33076923076923076,0.8632613458490264,property,0.7841,True,0.0034,0.7841,0.2125,21.3,Chicago,medium
41.74,-87.68,0,50,property,0.38,0.9482671924946917,property,0.784,True,0.0034,0.784,0.2125,21.3,Chicago,medium
41.74,-87.68,1,46,property,0.06521739130434782,1.0116189208867028,property,0.7838,True,0.0034,0.7838,0.2128,21.3,Chicago,medium
41.74,-87.68,2,75,property,0.16,0.9932796860837336,property,0.7837,True,0.0034,0.7837,0.2129,21.3,Chicago,medium
41.74,-87.68,3,63,property,0.2857142857142857,0.8702758517430726,property,0.7612,True,0.0038,0.7612,0.2349,23.5,Chicago,medium
41.74,-87.67,0,334,property,0.20958083832335328,0.9792688582312343,property,0.7813,True,0.0035,0.7813,0.2152,21.5,Chicago,medium
41.74,-87.67,1,267,property,0.1760299625468165,1.000762421193639,property,0.7838,True,0.0034,0.7838,0.2128,21.3,Chicago,medium
41.74,-87.67,2,417,property,0.06954436450839328,1.0219482835837896,property,0.7804,True,0.0035,0.7804,0.2161,21.6,Chicago,medium
41.74,-87.67,3,359,property,0.23119777158774374,0.9022328005483841,property,0.7821,True,0.0034,0.7821,0.2145,21.4,Chicago,medium
41.74,-87.66,0,500,property,0.172,0.9599767246988999,property,0.7715,True,0.0036,0.7715,0.2249,22.5,Chicago,medium
41.74,-87.66,1,490,property,0.08979591836734693,0.9805569231696238,property,0.7835,True,0.0034,0.7835,0.213,21.3,Chicago,medium
41.74,-87.66,2,719,property,0.10570236439499305,0.9855219836993591,property,0.777,True,0.0035,0.777,0.2195,21.9,Chicago,medium
41.74,-87.66,3,713,property,0.06451612903225806,0.9698104619532633,property,0.5588,True,0.0067,0.5588,0.4344,43.4,Chicago,medium
41.74,-87.65,0,590,property,0.16271186440677965,0.898446369936995,property,0.754,True,0.0039,0.754,0.2421,24.2,Chicago,medium
41.74,-87.65,1,599,property,0.08681135225375626,0.9706937195376611,property,0.7833,True,0.0034,0.7833,0.2133,21.3,Chicago,medium
41.74,-87.65,2,842,property,0.028503562945368172,0.9551380446469976,property,0.7244,True,0.0043,0.7244,0.2712,27.1,Chicago,medium
41.74,-87.65,3,816,property,0.01715686274509804,0.9457815933575082,property,0.5623,True,0.0067,0.5623,0.431,43.1,Chicago,medium
41.74,-87.64,0,391,property,0.10741687979539642,0.9261616937142971,property,0.6963,True,0.0048,0.6963,0.2989,29.9,Chicago,medium
41.74,-87.64,1,312,property,0.11538461538461539,0.935662273342531,property,0.7836,True,0.0034,0.7836,0.213,21.3,Chicago,medium
41.74,-87.64,2,471,violent,0.027600849256900213,0.9635510384506074,property,0.5121,False,0.0074,0.5121,0.4805,48.0,Chicago,uncertain
41.74,-87.64,3,483,violent,0.006211180124223602,0.9600968476501087,property,0.5056,False,0.0075,0.5056,0.4869,48.7,Chicago,uncertain
41.74,-87.63,0,293,property,0.21843003412969283,0.8488589396539981,property,0.7832,True,0.0034,0.7832,0.2134,21.3,Chicago,medium
41.74,-87.63,1,561,property,0.2798573975044563,0.8512792833710865,property,0.784,True,0.0035,0.784,0.2126,21.3,Chicago,medium
41.74,-87.63,2,1049,property,0.27454718779790277,0.8179164695625758,property,0.7837,True,0.0035,0.7837,0.2128,21.3,Chicago,medium
41.74,-87.63,3,572,property,0.2395104895104895,0.8356115182748055,property,0.7836,True,0.0035,0.7836,0.213,21.3,Chicago,medium
41.74,-87.62,0,316,property,0.2468354430379747,0.8644068091123738,property,0.7839,True,0.0034,0.7839,0.2127,21.3,Chicago,medium
41.74,-87.62,1,334,property,0.09880239520958084,0.8791519025407416,property,0.7841,True,0.0034,0.7841,0.2125,21.2,Chicago,medium
41.74,-87.62,2,495,property,0.03838383838383838,0.8871153612828617,property,0.7839,True,0.0034,0.7839,0.2127,21.3,Chicago,medium
41.74,-87.62,3,430,property,0.2069767441860465,0.9316515296044,property,0.7839,True,0.0034,0.7839,0.2127,21.3,Chicago,medium
41.74,-87.61,0,458,property,0.24890829694323144,0.9014984784082811,property,0.7809,True,0.0035,0.7809,0.2157,21.6,Chicago,medium
41.74,-87.61,1,435,property,0.16551724137931034,0.9386700050583036,property,0.7835,True,0.0034,0.7835,0.2131,21.3,Chicago,medium
41.74,-87.61,2,604,property,0.041390728476821195,0.9286824758153334,property,0.7557,True,0.0039,0.7557,0.2404,24.0,Chicago,medium
41.74,-87.61,3,556,property,0.1474820143884892,0.9211821573810745,property,0.7717,True,0.0036,0.7717,0.2247,22.5,Chicago,medium
41.74,-87.60000000000001,0,533,property,0.14446529080675422,0.9094626874001908,property,0.7626,True,0.0038,0.7626,0.2336,23.4,Chicago,medium
41.74,-87.60000000000001,1,604,property,0.24503311258278146,0.8936216278843376,property,0.7835,True,0.0034,0.7835,0.2131,21.3,Chicago,medium
41.74,-87.60000000000001,2,821,property,0.14859926918392205,0.8852637538844628,property,0.7835,True,0.0034,0.7835,0.2131,21.3,Chicago,medium
41.74,-87.60000000000001,3,704,property,0.10795454545454546,0.937257116068997,property,0.781,True,0.0035,0.781,0.2155,21.6,Chicago,medium
41.74,-87.59,0,285,property,0.3929824561403509,0.8064977980470069,property,0.7836,True,0.0034,0.7836,0.213,21.3,Chicago,medium
41.74,-87.59,1,271,property,0.17712177121771217,0.8815030951468729,property,0.7839,True,0.0034,0.7839,0.2126,21.3,Chicago,medium
41.74,-87.59,2,443,property,0.09932279909706546,0.8929093047162295,property,0.7834,True,0.0034,0.7834,0.2132,21.3,Chicago,medium
41.74,-87.59,3,397,property,0.24433249370277077,0.8572535657735536,property,0.7812,True,0.0035,0.7812,0.2153,21.5,Chicago,medium
41.74,-87.58,0,277,property,0.37184115523465705,0.825750733212424,property,0.7825,True,0.0034,0.7825,0.2141,21.4,Chicago,medium
41.74,-87.58,1,305,property,0.23934426229508196,0.9785438094961416,property,0.7836,True,0.0034,0.7836,0.2129,21.3,Chicago,medium
41.74,-87.58,2,435,violent,0.02528735632183908,1.0035083162352492,property,0.7581,False,0.0038,0.7581,0.2381,23.8,Chicago,medium
41.74,-87.58,3,415,property,0.1614457831325301,0.9361407223066895,property,0.7797,True,0.0035,0.7797,0.2168,21.7,Chicago,medium
41.74,-87.57000000000001,0,190,property,0.2578947368421053,0.9398596053908882,property,0.7813,True,0.0035,0.7813,0.2152,21.5,Chicago,medium
41.74,-87.57000000000001,1,195,violent,0.020512820512820513,0.9739707496237933,property,0.7712,False,0.0037,0.7712,0.2251,22.5,Chicago,medium
41.74,-87.57000000000001,2,332,violent,0.0572289156626506,0.9550775168816801,violent,0.5521,True,0.0084,0.4395,0.5521,55.2,Chicago,medium
41.74,-87.57000000000001,3,212,property,0.17452830188679244,0.8832030946636108,property,0.7794,True,0.0035,0.7794,0.2171,21.7,Chicago,medium
41.74,-87.56,0,512,property,0.146484375,0.924328960723366,property,0.7494,True,0.004,0.7494,0.2466,24.7,Chicago,medium
41.74,-87.56,1,505,property,0.10693069306930693,0.9764152616122552,property,0.7789,True,0.0035,0.7789,0.2176,21.8,Chicago,medium
41.74,-87.56,2,729,property,0.09053497942386832,1.000731691171182,property,0.5334,True,0.0072,0.5334,0.4594,45.9,Chicago,uncertain
41.74,-87.56,3,731,property,0.036935704514363885,0.9730377117513631,property,0.569,True,0.0066,0.569,0.4244,42.4,Chicago,medium
41.74,-87.55,0,485,violent,0.008247422680412371,0.9941707809342725,violent,0.5328,True,0.0081,0.459,0.5328,53.3,Chicago,uncertain
41.74,-87.55,1,528,property,0.011363636363636364,1.0011648943786622,property,0.7781,True,0.0035,0.7781,0.2184,21.8,Chicago,medium
41.74,-87.55,2,786,violent,0.05216284987277354,1.0242002604099143,violent,0.5269,True,0.0081,0.465,0.5269,52.7,Chicago,uncertain
41.74,-87.55,3,752,violent,0.125,0.9569563120494108,violent,0.5522,True,0.0084,0.4394,0.5522,55.2,Chicago,medium
41.74,-87.54,0,95,property,0.08421052631578947,0.9013063891634523,violent,0.5514,False,0.0084,0.4402,0.5514,55.1,Chicago,medium
41.74,-87.54,1,107,violent,0.102803738317757,1.0232330764002755,violent,0.5308,True,0.0081,0.4611,0.5308,53.1,Chicago,uncertain
41.74,-87.54,2,161,violent,0.018633540372670808,0.9657217700191297,violent,0.5536,True,0.0084,0.4379,0.5536,55.4,Chicago,medium
41.74,-87.54,3,153,property,0.0784313725490196,0.9216235890801469,violent,0.5516,False,0.0084,0.44,0.5516,55.2,Chicago,medium
41.74,-87.53,1,3,violent,1.0,4.3446531758480495e-08,property,0.7834,False,0.0035,0.7834,0.2131,21.3,Chicago,medium
41.75,-87.74,0,120,property,0.35,0.8790314274397699,property,0.7838,True,0.0034,0.7838,0.2127,21.3,Chicago,medium
41.75,-87.74,1,212,property,0.4858490566037736,0.6875524110681129,property,0.7847,True,0.0035,0.7847,0.2118,21.2,Chicago,medium
41.75,-87.74,2,657,property,0.6377473363774734,0.5799908640995838,property,0.7845,True,0.0035,0.7845,0.212,21.2,Chicago,medium
41.75,-87.74,3,396,property,0.5025252525252525,0.6502644507206242,property,0.7844,True,0.0035,0.7844,0.2122,21.2,Chicago,medium
41.75,-87.73,0,104,property,0.3557692307692308,0.8564696179935091,property,0.7838,True,0.0034,0.7838,0.2128,21.3,Chicago,medium
41.75,-87.73,1,108,property,0.09259259259259259,1.0048999163866852,property,0.7839,True,0.0034,0.7839,0.2127,21.3,Chicago,medium
41.75,-87.73,2,169,property,0.04142011834319527,1.002310699495128,property,0.739,True,0.0043,0.739,0.2567,25.7,Chicago,medium
41.75,-87.73,3,163,property,0.2883435582822086,0.9463294597783202,property,0.7797,True,0.0035,0.7797,0.2168,21.7,Chicago,medium
41.75,-87.72,0,168,property,0.3273809523809524,0.8719604012207791,property,0.7842,True,0.0034,0.7842,0.2124,21.2,Chicago,medium
41.75,-87.72,1,141,property,0.03546099290780142,1.0531458904504096,property,0.7633,True,0.0038,0.7633,0.2329,23.3,Chicago,medium
41.75,-87.72,2,238,violent,0.04201680672268908,0.9936970000213778,violent,0.5352,True,0.0082,0.4566,0.5352,53.5,Chicago,uncertain
41.75,-87.72,3,205,property,0.3024390243902439,0.8539329516874892,property,0.7826,True,0.0034,0.7826,0.2139,21.4,Chicago,medium
41.75,-87.71000000000001,0,202,property,0.3217821782178218,0.8658690947028417,property,0.7841,True,0.0034,0.7841,0.2125,21.2,Chicago,medium
41.75,-87.71000000000001,1,172,violent,0.0,0.9557925779320677,property,0.7842,False,0.0034,0.7842,0.2124,21.2,Chicago,medium
41.75,-87.71000000000001,2,287,violent,0.013937282229965157,1.018666245617657,property,0.7483,False,0.004,0.7483,0.2477,24.8,Chicago,medium
41.75,-87.71000000000001,3,252,property,0.09126984126984126,0.9656700661652954,property,0.783,True,0.0034,0.783,0.2135,21.4,Chicago,medium
41.75,-87.7,0,201,property,0.3333333333333333,0.8987213042488338,property,0.784,True,0.0034,0.784,0.2126,21.3,Chicago,medium
41.75,-87.7,1,162,property,0.3148148148148148,0.9562802233193682,property,0.7842,True,0.0034,0.7842,0.2124,21.2,Chicago,medium
41.75,-87.7,2,278,property,0.017985611510791366,0.9750204812265111,property,0.7827,True,0.0035,0.7827,0.2138,21.4,Chicago,medium
41.75,-87.7,3,266,property,0.17293233082706766,0.9047512268712079,property,0.7836,True,0.0034,0.7836,0.213,21.3,Chicago,medium
41.75,-87.69,0,141,property,0.3191489361702128,0.8440570848544391,property,0.784,True,0.0034,0.784,0.2126,21.3,Chicago,medium
41.75,-87.69,1,127,property,0.10236220472440945,0.9578450341067213,property,0.7841,True,0.0034,0.7841,0.2125,21.2,Chicago,medium
41.75,-87.69,2,203,property,0.08374384236453201,0.9705927457091063,property,0.7836,True,0.0034,0.7836,0.213,21.3,Chicago,medium
41.75,-87.69,3,192,property,0.3229166666666667,0.8268482626262237,property,0.7837,True,0.0034,0.7837,0.2129,21.3,Chicago,medium
41.75,-87.68,0,174,property,0.3563218390804598,0.8042059790227154,property,0.7836,True,0.0034,0.7836,0.213,21.3,Chicago,medium
41.75,-87.68,1,198,property,0.21212121212121213,0.9394071385932508,property,0.7836,True,0.0034,0.7836,0.2129,21.3,Chicago,medium
41.75,-87.68,2,324,property,0.1419753086419753,0.9263096581274105,property,0.7822,True,0.0034,0.7822,0.2144,21.4,Chicago,medium
41.75,-87.68,3,265,property,0.052830188679245285,0.9265114717784716,property,0.7785,True,0.0035,0.7785,0.218,21.8,Chicago,medium
41.75,-87.67,0,573,property,0.11518324607329843,0.9354296167397644,property,0.6519,True,0.0054,0.6519,0.3427,34.3,Chicago,medium
41.75,-87.67,1,602,property,0.06976744186046512,0.9601686662633936,property,0.7827,True,0.0034,0.7827,0.2139,21.4,Chicago,medium
41.75,-87.67,2,909,violent,0.07700770077007701,0.9390758127269863,property,0.546,False,0.0069,0.546,0.4471,44.7,Chicago,uncertain
41.75,-87.67,3,816,property,0.056372549019607844,0.9326624700106616,property,0.5541,True,0.0068,0.5541,0.4391,43.9,Chicago,medium
41.75,-87.66,0,909,property,0.0033003300330033004,0.9300447037093792,violent,0.5621,False,0.0085,0.4294,0.5621,56.2,Chicago,medium
41.75,-87.66,1,953,property,0.015739769150052464,0.9620561815951688,property,0.7791,True,0.0035,0.7791,0.2174,21.7,Chicago,medium
41.75,-87.66,2,1205,violent,0.015767634854771784,0.9530990779255203,property,0.693,False,0.0048,0.693,0.3022,30.2,Chicago,medium
41.75,-87.66,3,1151,property,0.010425716768027803,0.9266816445930164,violent,0.5603,False,0.0085,0.4312,0.5603,56.0,Chicago,medium
41.75,-87.65,0,734,property,0.11307901907356949,0.9194267738077866,property,0.503,True,0.0075,0.503,0.4894,48.9,Chicago,uncertain
41.75,-87.65,1,768,property,0.1484375,0.9859880184340779,property,0.7718,True,0.0036,0.7718,0.2246,22.5,Chicago,medium
41.75,-87.65,2,1076,property,0.0604089219330855,0.9794350014081021,violent,0.5589,False,0.0085,0.4326,0.5589,55.9,Chicago,medium
41.75,-87.65,3,975,violent,0.010256410256410256,0.9629985521798539,violent,0.5441,True,0.0083,0.4476,0.5441,54.4,Chicago,uncertain
41.75,-87.64,0,507,property,0.09664694280078895,0.9842586411328329,violent,0.5681,False,0.0086,0.4233,0.5681,56.8,Chicago,medium
41.75,-87.64,1,514,violent,0.03501945525291829,0.9960201732954432,property,0.7795,False,0.0035,0.7795,0.217,21.7,Chicago,medium
41.75,-87.64,2,787,violent,0.11944091486658195,0.972909995442435,violent,0.5002,True,0.0077,0.4921,0.5002,50.0,Chicago,uncertain
41.75,-87.64,3,653,violent,0.06584992343032159,0.9995373493133337,violent,0.5572,True,0.0084,0.4344,0.5572,55.7,Chicago,medium
41.75,-87.63,0,494,property,0.01417004048582996,0.8920222692316991,violent,0.5377,False,0.0082,0.4541,0.5377,53.8,Chicago,uncertain
41.75,-87.63,1,478,property,0.05230125523012552,0.974359478559042,property,0.7838,True,0.0034,0.7838,0.2128,21.3,Chicago,medium
41.75,-87.63,2,713,violent,0.030855539971949508,0.9346560356405489,property,0.739,False,0.0041,0.739,0.2569,25.7,Chicago,medium
41.75,-87.63,3,597,violent,0.04522613065326633,0.9274333625703369,property,0.5467,False,0.0069,0.5467,0.4464,44.6,Chicago,uncertain
41.75,-87.62,0,483,property,0.19875776397515527,0.9164148482809664,property,0.7836,True,0.0034,0.7836,0.213,21.3,Chicago,medium
41.75,-87.62,1,449,property,0.2071269487750557,0.9468830790154695,property,0.7837,True,0.0034,0.7837,0.2129,21.3,Chicago,medium
41.75,-87.62,2,653,property,0.11026033690658499,0.946002918986885,property,0.7796,True,0.0035,0.7796,0.2169,21.7,Chicago,medium
41.75,-87.62,3,653,property,0.11179173047473201,0.9650456619382924,property,0.7825,True,0.0034,0.7825,0.214,21.4,Chicago,medium
41.75,-87.61,0,1196,property,0.09113712374581939,0.927864168457176,property,0.6574,True,0.0053,0.6574,0.3373,33.7,Chicago,medium
41.75,-87.61,1,1263,property,0.09897070467141726,0.963405774929479,property,0.7813,True,0.0035,0.7813,0.2152,21.5,Chicago,medium
41.75,-87.61,2,1649,property,0.049120679199514856,0.9485741656251737,property,0.6557,True,0.0054,0.6557,0.3389,33.9,Chicago,medium
41.75,-87.61,3,1544,property,0.02266839378238342,0.9433019894138714,property,0.4979,True,0.0076,0.4979,0.4945,49.5,Chicago,uncertain
41.75,-87.60000000000001,0,1361,violent,0.03085966201322557,0.9702194829047885,violent,0.5639,True,0.0085,0.4276,0.5639,56.4,Chicago,medium
41.75,-87.60000000000001,1,1385,violent,0.002888086642599278,0.9738624124873398,property,0.7396,False,0.0041,0.7396,0.2563,25.6,Chicago,medium
41.75,-87.60000000000001,2,1784,violent,0.02466367713004484,0.9764905859098171,violent,0.5505,True,0.0084,0.4412,0.5505,55.0,Chicago,medium
41.75,-87.60000000000001,3,1818,violent,0.02145214521452145,0.9624030582129046,violent,0.5559,True,0.0084,0.4357,0.5559,55.6,Chicago,medium
41.75,-87.59,0,349,property,0.09742120343839542,0.9166281862071772,property,0.7481,True,0.004,0.7481,0.2479,24.8,Chicago,medium
41.75,-87.59,1,345,property,0.13333333333333333,0.9796863942255011,property,0.7834,True,0.0034,0.7834,0.2132,21.3,Chicago,medium
41.75,-87.59,2,474,property,0.03164556962025317,0.9406018765025833,property,0.7812,True,0.0035,0.7812,0.2153,21.5,Chicago,medium
41.75,-87.59,3,421,property,0.13064133016627077,0.9318100674494096,property,0.7771,True,0.0035,0.7771,0.2193,21.9,Chicago,medium
41.75,-87.58,0,581,property,0.14457831325301204,0.9541998945457901,property,0.7426,True,0.0041,0.7426,0.2533,25.3,Chicago,medium
41.75,-87.58,1,649,property,0.09244992295839753,0.9534091550164857,property,0.7834,True,0.0034,0.7834,0.2131,21.3,Chicago,medium
41.75,-87.58,2,841,property,0.08085612366230678,0.9822936019457829,property,0.754,True,0.0039,0.754,0.2421,24.2,Chicago,medium
41.75,-87.58,3,788,property,0.1065989847715736,0.9558134458174925,property,0.5706,True,0.0066,0.5706,0.4228,42.3,Chicago,medium
41.75,-87.57000000000001,0,573,property,0.13961605584642234,0.8840710279248545,property,0.7291,True,0.0043,0.7291,0.2667,26.7,Chicago,medium
41.75,-87.57000000000001,1,634,property,0.04416403785488959,0.962891894184408,property,0.7833,True,0.0034,0.7833,0.2133,21.3,Chicago,medium
41.75,-87.57000000000001,2,805,property,0.07577639751552795,0.9557191771230988,property,0.7758,True,0.0036,0.7758,0.2207,22.1,Chicago,medium
41.75,-87.57000000000001,3,827,property,0.1523579201934704,0.9254202998312179,property,0.7423,True,0.0041,0.7423,0.2536,25.4,Chicago,medium
41.75,-87.56,0,997,property,0.013039117352056168,0.9400377795690059,violent,0.5551,False,0.0084,0.4365,0.5551,55.5,Chicago,medium
41.75,-87.56,1,1040,property,0.013461538461538462,0.9369092554634362,property,0.7725,True,0.0036,0.7725,0.2239,22.4,Chicago,medium
41.75,-87.56,2,1340,violent,0.007462686567164179,0.9555090775915156,property,0.5665,False,0.0066,0.5665,0.4268,42.7,Chicago,medium
41.75,-87.56,3,1238,property,0.014539579967689823,0.9259728441380366,violent,0.5524,False,0.0084,0.4392,0.5524,55.2,Chicago,medium
41.75,-87.55,0,607,property,0.09719934102141681,0.8916479686335962,violent,0.5497,False,0.0083,0.442,0.5497,55.0,Chicago,uncertain
41.75,-87.55,1,642,property,0.024922118380062305,0.978473261172095,property,0.7811,True,0.0035,0.7811,0.2155,21.5,Chicago,medium
41.75,-87.55,2,868,property,0.055299539170506916,0.9778847097647756,property,0.5764,True,0.0066,0.5764,0.417,41.7,Chicago,medium
41.75,-87.55,3,796,property,0.0414572864321608,0.9542800514703489,violent,0.5097,False,0.0078,0.4825,0.5097,51.0,Chicago,uncertain
41.75,-87.54,0,3,violent,0.3333333333333333,0.6365141893815645,violent,0.5522,True,0.0085,0.4393,0.5522,55.2,Chicago,medium
41.75,-87.54,1,4,property,0.5,0.5623351657797391,property,0.7726,True,0.0038,0.7726,0.2237,22.4,Chicago,medium
41.75,-87.54,2,5,property,0.6,0.5004024447610512,violent,0.5373,False,0.0083,0.4544,0.5373,53.7,Chicago,uncertain
41.75,-87.54,3,4,property,1.0,4.3446531758480495e-08,property,0.7595,True,0.0039,0.7595,0.2366,23.7,Chicago,medium
41.76,-87.74,0,28,property,0.21428571428571427,0.670009000880684,property,0.7845,True,0.0035,0.7845,0.2121,21.2,Chicago,medium
41.76,-87.74,1,32,property,0.46875,0.6922390496806912,property,0.7847,True,0.0035,0.7847,0.2118,21.2,Chicago,medium
41.76,-87.74,2,47,property,0.2553191489361702,0.8510203100771535,property,0.7845,True,0.0034,0.7845,0.212,21.2,Chicago,medium
41.76,-87.74,3,42,property,0.5476190476190477,0.6262750924353393,property,0.7844,True,0.0035,0.7844,0.2122,21.2,Chicago,medium
41.76,-87.73,0,36,property,0.4722222222222222,0.6811430722176515,property,0.784,True,0.0035,0.784,0.2125,21.3,Chicago,medium
41.76,-87.73,1,44,property,0.5681818181818182,0.7088232991946961,property,0.7842,True,0.0034,0.7842,0.2123,21.2,Chicago,medium
41.76,-87.73,2,39,property,0.38461538461538464,0.8675892359725942,property,0.7845,True,0.0035,0.7845,0.212,21.2,Chicago,medium
41.76,-87.73,3,45,property,0.5111111111111111,0.7000648271157821,property,0.7837,True,0.0034,0.7837,0.2129,21.3,Chicago,medium
41.76,-87.72,0,94,property,0.3404255319148936,0.9594531683339098,property,0.7841,True,0.0034,0.7841,0.2125,21.2,Chicago,medium
41.76,-87.72,1,85,property,0.4588235294117647,0.8181151676751002,property,0.7848,True,0.0034,0.7848,0.2118,21.2,Chicago,medium
41.76,-87.72,2,150,property,0.20666666666666667,0.9759933169394349,property,0.7846,True,0.0034,0.7846,0.212,21.2,Chicago,medium
41.76,-87.72,3,125,property,0.088,0.9122496408315712,property,0.7841,True,0.0034,0.7841,0.2124,21.2,Chicago,medium
41.76,-87.71000000000001,0,125,property,0.376,0.9032072462889875,property,0.7843,True,0.0034,0.7843,0.2123,21.2,Chicago,medium
41.76,-87.71000000000001,1,113,property,0.2920353982300885,1.0075796423598768,property,0.7842,True,0.0034,0.7842,0.2124,21.2,Chicago,medium
41.76,-87.71000000000001,2,144,property,0.05555555555555555,0.9632256798458771,property,0.781,True,0.0035,0.781,0.2156,21.6,Chicago,medium
41.76,-87.71000000000001,3,191,property,0.005235602094240838,0.9558657330175284,property,0.7819,True,0.0034,0.7819,0.2147,21.5,Chicago,medium
41.76,-87.7,0,148,property,0.23648648648648649,0.9194517418263299,property,0.7839,True,0.0034,0.7839,0.2127,21.3,Chicago,medium
41.76,-87.7,1,143,property,0.16083916083916083,1.0528984884334074,property,0.7839,True,0.0034,0.7839,0.2127,21.3,Chicago,medium
41.76,-87.7,2,183,property,0.13114754098360656,1.0202634186985755,property,0.7795,True,0.0035,0.7795,0.217,21.7,Chicago,medium
41.76,-87.7,3,183,property,0.13114754098360656,0.9601961371438495,property,0.7578,True,0.0039,0.7578,0.2383,23.8,Chicago,medium
41.76,-87.69,0,266,property,0.16917293233082706,0.945886722338685,property,0.7789,True,0.0035,0.7789,0.2176,21.8,Chicago,medium
41.76,-87.69,1,277,property,0.010830324909747292,0.9709159934009792,property,0.7838,True,0.0034,0.7838,0.2128,21.3,Chicago,medium
41.76,-87.69,2,420,property,0.04047619047619048,0.9584634148623166,property,0.7459,True,0.004,0.7459,0.25,25.0,Chicago,medium
41.76,-87.69,3,365,property,0.08767123287671233,0.9466819770204006,property,0.746,True,0.004,0.746,0.2499,25.0,Chicago,medium
41.76,-87.68,0,245,property,0.1510204081632653,0.8923812712566318,property,0.7717,True,0.0036,0.7717,0.2246,22.5,Chicago,medium
41.76,-87.68,1,343,property,0.21574344023323616,0.8783341314564831,property,0.7834,True,0.0034,0.7834,0.2132,21.3,Chicago,medium
41.76,-87.68,2,465,property,0.0989247311827957,0.9450720532914163,property,0.7001,True,0.0047,0.7001,0.2952,29.5,Chicago,medium
41.76,-87.68,3,398,property,0.02763819095477387,0.9376319311258783,property,0.7595,True,0.0038,0.7595,0.2367,23.7,Chicago,medium
41.76,-87.67,0,359,violent,0.0,0.961499198867441,property,0.6852,False,0.0049,0.6852,0.3099,31.0,Chicago,medium
41.76,-87.67,1,364,property,0.054945054945054944,0.9832572010258308,property,0.7831,True,0.0034,0.7831,0.2134,21.3,Chicago,medium
41.76,-87.67,2,482,property,0.02074688796680498,0.9770806067147011,property,0.5857,True,0.0064,0.5857,0.4079,40.8,Chicago,medium
41.76,-87.67,3,520,property,0.0038461538461538464,0.9546108313163252,violent,0.5574,False,0.0084,0.4341,0.5574,55.7,Chicago,medium
41.76,-87.66,0,546,property,0.11355311355311355,0.9400820457525771,property,0.6018,True,0.0061,0.6018,0.3921,39.2,Chicago,medium
41.76,-87.66,1,532,property,0.12218045112781954,0.9509951868613733,property,0.7833,True,0.0034,0.7833,0.2133,21.3,Chicago,medium
41.76,-87.66,2,823,violent,0.010935601458080195,0.9554997901974605,property,0.7352,False,0.0042,0.7352,0.2606,26.1,Chicago,medium
41.76,-87.66,3,654,property,0.04128440366972477,0.9375994157291289,violent,0.5255,False,0.008,0.4665,0.5255,52.5,Chicago,uncertain
41.76,-87.65,0,704,property,0.009943181818181818,0.9584551403525576,violent,0.5508,False,0.0084,0.4409,0.5508,55.1,Chicago,medium
41.76,-87.65,1,680,property,0.0029411764705882353,0.9887077760837836,property,0.7719,True,0.0036,0.7719,0.2245,22.4,Chicago,medium
41.76,-87.65,2,908,violent,0.08259911894273128,0.9730693454507662,violent,0.5181,True,0.0079,0.474,0.5181,51.8,Chicago,uncertain
41.76,-87.65,3,863,violent,0.11471610660486674,0.9410638375206728,violent,0.5641,True,0.0085,0.4274,0.5641,56.4,Chicago,medium
41.76,-87.64,0,705,violent,0.00851063829787234,0.9499390971397408,violent,0.5687,True,0.0086,0.4227,0.5687,56.9,Chicago,medium
41.76,-87.64,1,632,violent,0.0189873417721519,0.9770182240012009,property,0.7541,False,0.0039,0.7541,0.242,24.2,Chicago,medium
41.76,-87.64,2,839,violent,0.03933253873659118,0.9840598734501891,violent,0.5617,True,0.0085,0.4298,0.5617,56.2,Chicago,medium
41.76,-87.64,3,894,violent,0.10961968680089486,0.9592116653734306,violent,0.5674,True,0.0086,0.424,0.5674,56.7,Chicago,medium
41.76,-87.63,0,695,property,0.008633093525179856,0.9388981666239704,property,0.5095,True,0.0074,0.5095,0.483,48.3,Chicago,uncertain
41.76,-87.63,1,723,property,0.04979253112033195,0.968606673932501,property,0.7648,True,0.0037,0.7648,0.2315,23.1,Chicago,medium
41.76,-87.63,2,1059,violent,0.06704438149197356,0.9680091059503156,violent,0.5585,True,0.0084,0.433,0.5585,55.9,Chicago,medium
41.76,-87.63,3,987,violent,0.022289766970618033,0.9232412789865687,violent,0.5622,True,0.0085,0.4293,0.5622,56.2,Chicago,medium
41.76,-87.62,0,536,property,0.10074626865671642,0.8800602001408102,property,0.7536,True,0.0039,0.7536,0.2425,24.2,Chicago,medium
41.76,-87.62,1,594,property,0.18518518518518517,0.9103585184340918,property,0.7835,True,0.0034,0.7835,0.2131,21.3,Chicago,medium
41.76,-87.62,2,748,property,0.19518716577540107,0.9049946031834966,property,0.7831,True,0.0034,0.7831,0.2135,21.3,Chicago,medium
41.76,-87.62,3,780,property,0.16282051282051282,0.920295739155194,property,0.7809,True,0.0035,0.7809,0.2157,21.6,Chicago,medium
41.76,-87.61,0,774,property,0.04521963824289406,0.922202837592863,property,0.6525,True,0.0054,0.6525,0.3421,34.2,Chicago,medium
41.76,-87.61,1,693,property,0.10533910533910534,0.9793709887829959,property,0.7808,True,0.0035,0.7808,0.2157,21.6,Chicago,medium
41.76,-87.61,2,894,property,0.09172259507829977,0.9731446184178971,property,0.6974,True,0.0048,0.6974,0.2978,29.8,Chicago,medium
41.76,-87.61,3,887,property,0.12852311161217586,0.9563268506209907,property,0.6784,True,0.005,0.6784,0.3166,31.7,Chicago,medium
41.76,-87.60000000000001,0,275,property,0.11636363636363636,0.9026634407028341,violent,0.56,False,0.0085,0.4315,0.56,56.0,Chicago,medium
41.76,-87.60000000000001,1,314,violent,0.0031847133757961785,0.9370815101880192,property,0.7366,False,0.0042,0.7366,0.2592,25.9,Chicago,medium
41.76,-87.60000000000001,2,491,violent,0.02240325865580448,0.9895538085629385,violent,0.5524,True,0.0084,0.4392,0.5524,55.2,Chicago,medium
41.76,-87.60000000000001,3,403,property,0.03970223325062035,0.9272703666410298,violent,0.5556,False,0.0084,0.436,0.5556,55.6,Chicago,medium
41.76,-87.59,0,575,violent,0.019130434782608695,0.897244409083509,property,0.6139,False,0.006,0.6139,0.3801,38.0,Chicago,medium
41.76,-87.59,1,612,property,0.1111111111111111,0.9534410073576779,property,0.7833,True,0.0034,0.7833,0.2133,21.3,Chicago,medium
41.76,-87.59,2,1014,property,0.008875739644970414,0.8982608141161537,property,0.7807,True,0.0035,0.7807,0.2158,21.6,Chicago,medium
41.76,-87.59,3,809,violent,0.012360939431396786,0.8796120962338665,property,0.6762,False,0.0051,0.6762,0.3188,31.9,Chicago,medium
41.76,-87.58,0,691,property,0.13024602026049203,0.9435226162133212,property,0.6682,True,0.0052,0.6682,0.3266,32.7,Chicago,medium
41.76,-87.58,1,777,property,0.05019305019305019,0.9984755356844475,property,0.766,True,0.0037,0.766,0.2303,23.0,Chicago,medium
41.76,-87.58,2,981,property,0.1111111111111111,0.9900317613234745,violent,0.5493,False,0.0083,0.4424,0.5493,54.9,Chicago,uncertain
41.76,-87.58,3,949,property,0.0958904109589041,0.9003096022858811,property,0.7085,True,0.0046,0.7085,0.2869,28.7,Chicago,medium
41.76,-87.57000000000001,0,568,property,0.14788732394366197,0.9547384074830179,property,0.7597,True,0.0038,0.7597,0.2365,23.6,Chicago,medium
41.76,-87.57000000000001,1,619,property,0.08239095315024232,0.9354640128711559,property,0.7832,True,0.0034,0.7832,0.2133,21.3,Chicago,medium
41.76,-87.57000000000001,2,820,property,0.16585365853658537,0.9261585220983876,property,0.7741,True,0.0036,0.7741,0.2223,22.2,Chicago,medium
41.76,-87.57000000000001,3,784,property,0.1288265306122449,0.8943528544456661,property,0.7472,True,0.004,0.7472,0.2488,24.9,Chicago,medium
41.76,-87.56,0,1185,property,0.016033755274261603,0.9556347444974833,violent,0.5578,False,0.0085,0.4337,0.5578,55.8,Chicago,medium
41.76,-87.56,1,1331,property,0.02404207362885049,0.9616056490025616,property,0.7761,True,0.0036,0.7761,0.2204,22.0,Chicago,medium
41.76,-87.56,2,1623,property,0.04621072088724584,0.952938429033354,property,0.5245,True,0.0073,0.5245,0.4683,46.8,Chicago,uncertain
41.76,-87.56,3,1570,property,0.02929936305732484,0.9272909347509494,violent,0.5534,False,0.0084,0.4382,0.5534,55.3,Chicago,medium
41.76,-87.55,0,148,violent,0.08783783783783784,0.9657305399225671,property,0.4985,False,0.0076,0.4985,0.4939,49.4,Chicago,uncertain
41.76,-87.55,1,169,property,0.01775147928994083,1.0156459567228,property,0.7808,True,0.0035,0.7808,0.2157,21.6,Chicago,medium
41.76,-87.55,2,256,property,0.04296875,0.9443360699636388,property,0.7453,True,0.004,0.7453,0.2507,25.1,Chicago,medium
41.76,-87.55,3,231,violent,0.05627705627705628,0.9259528437709068,violent,0.5255,True,0.008,0.4665,0.5255,52.5,Chicago,uncertain
41.76,-87.54,1,4,property,0.25,1.0397207708399179,property,0.7808,True,0.0035,0.7808,0.2157,21.6,Chicago,medium
41.77,-87.8,1,9,violent,0.4444444444444444,0.8486855577264172,property,0.7841,False,0.0037,0.7841,0.2123,21.2,Chicago,medium
41.77,-87.8,2,8,violent,0.25,1.0397207708399179,property,0.7837,False,0.0036,0.7837,0.2127,21.3,Chicago,medium
41.77,-87.8,3,4,other,0.25,1.0397207708399179,property,0.783,False,0.0037,0.783,0.2134,21.3,Chicago,medium
41.77,-87.79,0,37,property,0.4594594594594595,0.7495172222197811,property,0.7842,True,0.0036,0.7842,0.2122,21.2,Chicago,medium
41.77,-87.79,1,29,property,0.13793103448275862,1.065891213213607,property,0.7788,True,0.0038,0.7788,0.2173,21.7,Chicago,medium
41.77,-87.79,2,39,violent,0.05128205128205128,0.9857334215107242,property,0.7844,False,0.0035,0.7844,0.2121,21.2,Chicago,medium
41.77,-87.79,3,35,property,0.14285714285714285,1.0200891054385564,property,0.7807,True,0.0037,0.7807,0.2156,21.6,Chicago,medium
41.77,-87.78,0,20,property,0.05,1.080527626604172,property,0.7818,True,0.0037,0.7818,0.2145,21.4,Chicago,medium
41.77,-87.78,1,27,property,0.25925925925925924,0.9698567625061291,property,0.7841,True,0.0036,0.7841,0.2123,21.2,Chicago,medium
41.77,-87.78,2,42,property,0.19047619047619047,1.052922565938695,property,0.7812,True,0.0038,0.7812,0.215,21.5,Chicago,medium
41.77,-87.78,3,40,violent,0.15,1.0670938948757507,property,0.7788,False,0.0036,0.7788,0.2175,21.8,Chicago,medium
41.77,-87.77,1,4,violent,0.0,0.6931472015900639,property,0.7835,False,0.0036,0.7835,0.2129,21.3,Chicago,medium
41.77,-87.77,2,6,property,0.0,0.6931472015900639,property,0.7837,True,0.0036,0.7837,0.2127,21.3,Chicago,medium
41.77,-87.77,3,9,property,0.5555555555555556,0.5297062202512142,property,0.7815,True,0.0037,0.7815,0.2148,21.5,Chicago,medium
41.77,-87.76,0,8,property,1.0,4.3446531758480495e-08,property,0.7132,True,0.0048,0.7132,0.282,28.2,Chicago,medium
41.77,-87.76,1,5,property,0.2,0.6730116880595105,property,0.7757,True,0.0038,0.7757,0.2205,22.1,Chicago,medium
41.77,-87.76,2,4,property,0.5,0.562335165779739,property,0.7625,True,0.0039,0.7625,0.2336,23.4,Chicago,medium
41.77,-87.76,3,16,property,0.1875,1.0239287996389363,property,0.7834,True,0.0034,0.7834,0.2132,21.3,Chicago,medium
41.77,-87.74,0,73,property,0.3287671232876712,0.9179387485523736,property,0.7843,True,0.0034,0.7843,0.2123,21.2,Chicago,medium
41.77,-87.74,1,49,property,0.22448979591836735,0.9510127113081427,property,0.7843,True,0.0034,0.7843,0.2123,21.2,Chicago,medium
41.77,-87.74,2,93,property,0.043010752688172046,0.9735956525654982,property,0.784,True,0.0035,0.784,0.2126,21.3,Chicago,medium
41.77,-87.74,3,99,property,0.09090909090909091,0.9737518448811457,property,0.7839,True,0.0034,0.7839,0.2127,21.3,Chicago,medium
41.77,-87.73,0,125,property,0.368,0.8769899651399928,property,0.7842,True,0.0034,0.7842,0.2124,21.2,Chicago,medium
41.77,-87.73,1,106,property,0.330188679245283,0.9708149780055304,property,0.7847,True,0.0034,0.7847,0.2119,21.2,Chicago,medium
41.77,-87.73,2,128,property,0.2265625,1.0192718938939498,property,0.784,True,0.0034,0.784,0.2126,21.3,Chicago,medium
41.77,-87.73,3,167,property,0.17365269461077845,0.8854134732033763,property,0.7841,True,0.0034,0.7841,0.2125,21.2,Chicago,medium
41.77,-87.72,0,188,property,0.43617021276595747,0.7806354881465212,property,0.7842,True,0.0034,0.7842,0.2124,21.2,Chicago,medium
41.77,-87.72,1,138,property,0.2028985507246377,0.9660579403909881,property,0.7845,True,0.0034,0.7845,0.2121,21.2,Chicago,medium
41.77,-87.72,2,230,property,0.23478260869565218,0.9473731482113463,property,0.7841,True,0.0034,0.7841,0.2125,21.3,Chicago,medium
41.77,-87.72,3,300,property,0.17333333333333334,0.9219652318904753,property,0.7844,True,0.0034,0.7844,0.2122,21.2,Chicago,medium
41.77,-87.71000000000001,0,106,property,0.42452830188679247,0.8498220133012915,property,0.7839,True,0.0034,0.7839,0.2127,21.3,Chicago,medium
41.77,-87.71000000000001,1,101,property,0.09900990099009901,1.00455937219062,property,0.784,True,0.0034,0.784,0.2126,21.3,Chicago,medium
41.77,-87.71000000000001,2,148,property,0.10810810810810811,1.003587068145181,property,0.767,True,0.0037,0.767,0.2293,22.9,Chicago,medium
41.77,-87.71000000000001,3,177,property,0.1864406779661017,0.9993382298075502,property,0.7837,True,0.0034,0.7837,0.2129,21.3,Chicago,medium
41.77,-87.7,0,257,property,0.027237354085603113,0.9917468042409825,property,0.7804,True,0.0035,0.7804,0.2161,21.6,Chicago,medium
41.77,-87.7,1,235,property,0.1148936170212766,0.9447194005393318,property,0.7832,True,0.0034,0.7832,0.2133,21.3,Chicago,medium
41.77,-87.7,2,320,violent,0.0125,0.9751743304752236,property,0.6056,False,0.0061,0.6056,0.3883,38.8,Chicago,medium
41.77,-87.7,3,356,property,0.10112359550561797,0.9448981580548672,property,0.775,True,0.0036,0.775,0.2214,22.1,Chicago,medium
41.77,-87.69,0,597,property,0.07370184254606366,0.9724099967799611,property,0.7519,True,0.0039,0.7519,0.2441,24.4,Chicago,medium
41.77,-87.69,1,629,property,0.03815580286168521,0.9483452180020108,property,0.7824,True,0.0035,0.7824,0.2141,21.4,Chicago,medium
41.77,-87.69,2,777,violent,0.021879021879021878,1.0025429287849685,property,0.4979,False,0.0076,0.4979,0.4945,49.5,Chicago,uncertain
41.77,-87.69,3,778,violent,0.012853470437017995,0.9843828674342625,property,0.5541,False,0.0068,0.5541,0.4391,43.9,Chicago,medium
41.77,-87.68,0,466,property,0.1459227467811159,0.9476197498667329,violent,0.5385,False,0.0082,0.4533,0.5385,53.8,Chicago,uncertain
41.77,-87.68,1,391,violent,0.023017902813299233,0.9865370521203825,property,0.7833,False,0.0034,0.7833,0.2133,21.3,Chicago,medium
41.77,-87.68,2,600,violent,0.018333333333333333,0.9745252082500215,property,0.7471,False,0.004,0.7471,0.2489,24.9,Chicago,medium
41.77,-87.68,3,622,violent,0.04180064308681672,0.9569229100912738,violent,0.558,True,0.0084,0.4336,0.558,55.8,Chicago,medium
41.77,-87.67,0,563,violent,0.04085257548845471,0.9185187892139888,violent,0.5685,True,0.0086,0.4229,0.5685,56.9,Chicago,medium
41.77,-87.67,1,503,property,0.06958250497017893,1.021900332851381,property,0.7748,True,0.0036,0.7748,0.2216,22.2,Chicago,medium
41.77,-87.67,2,720,violent,0.0,1.0059760455900668,violent,0.561,True,0.0085,0.4305,0.561,56.1,Chicago,medium
41.77,-87.67,3,739,violent,0.08795669824086604,0.9322775078663604,violent,0.5684,True,0.0086,0.423,0.5684,56.8,Chicago,medium
41.77,-87.66,0,652,violent,0.04294478527607362,0.9542435883754246,violent,0.5659,True,0.0086,0.4256,0.5659,56.6,Chicago,medium
41.77,-87.66,1,597,violent,0.011725293132328308,0.9687163411311149,property,0.7824,False,0.0034,0.7824,0.2141,21.4,Chicago,medium
41.77,-87.66,2,918,violent,0.049019607843137254,0.9527507706104658,property,0.7648,False,0.0037,0.7648,0.2314,23.1,Chicago,medium
41.77,-87.66,3,844,violent,0.10426540284360189,0.9031552655621096,violent,0.5634,True,0.0085,0.4281,0.5634,56.3,Chicago,medium
41.77,-87.65,0,592,violent,0.03547297297297297,0.9527361134855191,violent,0.553,True,0.0084,0.4386,0.553,55.3,Chicago,medium
41.77,-87.65,1,565,property,0.07256637168141593,0.9697222254522354,property,0.7792,True,0.0035,0.7792,0.2173,21.7,Chicago,medium
41.77,-87.65,2,816,violent,0.08823529411764706,0.9848246959953294,violent,0.5529,True,0.0084,0.4387,0.5529,55.3,Chicago,medium
41.77,-87.65,3,780,violent,0.03461538461538462,0.9613049563322722,violent,0.5673,True,0.0086,0.4241,0.5673,56.7,Chicago,medium
41.77,-87.64,0,479,violent,0.0,0.9396019262705733,violent,0.5671,True,0.0086,0.4243,0.5671,56.7,Chicago,medium
41.77,-87.64,1,545,violent,0.13027522935779817,0.9821391724218835,violent,0.5538,True,0.0084,0.4378,0.5538,55.4,Chicago,medium
41.77,-87.64,2,820,violent,0.14878048780487804,0.9401630136336315,violent,0.5666,True,0.0086,0.4249,0.5666,56.7,Chicago,medium
41.77,-87.64,3,732,violent,0.09016393442622951,0.9616358450139649,violent,0.5673,True,0.0086,0.4241,0.5673,56.7,Chicago,medium
41.77,-87.63,0,594,violent,0.016835016835016835,0.9346140091620949,violent,0.5657,True,0.0086,0.4257,0.5657,56.6,Chicago,medium
41.77,-87.63,1,577,violent,0.03119584055459272,1.0047580090250898,property,0.7786,False,0.0035,0.7786,0.2179,21.8,Chicago,medium
41.77,-87.63,2,773,violent,0.03622250970245795,0.9227871937661368,violent,0.562,True,0.0085,0.4295,0.562,56.2,Chicago,medium
41.77,-87.63,3,735,violent,0.034013605442176874,0.909074792580047,violent,0.5659,True,0.0086,0.4255,0.5659,56.6,Chicago,medium
41.77,-87.62,0,783,property,0.0970625798212005,0.925062213562298,violent,0.5653,False,0.0085,0.4262,0.5653,56.5,Chicago,medium
41.77,-87.62,1,795,property,0.13962264150943396,0.9389774028127877,property,0.7832,True,0.0034,0.7832,0.2134,21.3,Chicago,medium
41.77,-87.62,2,1017,property,0.05604719764011799,0.9192470211034041,property,0.6221,True,0.0059,0.6221,0.372,37.2,Chicago,medium
41.77,-87.62,3,1062,property,0.09887005649717515,0.8869859092901695,violent,0.536,False,0.0081,0.4558,0.536,53.6,Chicago,uncertain
41.77,-87.61,0,699,property,0.06294706723891273,0.9119986711020573,violent,0.5651,False,0.0086,0.4263,0.5651,56.5,Chicago,medium
41.77,-87.61,1,680,property,0.060294117647058824,1.0112633112202032,property,0.7419,True,0.0041,0.7419,0.254,25.4,Chicago,medium
41.77,-87.61,2,891,property,0.04040404040404041,0.9846084507962984,violent,0.5347,False,0.0082,0.4571,0.5347,53.5,Chicago,uncertain
41.77,-87.61,3,861,violent,0.012775842044134728,0.9685908028866832,violent,0.5556,True,0.0084,0.436,0.5556,55.6,Chicago,medium
41.77,-87.60000000000001,0,290,property,0.041379310344827586,0.8521920556185932,violent,0.557,False,0.0084,0.4346,0.557,55.7,Chicago,medium
41.77,-87.60000000000001,1,273,property,0.05128205128205128,0.9668340653764506,property,0.7624,True,0.0038,0.7624,0.2338,23.4,Chicago,medium
41.77,-87.60000000000001,2,366,violent,0.0546448087431694,0.9447778133371091,property,0.6881,False,0.005,0.6881,0.307,30.7,Chicago,medium
41.77,-87.60000000000001,3,347,property,0.07780979827089338,0.9747888331449751,property,0.574,True,0.0067,0.574,0.4194,41.9,Chicago,medium
41.77,-87.59,0,590,property,0.10508474576271186,0.9296682650229648,violent,0.5585,False,0.0085,0.433,0.5585,55.8,Chicago,medium
41.77,-87.59,1,591,property,0.02030456852791878,0.9484317614213504,property,0.782,True,0.0035,0.782,0.2145,21.5,Chicago,medium
41.77,-87.59,2,909,property,0.04400440044004401,0.9307895742749165,property,0.6914,True,0.0048,0.6914,0.3037,30.4,Chicago,medium
41.77,-87.59,3,890,property,0.07191011235955057,0.9112847877082058,violent,0.5578,False,0.0085,0.4338,0.5578,55.8,Chicago,medium
41.77,-87.58,0,1069,property,0.004677268475210477,0.9299133700714913,violent,0.5343,False,0.0081,0.4576,0.5343,53.4,Chicago,uncertain
41.77,-87.58,1,1149,property,0.010443864229765013,0.9665033872838193,property,0.783,True,0.0034,0.783,0.2135,21.4,Chicago,medium
41.77,-87.58,2,1506,violent,0.0013280212483399733,0.9227852010372912,property,0.7598,False,0.0038,0.7598,0.2364,23.6,Chicago,medium
41.77,-87.58,3,1365,property,0.0029304029304029304,0.9162036726853218,property,0.7111,True,0.0045,0.7111,0.2843,28.4,Chicago,medium
41.77,-87.57000000000001,0,944,property,0.1239406779661017,0.9505364088234269,property,0.7288,True,0.0043,0.7288,0.2669,26.7,Chicago,medium
41.77,-87.57000000000001,1,1136,property,0.09330985915492958,0.9669495557010401,property,0.7831,True,0.0034,0.7831,0.2135,21.3,Chicago,medium
41.77,-87.57000000000001,2,1534,property,0.15319426336375488,0.9392784886979912,property,0.7832,True,0.0034,0.7832,0.2134,21.3,Chicago,medium
41.77,-87.57000000000001,3,1498,property,0.15020026702269693,0.9008335060242801,property,0.7787,True,0.0035,0.7787,0.2177,21.8,Chicago,medium
41.77,-87.56,0,40,property,0.15,0.9363569127838214,property,0.7827,True,0.0035,0.7827,0.2139,21.4,Chicago,medium
41.77,-87.56,1,56,property,0.21428571428571427,0.9771705224238221,property,0.7832,True,0.0035,0.7832,0.2133,21.3,Chicago,medium
41.77,-87.56,2,65,property,0.2153846153846154,0.9721230461979857,property,0.783,True,0.0034,0.783,0.2136,21.4,Chicago,medium
41.77,-87.56,3,72,property,0.18055555555555555,0.9265163241410285,property,0.7833,True,0.0035,0.7833,0.2132,21.3,Chicago,medium
41.78,-87.8,0,30,property,0.26666666666666666,0.8532361505557784,property,0.7852,True,0.0035,0.7852,0.2114,21.1,Chicago,medium
41.78,-87.8,1,31,property,0.41935483870967744,0.9357467452948549,property,0.7853,True,0.0035,0.7853,0.2112,21.1,Chicago,medium
41.78,-87.8,2,49,property,0.14285714285714285,0.968368378126865,property,0.7854,True,0.0035,0.7854,0.2111,21.1,Chicago,medium
41.78,-87.8,3,53,property,0.11320754716981132,1.051861129188655,property,0.7851,True,0.0035,0.7851,0.2114,21.1,Chicago,medium
41.78,-87.79,0,97,property,0.4742268041237113,0.8074491446125315,property,0.7847,True,0.0034,0.7847,0.2119,21.2,Chicago,medium
41.78,-87.79,1,90,property,0.2777777777777778,0.9053405714503302,property,0.7845,True,0.0035,0.7845,0.212,21.2,Chicago,medium
41.78,-87.79,2,112,property,0.03571428571428571,1.0218408508556656,property,0.7839,True,0.0035,0.7839,0.2126,21.3,Chicago,medium
41.78,-87.79,3,108,property,0.25925925925925924,0.9497714321466322,property,0.7846,True,0.0034,0.7846,0.212,21.2,Chicago,medium
41.78,-87.78,0,155,property,0.4129032258064516,0.9057513252222402,property,0.7842,True,0.0034,0.7842,0.2124,21.2,Chicago,medium
41.78,-87.78,1,119,property,0.01680672268907563,1.0711878233455292,property,0.7847,True,0.0035,0.7847,0.2118,21.2,Chicago,medium
41.78,-87.78,2,172,violent,0.040697674418604654,1.038954792305646,property,0.784,False,0.0035,0.784,0.2125,21.3,Chicago,medium
41.78,-87.78,3,163,property,0.11042944785276074,1.0306029152665093,property,0.7844,True,0.0034,0.7844,0.2122,21.2,Chicago,medium
41.78,-87.77,0,248,property,0.34274193548387094,0.8941903537975033,property,0.7842,True,0.0034,0.7842,0.2124,21.2,Chicago,medium
41.78,-87.77,1,174,property,0.2988505747126437,0.9869269897657716,property,0.7847,True,0.0034,0.7847,0.2119,21.2,Chicago,medium
41.78,-87.77,2,249,property,0.1566265060240964,1.0078326189496116,property,0.7845,True,0.0035,0.7845,0.2121,21.2,Chicago,medium
41.78,-87.77,3,299,property,0.13712374581939799,0.9830275485011463,property,0.7842,True,0.0034,0.7842,0.2124,21.2,Chicago,medium
41.78,-87.76,0,164,property,0.3353658536585366,0.9208653287515168,property,0.784,True,0.0034,0.784,0.2125,21.3,Chicago,medium
41.78,-87.76,1,115,property,0.26956521739130435,0.9571682158762727,property,0.7841,True,0.0035,0.7841,0.2124,21.2,Chicago,medium
41.78,-87.76,2,139,property,0.1510791366906475,1.031291057402263,property,0.7793,True,0.0036,0.7793,0.2171,21.7,Chicago,medium
41.78,-87.76,3,194,property,0.18041237113402062,0.9276270028047845,property,0.7819,True,0.0035,0.7819,0.2146,21.5,Chicago,medium
41.78,-87.75,0,64,property,0.484375,0.8234134492535679,property,0.784,True,0.0034,0.784,0.2126,21.3,Chicago,medium
41.78,-87.75,1,42,property,0.07142857142857142,1.0251188753456049,property,0.7845,True,0.0034,0.7845,0.2121,21.2,Chicago,medium
41.78,-87.75,2,63,property,0.19047619047619047,1.036114320197852,property,0.7843,True,0.0034,0.7843,0.2123,21.2,Chicago,medium
41.78,-87.75,3,85,property,0.2,0.9509461478074155,property,0.7838,True,0.0034,0.7838,0.2128,21.3,Chicago,medium
41.78,-87.74,0,175,property,0.28,0.7775394041425366,property,0.7842,True,0.0034,0.7842,0.2123,21.2,Chicago,medium
41.78,-87.74,1,122,property,0.07377049180327869,0.9554948061361687,property,0.7844,True,0.0034,0.7844,0.2121,21.2,Chicago,medium
41.78,-87.74,2,198,property,0.04040404040404041,1.0402616970135732,property,0.7842,True,0.0034,0.7842,0.2123,21.2,Chicago,medium
41.78,-87.74,3,243,property,0.09876543209876543,0.970487042303795,property,0.7843,True,0.0034,0.7843,0.2123,21.2,Chicago,medium
41.78,-87.73,0,263,property,0.10646387832699619,0.9574030276279124,property,0.7843,True,0.0034,0.7843,0.2123,21.2,Chicago,medium
41.78,-87.73,1,158,property,0.12658227848101267,1.0276794634832016,property,0.7843,True,0.0034,0.7843,0.2123,21.2,Chicago,medium
41.78,-87.73,2,276,property,0.17753623188405798,0.9989831171423071,property,0.7842,True,0.0034,0.7842,0.2124,21.2,Chicago,medium
41.78,-87.73,3,306,property,0.2549019607843137,0.9733935916467233,property,0.784,True,0.0034,0.784,0.2126,21.3,Chicago,medium
41.78,-87.72,0,234,property,0.3504273504273504,0.9047349046882763,property,0.7841,True,0.0034,0.7841,0.2125,21.2,Chicago,medium
41.78,-87.72,1,248,property,0.15725806451612903,1.0120426915338436,property,0.7842,True,0.0034,0.7842,0.2124,21.2,Chicago,medium
41.78,-87.72,2,350,property,0.025714285714285714,1.0069611525073943,property,0.7835,True,0.0034,0.7835,0.2131,21.3,Chicago,medium
41.78,-87.72,3,312,property,0.15384615384615385,0.9811578529806766,property,0.784,True,0.0034,0.784,0.2126,21.3,Chicago,medium
41.78,-87.71000000000001,0,297,property,0.15488215488215487,0.9514002808435962,property,0.7838,True,0.0034,0.7838,0.2128,21.3,Chicago,medium
41.78,-87.71000000000001,1,269,property,0.07063197026022305,1.0523087706965444,property,0.7841,True,0.0034,0.7841,0.2125,21.3,Chicago,medium
41.78,-87.71000000000001,2,345,property,0.11884057971014493,1.0260588404450246,property,0.7821,True,0.0035,0.7821,0.2144,21.4,Chicago,medium
41.78,-87.71000000000001,3,449,property,0.1091314031180401,0.9919780361101462,property,0.782,True,0.0035,0.782,0.2145,21.5,Chicago,medium
41.78,-87.7,0,790,property,0.039240506329113925,0.9795983228717443,property,0.7693,True,0.0037,0.7693,0.2271,22.7,Chicago,medium
41.78,-87.7,1,775,property,0.05290322580645161,0.9702092269879738,property,0.7837,True,0.0034,0.7837,0.2129,21.3,Chicago,medium
41.78,-87.7,2,1037,violent,0.0019286403085824494,0.9619667189548159,property,0.7486,False,0.004,0.7486,0.2474,24.7,Chicago,medium
41.78,-87.7,3,1047,violent,0.04680038204393505,0.931741793047169,property,0.7184,False,0.0044,0.7184,0.2772,27.7,Chicago,medium
41.78,-87.69,0,679,property,0.07216494845360824,0.9277769717941757,property,0.6889,True,0.0049,0.6889,0.3062,30.6,Chicago,medium
41.78,-87.69,1,686,property,0.048104956268221574,0.9877773184827614,property,0.7834,True,0.0034,0.7834,0.2132,21.3,Chicago,medium
41.78,-87.69,2,907,violent,0.05953693495038589,1.0153520199023807,property,0.5862,False,0.0064,0.5862,0.4074,40.7,Chicago,medium
41.78,-87.69,3,908,violent,0.042951541850220265,0.9547247503905789,violent,0.5519,True,0.0084,0.4397,0.5519,55.2,Chicago,medium
41.78,-87.68,0,312,property,0.07371794871794872,0.9719663845094954,property,0.7357,True,0.0042,0.7357,0.2601,26.0,Chicago,medium
41.78,-87.68,1,439,violent,0.15945330296127563,0.969015197595106,property,0.7828,False,0.0034,0.7828,0.2138,21.4,Chicago,medium
41.78,-87.68,2,650,violent,0.10923076923076923,0.946823428782968,property,0.781,False,0.0035,0.781,0.2155,21.6,Chicago,medium
41.78,-87.68,3,564,violent,0.0070921985815602835,0.9310793893225513,property,0.7706,False,0.0037,0.7706,0.2258,22.6,Chicago,medium
41.78,-87.67,0,493,property,0.06490872210953347,0.9575350236399992,violent,0.5686,False,0.0086,0.4227,0.5686,56.9,Chicago,medium
41.78,-87.67,1,432,property,0.1412037037037037,0.9227484330716085,property,0.5763,True,0.0065,0.5763,0.4172,41.7,Chicago,medium
41.78,-87.67,2,651,violent,0.05837173579109063,0.9686306435336267,violent,0.563,True,0.0085,0.4285,0.563,56.3,Chicago,medium
41.78,-87.67,3,670,violent,0.1044776119402985,0.9619839757768882,violent,0.5665,True,0.0086,0.4249,0.5665,56.7,Chicago,medium
41.78,-87.66,0,536,violent,0.05037313432835821,0.9770906488719686,violent,0.5518,True,0.0084,0.4398,0.5518,55.2,Chicago,medium
41.78,-87.66,1,553,violent,0.018083182640144666,0.973485067210292,property,0.7832,False,0.0034,0.7832,0.2134,21.3,Chicago,medium
41.78,-87.66,2,784,violent,0.05612244897959184,0.9782523569943979,property,0.7405,False,0.0041,0.7405,0.2554,25.5,Chicago,medium
41.78,-87.66,3,748,violent,0.11096256684491979,0.9650502600907176,violent,0.5619,True,0.0085,0.4296,0.5619,56.2,Chicago,medium
41.78,-87.65,0,658,property,0.04711246200607903,0.8881024759482967,violent,0.5677,False,0.0086,0.4237,0.5677,56.8,Chicago,medium
41.78,-87.65,1,609,property,0.0049261083743842365,0.9788327239563088,property,0.7764,True,0.0036,0.7764,0.2201,22.0,Chicago,medium
41.78,-87.65,2,915,violent,0.04480874316939891,0.9731813784952447,violent,0.542,True,0.0082,0.4498,0.542,54.2,Chicago,uncertain
41.78,-87.65,3,907,violent,0.08710033076074973,0.9188562567314058,violent,0.5679,True,0.0086,0.4235,0.5679,56.8,Chicago,medium
41.78,-87.64,0,490,property,0.0836734693877551,0.9625791052210384,violent,0.5682,False,0.0086,0.4232,0.5682,56.8,Chicago,medium
41.78,-87.64,1,616,violent,0.04220779220779221,0.9629584145299329,property,0.7769,False,0.0035,0.7769,0.2196,22.0,Chicago,medium
41.78,-87.64,2,914,violent,0.11816192560175055,0.9516501558755553,property,0.6052,False,0.0061,0.6052,0.3887,38.9,Chicago,medium
41.78,-87.64,3,689,violent,0.11756168359941944,0.920931270799682,violent,0.5665,True,0.0086,0.425,0.5665,56.6,Chicago,medium
41.78,-87.63,0,394,violent,0.13451776649746192,0.8951910746248856,violent,0.5161,True,0.0079,0.476,0.5161,51.6,Chicago,uncertain
41.78,-87.63,1,348,violent,0.10057471264367816,0.9262429079093135,property,0.783,False,0.0035,0.783,0.2136,21.4,Chicago,medium
41.78,-87.63,2,446,violent,0.1681614349775785,0.9207431683192786,property,0.7436,False,0.0041,0.7436,0.2523,25.2,Chicago,medium
41.78,-87.63,3,417,violent,0.2302158273381295,0.8594768300233953,violent,0.5643,True,0.0085,0.4271,0.5643,56.4,Chicago,medium
41.78,-87.62,0,995,violent,0.13165829145728644,0.9276714408542769,violent,0.5678,True,0.0086,0.4236,0.5678,56.8,Chicago,medium
41.78,-87.62,1,960,violent,0.10416666666666667,0.9578850075894675,property,0.5332,False,0.0071,0.5332,0.4597,46.0,Chicago,uncertain
41.78,-87.62,2,1287,violent,0.17637917637917638,0.9484055668246697,violent,0.5574,True,0.0084,0.4341,0.5574,55.7,Chicago,medium
41.78,-87.62,3,1241,violent,0.1426269137792103,0.9198771250564101,violent,0.5637,True,0.0085,0.4277,0.5637,56.4,Chicago,medium
41.78,-87.61,0,783,property,0.13282247765006386,0.9163180316575359,violent,0.5651,False,0.0085,0.4264,0.5651,56.5,Chicago,medium
41.78,-87.61,1,871,property,0.11595866819747416,0.9714114488602739,property,0.7531,True,0.0039,0.7531,0.2429,24.3,Chicago,medium
41.78,-87.61,2,1116,property,0.07168458781362007,0.9620692741173007,violent,0.5552,False,0.0084,0.4364,0.5552,55.5,Chicago,medium
41.78,-87.61,3,1079,property,0.0685820203892493,0.9275281387727091,violent,0.5647,False,0.0085,0.4267,0.5647,56.5,Chicago,medium
41.78,-87.60000000000001,0,476,property,0.21008403361344538,0.9430416618192512,property,0.7456,True,0.004,0.7456,0.2504,25.0,Chicago,medium
41.78,-87.60000000000001,1,550,property,0.22545454545454546,0.9522280541050452,property,0.7837,True,0.0034,0.7837,0.2129,21.3,Chicago,medium
41.78,-87.60000000000001,2,769,property,0.21716514954486346,0.9391412462540757,property,0.7793,True,0.0035,0.7793,0.2172,21.7,Chicago,medium
41.78,-87.60000000000001,3,729,property,0.19890260631001372,0.9033314261344165,property,0.759,True,0.0038,0.759,0.2371,23.7,Chicago,medium
41.78,-87.59,0,392,property,0.22193877551020408,0.935031283662413,property,0.7609,True,0.0038,0.7609,0.2352,23.5,Chicago,medium
41.78,-87.59,1,487,property,0.08008213552361396,0.9552624826456734,property,0.7776,True,0.0036,0.7776,0.2189,21.9,Chicago,medium
41.78,-87.59,2,768,property,0.014322916666666666,0.9452458437213275,property,0.5197,True,0.0073,0.5197,0.473,47.3,Chicago,uncertain
41.78,-87.59,3,601,property,0.1497504159733777,0.9179896566308003,property,0.7205,True,0.0044,0.7205,0.2751,27.5,Chicago,medium
41.78,-87.58,0,18,violent,0.2222222222222222,0.6682484987195559,property,0.7343,False,0.0042,0.7343,0.2615,26.1,Chicago,medium
41.78,-87.58,1,13,property,0.23076923076923078,0.6662784634716634,property,0.7831,True,0.0035,0.7831,0.2134,21.3,Chicago,medium
41.78,-87.58,2,30,property,0.06666666666666667,0.9908353864438493,property,0.7744,True,0.0036,0.7744,0.222,22.2,Chicago,medium
41.78,-87.58,3,46,violent,0.41304347826086957,0.6928176891718945,violent,0.5518,True,0.0084,0.4398,0.5518,55.2,Chicago,medium
41.78,-87.57000000000001,0,21,property,0.09523809523809523,1.071018542409915,violent,0.5464,False,0.0084,0.4452,0.5464,54.6,Chicago,uncertain
41.78,-87.57000000000001,1,18,property,0.05555555555555555,0.8675632284814613,property,0.7834,True,0.0035,0.7834,0.213,21.3,Chicago,medium
41.78,-87.57000000000001,2,32,violent,0.0625,0.8815322611881637,property,0.7831,False,0.0035,0.7831,0.2135,21.3,Chicago,medium
41.78,-87.57000000000001,3,45,violent,0.15555555555555556,0.9181492403972991,property,0.6689,False,0.0053,0.6689,0.3258,32.6,Chicago,medium
41.79,-87.8,0,93,property,0.5698924731182796,0.7352844317931906,property,0.7854,True,0.0035,0.7854,0.2112,21.1,Chicago,medium
41.79,-87.8,1,85,property,0.12941176470588237,1.0519768785362824,property,0.7846,True,0.0035,0.7846,0.2119,21.2,Chicago,medium
41.79,-87.8,2,103,property,0.13592233009708737,0.9741727835418993,property,0.7849,True,0.0035,0.7849,0.2115,21.2,Chicago,medium
41.79,-87.8,3,91,property,0.15384615384615385,0.9645019811371942,property,0.7851,True,0.0035,0.7851,0.2114,21.1,Chicago,medium
41.79,-87.79,0,104,property,0.5865384615384616,0.7684213940904661,property,0.785,True,0.0034,0.785,0.2116,21.2,Chicago,medium
41.79,-87.79,1,55,property,0.18181818181818182,1.0054524739040591,property,0.7851,True,0.0035,0.7851,0.2114,21.1,Chicago,medium
41.79,-87.79,2,83,property,0.0963855421686747,1.034684601338761,property,0.7845,True,0.0035,0.7845,0.2121,21.2,Chicago,medium
41.79,-87.79,3,120,property,0.2916666666666667,0.9124809536041016,property,0.7852,True,0.0035,0.7852,0.2113,21.1,Chicago,medium
41.79,-87.78,0,82,property,0.3902439024390244,0.9154225683549972,property,0.7854,True,0.0035,0.7854,0.2111,21.1,Chicago,medium
41.79,-87.78,1,108,violent,0.009259259259259259,0.9773263433191132,property,0.776,False,0.0037,0.776,0.2204,22.0,Chicago,medium
41.79,-87.78,2,174,violent,0.3160919540229885,0.9453997827945668,property,0.6609,False,0.0054,0.6609,0.3337,33.4,Chicago,medium
41.79,-87.78,3,107,property,0.09345794392523364,0.8847493179120232,property,0.7848,True,0.0035,0.7848,0.2117,21.2,Chicago,medium
41.79,-87.77,0,130,property,0.45384615384615384,0.8657952988488575,property,0.7849,True,0.0034,0.7849,0.2117,21.2,Chicago,medium
41.79,-87.77,1,107,property,0.2803738317757009,0.9332940455891314,property,0.7851,True,0.0034,0.7851,0.2115,21.1,Chicago,medium
41.79,-87.77,2,187,property,0.3155080213903743,0.9408067051184104,property,0.7846,True,0.0034,0.7846,0.212,21.2,Chicago,medium
41.79,-87.77,3,165,property,0.21212121212121213,0.9526070436667042,property,0.785,True,0.0034,0.785,0.2116,21.2,Chicago,medium
41.79,-87.76,0,52,property,0.7307692307692307,0.5158361211027406,property,0.7849,True,0.0035,0.7849,0.2116,21.2,Chicago,medium
41.79,-87.76,1,41,property,0.2926829268292683,1.0110402106104204,property,0.7844,True,0.0034,0.7844,0.2121,21.2,Chicago,medium
41.79,-87.76,2,60,property,0.1,0.9433483923290391,property,0.7847,True,0.0034,0.7847,0.2118,21.2,Chicago,medium
41.79,-87.76,3,89,property,0.3258426966292135,0.8734749370379474,property,0.7842,True,0.0034,0.7842,0.2123,21.2,Chicago,medium
41.79,-87.75,0,88,property,0.8181818181818182,0.3842226582350044,property,0.7846,True,0.0034,0.7846,0.2119,21.2,Chicago,medium
41.79,-87.75,1,95,property,0.8210526315789474,0.4007972630629785,property,0.7848,True,0.0035,0.7848,0.2118,21.2,Chicago,medium
41.79,-87.75,2,97,property,0.7835051546391752,0.5127881688756301,property,0.7847,True,0.0035,0.7847,0.2119,21.2,Chicago,medium
41.79,-87.75,3,77,property,0.5324675324675324,0.7027597170889381,property,0.7842,True,0.0034,0.7842,0.2124,21.2,Chicago,medium
41.79,-87.74,0,375,property,0.49066666666666664,0.8377464962736196,property,0.7848,True,0.0034,0.7848,0.2117,21.2,Chicago,medium
41.79,-87.74,1,387,property,0.37467700258397935,0.9673305789783228,property,0.7851,True,0.0035,0.7851,0.2115,21.1,Chicago,medium
41.79,-87.74,2,434,property,0.4377880184331797,0.9193780108697815,property,0.785,True,0.0034,0.785,0.2115,21.2,Chicago,medium
41.79,-87.74,3,410,property,0.32439024390243903,0.895983538206348,property,0.7847,True,0.0034,0.7847,0.2119,21.2,Chicago,medium
41.79,-87.73,0,257,property,0.27626459143968873,0.9075122867569996,property,0.7843,True,0.0034,0.7843,0.2123,21.2,Chicago,medium
41.79,-87.73,1,150,property,0.3333333333333333,0.9649787669006317,property,0.7845,True,0.0034,0.7845,0.212,21.2,Chicago,medium
41.79,-87.73,2,277,property,0.17689530685920576,0.9875132829920152,property,0.7841,True,0.0034,0.7841,0.2125,21.2,Chicago,medium
41.79,-87.73,3,296,property,0.16554054054054054,0.949971035585055,property,0.7841,True,0.0034,0.7841,0.2125,21.3,Chicago,medium
41.79,-87.72,0,302,property,0.10264900662251655,0.9564676156427365,property,0.784,True,0.0034,0.784,0.2126,21.3,Chicago,medium
41.79,-87.72,1,208,property,0.1971153846153846,0.9285710916580636,property,0.7845,True,0.0034,0.7845,0.2121,21.2,Chicago,medium
41.79,-87.72,2,261,property,0.07662835249042145,0.9996094602717767,property,0.784,True,0.0034,0.784,0.2125,21.3,Chicago,medium
41.79,-87.72,3,358,property,0.07262569832402235,0.9776190385518397,property,0.784,True,0.0034,0.784,0.2126,21.3,Chicago,medium
41.79,-87.71000000000001,0,306,property,0.13725490196078433,0.9451209637948961,property,0.784,True,0.0034,0.784,0.2126,21.3,Chicago,medium
41.79,-87.71000000000001,1,236,violent,0.00423728813559322,1.026871710652319,property,0.7843,False,0.0034,0.7843,0.2123,21.2,Chicago,medium
41.79,-87.71000000000001,2,371,violent,0.18059299191374664,1.0375219557668742,property,0.7779,False,0.0035,0.7779,0.2186,21.9,Chicago,medium
41.79,-87.71000000000001,3,385,property,0.02857142857142857,0.9949580715848059,property,0.7831,True,0.0034,0.7831,0.2135,21.3,Chicago,medium
41.79,-87.7,0,500,property,0.202,0.8975288926866684,property,0.7839,True,0.0034,0.7839,0.2127,21.3,Chicago,medium
41.79,-87.7,1,388,property,0.16237113402061856,0.9424462091139194,property,0.784,True,0.0034,0.784,0.2125,21.3,Chicago,medium
41.79,-87.7,2,585,property,0.05128205128205128,0.9898594241425243,property,0.7819,True,0.0035,0.7819,0.2146,21.5,Chicago,medium
41.79,-87.7,3,681,property,0.010279001468428781,0.9441654928029966,property,0.781,True,0.0035,0.781,0.2155,21.5,Chicago,medium
41.79,-87.69,0,442,property,0.09049773755656108,0.9568440972192677,property,0.7833,True,0.0034,0.7833,0.2133,21.3,Chicago,medium
41.79,-87.69,1,329,property,0.0972644376899696,0.9696115285033341,property,0.7839,True,0.0034,0.7839,0.2127,21.3,Chicago,medium
41.79,-87.69,2,521,violent,0.044145873320537425,1.0255414101557156,property,0.7199,False,0.0044,0.7199,0.2757,27.6,Chicago,medium
41.79,-87.69,3,554,property,0.032490974729241874,0.9703853958740505,property,0.7721,True,0.0036,0.7721,0.2242,22.4,Chicago,medium
41.79,-87.68,0,209,property,0.2583732057416268,0.897542711229907,property,0.7817,True,0.0035,0.7817,0.2148,21.5,Chicago,medium
41.79,-87.68,1,187,property,0.11764705882352941,0.9435889135923069,property,0.7836,True,0.0034,0.7836,0.2129,21.3,Chicago,medium
41.79,-87.68,2,325,property,0.021538461538461538,0.9725888638947235,property,0.7777,True,0.0035,0.7777,0.2188,21.9,Chicago,medium
41.79,-87.68,3,286,property,0.02097902097902098,0.9657892178693578,property,0.7714,True,0.0036,0.7714,0.2249,22.5,Chicago,medium
41.79,-87.67,0,466,violent,0.03862660944206009,0.9326901518320673,violent,0.5647,True,0.0085,0.4268,0.5647,56.5,Chicago,medium
41.79,-87.67,1,471,violent,0.004246284501061571,0.9988034737139125,property,0.7813,False,0.0035,0.7813,0.2153,21.5,Chicago,medium
41.79,-87.67,2,631,violent,0.14580031695721077,0.9998857657854462,property,0.5257,False,0.0072,0.5257,0.4671,46.7,Chicago,uncertain
41.79,-87.67,3,660,violent,0.05606060606060606,0.8988568959042744,violent,0.5631,True,0.0085,0.4284,0.5631,56.3,Chicago,medium
41.79,-87.66,0,573,property,0.0017452006980802793,0.9169510257341499,violent,0.5676,False,0.0086,0.4239,0.5676,56.8,Chicago,medium
41.79,-87.66,1,541,property,0.033271719038817,0.9666030717026396,property,0.7733,True,0.0036,0.7733,0.2231,22.3,Chicago,medium
41.79,-87.66,2,772,violent,0.13989637305699482,0.9612719290549856,violent,0.5461,True,0.0083,0.4457,0.5461,54.6,Chicago,uncertain
41.79,-87.66,3,731,violent,0.12859097127222982,0.9394930067771644,violent,0.5627,True,0.0085,0.4288,0.5627,56.3,Chicago,medium
41.79,-87.65,0,525,violent,0.06095238095238095,0.9177473115651682,violent,0.5687,True,0.0086,0.4227,0.5687,56.9,Chicago,medium
41.79,-87.65,1,469,property,0.07462686567164178,0.9888433436725599,property,0.7542,True,0.0039,0.7542,0.2419,24.2,Chicago,medium
41.79,-87.65,2,732,violent,0.10792349726775956,0.9980671778761683,violent,0.5636,True,0.0085,0.4279,0.5636,56.4,Chicago,medium
41.79,-87.65,3,681,property,0.02643171806167401,0.9369476660854549,violent,0.5675,False,0.0086,0.424,0.5675,56.7,Chicago,medium
41.79,-87.64,0,177,property,0.03954802259887006,0.9505780040370508,violent,0.5667,False,0.0086,0.4247,0.5667,56.7,Chicago,medium
41.79,-87.64,1,181,violent,0.04419889502762431,0.9978136567106748,property,0.7587,False,0.0038,0.7587,0.2374,23.7,Chicago,medium
41.79,-87.64,2,247,violent,0.044534412955465584,0.9972616013123202,violent,0.5586,True,0.0085,0.433,0.5586,55.9,Chicago,medium
41.79,-87.64,3,231,violent,0.025974025974025976,1.02167878887666,violent,0.5644,True,0.0086,0.4271,0.5644,56.4,Chicago,medium
41.79,-87.63,0,387,violent,0.056847545219638244,0.8412393645505438,violent,0.5677,True,0.0086,0.4237,0.5677,56.8,Chicago,medium
41.79,-87.63,1,346,property,0.08959537572254335,0.9461740655797274,property,0.7824,True,0.0034,0.7824,0.2141,21.4,Chicago,medium
41.79,-87.63,2,499,violent,0.02404809619238477,0.9266920181078887,property,0.5889,False,0.0063,0.5889,0.4048,40.5,Chicago,medium
41.79,-87.63,3,488,violent,0.20491803278688525,0.8748899761064053,violent,0.5667,True,0.0086,0.4247,0.5667,56.7,Chicago,medium
41.79,-87.62,0,950,property,0.02,0.9322275041560654,violent,0.5685,False,0.0086,0.4229,0.5685,56.9,Chicago,medium
41.79,-87.62,1,913,property,0.019715224534501644,0.9869509063189015,property,0.7728,True,0.0036,0.7728,0.2236,22.4,Chicago,medium
41.79,-87.62,2,1241,violent,0.0008058017727639,0.9821341455708774,violent,0.5456,True,0.0083,0.4461,0.5456,54.6,Chicago,uncertain
41.79,-87.62,3,1398,property,0.033619456366237484,0.9270224229736457,violent,0.5652,False,0.0085,0.4263,0.5652,56.5,Chicago,medium
41.79,-87.61,0,123,property,0.12195121951219512,0.8807058582336988,property,0.7438,True,0.0041,0.7438,0.2522,25.2,Chicago,medium
41.79,-87.61,1,207,property,0.25120772946859904,0.8853340991427978,property,0.7834,True,0.0035,0.7834,0.2132,21.3,Chicago,medium
41.79,-87.61,2,263,property,0.1520912547528517,0.889952474236559,property,0.7828,True,0.0034,0.7828,0.2137,21.4,Chicago,medium
41.79,-87.61,3,247,property,0.340080971659919,0.7825041572759306,property,0.684,True,0.0049,0.684,0.3111,31.1,Chicago,medium
41.79,-87.60000000000001,0,97,other,0.13402061855670103,1.0691355315648412,property,0.7836,False,0.0034,0.7836,0.2129,21.3,Chicago,medium
41.79,-87.60000000000001,1,149,property,0.4429530201342282,0.9142883784259762,property,0.784,True,0.0035,0.784,0.2125,21.2,Chicago,medium
41.79,-87.60000000000001,2,176,property,0.3125,0.9915317221025342,property,0.7842,True,0.0035,0.7842,0.2124,21.2,Chicago,medium
41.79,-87.60000000000001,3,128,property,0.125,1.056799444665715,property,0.7834,True,0.0034,0.7834,0.2132,21.3,Chicago,medium
41.79,-87.59,0,153,property,0.37254901960784315,0.7572510206732957,property,0.784,True,0.0034,0.784,0.2126,21.3,Chicago,medium
41.79,-87.59,1,204,property,0.4068627450980392,0.7946549595308638,property,0.7848,True,0.0035,0.7848,0.2117,21.2,Chicago,medium
41.79,-87.59,2,284,property,0.41901408450704225,0.8767188364168426,property,0.7845,True,0.0034,0.7845,0.2121,21.2,Chicago,medium
41.79,-87.59,3,231,property,0.4025974025974026,0.7906426992235575,property,0.7842,True,0.0034,0.7842,0.2124,21.2,Chicago,medium
41.79,-87.58,0,131,property,0.17557251908396945,0.941621698480224,property,0.7456,True,0.004,0.7456,0.2503,25.0,Chicago,medium
41.79,-87.58,1,221,property,0.665158371040724,0.5712282444043121,property,0.7841,True,0.0034,0.7841,0.2125,21.2,Chicago,medium
41.79,-87.58,2,333,property,0.4984984984984985,0.7659430294979679,property,0.7843,True,0.0034,0.7843,0.2123,21.2,Chicago,medium
41.79,-87.58,3,211,property,0.1990521327014218,0.8788274880754087,property,0.7838,True,0.0034,0.7838,0.2128,21.3,Chicago,medium
41.800000000000004,-87.8,0,29,property,0.4482758620689655,0.8762587657102581,property,0.7847,True,0.0035,0.7847,0.2118,21.2,Chicago,medium
41.800000000000004,-87.8,1,16,property,0.125,1.0717300941124526,property,0.7836,True,0.0036,0.7836,0.2128,21.3,Chicago,medium
41.800000000000004,-87.8,2,26,property,0.4230769230769231,0.9328735118608089,property,0.7806,True,0.0036,0.7806,0.2157,21.6,Chicago,medium
41.800000000000004,-87.8,3,21,property,0.14285714285714285,1.0789922078775833,property,0.7841,True,0.0035,0.7841,0.2124,21.2,Chicago,medium
41.800000000000004,-87.79,0,34,property,0.3235294117647059,0.9458647531668585,property,0.7854,True,0.0035,0.7854,0.2111,21.1,Chicago,medium
41.800000000000004,-87.79,1,41,violent,0.04878048780487805,1.0304139632566331,property,0.784,False,0.0036,0.784,0.2124,21.2,Chicago,medium
41.800000000000004,-87.79,2,67,property,0.14925373134328357,1.012484194084304,property,0.7843,True,0.0035,0.7843,0.2123,21.2,Chicago,medium
41.800000000000004,-87.79,3,45,property,0.37777777777777777,0.8507594606249129,property,0.7849,True,0.0034,0.7849,0.2117,21.2,Chicago,medium
41.800000000000004,-87.78,0,47,property,0.5531914893617021,0.8155201205362663,property,0.7854,True,0.0035,0.7854,0.2111,21.1,Chicago,medium
41.800000000000004,-87.78,1,46,property,0.41304347826086957,0.8621205483843724,property,0.7849,True,0.0035,0.7849,0.2116,21.2,Chicago,medium
41.800000000000004,-87.78,2,67,property,0.1044776119402985,1.0701264611920527,property,0.7847,True,0.0035,0.7847,0.2118,21.2,Chicago,medium
41.800000000000004,-87.78,3,58,property,0.08620689655172414,0.9735556951211893,property,0.7848,True,0.0035,0.7848,0.2117,21.2,Chicago,medium
41.800000000000004,-87.77,0,52,property,0.4807692307692308,0.8534667161687903,property,0.785,True,0.0035,0.785,0.2116,21.2,Chicago,medium
41.800000000000004,-87.77,1,30,property,0.43333333333333335,0.9097944822721153,property,0.7848,True,0.0035,0.7848,0.2118,21.2,Chicago,medium
41.800000000000004,-87.77,2,60,property,0.31666666666666665,0.951450847155568,property,0.785,True,0.0035,0.785,0.2115,21.2,Chicago,medium
41.800000000000004,-87.77,3,83,property,0.43373493975903615,0.9015581991915607,property,0.785,True,0.0034,0.785,0.2115,21.2,Chicago,medium
41.800000000000004,-87.76,0,105,property,0.3142857142857143,0.8858844301194377,property,0.784,True,0.0034,0.784,0.2126,21.3,Chicago,medium
41.800000000000004,-87.76,1,80,property,0.1125,0.9597291009285945,property,0.7845,True,0.0034,0.7845,0.2121,21.2,Chicago,medium
41.800000000000004,-87.76,2,167,property,0.08982035928143713,1.0004597429061899,property,0.7841,True,0.0034,0.7841,0.2125,21.3,Chicago,medium
41.800000000000004,-87.76,3,139,property,0.2949640287769784,0.8264939917572764,property,0.7843,True,0.0034,0.7843,0.2123,21.2,Chicago,medium
41.800000000000004,-87.75,0,156,property,0.23717948717948717,0.9115607297564099,property,0.7844,True,0.0034,0.7844,0.2122,21.2,Chicago,medium
41.800000000000004,-87.75,1,96,property,0.16666666666666666,0.9394925628114762,property,0.7845,True,0.0034,0.7845,0.2121,21.2,Chicago,medium
41.800000000000004,-87.75,2,130,property,0.2923076923076923,0.9899228324982274,property,0.7843,True,0.0034,0.7843,0.2123,21.2,Chicago,medium
41.800000000000004,-87.75,3,186,property,0.2903225806451613,0.7959922308391547,property,0.7842,True,0.0034,0.7842,0.2124,21.2,Chicago,medium
41.800000000000004,-87.74,0,198,property,0.3787878787878788,0.7451180422674001,property,0.7841,True,0.0034,0.7841,0.2125,21.2,Chicago,medium
41.800000000000004,-87.74,1,174,property,0.3850574712643678,0.8244121840171428,property,0.7846,True,0.0034,0.7846,0.212,21.2,Chicago,medium
41.800000000000004,-87.74,2,273,property,0.11355311355311355,0.9344807357595368,property,0.7843,True,0.0034,0.7843,0.2123,21.2,Chicago,medium
41.800000000000004,-87.74,3,290,property,0.23448275862068965,0.8664509212769113,property,0.7843,True,0.0034,0.7843,0.2123,21.2,Chicago,medium
41.800000000000004,-87.73,0,187,property,0.17647058823529413,0.908851957346335,property,0.7843,True,0.0034,0.7843,0.2123,21.2,Chicago,medium
41.800000000000004,-87.73,1,162,property,0.13580246913580246,0.9990709197141523,property,0.7847,True,0.0034,0.7847,0.2119,21.2,Chicago,medium
41.800000000000004,-87.73,2,253,property,0.1225296442687747,0.9327189920836434,property,0.7841,True,0.0034,0.7841,0.2125,21.3,Chicago,medium
41.800000000000004,-87.73,3,281,property,0.11743772241992882,0.9703159423242225,property,0.7841,True,0.0034,0.7841,0.2125,21.2,Chicago,medium
41.800000000000004,-87.72,0,204,property,0.3431372549019608,0.8926584794768756,property,0.7841,True,0.0034,0.7841,0.2125,21.2,Chicago,medium
41.800000000000004,-87.72,1,272,property,0.09558823529411764,0.9371093652451613,property,0.7846,True,0.0034,0.7846,0.2119,21.2,Chicago,medium
41.800000000000004,-87.72,2,461,violent,0.0021691973969631237,0.9206721634662378,property,0.7841,False,0.0034,0.7841,0.2125,21.3,Chicago,medium
41.800000000000004,-87.72,3,291,property,0.14432989690721648,0.9367794236133911,property,0.7841,True,0.0034,0.7841,0.2125,21.3,Chicago,medium
41.800000000000004,-87.71000000000001,0,118,property,0.11016949152542373,0.9789366611784626,property,0.784,True,0.0034,0.784,0.2126,21.3,Chicago,medium
41.800000000000004,-87.71000000000001,1,130,property,0.03076923076923077,0.9596331348470591,property,0.7841,True,0.0034,0.7841,0.2125,21.2,Chicago,medium
41.800000000000004,-87.71000000000001,2,194,violent,0.05670103092783505,1.0719030475644322,property,0.7749,False,0.0036,0.7749,0.2214,22.1,Chicago,medium
41.800000000000004,-87.71000000000001,3,200,property,0.075,0.9670964921692853,property,0.7839,True,0.0034,0.7839,0.2127,21.3,Chicago,medium
41.800000000000004,-87.7,0,275,property,0.08363636363636363,0.8995966091408103,property,0.784,True,0.0034,0.784,0.2126,21.3,Chicago,medium
41.800000000000004,-87.7,1,258,property,0.2131782945736434,0.9301688206450057,property,0.7844,True,0.0034,0.7844,0.2122,21.2,Chicago,medium
41.800000000000004,-87.7,2,449,property,0.1759465478841871,0.9477717750018295,property,0.7843,True,0.0034,0.7843,0.2123,21.2,Chicago,medium
41.800000000000004,-87.7,3,459,property,0.08714596949891068,0.8809258335607287,property,0.7839,True,0.0034,0.7839,0.2127,21.3,Chicago,medium
41.800000000000004,-87.69,0,250,property,0.032,0.9763125636913813,property,0.7839,True,0.0034,0.7839,0.2127,21.3,Chicago,medium
41.800000000000004,-87.69,1,218,violent,0.01834862385321101,1.0177572751741637,property,0.7839,False,0.0034,0.7839,0.2127,21.3,Chicago,medium
41.800000000000004,-87.69,2,342,property,0.11403508771929824,0.9838120214425246,property,0.7822,True,0.0035,0.7822,0.2144,21.4,Chicago,medium
41.800000000000004,-87.69,3,374,property,0.016042780748663103,0.9430640737152803,property,0.7837,True,0.0034,0.7837,0.2129,21.3,Chicago,medium
41.800000000000004,-87.68,0,288,violent,0.10069444444444445,0.9730847847175368,property,0.7771,False,0.0036,0.7771,0.2194,21.9,Chicago,medium
41.800000000000004,-87.68,1,240,property,0.016666666666666666,1.0027669783234219,property,0.7839,True,0.0034,0.7839,0.2126,21.3,Chicago,medium
41.800000000000004,-87.68,2,330,violent,0.051515151515151514,1.0087379636281166,property,0.7836,False,0.0034,0.7836,0.213,21.3,Chicago,medium
41.800000000000004,-87.68,3,345,violent,0.08985507246376812,0.9508363219933,property,0.772,False,0.0036,0.772,0.2243,22.4,Chicago,medium
41.800000000000004,-87.67,0,492,violent,0.13008130081300814,0.9230541613937195,violent,0.554,True,0.0084,0.4376,0.554,55.4,Chicago,medium
41.800000000000004,-87.67,1,398,violent,0.04271356783919598,0.9523829088391391,property,0.7789,False,0.0035,0.7789,0.2176,21.8,Chicago,medium
41.800000000000004,-87.67,2,571,violent,0.10332749562171628,0.9949648336630202,violent,0.5582,True,0.0084,0.4334,0.5582,55.8,Chicago,medium
41.800000000000004,-87.67,3,652,violent,0.11042944785276074,0.961345878180739,violent,0.56,True,0.0085,0.4316,0.56,56.0,Chicago,medium
41.800000000000004,-87.66,0,332,property,0.009036144578313253,0.9653803631239378,violent,0.5656,False,0.0086,0.4259,0.5656,56.6,Chicago,medium
41.800000000000004,-87.66,1,331,violent,0.03323262839879154,0.9922895172804733,property,0.7189,False,0.0044,0.7189,0.2767,27.7,Chicago,medium
41.800000000000004,-87.66,2,541,violent,0.10166358595194085,0.9782160517794793,violent,0.561,True,0.0085,0.4305,0.561,56.1,Chicago,medium
41.800000000000004,-87.66,3,548,violent,0.15145985401459855,0.9137261880367811,violent,0.5645,True,0.0085,0.427,0.5645,56.4,Chicago,medium
41.800000000000004,-87.65,0,387,violent,0.007751937984496124,0.9461432898141923,violent,0.5537,True,0.0084,0.4379,0.5537,55.4,Chicago,medium
41.800000000000004,-87.65,1,291,violent,0.054982817869415807,1.0003086996123607,property,0.7757,False,0.0036,0.7757,0.2208,22.1,Chicago,medium
41.800000000000004,-87.65,2,456,violent,0.06359649122807018,0.9915814895253099,violent,0.5588,True,0.0085,0.4328,0.5588,55.9,Chicago,medium
41.800000000000004,-87.65,3,545,violent,0.09541284403669725,0.9339915480763487,violent,0.5638,True,0.0085,0.4277,0.5638,56.4,Chicago,medium
41.800000000000004,-87.64,0,81,property,0.07407407407407407,0.8791303096208759,property,0.5737,True,0.0065,0.5737,0.4198,42.0,Chicago,medium
41.800000000000004,-87.64,1,82,property,0.18292682926829268,1.000450210715249,property,0.7492,True,0.004,0.7492,0.2468,24.7,Chicago,medium
41.800000000000004,-87.64,2,127,property,0.14173228346456693,0.9996072407381714,violent,0.5618,False,0.0085,0.4297,0.5618,56.2,Chicago,medium
41.800000000000004,-87.64,3,114,violent,0.08771929824561403,0.8944539267391467,violent,0.5625,True,0.0085,0.429,0.5625,56.2,Chicago,medium
41.800000000000004,-87.63,0,157,property,0.12738853503184713,0.9689500719757316,violent,0.5642,False,0.0086,0.4272,0.5642,56.4,Chicago,medium
41.800000000000004,-87.63,1,189,property,0.10582010582010581,0.9726906180572308,violent,0.5009,False,0.0077,0.4914,0.5009,50.1,Chicago,uncertain
41.800000000000004,-87.63,2,324,violent,0.0030864197530864196,0.9926673161520594,property,0.6029,False,0.0061,0.6029,0.391,39.1,Chicago,medium
41.800000000000004,-87.63,3,224,property,0.125,0.9235355727769134,violent,0.5584,False,0.0085,0.4331,0.5584,55.8,Chicago,medium
41.800000000000004,-87.62,0,645,property,0.07596899224806201,0.9624257954898731,violent,0.5666,False,0.0086,0.4249,0.5666,56.7,Chicago,medium
41.800000000000004,-87.62,1,665,property,0.11729323308270677,0.9788591541512497,property,0.751,True,0.0039,0.751,0.245,24.5,Chicago,medium
41.800000000000004,-87.62,2,897,property,0.054626532887402456,0.9785786706613955,violent,0.5504,False,0.0083,0.4412,0.5504,55.0,Chicago,medium
41.800000000000004,-87.62,3,896,property,0.013392857142857142,0.9320426634632819,violent,0.5645,False,0.0085,0.427,0.5645,56.4,Chicago,medium
41.800000000000004,-87.61,0,282,property,0.06028368794326241,0.9511111140383116,property,0.738,True,0.0041,0.738,0.2578,25.8,Chicago,medium
41.800000000000004,-87.61,1,377,property,0.21750663129973474,0.9738978633606077,property,0.7812,True,0.0035,0.7812,0.2153,21.5,Chicago,medium
41.800000000000004,-87.61,2,504,property,0.14484126984126985,0.8858932230554035,property,0.7759,True,0.0036,0.7759,0.2206,22.1,Chicago,medium
41.800000000000004,-87.61,3,431,property,0.17865429234338748,0.871360176835799,property,0.7594,True,0.0038,0.7594,0.2368,23.7,Chicago,medium
41.800000000000004,-87.60000000000001,0,389,property,0.30077120822622105,0.8785503988799748,property,0.7839,True,0.0034,0.7839,0.2127,21.3,Chicago,medium
41.800000000000004,-87.60000000000001,1,451,property,0.37915742793791574,0.8921577038779605,property,0.7842,True,0.0034,0.7842,0.2124,21.2,Chicago,medium
41.800000000000004,-87.60000000000001,2,738,property,0.4254742547425474,0.8074035638423439,property,0.7839,True,0.0034,0.7839,0.2127,21.3,Chicago,medium
41.800000000000004,-87.60000000000001,3,653,property,0.4104134762633997,0.8025611582456619,property,0.7839,True,0.0034,0.7839,0.2127,21.3,Chicago,medium
41.800000000000004,-87.59,0,711,property,0.29254571026722925,0.8646022541003289,property,0.7804,True,0.0035,0.7804,0.2161,21.6,Chicago,medium
41.800000000000004,-87.59,1,911,property,0.3754116355653128,0.8617183122582748,property,0.784,True,0.0034,0.784,0.2126,21.3,Chicago,medium
41.800000000000004,-87.59,2,1662,property,0.37484957882069797,0.8212458457641602,property,0.7839,True,0.0034,0.7839,0.2127,21.3,Chicago,medium
41.800000000000004,-87.59,3,1233,property,0.2441200324412003,0.8561326390511805,property,0.7838,True,0.0034,0.7838,0.2128,21.3,Chicago,medium
41.800000000000004,-87.58,0,181,property,0.40331491712707185,0.8692520603552137,property,0.783,True,0.0034,0.783,0.2136,21.4,Chicago,medium
41.800000000000004,-87.58,1,186,property,0.5268817204301075,0.7651088536396604,property,0.7845,True,0.0034,0.7845,0.2121,21.2,Chicago,medium
41.800000000000004,-87.58,2,285,property,0.40350877192982454,0.8202297531905316,property,0.7842,True,0.0034,0.7842,0.2124,21.2,Chicago,medium
41.800000000000004,-87.58,3,319,property,0.3824451410658307,0.741379889896185,property,0.7839,True,0.0034,0.7839,0.2127,21.3,Chicago,medium
41.81,-87.75,0,133,property,0.3609022556390977,0.848197492354872,property,0.6654,True,0.0052,0.6654,0.3294,32.9,Chicago,medium
41.81,-87.75,1,107,property,0.27102803738317754,0.9474675520434308,property,0.5358,True,0.0071,0.5358,0.457,45.7,Chicago,uncertain
41.81,-87.75,2,185,property,0.1891891891891892,0.8892725150553985,violent,0.5485,False,0.0083,0.4432,0.5485,54.8,Chicago,uncertain
41.81,-87.75,3,186,property,0.26881720430107525,0.9188084338627288,violent,0.5132,False,0.0079,0.4789,0.5132,51.3,Chicago,uncertain
41.81,-87.74,0,194,property,0.19072164948453607,0.9403976852967968,property,0.7809,True,0.0035,0.7809,0.2156,21.6,Chicago,medium
41.81,-87.74,1,143,property,0.055944055944055944,0.909321225944992,property,0.7841,True,0.0034,0.7841,0.2125,21.2,Chicago,medium
41.81,-87.74,2,155,property,0.03870967741935484,1.0093141262982923,property,0.7787,True,0.0035,0.7787,0.2178,21.8,Chicago,medium
41.81,-87.74,3,182,property,0.06043956043956044,0.9367358958362926,property,0.7485,True,0.004,0.7485,0.2475,24.7,Chicago,medium
41.81,-87.73,0,214,property,0.21962616822429906,0.9190717181533002,property,0.7842,True,0.0034,0.7842,0.2124,21.2,Chicago,medium
41.81,-87.73,1,118,property,0.2457627118644068,0.9697822416131898,property,0.7846,True,0.0034,0.7846,0.212,21.2,Chicago,medium
41.81,-87.73,2,188,property,0.005319148936170213,0.9929671999265381,property,0.7841,True,0.0034,0.7841,0.2125,21.3,Chicago,medium
41.81,-87.73,3,222,property,0.10810810810810811,0.9410537456875239,property,0.7843,True,0.0034,0.7843,0.2123,21.2,Chicago,medium
41.81,-87.72,0,223,property,0.3094170403587444,0.8139023085332487,property,0.7838,True,0.0034,0.7838,0.2128,21.3,Chicago,medium
41.81,-87.72,1,203,property,0.31527093596059114,0.8507695003954077,property,0.7847,True,0.0034,0.7847,0.2119,21.2,Chicago,medium
41.81,-87.72,2,410,property,0.36341463414634145,0.8435037862639183,property,0.7844,True,0.0034,0.7844,0.2122,21.2,Chicago,medium
41.81,-87.72,3,343,property,0.26822157434402333,0.8745935733718069,property,0.7843,True,0.0034,0.7843,0.2123,21.2,Chicago,medium
41.81,-87.71000000000001,0,199,property,0.24623115577889448,0.9660793360981432,property,0.7841,True,0.0034,0.7841,0.2125,21.3,Chicago,medium
41.81,-87.71000000000001,1,152,property,0.17105263157894737,1.0023712005829544,property,0.7846,True,0.0034,0.7846,0.212,21.2,Chicago,medium
41.81,-87.71000000000001,2,276,property,0.06884057971014493,0.9997642818630055,property,0.784,True,0.0034,0.784,0.2126,21.3,Chicago,medium
41.81,-87.71000000000001,3,280,property,0.09642857142857143,0.949020569741305,property,0.784,True,0.0034,0.784,0.2126,21.3,Chicago,medium
41.81,-87.7,0,302,property,0.029801324503311258,0.9207938685593269,property,0.7839,True,0.0034,0.7839,0.2127,21.3,Chicago,medium
41.81,-87.7,1,296,property,0.030405405405405407,0.9910004935552292,property,0.7842,True,0.0034,0.7842,0.2123,21.2,Chicago,medium
41.81,-87.7,2,485,violent,0.016494845360824743,0.9679589936569686,property,0.784,False,0.0034,0.784,0.2126,21.3,Chicago,medium
41.81,-87.7,3,461,violent,0.03036876355748373,0.916418178959721,property,0.7838,False,0.0034,0.7838,0.2128,21.3,Chicago,medium
41.81,-87.69,0,337,property,0.02967359050445104,0.9931268118299887,property,0.7838,True,0.0034,0.7838,0.2127,21.3,Chicago,medium
41.81,-87.69,1,249,violent,0.11244979919678715,1.0029648603595127,property,0.7841,False,0.0034,0.7841,0.2124,21.2,Chicago,medium
41.81,-87.69,2,413,violent,0.15980629539951574,0.9943968750375843,property,0.784,False,0.0034,0.784,0.2126,21.3,Chicago,medium
41.81,-87.69,3,486,violent,0.04526748971193416,0.9193431724833616,property,0.7805,False,0.0035,0.7805,0.216,21.6,Chicago,medium
41.81,-87.68,0,135,violent,0.05925925925925926,0.8899848829891097,property,0.782,False,0.0035,0.782,0.2145,21.5,Chicago,medium
41.81,-87.68,1,229,property,0.17467248908296942,0.8895734681715167,property,0.7843,True,0.0034,0.7843,0.2122,21.2,Chicago,medium
41.81,-87.68,2,434,property,0.16129032258064516,0.8825580327813062,property,0.7843,True,0.0035,0.7843,0.2122,21.2,Chicago,medium
41.81,-87.68,3,365,property,0.23835616438356164,0.7993949831007702,property,0.7842,True,0.0034,0.7842,0.2124,21.2,Chicago,medium
41.81,-87.67,0,611,violent,0.10310965630114566,0.9300990752404448,property,0.582,False,0.0064,0.582,0.4116,41.2,Chicago,medium
41.81,-87.67,1,531,violent,0.003766478342749529,0.9542189561789576,property,0.7837,False,0.0034,0.7837,0.2128,21.3,Chicago,medium
41.81,-87.67,2,899,violent,0.06674082313681869,0.9788037851014393,property,0.7752,False,0.0036,0.7752,0.2212,22.1,Chicago,medium
41.81,-87.67,3,1016,violent,0.17224409448818898,0.9064944375993206,property,0.4996,False,0.0076,0.4996,0.4928,49.3,Chicago,uncertain
41.81,-87.66,0,368,violent,0.07336956521739131,0.9298127942580419,property,0.7288,False,0.0043,0.7288,0.2669,26.7,Chicago,medium
41.81,-87.66,1,315,violent,0.13968253968253969,1.0233556963309167,property,0.784,False,0.0034,0.784,0.2126,21.3,Chicago,medium
41.81,-87.66,2,465,violent,0.15483870967741936,0.9433765634564404,property,0.7819,False,0.0034,0.7819,0.2147,21.5,Chicago,medium
41.81,-87.66,3,437,violent,0.16018306636155608,0.951838683483786,property,0.7682,False,0.0037,0.7682,0.2281,22.8,Chicago,medium
41.81,-87.65,0,58,property,0.4827586206896552,0.7648227721609683,property,0.7834,True,0.0034,0.7834,0.2132,21.3,Chicago,medium
41.81,-87.65,1,130,property,0.18461538461538463,0.8924309118196193,property,0.784,True,0.0034,0.784,0.2126,21.3,Chicago,medium
41.81,-87.65,2,279,property,0.4229390681003584,0.7520566923108187,property,0.7836,True,0.0035,0.7836,0.213,21.3,Chicago,medium
41.81,-87.65,3,152,property,0.2894736842105263,0.8179174146737347,property,0.7835,True,0.0034,0.7835,0.2131,21.3,Chicago,medium
41.81,-87.64,0,179,property,0.4245810055865922,0.8375985013488507,property,0.7828,True,0.0034,0.7828,0.2138,21.4,Chicago,medium
41.81,-87.64,1,143,violent,0.006993006993006993,1.0008846088721626,violent,0.5034,True,0.0078,0.4888,0.5034,50.3,Chicago,uncertain
41.81,-87.64,2,220,violent,0.05909090909090909,0.9254151126025129,violent,0.564,True,0.0085,0.4274,0.564,56.4,Chicago,medium
41.81,-87.64,3,246,property,0.14227642276422764,0.900564802906243,property,0.7348,True,0.0042,0.7348,0.261,26.1,Chicago,medium
41.81,-87.63,0,185,violent,0.1837837837837838,0.8593386982948656,violent,0.5637,True,0.0086,0.4277,0.5637,56.4,Chicago,medium
41.81,-87.63,1,185,property,0.06486486486486487,0.965889096818675,property,0.7582,True,0.0039,0.7582,0.238,23.8,Chicago,medium
41.81,-87.63,2,302,violent,0.24503311258278146,0.8825273418448661,violent,0.5672,True,0.0086,0.4242,0.5672,56.7,Chicago,medium
41.81,-87.63,3,281,violent,0.08540925266903915,0.8897894792568735,violent,0.5668,True,0.0086,0.4246,0.5668,56.7,Chicago,medium
41.81,-87.62,0,813,property,0.1820418204182042,0.9185407691228842,violent,0.5603,False,0.0085,0.4313,0.5603,56.0,Chicago,medium
41.81,-87.62,1,749,property,0.19759679572763686,0.9662037180821066,property,0.7833,True,0.0034,0.7833,0.2133,21.3,Chicago,medium
41.81,-87.62,2,1157,property,0.15643906655142611,0.9407066763050146,property,0.6502,True,0.0054,0.6502,0.3444,34.4,Chicago,medium
41.81,-87.62,3,1191,property,0.20486985726280438,0.8959369841886418,violent,0.5529,False,0.0084,0.4387,0.5529,55.3,Chicago,medium
41.81,-87.61,0,575,property,0.24521739130434783,0.9059510938847052,property,0.6934,True,0.0048,0.6934,0.3018,30.2,Chicago,medium
41.81,-87.61,1,638,property,0.23667711598746083,0.9455398454303224,property,0.7831,True,0.0034,0.7831,0.2134,21.3,Chicago,medium
41.81,-87.61,2,921,property,0.13897937024972856,0.9579891914134272,property,0.7617,True,0.0038,0.7617,0.2345,23.5,Chicago,medium
41.81,-87.61,3,787,property,0.21601016518424396,0.8727355452582211,property,0.5355,True,0.0071,0.5355,0.4574,45.7,Chicago,uncertain
41.81,-87.60000000000001,0,635,property,0.17480314960629922,0.9507449706510562,property,0.5497,True,0.0069,0.5497,0.4434,44.3,Chicago,uncertain
41.81,-87.60000000000001,1,742,property,0.1752021563342318,1.0076024927902651,property,0.7831,True,0.0034,0.7831,0.2134,21.3,Chicago,medium
41.81,-87.60000000000001,2,969,property,0.15376676986584106,0.9733227955166011,property,0.7755,True,0.0036,0.7755,0.2209,22.1,Chicago,medium
41.81,-87.60000000000001,3,975,property,0.19179487179487179,0.9165924643185438,property,0.7451,True,0.004,0.7451,0.2509,25.1,Chicago,medium
41.81,-87.59,0,222,property,0.23423423423423423,0.8722709079928839,property,0.783,True,0.0035,0.783,0.2136,21.4,Chicago,medium
41.81,-87.59,1,272,property,0.30514705882352944,0.9245000781611423,property,0.7844,True,0.0034,0.7844,0.2122,21.2,Chicago,medium
41.81,-87.59,2,355,property,0.22253521126760564,0.8873362284460831,property,0.784,True,0.0034,0.784,0.2126,21.3,Chicago,medium
41.81,-87.59,3,374,property,0.3235294117647059,0.8025469436463213,property,0.7839,True,0.0034,0.7839,0.2127,21.3,Chicago,medium
41.81,-87.58,0,14,property,0.2857142857142857,0.9556998911125343,property,0.782,True,0.0035,0.782,0.2145,21.4,Chicago,medium
41.81,-87.58,1,10,property,0.6,0.5004024447610512,property,0.7742,True,0.0037,0.7742,0.2222,22.2,Chicago,medium
41.81,-87.58,2,6,violent,0.16666666666666666,1.0114042647073518,property,0.7833,False,0.0035,0.7833,0.2132,21.3,Chicago,medium
41.81,-87.58,3,17,property,0.8235294117647058,0.4437572842601484,property,0.7839,True,0.0035,0.7839,0.2126,21.3,Chicago,medium
41.82,-87.74,0,12,property,0.3333333333333333,0.9596147939120492,property,0.7705,True,0.0037,0.7705,0.2258,22.6,Chicago,medium
41.82,-87.74,1,6,property,0.5,0.8675632284814613,property,0.7827,True,0.0035,0.7827,0.2138,21.4,Chicago,medium
41.82,-87.74,2,17,violent,0.058823529411764705,0.9718487712358765,property,0.7839,False,0.0034,0.7839,0.2127,21.3,Chicago,medium
41.82,-87.74,3,14,property,0.14285714285714285,0.6829081257408294,property,0.7838,True,0.0034,0.7838,0.2128,21.3,Chicago,medium
41.82,-87.73,0,6,violent,0.6666666666666666,0.4505612301390093,property,0.7842,False,0.0035,0.7842,0.2123,21.2,Chicago,medium
41.82,-87.73,1,23,property,0.17391304347826086,0.8259567010149779,property,0.7848,True,0.0035,0.7848,0.2117,21.2,Chicago,medium
41.82,-87.73,2,15,property,0.8,0.48509409130221154,property,0.7848,True,0.0034,0.7848,0.2118,21.2,Chicago,medium
41.82,-87.73,3,5,property,0.6,0.5004024447610512,property,0.7843,True,0.0035,0.7843,0.2122,21.2,Chicago,medium
41.82,-87.72,0,33,property,0.3333333333333333,0.6365141893815645,property,0.7839,True,0.0035,0.7839,0.2126,21.3,Chicago,medium
41.82,-87.72,1,54,property,0.42592592592592593,0.7696025234447512,property,0.7848,True,0.0034,0.7848,0.2118,21.2,Chicago,medium
41.82,-87.72,2,185,property,0.6972972972972973,0.5343387807065829,property,0.7852,True,0.0035,0.7852,0.2113,21.1,Chicago,medium
41.82,-87.72,3,82,property,0.573170731707317,0.6423930986726996,property,0.7842,True,0.0034,0.7842,0.2124,21.2,Chicago,medium
41.82,-87.71000000000001,0,74,property,0.0945945945945946,0.9738856060412822,property,0.7819,True,0.0035,0.7819,0.2146,21.5,Chicago,medium
41.82,-87.71000000000001,1,53,violent,0.22641509433962265,0.962035744458714,property,0.7838,False,0.0034,0.7838,0.2128,21.3,Chicago,medium
41.82,-87.71000000000001,2,77,violent,0.012987012987012988,0.9891708985383099,property,0.784,False,0.0034,0.784,0.2126,21.3,Chicago,medium
41.82,-87.71000000000001,3,73,violent,0.2602739726027397,0.8828504860998676,property,0.7754,False,0.0036,0.7754,0.221,22.1,Chicago,medium
41.82,-87.7,0,368,violent,0.01358695652173913,0.9576088153963752,property,0.7803,False,0.0035,0.7803,0.2162,21.6,Chicago,medium
41.82,-87.7,1,263,violent,0.053231939163498096,1.0084261361858704,property,0.7842,False,0.0034,0.7842,0.2124,21.2,Chicago,medium
41.82,-87.7,2,398,violent,0.06030150753768844,0.9997398726106559,property,0.7776,False,0.0035,0.7776,0.2189,21.9,Chicago,medium
41.82,-87.7,3,454,violent,0.10792951541850221,0.9127137137931147,property,0.7787,False,0.0035,0.7787,0.2178,21.8,Chicago,medium
41.82,-87.69,0,341,property,0.03225806451612903,1.013841878498066,property,0.7839,True,0.0034,0.7839,0.2126,21.3,Chicago,medium
41.82,-87.69,1,293,property,0.10238907849829351,1.0284022482494126,property,0.7844,True,0.0034,0.7844,0.2122,21.2,Chicago,medium
41.82,-87.69,2,485,violent,0.004123711340206186,0.9842301215062882,property,0.7452,False,0.004,0.7452,0.2508,25.1,Chicago,medium
41.82,-87.69,3,513,violent,0.023391812865497075,0.9356064881331824,property,0.7805,False,0.0035,0.7805,0.216,21.6,Chicago,medium
41.82,-87.68,0,56,property,0.10714285714285714,0.8947602000126893,property,0.7836,True,0.0034,0.7836,0.2129,21.3,Chicago,medium
41.82,-87.68,1,63,violent,0.15873015873015872,0.9894600587804188,property,0.7843,False,0.0034,0.7843,0.2123,21.2,Chicago,medium
41.82,-87.68,2,121,property,0.024793388429752067,0.920708630629959,property,0.7841,True,0.0034,0.7841,0.2125,21.3,Chicago,medium
41.82,-87.68,3,69,violent,0.2028985507246377,0.9966215225815349,property,0.7839,False,0.0034,0.7839,0.2127,21.3,Chicago,medium
41.82,-87.67,0,177,property,0.0903954802259887,0.8785414183984691,property,0.784,True,0.0034,0.784,0.2126,21.3,Chicago,medium
41.82,-87.67,1,179,property,0.0782122905027933,0.9196707307685936,property,0.7845,True,0.0034,0.7845,0.2121,21.2,Chicago,medium
41.82,-87.67,2,274,violent,0.0,0.9521825673131783,property,0.7841,False,0.0034,0.7841,0.2125,21.2,Chicago,medium
41.82,-87.67,3,226,violent,0.14601769911504425,0.8620133723363071,property,0.7811,False,0.0035,0.7811,0.2155,21.5,Chicago,medium
41.82,-87.66,0,13,property,0.5384615384615384,0.5402041635719225,property,0.7844,True,0.0035,0.7844,0.2121,21.2,Chicago,medium
41.82,-87.66,1,31,property,0.45161290322580644,0.8258523947566494,property,0.7844,True,0.0035,0.7844,0.2121,21.2,Chicago,medium
41.82,-87.66,2,46,property,0.2826086956521739,0.9159981886868991,property,0.7847,True,0.0035,0.7847,0.2118,21.2,Chicago,medium
41.82,-87.66,3,7,property,0.2857142857142857,0.9556998911125343,property,0.7843,True,0.0034,0.7843,0.2123,21.2,Chicago,medium
41.82,-87.65,0,31,property,0.16129032258064516,0.8736710429518698,property,0.7838,True,0.0034,0.7838,0.2128,21.3,Chicago,medium
41.82,-87.65,1,56,property,0.017857142857142856,1.0224109748289507,property,0.7844,True,0.0034,0.7844,0.2122,21.2,Chicago,medium
41.82,-87.65,2,61,property,0.21311475409836064,0.865213313837377,property,0.7843,True,0.0034,0.7843,0.2122,21.2,Chicago,medium
41.82,-87.65,3,22,property,0.09090909090909091,0.9302168370888639,property,0.7842,True,0.0034,0.7842,0.2124,21.2,Chicago,medium
41.82,-87.64,0,148,property,0.34459459459459457,0.754565931091838,property,0.7835,True,0.0034,0.7835,0.2131,21.3,Chicago,medium
41.82,-87.64,1,134,property,0.27611940298507465,0.9578474218540476,property,0.7836,True,0.0034,0.7836,0.2129,21.3,Chicago,medium
41.82,-87.64,2,180,property,0.2777777777777778,0.9208245874157344,property,0.7836,True,0.0034,0.7836,0.213,21.3,Chicago,medium
41.82,-87.64,3,204,property,0.23529411764705882,0.9420556408095728,property,0.7835,True,0.0034,0.7835,0.2131,21.3,Chicago,medium
41.82,-87.63,0,335,property,0.008955223880597015,0.9013108776766068,violent,0.5669,False,0.0086,0.4245,0.5669,56.7,Chicago,medium
41.82,-87.63,1,333,property,0.057057057057057055,0.9502386907153721,property,0.7655,True,0.0037,0.7655,0.2308,23.1,Chicago,medium
41.82,-87.63,2,452,violent,0.07300884955752213,0.9315117830251625,property,0.5157,False,0.0073,0.5157,0.4769,47.7,Chicago,uncertain
41.82,-87.63,3,532,violent,0.09586466165413533,0.906288761163458,violent,0.5651,True,0.0086,0.4263,0.5651,56.5,Chicago,medium
41.82,-87.62,0,702,property,0.23646723646723647,0.9212112830871415,violent,0.543,False,0.0082,0.4487,0.543,54.3,Chicago,uncertain
41.82,-87.62,1,777,property,0.19176319176319176,0.9250616250232823,property,0.7781,True,0.0035,0.7781,0.2183,21.8,Chicago,medium
41.82,-87.62,2,1100,property,0.14,0.9703264750301421,violent,0.5429,False,0.0082,0.4488,0.5429,54.3,Chicago,uncertain
41.82,-87.62,3,1064,property,0.17387218045112782,0.9243312616722908,violent,0.5536,False,0.0084,0.4381,0.5536,55.4,Chicago,medium
41.82,-87.61,0,398,property,0.20100502512562815,0.9116384792463346,property,0.7139,True,0.0045,0.7139,0.2816,28.2,Chicago,medium
41.82,-87.61,1,428,property,0.20327102803738317,0.9844730219757938,property,0.7814,True,0.0035,0.7814,0.2151,21.5,Chicago,medium
41.82,-87.61,2,674,property,0.10089020771513353,0.9573963917917454,property,0.6003,True,0.0061,0.6003,0.3935,39.4,Chicago,medium
41.82,-87.61,3,640,property,0.14375,0.9073486257246235,property,0.6856,True,0.0049,0.6856,0.3095,30.9,Chicago,medium
41.82,-87.60000000000001,0,363,property,0.22038567493112948,0.9323104195773664,property,0.7624,True,0.0038,0.7624,0.2338,23.4,Chicago,medium
41.82,-87.60000000000001,1,380,property,0.18947368421052632,0.9765185673058194,property,0.7802,True,0.0035,0.7802,0.2163,21.6,Chicago,medium
41.82,-87.60000000000001,2,488,property,0.10245901639344263,1.0031271144188352,property,0.7008,True,0.0047,0.7008,0.2945,29.4,Chicago,medium
41.82,-87.60000000000001,3,570,property,0.18596491228070175,0.9161202928751812,property,0.554,True,0.0068,0.554,0.4392,43.9,Chicago,medium
41.83,-87.74,0,6,property,0.5,0.8675632284814613,property,0.7842,True,0.0035,0.7842,0.2123,21.2,Chicago,medium
41.83,-87.74,1,5,property,0.0,1.0549201679861442,property,0.7832,True,0.0037,0.7832,0.2132,21.3,Chicago,medium
41.83,-87.74,2,5,property,1.0,4.3446531758480495e-08,property,0.7837,True,0.0035,0.7837,0.2128,21.3,Chicago,medium
41.83,-87.73,0,29,property,0.20689655172413793,0.9299473006147054,property,0.7843,True,0.0034,0.7843,0.2123,21.2,Chicago,medium
41.83,-87.73,1,17,property,0.4117647058823529,0.8739004142690672,property,0.7844,True,0.0034,0.7844,0.2122,21.2,Chicago,medium
41.83,-87.73,2,30,property,0.36666666666666664,0.7448751594252956,property,0.7843,True,0.0034,0.7843,0.2123,21.2,Chicago,medium
41.83,-87.73,3,34,property,0.38235294117647056,0.8477195823834186,property,0.784,True,0.0034,0.784,0.2126,21.3,Chicago,medium
41.83,-87.72,0,65,property,0.18461538461538463,0.7445598228470033,property,0.7846,True,0.0034,0.7846,0.212,21.2,Chicago,medium
41.83,-87.72,1,69,property,0.2898550724637681,0.9407029563122848,property,0.7847,True,0.0034,0.7847,0.2118,21.2,Chicago,medium
41.83,-87.72,2,65,property,0.3230769230769231,0.9199083749013931,property,0.7842,True,0.0034,0.7842,0.2124,21.2,Chicago,medium
41.83,-87.72,3,97,property,0.5773195876288659,0.6718790393135887,property,0.7839,True,0.0034,0.7839,0.2127,21.3,Chicago,medium
41.83,-87.71000000000001,0,17,property,0.17647058823529413,0.9560443809671457,property,0.7846,True,0.0035,0.7846,0.2119,21.2,Chicago,medium
41.83,-87.71000000000001,1,10,property,0.2,1.0296530140645737,property,0.7841,True,0.0035,0.7841,0.2124,21.2,Chicago,medium
41.83,-87.71000000000001,2,14,violent,0.07142857142857142,1.060944240790747,property,0.784,False,0.0034,0.784,0.2126,21.3,Chicago,medium
41.83,-87.71000000000001,3,11,violent,0.09090909090909091,0.6890092595109152,property,0.7833,False,0.0035,0.7833,0.2133,21.3,Chicago,medium
41.83,-87.7,0,62,property,0.24193548387096775,1.0015168177659481,property,0.7839,True,0.0034,0.7839,0.2127,21.3,Chicago,medium
41.83,-87.7,1,65,property,0.18461538461538463,0.9409269597127584,property,0.7843,True,0.0034,0.7843,0.2123,21.2,Chicago,medium
41.83,-87.7,2,74,property,0.04054054054054054,1.0351533417690484,property,0.7842,True,0.0034,0.7842,0.2124,21.2,Chicago,medium
41.83,-87.7,3,85,violent,0.0,0.9575739701934777,property,0.7838,False,0.0034,0.7838,0.2127,21.3,Chicago,medium
41.83,-87.69,0,155,property,0.04516129032258064,0.9327023749133311,property,0.7839,True,0.0034,0.7839,0.2127,21.3,Chicago,medium
41.83,-87.69,1,92,property,0.09782608695652174,0.9708826876483183,property,0.7843,True,0.0034,0.7843,0.2123,21.2,Chicago,medium
41.83,-87.69,2,156,property,0.09615384615384616,0.9567792367079666,property,0.7838,True,0.0034,0.7838,0.2128,21.3,Chicago,medium
41.83,-87.69,3,183,property,0.03278688524590164,0.9373515894497932,property,0.7839,True,0.0034,0.7839,0.2127,21.3,Chicago,medium
41.83,-87.68,0,193,property,0.24352331606217617,0.8509808188861123,property,0.7841,True,0.0034,0.7841,0.2125,21.3,Chicago,medium
41.83,-87.68,1,196,property,0.23469387755102042,0.8513829073099015,property,0.7845,True,0.0034,0.7845,0.2121,21.2,Chicago,medium
41.83,-87.68,2,304,property,0.15460526315789475,0.9285924877579363,property,0.7841,True,0.0034,0.7841,0.2125,21.2,Chicago,medium
41.83,-87.68,3,315,property,0.19365079365079366,0.8388921677261207,property,0.7841,True,0.0034,0.7841,0.2125,21.3,Chicago,medium
41.83,-87.67,0,283,property,0.1978798586572438,0.9200682718062984,property,0.7843,True,0.0034,0.7843,0.2123,21.2,Chicago,medium
41.83,-87.67,1,263,property,0.17870722433460076,0.9293545763983388,property,0.7847,True,0.0034,0.7847,0.2118,21.2,Chicago,medium
41.83,-87.67,2,481,property,0.3908523908523909,0.8184351606798087,property,0.7843,True,0.0034,0.7843,0.2122,21.2,Chicago,medium
41.83,-87.67,3,395,property,0.1341772151898734,0.9251992471084225,property,0.7841,True,0.0034,0.7841,0.2125,21.2,Chicago,medium
41.83,-87.66,0,53,property,0.660377358490566,0.6467320558961176,property,0.7847,True,0.0034,0.7847,0.2118,21.2,Chicago,medium
41.83,-87.66,1,46,property,0.21739130434782608,0.6693279843465834,property,0.7847,True,0.0034,0.7847,0.2119,21.2,Chicago,medium
41.83,-87.66,2,79,property,0.46835443037974683,0.784883629108981,property,0.7844,True,0.0034,0.7844,0.2121,21.2,Chicago,medium
41.83,-87.66,3,57,property,0.2631578947368421,0.9174021803627407,property,0.7843,True,0.0034,0.7843,0.2123,21.2,Chicago,medium
41.83,-87.65,0,203,property,0.26108374384236455,0.839990234844131,property,0.7838,True,0.0034,0.7838,0.2128,21.3,Chicago,medium
41.83,-87.65,1,175,property,0.22285714285714286,0.9079919256235888,property,0.7843,True,0.0034,0.7843,0.2123,21.2,Chicago,medium
41.83,-87.65,2,286,property,0.15734265734265734,0.9743667059971037,property,0.7839,True,0.0034,0.7839,0.2127,21.3,Chicago,medium
41.83,-87.65,3,309,property,0.1941747572815534,0.8739975345919447,property,0.7791,True,0.0035,0.7791,0.2174,21.7,Chicago,medium
41.83,-87.64,0,167,property,0.41317365269461076,0.8445164799144862,property,0.7837,True,0.0034,0.7837,0.2129,21.3,Chicago,medium
41.83,-87.64,1,142,property,0.2535211267605634,0.9640479675252205,property,0.7841,True,0.0034,0.7841,0.2125,21.3,Chicago,medium
41.83,-87.64,2,272,property,0.33455882352941174,0.8494727643546104,property,0.7838,True,0.0034,0.7838,0.2128,21.3,Chicago,medium
41.83,-87.64,3,273,property,0.15384615384615385,0.8981370031878679,property,0.7824,True,0.0034,0.7824,0.2142,21.4,Chicago,medium
41.83,-87.63,0,244,violent,0.1598360655737705,0.8838453956381637,violent,0.5583,True,0.0085,0.4331,0.5583,55.8,Chicago,medium
41.83,-87.63,1,218,violent,0.022935779816513763,0.9567350156916993,property,0.7801,False,0.0035,0.7801,0.2164,21.6,Chicago,medium
41.83,-87.63,2,369,violent,0.04607046070460705,0.8979944058825362,property,0.6079,False,0.0061,0.6079,0.3861,38.6,Chicago,medium
41.83,-87.63,3,359,violent,0.016713091922005572,0.8633537168284564,violent,0.5604,True,0.0085,0.4311,0.5604,56.0,Chicago,medium
41.83,-87.62,0,455,property,0.16923076923076924,0.9530462152150946,property,0.6521,True,0.0054,0.6521,0.3425,34.2,Chicago,medium
41.83,-87.62,1,681,property,0.04698972099853157,0.9854224132790287,property,0.7833,True,0.0034,0.7833,0.2132,21.3,Chicago,medium
41.83,-87.62,2,1061,property,0.029217719132893498,0.9274371699986084,property,0.7738,True,0.0036,0.7738,0.2226,22.3,Chicago,medium
41.83,-87.62,3,742,property,0.1509433962264151,0.8649163853337517,property,0.7532,True,0.0039,0.7532,0.2429,24.3,Chicago,medium
41.83,-87.61,0,584,property,0.11815068493150685,0.9525788463240319,violent,0.5529,False,0.0084,0.4387,0.5529,55.3,Chicago,medium
41.83,-87.61,1,644,property,0.06987577639751552,0.9996804848628058,property,0.535,True,0.0072,0.535,0.4579,45.8,Chicago,uncertain
41.83,-87.61,2,872,property,0.0768348623853211,0.9936315402684814,violent,0.5474,False,0.0083,0.4442,0.5474,54.7,Chicago,uncertain
41.83,-87.61,3,942,property,0.14861995753715498,0.9127964312901657,violent,0.5515,False,0.0084,0.4402,0.5515,55.1,Chicago,medium
41.83,-87.60000000000001,0,20,property,0.4,0.8568409950394724,violent,0.553,False,0.0085,0.4385,0.553,55.3,Chicago,medium
41.83,-87.60000000000001,1,15,property,0.4666666666666667,0.8608513906312316,property,0.7827,True,0.0035,0.7827,0.2138,21.4,Chicago,medium
41.83,-87.60000000000001,2,16,property,0.375,0.9002560512685369,property,0.7756,True,0.0036,0.7756,0.2208,22.1,Chicago,medium
41.83,-87.60000000000001,3,33,violent,0.12121212121212122,0.9266649747404203,property,0.5044,False,0.0075,0.5044,0.4881,48.8,Chicago,uncertain
41.84,-87.74,0,38,property,0.4473684210526316,0.8012343689214163,property,0.784,True,0.0034,0.784,0.2126,21.3,Chicago,medium
41.84,-87.74,1,31,property,0.3548387096774194,0.9138242889341586,property,0.7842,True,0.0034,0.7842,0.2124,21.2,Chicago,medium
41.84,-87.74,2,38,property,0.2894736842105263,0.9421395403359774,property,0.7837,True,0.0034,0.7837,0.2129,21.3,Chicago,medium
41.84,-87.74,3,37,property,0.2972972972972973,0.8184438281862153,property,0.7811,True,0.0036,0.7811,0.2153,21.5,Chicago,medium
41.84,-87.73,0,482,violent,0.11410788381742738,0.9036617361391304,property,0.7505,False,0.004,0.7505,0.2456,24.6,Chicago,medium
41.84,-87.73,1,308,violent,0.05194805194805195,0.9434752341239323,property,0.784,False,0.0034,0.784,0.2125,21.3,Chicago,medium
41.84,-87.73,2,567,violent,0.15520282186948853,0.9414154772379524,property,0.7605,False,0.0038,0.7605,0.2357,23.6,Chicago,medium
41.84,-87.73,3,615,violent,0.08617886178861789,0.9360663059693934,property,0.7361,False,0.0043,0.7361,0.2596,26.0,Chicago,medium
41.84,-87.72,0,413,violent,0.14527845036319612,0.9360526100903692,property,0.7767,False,0.0036,0.7767,0.2198,22.0,Chicago,medium
41.84,-87.72,1,394,property,0.06852791878172589,0.9732999979537899,property,0.784,True,0.0034,0.784,0.2126,21.3,Chicago,medium
41.84,-87.72,2,563,violent,0.0053285968028419185,0.9732416857126636,property,0.7798,False,0.0035,0.7798,0.2167,21.7,Chicago,medium
41.84,-87.72,3,605,violent,0.03305785123966942,0.8869552700530712,property,0.7606,False,0.0039,0.7606,0.2355,23.5,Chicago,medium
41.84,-87.71000000000001,0,421,violent,0.20902612826603326,0.9275497996999236,property,0.6987,False,0.0047,0.6987,0.2966,29.7,Chicago,medium
41.84,-87.71000000000001,1,318,violent,0.009433962264150943,1.0222241622156185,property,0.7839,False,0.0035,0.7839,0.2127,21.3,Chicago,medium
41.84,-87.71000000000001,2,543,violent,0.1141804788213628,0.9913619421308877,property,0.7152,False,0.0047,0.7152,0.2801,28.0,Chicago,medium
41.84,-87.71000000000001,3,543,violent,0.13996316758747698,0.9452702221941093,property,0.7169,False,0.0046,0.7169,0.2785,27.9,Chicago,medium
41.84,-87.7,0,123,violent,0.11382113821138211,0.9720136560921095,property,0.7634,False,0.0038,0.7634,0.2328,23.3,Chicago,medium
41.84,-87.7,1,210,property,0.01904761904761905,0.993192692363569,property,0.7809,True,0.0037,0.7809,0.2155,21.5,Chicago,medium
41.84,-87.7,2,297,property,0.010101010101010102,0.9292256404174007,property,0.7839,True,0.0034,0.7839,0.2127,21.3,Chicago,medium
41.84,-87.7,3,225,violent,0.08888888888888889,0.919785215618155,property,0.7839,False,0.0034,0.7839,0.2127,21.3,Chicago,medium
41.84,-87.69,0,54,violent,0.09259259259259259,0.8646520073553766,property,0.772,False,0.0036,0.772,0.2243,22.4,Chicago,medium
41.84,-87.69,1,75,property,0.26666666666666666,0.9358482050400491,property,0.7838,True,0.0034,0.7838,0.2127,21.3,Chicago,medium
41.84,-87.69,2,73,violent,0.0136986301369863,0.920164041412615,property,0.7839,False,0.0034,0.7839,0.2127,21.3,Chicago,medium
41.84,-87.69,3,61,violent,0.19672131147540983,0.8986381039601484,property,0.7798,False,0.0035,0.7798,0.2168,21.7,Chicago,medium
41.84,-87.68,0,38,property,0.39473684210526316,0.7142346336911066,property,0.7834,True,0.0035,0.7834,0.2131,21.3,Chicago,medium
41.84,-87.68,1,22,property,0.45454545454545453,0.8158498651845185,property,0.7843,True,0.0035,0.7843,0.2122,21.2,Chicago,medium
41.84,-87.68,2,26,property,0.3076923076923077,0.8587409130062867,property,0.7845,True,0.0034,0.7845,0.2121,21.2,Chicago,medium
41.84,-87.68,3,35,property,0.14285714285714285,0.9577420405291135,property,0.7841,True,0.0034,0.7841,0.2125,21.2,Chicago,medium
41.84,-87.67,0,84,property,0.27380952380952384,0.8371022379383515,property,0.7843,True,0.0034,0.7843,0.2123,21.2,Chicago,medium
41.84,-87.67,1,114,property,0.20175438596491227,0.8595434698462053,property,0.7849,True,0.0034,0.7849,0.2117,21.2,Chicago,medium
41.84,-87.67,2,199,property,0.15577889447236182,0.9039086503273989,property,0.7849,True,0.0034,0.7849,0.2117,21.2,Chicago,medium
41.84,-87.67,3,138,violent,0.10144927536231885,0.8688392828797626,property,0.7844,False,0.0034,0.7844,0.2122,21.2,Chicago,medium
41.84,-87.66,0,196,property,0.20408163265306123,0.9428594308606109,property,0.7839,True,0.0034,0.7839,0.2127,21.3,Chicago,medium
41.84,-87.66,1,127,property,0.25984251968503935,0.9787282267548807,property,0.784,True,0.0034,0.784,0.2126,21.3,Chicago,medium
41.84,-87.66,2,211,property,0.3175355450236967,0.9104091967845127,property,0.7833,True,0.0034,0.7833,0.2133,21.3,Chicago,medium
41.84,-87.66,3,249,property,0.15261044176706828,0.9480889485536461,property,0.784,True,0.0034,0.784,0.2126,21.3,Chicago,medium
41.84,-87.65,0,333,property,0.16816816816816818,0.844379767101054,property,0.7839,True,0.0034,0.7839,0.2127,21.3,Chicago,medium
41.84,-87.65,1,330,property,0.13333333333333333,0.9603983006896935,property,0.7844,True,0.0034,0.7844,0.2122,21.2,Chicago,medium
41.84,-87.65,2,530,property,0.1471698113207547,0.9450898259865077,property,0.7839,True,0.0034,0.7839,0.2127,21.3,Chicago,medium
41.84,-87.65,3,542,property,0.13653136531365315,0.901891921758797,property,0.7832,True,0.0034,0.7832,0.2134,21.3,Chicago,medium
41.84,-87.64,0,247,property,0.4089068825910931,0.8700998916370645,property,0.784,True,0.0034,0.784,0.2126,21.3,Chicago,medium
41.84,-87.64,1,218,property,0.3302752293577982,0.8881840580179847,property,0.7842,True,0.0034,0.7842,0.2124,21.2,Chicago,medium
41.84,-87.64,2,306,property,0.37254901960784315,0.8362034839500703,property,0.7839,True,0.0034,0.7839,0.2127,21.3,Chicago,medium
41.84,-87.64,3,352,property,0.3210227272727273,0.8219088201128284,property,0.7839,True,0.0034,0.7839,0.2127,21.3,Chicago,medium
41.84,-87.63,0,418,property,0.02631578947368421,0.9142399661187288,violent,0.554,False,0.0084,0.4376,0.554,55.4,Chicago,medium
41.84,-87.63,1,367,property,0.08446866485013624,0.992654615188352,property,0.776,True,0.0036,0.776,0.2205,22.0,Chicago,medium
41.84,-87.63,2,593,property,0.08600337268128162,0.9563431782371846,property,0.5838,True,0.0064,0.5838,0.4098,41.0,Chicago,medium
41.84,-87.63,3,596,property,0.003355704697986577,0.9231661478468098,property,0.5519,True,0.0069,0.5519,0.4413,44.1,Chicago,medium
41.84,-87.62,0,468,property,0.4700854700854701,0.792405699564426,property,0.7839,True,0.0034,0.7839,0.2127,21.3,Chicago,medium
41.84,-87.62,1,488,property,0.41188524590163933,0.8516317809726148,property,0.784,True,0.0034,0.784,0.2126,21.3,Chicago,medium
41.84,-87.62,2,800,property,0.3625,0.8345752050789963,property,0.7805,True,0.0035,0.7805,0.216,21.6,Chicago,medium
41.84,-87.62,3,709,property,0.4795486600846262,0.7347702087684039,property,0.7838,True,0.0034,0.7838,0.2128,21.3,Chicago,medium
41.84,-87.61,0,132,property,0.2196969696969697,0.9195824484668789,property,0.7836,True,0.0034,0.7836,0.2129,21.3,Chicago,medium
41.84,-87.61,1,137,property,0.6861313868613139,0.5833390552400318,property,0.7844,True,0.0034,0.7844,0.2122,21.2,Chicago,medium
41.84,-87.61,2,251,property,0.5856573705179283,0.6412008631612705,property,0.784,True,0.0034,0.784,0.2126,21.3,Chicago,medium
41.84,-87.61,3,289,property,0.2768166089965398,0.8958374886760825,property,0.7839,True,0.0034,0.7839,0.2127,21.3,Chicago,medium
41.85,-87.74,0,14,property,0.14285714285714285,0.9922819748525737,property,0.7835,True,0.0035,0.7835,0.213,21.3,Chicago,medium
41.85,-87.74,1,22,property,0.3181818181818182,0.7924891052673698,property,0.7833,True,0.0035,0.7833,0.2132,21.3,Chicago,medium
41.85,-87.74,2,35,property,0.4,0.7182296941096664,property,0.7831,True,0.0035,0.7831,0.2133,21.3,Chicago,medium
41.85,-87.74,3,21,violent,0.14285714285714285,0.9302998331833918,property,0.7835,False,0.0035,0.7835,0.213,21.3,Chicago,medium
41.85,-87.73,0,534,violent,0.00749063670411985,0.9073448820917909,violent,0.4996,True,0.0077,0.4927,0.4996,50.0,Chicago,uncertain
41.85,-87.73,1,456,property,0.021929824561403508,0.9857238265885131,property,0.7816,True,0.0035,0.7816,0.2149,21.5,Chicago,medium
41.85,-87.73,2,641,violent,0.0421216848673947,0.9780598323045318,property,0.6733,False,0.0052,0.6733,0.3215,32.1,Chicago,medium
41.85,-87.73,3,689,property,0.040638606676342524,0.8939743276884924,violent,0.5154,False,0.0079,0.4767,0.5154,51.5,Chicago,uncertain
41.85,-87.72,0,606,violent,0.11386138613861387,0.9614022139896908,property,0.7022,False,0.0047,0.7022,0.2931,29.3,Chicago,medium
41.85,-87.72,1,601,property,0.0066555740432612314,0.9950671235141557,property,0.7835,True,0.0034,0.7835,0.2131,21.3,Chicago,medium
41.85,-87.72,2,788,property,0.01903553299492386,0.9806659811198813,property,0.7662,True,0.0037,0.7662,0.2301,23.0,Chicago,medium
41.85,-87.72,3,816,violent,0.031862745098039214,0.9338526316525306,property,0.5403,False,0.007,0.5403,0.4527,45.3,Chicago,uncertain
41.85,-87.71000000000001,0,846,violent,0.14184397163120568,0.9661410195672047,violent,0.5431,True,0.0083,0.4486,0.5431,54.3,Chicago,uncertain
41.85,-87.71000000000001,1,620,violent,0.0532258064516129,0.9846538649897594,property,0.7412,False,0.0041,0.7412,0.2547,25.5,Chicago,medium
41.85,-87.71000000000001,2,873,violent,0.06529209621993128,0.9792172386154048,violent,0.5509,True,0.0084,0.4408,0.5509,55.1,Chicago,medium
41.85,-87.71000000000001,3,989,violent,0.08796764408493428,0.9240684801503144,violent,0.5218,True,0.008,0.4702,0.5218,52.2,Chicago,uncertain
41.85,-87.7,0,516,violent,0.1065891472868217,1.004379928157574,property,0.667,False,0.0052,0.667,0.3278,32.8,Chicago,medium
41.85,-87.7,1,495,property,0.014141414141414142,0.9783486757334869,property,0.7834,True,0.0034,0.7834,0.2132,21.3,Chicago,medium
41.85,-87.7,2,758,violent,0.006596306068601583,0.9734783802133735,property,0.6112,False,0.0061,0.6112,0.3827,38.3,Chicago,medium
41.85,-87.7,3,769,property,0.018205461638491547,0.9240627069746589,property,0.645,True,0.0055,0.645,0.3495,34.9,Chicago,medium
41.85,-87.69,0,371,property,0.05121293800539083,0.8865865583985422,property,0.7818,True,0.0035,0.7818,0.2148,21.5,Chicago,medium
41.85,-87.69,1,444,property,0.05855855855855856,0.9387252827146388,property,0.7838,True,0.0034,0.7838,0.2128,21.3,Chicago,medium
41.85,-87.69,2,713,property,0.1276297335203366,0.8897181050793938,property,0.7836,True,0.0034,0.7836,0.2129,21.3,Chicago,medium
41.85,-87.69,3,654,property,0.11314984709480122,0.8677781490048734,property,0.7602,True,0.0038,0.7602,0.236,23.6,Chicago,medium
41.85,-87.68,0,471,property,0.050955414012738856,0.9339608760006997,property,0.7797,True,0.0035,0.7797,0.2169,21.7,Chicago,medium
41.85,-87.68,1,382,violent,0.041884816753926704,0.9549009223721384,property,0.7839,False,0.0034,0.7839,0.2127,21.3,Chicago,medium
41.85,-87.68,2,509,property,0.18860510805500982,0.9350249448090027,property,0.7795,True,0.0035,0.7795,0.217,21.7,Chicago,medium
41.85,-87.68,3,594,property,0.016835016835016835,0.9291262378136558,property,0.7669,True,0.0037,0.7669,0.2294,22.9,Chicago,medium
41.85,-87.67,0,283,property,0.06713780918727916,0.9100280667019259,property,0.7773,True,0.0035,0.7773,0.2192,21.9,Chicago,medium
41.85,-87.67,1,270,property,0.07407407407407407,0.9513462998505019,property,0.7842,True,0.0034,0.7842,0.2124,21.2,Chicago,medium
41.85,-87.67,2,352,property,0.19318181818181818,0.9546454772134961,property,0.7839,True,0.0034,0.7839,0.2126,21.3,Chicago,medium
41.85,-87.67,3,355,property,0.1352112676056338,0.8891960260633055,property,0.777,True,0.0035,0.777,0.2194,21.9,Chicago,medium
41.85,-87.66,0,103,property,0.14563106796116504,0.9008063116686451,property,0.7836,True,0.0034,0.7836,0.213,21.3,Chicago,medium
41.85,-87.66,1,102,property,0.0392156862745098,0.8752746630364867,property,0.7822,True,0.0034,0.7822,0.2143,21.4,Chicago,medium
41.85,-87.66,2,184,property,0.07608695652173914,0.9063779305170645,property,0.7004,True,0.0047,0.7004,0.2949,29.5,Chicago,medium
41.85,-87.66,3,147,property,0.29931972789115646,0.8037416435441944,property,0.7821,True,0.0035,0.7821,0.2145,21.4,Chicago,medium
41.85,-87.65,0,149,property,0.2751677852348993,0.9166112044871796,property,0.7845,True,0.0034,0.7845,0.2121,21.2,Chicago,medium
41.85,-87.65,1,133,property,0.24060150375939848,0.8892237333106251,property,0.7848,True,0.0035,0.7848,0.2117,21.2,Chicago,medium
41.85,-87.65,2,207,property,0.15458937198067632,0.8899421875866527,property,0.7846,True,0.0034,0.7846,0.212,21.2,Chicago,medium
41.85,-87.65,3,196,property,0.11224489795918367,0.9293034412574138,property,0.7841,True,0.0034,0.7841,0.2125,21.2,Chicago,medium
41.85,-87.64,0,286,property,0.4370629370629371,0.7264396086323957,property,0.784,True,0.0034,0.784,0.2125,21.3,Chicago,medium
41.85,-87.64,1,188,property,0.5372340425531915,0.7316051917313826,property,0.7848,True,0.0034,0.7848,0.2118,21.2,Chicago,medium
41.85,-87.64,2,297,property,0.47474747474747475,0.7267511148464247,property,0.7848,True,0.0034,0.7848,0.2118,21.2,Chicago,medium
41.85,-87.64,3,325,property,0.3569230769230769,0.779754569322141,property,0.7845,True,0.0034,0.7845,0.2121,21.2,Chicago,medium
41.85,-87.63,0,579,property,0.16234887737478412,0.8980774865326231,violent,0.5441,False,0.0084,0.4475,0.5441,54.4,Chicago,uncertain
41.85,-87.63,1,459,property,0.15904139433551198,0.9147012299907533,property,0.7767,True,0.0036,0.7767,0.2198,22.0,Chicago,medium
41.85,-87.63,2,852,property,0.2676056338028169,0.8642813221581956,property,0.7218,True,0.0044,0.7218,0.2738,27.4,Chicago,medium
41.85,-87.63,3,939,property,0.20766773162939298,0.8793543975196254,violent,0.5138,False,0.0079,0.4783,0.5138,51.4,Chicago,uncertain
41.85,-87.62,0,572,property,0.243006993006993,0.8876687930943261,property,0.7839,True,0.0034,0.7839,0.2127,21.3,Chicago,medium
41.85,-87.62,1,432,property,0.3541666666666667,0.8481945663276893,property,0.7847,True,0.0034,0.7847,0.2119,21.2,Chicago,medium
41.85,-87.62,2,610,property,0.2721311475409836,0.8896474893106825,property,0.7843,True,0.0034,0.7843,0.2123,21.2,Chicago,medium
41.85,-87.62,3,730,property,0.30684931506849317,0.872470611882998,property,0.784,True,0.0034,0.784,0.2125,21.3,Chicago,medium
41.85,-87.61,0,9,violent,0.4444444444444444,0.8486855577264172,property,0.7844,False,0.0035,0.7844,0.2122,21.2,Chicago,medium
41.85,-87.61,1,9,property,0.2222222222222222,0.936888307539016,property,0.7843,True,0.0035,0.7843,0.2122,21.2,Chicago,medium
41.85,-87.61,2,14,property,0.07142857142857142,1.060944240790747,property,0.7846,True,0.0035,0.7846,0.212,21.2,Chicago,medium
41.85,-87.61,3,14,property,0.14285714285714285,0.9922819748525737,property,0.7845,True,0.0035,0.7845,0.2121,21.2,Chicago,medium
41.86,-87.74,0,54,violent,0.1111111111111111,1.0363528029382032,violent,0.5102,True,0.0078,0.482,0.5102,51.0,Chicago,uncertain
41.86,-87.74,1,56,violent,0.10714285714285714,0.9529371001252029,property,0.7817,False,0.0035,0.7817,0.2148,21.5,Chicago,medium
41.86,-87.74,2,74,property,0.13513513513513514,0.9504768136373177,property,0.7088,True,0.0046,0.7088,0.2866,28.7,Chicago,medium
41.86,-87.74,3,71,violent,0.15492957746478872,0.9879696187868727,property,0.6017,False,0.0062,0.6017,0.3922,39.2,Chicago,medium
41.86,-87.73,0,577,violent,0.09185441941074524,0.9231856436575205,violent,0.5656,True,0.0086,0.4259,0.5656,56.6,Chicago,medium
41.86,-87.73,1,536,violent,0.03171641791044776,0.9826990004990024,property,0.7461,False,0.004,0.7461,0.2499,25.0,Chicago,medium
41.86,-87.73,2,685,violent,0.058394160583941604,0.9345929393434242,violent,0.562,True,0.0085,0.4295,0.562,56.2,Chicago,medium
41.86,-87.73,3,690,violent,0.05652173913043478,0.9038337916959811,violent,0.5653,True,0.0086,0.4261,0.5653,56.5,Chicago,medium
41.86,-87.72,0,1005,violent,0.13930348258706468,0.9103278357360963,violent,0.567,True,0.0086,0.4245,0.567,56.7,Chicago,medium
41.86,-87.72,1,957,violent,0.06896551724137931,0.9603477376922962,property,0.75,False,0.004,0.75,0.2461,24.6,Chicago,medium
41.86,-87.72,2,1343,violent,0.13104988830975428,0.9508928331562754,violent,0.5583,True,0.0085,0.4332,0.5583,55.8,Chicago,medium
41.86,-87.72,3,1340,violent,0.09925373134328358,0.9234961842237677,violent,0.5633,True,0.0085,0.4281,0.5633,56.3,Chicago,medium
41.86,-87.71000000000001,0,966,violent,0.15838509316770186,0.9415711294418077,violent,0.5666,True,0.0086,0.4248,0.5666,56.7,Chicago,medium
41.86,-87.71000000000001,1,912,violent,0.09100877192982457,0.9504563111466525,property,0.7167,False,0.0045,0.7167,0.2788,27.9,Chicago,medium
41.86,-87.71000000000001,2,1363,violent,0.1276595744680851,0.9532801725645872,violent,0.5643,True,0.0085,0.4272,0.5643,56.4,Chicago,medium
41.86,-87.71000000000001,3,1380,violent,0.0891304347826087,0.9251501983872796,violent,0.566,True,0.0086,0.4254,0.566,56.6,Chicago,medium
41.86,-87.7,0,243,violent,0.13168724279835392,0.9764892576359365,violent,0.5646,True,0.0086,0.4269,0.5646,56.5,Chicago,medium
41.86,-87.7,1,280,violent,0.21428571428571427,0.8888054342755919,property,0.7806,False,0.0035,0.7806,0.2159,21.6,Chicago,medium
41.86,-87.7,2,426,violent,0.13380281690140844,0.9601559407221574,violent,0.5538,True,0.0084,0.4378,0.5538,55.4,Chicago,medium
41.86,-87.7,3,467,violent,0.029978586723768737,0.9220345008371822,violent,0.5631,True,0.0085,0.4284,0.5631,56.3,Chicago,medium
41.86,-87.69,0,248,violent,0.004032258064516129,1.002322248522109,property,0.6859,False,0.0049,0.6859,0.3092,30.9,Chicago,medium
41.86,-87.69,1,203,property,0.009852216748768473,1.0146199373488551,property,0.7835,True,0.0034,0.7835,0.2131,21.3,Chicago,medium
41.86,-87.69,2,303,property,0.12211221122112212,0.9752372525534989,property,0.7793,True,0.0035,0.7793,0.2172,21.7,Chicago,medium
41.86,-87.69,3,300,violent,0.04666666666666667,0.9152806949272516,property,0.531,False,0.0071,0.531,0.4619,46.2,Chicago,uncertain
41.86,-87.68,0,168,property,0.11904761904761904,0.9337705269783645,property,0.7624,True,0.0038,0.7624,0.2338,23.4,Chicago,medium
41.86,-87.68,1,128,property,0.015625,0.9831344279024941,property,0.784,True,0.0034,0.784,0.2126,21.3,Chicago,medium
41.86,-87.68,2,195,property,0.24615384615384617,0.9110265763881983,property,0.7777,True,0.0035,0.7777,0.2188,21.9,Chicago,medium
41.86,-87.68,3,199,property,0.12562814070351758,0.9408681920169089,property,0.7435,True,0.0041,0.7435,0.2525,25.2,Chicago,medium
41.86,-87.67,0,316,property,0.12658227848101267,0.9222145725011563,property,0.7726,True,0.0036,0.7726,0.2237,22.4,Chicago,medium
41.86,-87.67,1,305,property,0.36721311475409835,0.8646821365957325,property,0.7813,True,0.0035,0.7813,0.2152,21.5,Chicago,medium
41.86,-87.67,2,480,property,0.15833333333333333,0.9582432992976491,property,0.7636,True,0.0038,0.7636,0.2327,23.3,Chicago,medium
41.86,-87.67,3,444,property,0.19144144144144143,0.894368013768067,property,0.7623,True,0.0038,0.7623,0.2339,23.4,Chicago,medium
41.86,-87.66,0,683,violent,0.02635431918008785,0.9627599587295922,violent,0.5255,True,0.0081,0.4664,0.5255,52.6,Chicago,uncertain
41.86,-87.66,1,590,property,0.07627118644067797,0.9825711924480863,property,0.7821,True,0.0035,0.7821,0.2144,21.4,Chicago,medium
41.86,-87.66,2,876,property,0.1506849315068493,0.9622796554924664,property,0.5639,True,0.0067,0.5639,0.4294,42.9,Chicago,medium
41.86,-87.66,3,869,property,0.0379746835443038,0.9394583733437651,property,0.5279,True,0.0072,0.5279,0.4649,46.5,Chicago,uncertain
41.86,-87.65,0,478,property,0.2405857740585774,0.8401650924184421,property,0.7839,True,0.0034,0.7839,0.2127,21.3,Chicago,medium
41.86,-87.65,1,370,property,0.36486486486486486,0.8727841707062084,property,0.7845,True,0.0034,0.7845,0.2121,21.2,Chicago,medium
41.86,-87.65,2,551,property,0.2540834845735027,0.8837539045965397,property,0.7842,True,0.0034,0.7842,0.2124,21.2,Chicago,medium
41.86,-87.65,3,742,property,0.2816711590296496,0.8936279370813239,property,0.784,True,0.0034,0.784,0.2126,21.3,Chicago,medium
41.86,-87.64,0,195,property,0.16923076923076924,0.8861262006194076,property,0.784,True,0.0034,0.784,0.2126,21.3,Chicago,medium
41.86,-87.64,1,250,property,0.26,0.8576959677115766,property,0.7849,True,0.0035,0.7849,0.2117,21.2,Chicago,medium
41.86,-87.64,2,313,property,0.1757188498402556,0.8821036202240281,property,0.7849,True,0.0034,0.7849,0.2117,21.2,Chicago,medium
41.86,-87.64,3,330,property,0.22424242424242424,0.8527455557109431,property,0.7846,True,0.0034,0.7846,0.2119,21.2,Chicago,medium
41.86,-87.63,0,364,property,0.2554945054945055,0.9437551689422008,property,0.7841,True,0.0034,0.7841,0.2125,21.3,Chicago,medium
41.86,-87.63,1,396,property,0.1717171717171717,0.9184543229501541,property,0.7845,True,0.0034,0.7845,0.2121,21.2,Chicago,medium
41.86,-87.63,2,601,property,0.1464226289517471,0.9665278254549863,property,0.7846,True,0.0034,0.7846,0.212,21.2,Chicago,medium
41.86,-87.63,3,541,property,0.31608133086876156,0.8809790885347858,property,0.7843,True,0.0034,0.7843,0.2123,21.2,Chicago,medium
41.86,-87.62,0,322,property,0.2608695652173913,0.8802359316471101,property,0.7839,True,0.0034,0.7839,0.2127,21.3,Chicago,medium
41.86,-87.62,1,367,property,0.29427792915531337,0.9364235688422322,property,0.7846,True,0.0034,0.7846,0.2119,21.2,Chicago,medium
41.86,-87.62,2,583,property,0.38250428816466553,0.8543147019557861,property,0.7846,True,0.0034,0.7846,0.212,21.2,Chicago,medium
41.86,-87.62,3,585,property,0.24273504273504273,0.8846454893765383,property,0.7843,True,0.0034,0.7843,0.2123,21.2,Chicago,medium
41.86,-87.61,0,18,property,0.16666666666666666,0.8544149816001841,property,0.782,True,0.0035,0.782,0.2145,21.4,Chicago,medium
41.86,-87.61,1,22,property,0.8636363636363636,0.3676494774001422,property,0.784,True,0.0035,0.784,0.2125,21.2,Chicago,medium
41.86,-87.61,2,33,property,0.3939393939393939,0.6134100705669148,property,0.7839,True,0.0034,0.7839,0.2127,21.3,Chicago,medium
41.86,-87.61,3,44,violent,0.22727272727272727,0.9060572229474037,property,0.7255,False,0.0044,0.7255,0.2701,27.0,Chicago,medium
41.87,-87.77,0,189,property,0.047619047619047616,1.029217193716693,property,0.7281,True,0.0043,0.7281,0.2676,26.8,Chicago,medium
41.87,-87.77,1,258,violent,0.1744186046511628,0.9494963485007935,property,0.7547,False,0.0039,0.7547,0.2414,24.1,Chicago,medium
41.87,-87.77,2,344,violent,0.14244186046511628,0.9485566722499007,property,0.5592,False,0.0068,0.5592,0.434,43.4,Chicago,medium
41.87,-87.77,3,326,violent,0.13190184049079753,0.9410387456890114,property,0.5936,False,0.0063,0.5936,0.4001,40.0,Chicago,medium
41.87,-87.76,0,310,property,0.041935483870967745,0.9275816297746955,violent,0.5639,False,0.0086,0.4275,0.5639,56.4,Chicago,medium
41.87,-87.76,1,346,violent,0.046242774566473986,0.9619721648072446,property,0.7554,False,0.004,0.7554,0.2406,24.1,Chicago,medium
41.87,-87.76,2,395,property,0.005063291139240506,0.9755593634704802,violent,0.5548,False,0.0084,0.4368,0.5548,55.5,Chicago,medium
41.87,-87.76,3,403,violent,0.09181141439205956,0.9504492408654877,violent,0.5546,True,0.0085,0.437,0.5546,55.5,Chicago,medium
41.87,-87.75,0,271,property,0.11070110701107011,0.9415370219572141,violent,0.5606,False,0.0085,0.4309,0.5606,56.1,Chicago,medium
41.87,-87.75,1,279,violent,0.03942652329749104,0.9590573169849413,violent,0.5068,True,0.0078,0.4854,0.5068,50.7,Chicago,uncertain
41.87,-87.75,2,435,violent,0.08275862068965517,0.9213928100651657,violent,0.5638,True,0.0085,0.4277,0.5638,56.4,Chicago,medium
41.87,-87.75,3,366,property,0.06557377049180328,0.9079331137737583,violent,0.5538,False,0.0084,0.4379,0.5538,55.4,Chicago,medium
41.87,-87.74,0,456,violent,0.23464912280701755,0.8561007452602486,violent,0.5651,True,0.0086,0.4264,0.5651,56.5,Chicago,medium
41.87,-87.74,1,346,violent,0.04046242774566474,0.9539974322566976,property,0.7814,False,0.0035,0.7814,0.2152,21.5,Chicago,medium
41.87,-87.74,2,453,violent,0.0728476821192053,0.8509612991681537,property,0.6083,False,0.006,0.6083,0.3857,38.6,Chicago,medium
41.87,-87.74,3,500,violent,0.244,0.876755861161221,violent,0.5569,True,0.0084,0.4347,0.5569,55.7,Chicago,medium
41.87,-87.73,0,700,violent,0.055714285714285716,0.9361703649711577,violent,0.5645,True,0.0085,0.4269,0.5645,56.5,Chicago,medium
41.87,-87.73,1,610,violent,0.029508196721311476,0.9694547270315551,property,0.7764,False,0.0036,0.7764,0.2201,22.0,Chicago,medium
41.87,-87.73,2,828,violent,0.09178743961352658,0.9276478896572149,property,0.5879,False,0.0063,0.5879,0.4058,40.6,Chicago,medium
41.87,-87.73,3,818,violent,0.10880195599022005,0.8912863356160929,violent,0.5647,True,0.0086,0.4268,0.5647,56.5,Chicago,medium
41.87,-87.72,0,974,violent,0.04004106776180698,0.9313203207028788,violent,0.5666,True,0.0086,0.4248,0.5666,56.7,Chicago,medium
41.87,-87.72,1,894,property,0.010067114093959731,0.9580661862089737,property,0.7381,True,0.0042,0.7381,0.2577,25.8,Chicago,medium
41.87,-87.72,2,1290,violent,0.17286821705426356,0.9275502725214211,violent,0.5582,True,0.0085,0.4334,0.5582,55.8,Chicago,medium
41.87,-87.72,3,1340,violent,0.10895522388059702,0.9260398369957366,violent,0.5602,True,0.0085,0.4313,0.5602,56.0,Chicago,medium
41.87,-87.71000000000001,0,717,property,0.03626220362622036,0.9508921280101738,violent,0.5132,False,0.0079,0.4789,0.5132,51.3,Chicago,uncertain
41.87,-87.71000000000001,1,912,property,0.17105263157894737,0.9402283743193689,property,0.7832,True,0.0034,0.7832,0.2133,21.3,Chicago,medium
41.87,-87.71000000000001,2,1143,violent,0.01399825021872266,1.0167335348979325,property,0.7798,False,0.0035,0.7798,0.2167,21.7,Chicago,medium
41.87,-87.71000000000001,3,1110,violent,0.02252252252252252,0.9809980879082472,property,0.7314,False,0.0043,0.7314,0.2643,26.4,Chicago,medium
41.87,-87.7,0,763,violent,0.06422018348623854,0.9252962192037204,violent,0.5651,True,0.0086,0.4264,0.5651,56.5,Chicago,medium
41.87,-87.7,1,813,violent,0.06888068880688807,0.9826604299325072,violent,0.5525,True,0.0084,0.4391,0.5525,55.3,Chicago,medium
41.87,-87.7,2,1051,violent,0.14843006660323502,0.9501763587202129,violent,0.5634,True,0.0086,0.4281,0.5634,56.3,Chicago,medium
41.87,-87.7,3,1038,violent,0.14354527938342967,0.9581091009263996,violent,0.5616,True,0.0085,0.4299,0.5616,56.2,Chicago,medium
41.87,-87.69,0,573,property,0.1518324607329843,0.9161280102144093,property,0.7808,True,0.0035,0.7808,0.2157,21.6,Chicago,medium
41.87,-87.69,1,534,property,0.13857677902621723,0.9284739604528128,property,0.7834,True,0.0034,0.7834,0.2132,21.3,Chicago,medium
41.87,-87.69,2,644,property,0.05745341614906832,0.9186494742295914,property,0.7823,True,0.0034,0.7823,0.2143,21.4,Chicago,medium
41.87,-87.69,3,769,property,0.18205461638491546,0.8925915906241356,property,0.7776,True,0.0035,0.7776,0.2188,21.9,Chicago,medium
41.87,-87.68,0,320,property,0.309375,0.9684770942591446,property,0.7838,True,0.0035,0.7838,0.2127,21.3,Chicago,medium
41.87,-87.68,1,369,property,0.23035230352303523,0.9708361506680429,property,0.7839,True,0.0034,0.7839,0.2127,21.3,Chicago,medium
41.87,-87.68,2,543,property,0.13812154696132597,0.9726119919046727,property,0.7837,True,0.0034,0.7837,0.2129,21.3,Chicago,medium
41.87,-87.68,3,370,property,0.3027027027027027,0.9224118218284292,property,0.7836,True,0.0034,0.7836,0.2129,21.3,Chicago,medium
41.87,-87.67,0,194,property,0.16494845360824742,1.0349699349613761,property,0.7839,True,0.0034,0.7839,0.2127,21.3,Chicago,medium
41.87,-87.67,1,378,property,0.26455026455026454,0.8942031795612468,property,0.7842,True,0.0035,0.7842,0.2123,21.2,Chicago,medium
41.87,-87.67,2,486,property,0.13991769547325103,0.90261516569088,property,0.784,True,0.0034,0.784,0.2125,21.3,Chicago,medium
41.87,-87.67,3,389,property,0.1928020565552699,0.8818095952891561,property,0.7839,True,0.0034,0.7839,0.2127,21.3,Chicago,medium
41.87,-87.66,0,501,property,0.2275449101796407,0.9390751378347126,property,0.655,True,0.0054,0.655,0.3396,34.0,Chicago,medium
41.87,-87.66,1,579,property,0.35233160621761656,0.8656304426189876,property,0.7843,True,0.0034,0.7843,0.2123,21.2,Chicago,medium
41.87,-87.66,2,882,property,0.2947845804988662,0.8553969344839687,property,0.7816,True,0.0035,0.7816,0.215,21.5,Chicago,medium
41.87,-87.66,3,904,property,0.3086283185840708,0.8285845159129105,property,0.7729,True,0.0036,0.7729,0.2235,22.3,Chicago,medium
41.87,-87.65,0,116,violent,0.008620689655172414,1.0082025037978846,property,0.7834,False,0.0034,0.7834,0.2132,21.3,Chicago,medium
41.87,-87.65,1,137,property,0.27007299270072993,0.9307114085388353,property,0.7844,True,0.0034,0.7844,0.2122,21.2,Chicago,medium
41.87,-87.65,2,235,property,0.2297872340425532,0.9160996359962508,property,0.7841,True,0.0034,0.7841,0.2125,21.3,Chicago,medium
41.87,-87.65,3,210,property,0.23333333333333334,0.8713224846325973,property,0.784,True,0.0034,0.784,0.2126,21.3,Chicago,medium
41.87,-87.64,0,365,property,0.038356164383561646,0.8483971996601127,property,0.7839,True,0.0035,0.7839,0.2126,21.3,Chicago,medium
41.87,-87.64,1,645,property,0.31007751937984496,0.8210765924417244,property,0.7845,True,0.0034,0.7845,0.2121,21.2,Chicago,medium
41.87,-87.64,2,1259,property,0.47339158061953934,0.7336990545486644,property,0.7847,True,0.0034,0.7847,0.2118,21.2,Chicago,medium
41.87,-87.64,3,727,property,0.312242090784044,0.8154825588876543,property,0.7846,True,0.0034,0.7846,0.212,21.2,Chicago,medium
41.87,-87.63,0,1137,property,0.23131046613896217,0.8268936139491017,property,0.7841,True,0.0034,0.7841,0.2125,21.2,Chicago,medium
41.87,-87.63,1,1435,property,0.30383275261324044,0.8534597235302357,property,0.7848,True,0.0035,0.7848,0.2117,21.2,Chicago,medium
41.87,-87.63,2,2183,property,0.3889143380668804,0.8052967548366745,property,0.7849,True,0.0034,0.7849,0.2116,21.2,Chicago,medium
41.87,-87.63,3,2098,property,0.332697807435653,0.8007018135946333,property,0.7844,True,0.0034,0.7844,0.2121,21.2,Chicago,medium
41.87,-87.62,0,348,property,0.05747126436781609,0.9252576411028148,property,0.7568,True,0.0039,0.7568,0.2393,23.9,Chicago,medium
41.87,-87.62,1,313,property,0.3929712460063898,0.8447700066500784,property,0.7847,True,0.0034,0.7847,0.2118,21.2,Chicago,medium
41.87,-87.62,2,569,property,0.3409490333919156,0.8778659475278171,property,0.7849,True,0.0034,0.7849,0.2117,21.2,Chicago,medium
41.87,-87.62,3,714,property,0.3137254901960784,0.8227902344609517,property,0.7843,True,0.0034,0.7843,0.2123,21.2,Chicago,medium
41.87,-87.61,0,11,violent,0.0,0.9347698978582794,property,0.7842,False,0.0035,0.7842,0.2123,21.2,Chicago,medium
41.87,-87.61,1,18,property,0.4444444444444444,0.590842267408006,property,0.7845,True,0.0035,0.7845,0.212,21.2,Chicago,medium
41.87,-87.61,2,25,property,0.28,0.6534182158635493,property,0.7847,True,0.0035,0.7847,0.2118,21.2,Chicago,medium
41.87,-87.61,3,46,property,0.1956521739130435,1.052030013409421,property,0.5689,True,0.0067,0.5689,0.4243,42.4,Chicago,medium
41.88,-87.77,0,650,property,0.018461538461538463,0.9416651435838237,violent,0.557,False,0.0085,0.4346,0.557,55.7,Chicago,medium
41.88,-87.77,1,674,violent,0.05489614243323442,0.9715253528017433,property,0.6633,False,0.0054,0.6633,0.3313,33.1,Chicago,medium
41.88,-87.77,2,938,violent,0.053304904051172705,0.9688583918323754,violent,0.5385,True,0.0083,0.4532,0.5385,53.9,Chicago,uncertain
41.88,-87.77,3,997,violent,0.03009027081243731,0.9348578308170286,violent,0.5528,True,0.0084,0.4388,0.5528,55.3,Chicago,medium
41.88,-87.76,0,1019,violent,0.03532875368007851,0.9314842651497404,violent,0.5641,True,0.0086,0.4273,0.5641,56.4,Chicago,medium
41.88,-87.76,1,1152,property,0.011284722222222222,0.9731304410681108,property,0.5263,True,0.0073,0.5263,0.4664,46.6,Chicago,uncertain
41.88,-87.76,2,1483,violent,0.033715441672285906,0.9700486415895313,violent,0.5562,True,0.0084,0.4354,0.5562,55.6,Chicago,medium
41.88,-87.76,3,1571,violent,0.010821133036282623,0.9076848545605172,violent,0.5595,True,0.0085,0.432,0.5595,56.0,Chicago,medium
41.88,-87.75,0,1330,violent,0.011278195488721804,0.9008868154568597,violent,0.5661,True,0.0086,0.4254,0.5661,56.6,Chicago,medium
41.88,-87.75,1,1306,violent,0.11332312404287902,0.9727899264064355,property,0.6369,False,0.0057,0.6369,0.3573,35.7,Chicago,medium
41.88,-87.75,2,1625,violent,0.08492307692307692,0.9471968258390293,violent,0.554,True,0.0084,0.4376,0.554,55.4,Chicago,medium
41.88,-87.75,3,1758,violent,0.10466439135381114,0.9176768009190573,violent,0.5556,True,0.0084,0.4359,0.5556,55.6,Chicago,medium
41.88,-87.74,0,869,violent,0.11047180667433831,0.896352247081103,violent,0.5645,True,0.0086,0.4269,0.5645,56.5,Chicago,medium
41.88,-87.74,1,815,violent,0.0834355828220859,0.9549151311572694,property,0.7374,False,0.0042,0.7374,0.2584,25.8,Chicago,medium
41.88,-87.74,2,948,violent,0.08438818565400844,0.9704220488230055,violent,0.5601,True,0.0085,0.4314,0.5601,56.0,Chicago,medium
41.88,-87.74,3,1069,violent,0.09541627689429373,0.9233851300709057,violent,0.5641,True,0.0085,0.4273,0.5641,56.4,Chicago,medium
41.88,-87.73,0,1014,violent,0.03353057199211045,0.8958246043490081,violent,0.5662,True,0.0086,0.4252,0.5662,56.6,Chicago,medium
41.88,-87.73,1,1059,violent,0.10009442870632672,0.9531348874795521,property,0.6528,False,0.0054,0.6528,0.3418,34.2,Chicago,medium
41.88,-87.73,2,1438,violent,0.07301808066759388,0.9135155237416566,violent,0.5643,True,0.0085,0.4272,0.5643,56.4,Chicago,medium
41.88,-87.73,3,1398,violent,0.10371959942775394,0.9169470150967995,violent,0.5637,True,0.0086,0.4277,0.5637,56.4,Chicago,medium
41.88,-87.72,0,624,property,0.00641025641025641,0.9051792611444054,violent,0.5628,False,0.0085,0.4286,0.5628,56.3,Chicago,medium
41.88,-87.72,1,642,violent,0.06697819314641744,0.9528641943495717,property,0.7761,False,0.0036,0.7761,0.2204,22.0,Chicago,medium
41.88,-87.72,2,888,violent,0.15878378378378377,0.8821767610739955,property,0.5699,False,0.0066,0.5699,0.4235,42.4,Chicago,medium
41.88,-87.72,3,827,violent,0.1596130592503023,0.900103067979488,violent,0.5578,True,0.0085,0.4337,0.5578,55.8,Chicago,medium
41.88,-87.71000000000001,0,676,violent,0.07692307692307693,0.9420414749309627,violent,0.5654,True,0.0086,0.4261,0.5654,56.5,Chicago,medium
41.88,-87.71000000000001,1,688,violent,0.036337209302325583,0.9653354489088806,property,0.5046,False,0.0075,0.5046,0.4878,48.8,Chicago,uncertain
41.88,-87.71000000000001,2,886,violent,0.0835214446952596,0.9539721614112315,violent,0.5654,True,0.0086,0.4261,0.5654,56.5,Chicago,medium
41.88,-87.71000000000001,3,837,violent,0.0991636798088411,0.904858635698738,violent,0.5642,True,0.0085,0.4273,0.5642,56.4,Chicago,medium
41.88,-87.7,0,696,violent,0.020114942528735632,0.9170475494096522,violent,0.5459,True,0.0083,0.4458,0.5459,54.6,Chicago,uncertain
41.88,-87.7,1,767,property,0.08213820078226858,0.9398124805440656,property,0.7798,True,0.0035,0.7798,0.2167,21.7,Chicago,medium
41.88,-87.7,2,994,violent,0.05130784708249497,0.9406911084303606,violent,0.5458,True,0.0083,0.4459,0.5458,54.6,Chicago,uncertain
41.88,-87.7,3,1007,violent,0.06355511420059583,0.8775570073454861,violent,0.5584,True,0.0085,0.4332,0.5584,55.8,Chicago,medium
41.88,-87.69,0,582,property,0.08419243986254296,0.867874902305715,violent,0.5553,False,0.0085,0.4362,0.5553,55.5,Chicago,medium
41.88,-87.69,1,564,property,0.1347517730496454,0.9717529359295021,property,0.7784,True,0.0035,0.7784,0.218,21.8,Chicago,medium
41.88,-87.69,2,737,property,0.11804613297150611,0.9065912925315325,property,0.5619,True,0.0067,0.5619,0.4314,43.1,Chicago,medium
41.88,-87.69,3,756,property,0.10582010582010581,0.92273583578297,violent,0.5527,False,0.0084,0.4389,0.5527,55.3,Chicago,medium
41.88,-87.68,0,703,property,0.05689900426742532,0.9354680761790799,property,0.63,True,0.0058,0.63,0.3641,36.4,Chicago,medium
41.88,-87.68,1,723,property,0.05532503457814661,0.9444947980407364,property,0.7798,True,0.0035,0.7798,0.2167,21.7,Chicago,medium
41.88,-87.68,2,1244,property,0.04742765273311897,0.9255111889986012,violent,0.5312,False,0.0082,0.4605,0.5312,53.1,Chicago,uncertain
41.88,-87.68,3,1078,property,0.08719851576994433,0.936453914162432,violent,0.5207,False,0.0081,0.4713,0.5207,52.1,Chicago,uncertain
41.88,-87.67,0,461,property,0.11713665943600868,0.9441696017074669,property,0.741,True,0.0041,0.741,0.2549,25.5,Chicago,medium
41.88,-87.67,1,460,property,0.17608695652173914,0.9002600525642933,property,0.7844,True,0.0034,0.7844,0.2122,21.2,Chicago,medium
41.88,-87.67,2,650,property,0.13230769230769232,0.901502751401381,property,0.784,True,0.0034,0.784,0.2126,21.3,Chicago,medium
41.88,-87.67,3,797,property,0.06273525721455459,0.8636608037460497,property,0.7708,True,0.0036,0.7708,0.2255,22.6,Chicago,medium
41.88,-87.66,0,428,property,0.4182242990654206,0.8130336675892247,property,0.784,True,0.0034,0.784,0.2126,21.3,Chicago,medium
41.88,-87.66,1,517,property,0.5531914893617021,0.7593700594825992,property,0.7851,True,0.0034,0.7851,0.2115,21.1,Chicago,medium
41.88,-87.66,2,790,property,0.5531645569620253,0.7084607227435491,property,0.7845,True,0.0034,0.7845,0.212,21.2,Chicago,medium
41.88,-87.66,3,874,property,0.597254004576659,0.6639675810936274,property,0.7842,True,0.0034,0.7842,0.2124,21.2,Chicago,medium
41.88,-87.65,0,756,property,0.3783068783068783,0.8352744632115314,property,0.7835,True,0.0034,0.7835,0.213,21.3,Chicago,medium
41.88,-87.65,1,633,property,0.4597156398104265,0.8394712040522632,property,0.785,True,0.0035,0.785,0.2116,21.2,Chicago,medium
41.88,-87.65,2,1208,property,0.5165562913907285,0.7147629473931602,property,0.7851,True,0.0035,0.7851,0.2114,21.1,Chicago,medium
41.88,-87.65,3,1185,property,0.4540084388185654,0.7435100775766109,property,0.7848,True,0.0035,0.7848,0.2117,21.2,Chicago,medium
41.88,-87.64,0,459,property,0.33769063180827885,0.850369321515153,property,0.7846,True,0.0034,0.7846,0.212,21.2,Chicago,medium
41.88,-87.64,1,751,property,0.3954727030625832,0.8370448531367511,property,0.7844,True,0.0035,0.7844,0.2121,21.2,Chicago,medium
41.88,-87.64,2,914,property,0.5109409190371991,0.762537967927833,property,0.7849,True,0.0035,0.7849,0.2116,21.2,Chicago,medium
41.88,-87.64,3,665,property,0.34135338345864663,0.8680337656960286,property,0.7848,True,0.0034,0.7848,0.2118,21.2,Chicago,medium
41.88,-87.63,0,1502,property,0.10319573901464714,0.8846824596482078,property,0.7842,True,0.0034,0.7842,0.2123,21.2,Chicago,medium
41.88,-87.63,1,2523,property,0.3297661514070551,0.8387912295984266,property,0.7847,True,0.0034,0.7847,0.2119,21.2,Chicago,medium
41.88,-87.63,2,5331,property,0.48996435940724065,0.7221608581762593,property,0.785,True,0.0035,0.785,0.2115,21.1,Chicago,medium
41.88,-87.63,3,2951,property,0.3290410030498136,0.8035551576499168,property,0.7846,True,0.0035,0.7846,0.2119,21.2,Chicago,medium
41.88,-87.62,0,297,property,0.3367003367003367,0.8371944287747384,property,0.7841,True,0.0034,0.7841,0.2124,21.2,Chicago,medium
41.88,-87.62,1,496,property,0.4879032258064516,0.7464168495388964,property,0.7849,True,0.0034,0.7849,0.2117,21.2,Chicago,medium
41.88,-87.62,2,1102,property,0.6188747731397459,0.6086767905080686,property,0.7849,True,0.0035,0.7849,0.2116,21.2,Chicago,medium
41.88,-87.62,3,1208,property,0.5902317880794702,0.6320195120183549,property,0.7845,True,0.0034,0.7845,0.2121,21.2,Chicago,medium
41.88,-87.61,1,3,violent,0.0,1.0986122886681096,property,0.7841,False,0.0035,0.7841,0.2124,21.2,Chicago,medium
41.88,-87.61,2,7,property,0.42857142857142855,0.5982696097102534,property,0.7845,True,0.0035,0.7845,0.212,21.2,Chicago,medium
41.88,-87.61,3,4,property,0.5,0.562335165779739,property,0.7835,True,0.0035,0.7835,0.213,21.3,Chicago,medium
41.89,-87.78,0,15,property,0.06666666666666667,0.6909233303461605,violent,0.538,False,0.0084,0.4537,0.538,53.8,Chicago,uncertain
41.89,-87.78,1,15,violent,0.06666666666666667,1.0851886129676505,violent,0.5067,True,0.0081,0.4852,0.5067,50.7,Chicago,uncertain
41.89,-87.78,2,16,violent,0.25,0.9470571522825082,violent,0.5131,True,0.0081,0.4788,0.5131,51.3,Chicago,uncertain
41.89,-87.78,3,33,violent,0.0,0.9347698978582794,property,0.6835,False,0.0052,0.6835,0.3113,31.1,Chicago,medium
41.89,-87.77,0,625,property,0.0272,0.9472978903401768,violent,0.5506,False,0.0084,0.441,0.5506,55.1,Chicago,medium
41.89,-87.77,1,708,property,0.0014124293785310734,0.9616701696735612,property,0.7529,True,0.004,0.7529,0.2431,24.3,Chicago,medium
41.89,-87.77,2,1023,property,0.01466275659824047,0.9625701640465528,violent,0.5515,False,0.0084,0.4401,0.5515,55.1,Chicago,medium
41.89,-87.77,3,1002,property,0.046906187624750496,0.9201686187091922,violent,0.5533,False,0.0084,0.4383,0.5533,55.3,Chicago,medium
41.89,-87.76,0,626,property,0.036741214057507986,0.9010806292230442,violent,0.5615,False,0.0085,0.43,0.5615,56.1,Chicago,medium
41.89,-87.76,1,656,property,0.01524390243902439,0.9671655552984972,property,0.7099,True,0.0046,0.7099,0.2855,28.5,Chicago,medium
41.89,-87.76,2,959,violent,0.028154327424400417,0.9517410507752797,violent,0.5582,True,0.0085,0.4334,0.5582,55.8,Chicago,medium
41.89,-87.76,3,935,violent,0.052406417112299465,0.9208737677679306,violent,0.5581,True,0.0085,0.4334,0.5581,55.8,Chicago,medium
41.89,-87.75,0,588,violent,0.09863945578231292,0.9139950806560386,violent,0.5615,True,0.0086,0.4299,0.5615,56.2,Chicago,medium
41.89,-87.75,1,704,violent,0.08664772727272728,0.9622531889316785,property,0.7518,False,0.004,0.7518,0.2443,24.4,Chicago,medium
41.89,-87.75,2,921,violent,0.11183496199782844,0.9417865471899391,violent,0.5523,True,0.0084,0.4393,0.5523,55.2,Chicago,medium
41.89,-87.75,3,970,violent,0.10515463917525773,0.9111595677987112,violent,0.5556,True,0.0085,0.4359,0.5556,55.6,Chicago,medium
41.89,-87.74,0,133,violent,0.022556390977443608,0.8785645012816811,violent,0.5594,True,0.0086,0.432,0.5594,55.9,Chicago,medium
41.89,-87.74,1,124,property,0.11290322580645161,0.8808153386244263,property,0.7833,True,0.0035,0.7833,0.2133,21.3,Chicago,medium
41.89,-87.74,2,192,violent,0.08854166666666667,0.9429853002152715,property,0.7117,False,0.0045,0.7117,0.2837,28.4,Chicago,medium
41.89,-87.74,3,211,violent,0.0,0.9174573909234033,violent,0.5596,True,0.0085,0.4319,0.5596,56.0,Chicago,medium
41.89,-87.73,0,126,property,0.07142857142857142,0.9507872980006352,violent,0.5603,False,0.0085,0.4312,0.5603,56.0,Chicago,medium
41.89,-87.73,1,204,violent,0.03431372549019608,1.0671429529199852,property,0.7503,False,0.004,0.7503,0.2457,24.6,Chicago,medium
41.89,-87.73,2,256,violent,0.125,0.9537398751285958,property,0.5907,False,0.0063,0.5907,0.403,40.3,Chicago,medium
41.89,-87.73,3,197,violent,0.07106598984771574,0.8671238603248267,property,0.5525,False,0.0069,0.5525,0.4406,44.1,Chicago,medium
41.89,-87.72,0,555,violent,0.03963963963963964,0.9174926594272678,violent,0.5618,True,0.0085,0.4297,0.5618,56.2,Chicago,medium
41.89,-87.72,1,539,property,0.04452690166975881,0.990353404146584,property,0.6951,True,0.0048,0.6951,0.3001,30.0,Chicago,medium
41.89,-87.72,2,747,violent,0.04551539491298527,0.9316638732245925,violent,0.56,True,0.0085,0.4316,0.56,56.0,Chicago,medium
41.89,-87.72,3,729,property,0.00823045267489712,0.913238330318631,violent,0.5603,False,0.0085,0.4312,0.5603,56.0,Chicago,medium
41.89,-87.71000000000001,0,722,property,0.029085872576177285,0.8883404074173531,violent,0.5624,False,0.0085,0.4291,0.5624,56.2,Chicago,medium
41.89,-87.71000000000001,1,790,violent,0.02531645569620253,0.9466469901741548,property,0.5492,False,0.0069,0.5492,0.4439,44.4,Chicago,uncertain
41.89,-87.71000000000001,2,1003,violent,0.10069790628115653,0.951605340445392,violent,0.5608,True,0.0085,0.4307,0.5608,56.1,Chicago,medium
41.89,-87.71000000000001,3,963,violent,0.06334371754932502,0.9086994533586206,violent,0.5621,True,0.0085,0.4294,0.5621,56.2,Chicago,medium
41.89,-87.7,0,227,property,0.2687224669603524,0.8429239235834824,property,0.7835,True,0.0034,0.7835,0.2131,21.3,Chicago,medium
41.89,-87.7,1,231,property,0.329004329004329,0.8293355168880039,property,0.7837,True,0.0035,0.7837,0.2128,21.3,Chicago,medium
41.89,-87.7,2,328,property,0.24085365853658536,0.8779892365437111,property,0.7837,True,0.0034,0.7837,0.2129,21.3,Chicago,medium
41.89,-87.7,3,273,property,0.37362637362637363,0.8066157381256759,property,0.7813,True,0.0035,0.7813,0.2152,21.5,Chicago,medium
41.89,-87.69,0,167,property,0.40718562874251496,0.718764341732222,property,0.7845,True,0.0034,0.7845,0.2121,21.2,Chicago,medium
41.89,-87.69,1,159,property,0.2389937106918239,0.8408260549839126,property,0.7848,True,0.0035,0.7848,0.2117,21.2,Chicago,medium
41.89,-87.69,2,260,property,0.3192307692307692,0.8023111574914334,property,0.7847,True,0.0034,0.7847,0.2119,21.2,Chicago,medium
41.89,-87.69,3,203,property,0.4482758620689655,0.7231222951657299,property,0.7843,True,0.0034,0.7843,0.2123,21.2,Chicago,medium
41.89,-87.68,0,288,property,0.3819444444444444,0.7749851595817223,property,0.7839,True,0.0034,0.7839,0.2127,21.3,Chicago,medium
41.89,-87.68,1,227,property,0.4889867841409692,0.7919629595621278,property,0.7849,True,0.0035,0.7849,0.2117,21.2,Chicago,medium
41.89,-87.68,2,401,property,0.5211970074812967,0.6592123535634393,property,0.7846,True,0.0034,0.7846,0.212,21.2,Chicago,medium
41.89,-87.68,3,350,property,0.5228571428571429,0.7018194165578702,property,0.7843,True,0.0034,0.7843,0.2123,21.2,Chicago,medium
41.89,-87.67,0,342,property,0.49707602339181284,0.7256919409457192,property,0.7836,True,0.0034,0.7836,0.213,21.3,Chicago,medium
41.89,-87.67,1,315,property,0.4095238095238095,0.7929703970838423,property,0.7848,True,0.0034,0.7848,0.2118,21.2,Chicago,medium
41.89,-87.67,2,470,property,0.5723404255319149,0.6786279938719375,property,0.7845,True,0.0034,0.7845,0.2121,21.2,Chicago,medium
41.89,-87.67,3,612,property,0.49673202614379086,0.6721140457649627,property,0.7839,True,0.0034,0.7839,0.2127,21.3,Chicago,medium
41.89,-87.66,0,594,property,0.367003367003367,0.8126511828405445,property,0.7837,True,0.0034,0.7837,0.2129,21.3,Chicago,medium
41.89,-87.66,1,386,property,0.4585492227979275,0.7507107342731957,property,0.7851,True,0.0035,0.7851,0.2114,21.1,Chicago,medium
41.89,-87.66,2,560,property,0.5660714285714286,0.7186245234949236,property,0.785,True,0.0034,0.785,0.2116,21.2,Chicago,medium
41.89,-87.66,3,738,property,0.55420054200542,0.6675835211672957,property,0.7848,True,0.0034,0.7848,0.2118,21.2,Chicago,medium
41.89,-87.65,0,622,property,0.36816720257234725,0.7613903645805542,property,0.7834,True,0.0035,0.7834,0.2131,21.3,Chicago,medium
41.89,-87.65,1,550,property,0.6927272727272727,0.5348625139549378,property,0.7852,True,0.0035,0.7852,0.2113,21.1,Chicago,medium
41.89,-87.65,2,1180,property,0.7559322033898305,0.4562804424049804,property,0.7849,True,0.0034,0.7849,0.2116,21.2,Chicago,medium
41.89,-87.65,3,1968,property,0.7804878048780488,0.40392757319940126,property,0.7848,True,0.0035,0.7848,0.2117,21.2,Chicago,medium
41.89,-87.64,0,682,property,0.3782991202346041,0.7855054497395412,property,0.7776,True,0.0036,0.7776,0.2189,21.9,Chicago,medium
41.89,-87.64,1,576,property,0.4270833333333333,0.8395200176823341,property,0.785,True,0.0035,0.785,0.2116,21.2,Chicago,medium
41.89,-87.64,2,813,property,0.5522755227552275,0.7210675608647108,property,0.7851,True,0.0034,0.7851,0.2115,21.1,Chicago,medium
41.89,-87.64,3,826,property,0.4322033898305085,0.7380424958480478,property,0.7849,True,0.0035,0.7849,0.2117,21.2,Chicago,medium
41.89,-87.63,0,3475,property,0.11568345323741007,0.8428998844767013,property,0.7601,True,0.0039,0.7601,0.236,23.6,Chicago,medium
41.89,-87.63,1,1913,property,0.36957658128593834,0.8131879877074623,property,0.7851,True,0.0035,0.7851,0.2115,21.1,Chicago,medium
41.89,-87.63,2,3648,property,0.4830043859649123,0.7198241219083473,property,0.7851,True,0.0035,0.7851,0.2114,21.1,Chicago,medium
41.89,-87.63,3,3475,property,0.3041726618705036,0.8063324642462539,property,0.7847,True,0.0035,0.7847,0.2118,21.2,Chicago,medium
41.89,-87.62,0,1062,property,0.17796610169491525,0.9404818321539172,property,0.7841,True,0.0034,0.7841,0.2125,21.2,Chicago,medium
41.89,-87.62,1,1354,property,0.38995568685376664,0.8355831406861056,property,0.7852,True,0.0035,0.7852,0.2114,21.1,Chicago,medium
41.89,-87.62,2,2772,property,0.5930735930735931,0.6749600142199732,property,0.7852,True,0.0035,0.7852,0.2113,21.1,Chicago,medium
41.89,-87.62,3,1813,property,0.3370104798676227,0.8368847298995556,property,0.7849,True,0.0035,0.7849,0.2116,21.2,Chicago,medium
41.89,-87.61,0,76,property,0.05263157894736842,0.955131195451464,property,0.7837,True,0.0034,0.7837,0.2129,21.3,Chicago,medium
41.89,-87.61,1,80,property,0.325,0.9214462168313544,property,0.7853,True,0.0035,0.7853,0.2113,21.1,Chicago,medium
41.89,-87.61,2,228,property,0.41228070175438597,0.8039371608872627,property,0.7853,True,0.0035,0.7853,0.2113,21.1,Chicago,medium
41.89,-87.61,3,267,property,0.08239700374531835,0.8823336230967618,property,0.7846,True,0.0034,0.7846,0.212,21.2,Chicago,medium
41.89,-87.60000000000001,0,6,violent,0.16666666666666666,1.0114042647073518,property,0.7836,False,0.0035,0.7836,0.2129,21.3,Chicago,medium
41.89,-87.60000000000001,1,4,violent,0.0,0.6931472015900639,property,0.6332,False,0.0064,0.6332,0.3604,36.0,Chicago,medium
41.89,-87.60000000000001,2,12,property,0.25,1.0397207708399179,property,0.7843,True,0.0035,0.7843,0.2123,21.2,Chicago,medium
41.89,-87.60000000000001,3,9,violent,0.1111111111111111,0.6869615976336275,property,0.5184,False,0.0076,0.5184,0.4739,47.4,Chicago,uncertain
41.9,-87.78,0,27,property,0.3333333333333333,0.8444867347630605,property,0.5567,True,0.0069,0.5567,0.4364,43.6,Chicago,medium
41.9,-87.78,1,30,property,0.13333333333333333,0.9831047662689958,property,0.7772,True,0.0037,0.7772,0.2191,21.9,Chicago,medium
41.9,-87.78,2,45,property,0.2,0.9701157839869381,property,0.6343,True,0.0058,0.6343,0.3599,36.0,Chicago,medium
41.9,-87.78,3,50,violent,0.18,0.7606985146143947,property,0.7201,False,0.0045,0.7201,0.2754,27.5,Chicago,medium
41.9,-87.77,0,552,violent,0.021739130434782608,0.9508206400564526,violent,0.5001,True,0.0077,0.4922,0.5001,50.0,Chicago,uncertain
41.9,-87.77,1,495,violent,0.010101010101010102,1.0070089010646948,property,0.7404,False,0.0042,0.7404,0.2554,25.5,Chicago,medium
41.9,-87.77,2,769,property,0.011703511053315995,0.995555124785946,violent,0.5468,False,0.0084,0.4448,0.5468,54.7,Chicago,uncertain
41.9,-87.77,3,771,violent,0.007782101167315175,0.923839973050035,violent,0.5501,True,0.0084,0.4415,0.5501,55.0,Chicago,medium
41.9,-87.76,0,538,property,0.08921933085501858,0.9450424257037469,violent,0.5042,False,0.0077,0.4881,0.5042,50.4,Chicago,uncertain
41.9,-87.76,1,520,violent,0.01730769230769231,1.001326789584591,property,0.7758,False,0.0036,0.7758,0.2205,22.1,Chicago,medium
41.9,-87.76,2,749,property,0.004005340453938585,0.9805252305881311,violent,0.5192,False,0.008,0.4728,0.5192,51.9,Chicago,uncertain
41.9,-87.76,3,774,violent,0.003875968992248062,0.9401741812602571,violent,0.5536,True,0.0084,0.438,0.5536,55.4,Chicago,medium
41.9,-87.75,0,580,violent,0.0,0.9212389918241846,violent,0.5628,True,0.0085,0.4286,0.5628,56.3,Chicago,medium
41.9,-87.75,1,626,violent,0.13738019169329074,0.9797118753817855,property,0.7407,False,0.0042,0.7407,0.2551,25.5,Chicago,medium
41.9,-87.75,2,807,violent,0.05947955390334572,0.9783206359533414,violent,0.5509,True,0.0084,0.4407,0.5509,55.1,Chicago,medium
41.9,-87.75,3,814,violent,0.07371007371007371,0.9153884325793245,violent,0.552,True,0.0084,0.4396,0.552,55.2,Chicago,medium
41.9,-87.74,0,153,property,0.0915032679738562,0.8716367835876179,property,0.781,True,0.0035,0.781,0.2156,21.6,Chicago,medium
41.9,-87.74,1,164,violent,0.036585365853658534,1.0196976258031094,property,0.7835,False,0.0034,0.7835,0.2131,21.3,Chicago,medium
41.9,-87.74,2,188,violent,0.005319148936170213,0.9657645546270351,property,0.7835,False,0.0034,0.7835,0.213,21.3,Chicago,medium
41.9,-87.74,3,179,violent,0.0335195530726257,0.9727395302562756,property,0.7776,False,0.0035,0.7776,0.2188,21.9,Chicago,medium
41.9,-87.73,0,847,violent,0.0295159386068477,0.9576259292342245,violent,0.5383,True,0.0082,0.4535,0.5383,53.8,Chicago,uncertain
41.9,-87.73,1,775,violent,0.07096774193548387,1.0138493947798264,property,0.754,False,0.0039,0.754,0.242,24.2,Chicago,medium
41.9,-87.73,2,968,violent,0.08161157024793389,0.9794624361889539,violent,0.553,True,0.0084,0.4386,0.553,55.3,Chicago,medium
41.9,-87.73,3,1015,violent,0.022660098522167486,0.9403158552349435,violent,0.5571,True,0.0084,0.4344,0.5571,55.7,Chicago,medium
41.9,-87.72,0,894,violent,0.06487695749440715,0.9407834447017202,violent,0.5634,True,0.0085,0.4281,0.5634,56.3,Chicago,medium
41.9,-87.72,1,910,violent,0.11098901098901098,0.9982294724968974,property,0.6053,False,0.0062,0.6053,0.3885,38.9,Chicago,medium
41.9,-87.72,2,1133,violent,0.176522506619594,0.9257763387045066,violent,0.5591,True,0.0085,0.4325,0.5591,55.9,Chicago,medium
41.9,-87.72,3,1172,violent,0.0878839590443686,0.9081142395076259,violent,0.5616,True,0.0085,0.4298,0.5616,56.2,Chicago,medium
41.9,-87.71000000000001,0,453,property,0.03090507726269316,0.9263529539083326,property,0.7139,True,0.0045,0.7139,0.2816,28.2,Chicago,medium
41.9,-87.71000000000001,1,490,violent,0.00816326530612245,0.9636638915704479,property,0.7823,False,0.0035,0.7823,0.2143,21.4,Chicago,medium
41.9,-87.71000000000001,2,781,property,0.0012804097311139564,0.9242119024638524,property,0.698,True,0.0047,0.698,0.2973,29.7,Chicago,medium
41.9,-87.71000000000001,3,679,property,0.07511045655375552,0.9669187907904458,property,0.6013,True,0.0061,0.6013,0.3926,39.3,Chicago,medium
41.9,-87.7,0,454,property,0.037444933920704845,0.894237115922313,property,0.7706,True,0.0037,0.7706,0.2257,22.6,Chicago,medium
41.9,-87.7,1,434,property,0.11290322580645161,0.9260566796699485,property,0.7842,True,0.0034,0.7842,0.2124,21.2,Chicago,medium
41.9,-87.7,2,693,property,0.15873015873015872,0.9208412200948618,property,0.7222,True,0.0044,0.7222,0.2734,27.3,Chicago,medium
41.9,-87.7,3,684,property,0.1695906432748538,0.8718166751927039,property,0.7546,True,0.0039,0.7546,0.2415,24.2,Chicago,medium
41.9,-87.69,0,560,property,0.30178571428571427,0.8197118956079013,property,0.784,True,0.0034,0.784,0.2126,21.3,Chicago,medium
41.9,-87.69,1,540,property,0.23703703703703705,0.9061403108695699,property,0.7841,True,0.0034,0.7841,0.2125,21.3,Chicago,medium
41.9,-87.69,2,868,property,0.18548387096774194,0.9084365140123936,property,0.7759,True,0.0036,0.7759,0.2205,22.1,Chicago,medium
41.9,-87.69,3,738,property,0.2994579945799458,0.8843242465569253,property,0.7842,True,0.0034,0.7842,0.2124,21.2,Chicago,medium
41.9,-87.68,0,444,property,0.22972972972972974,0.9244953952674747,property,0.784,True,0.0034,0.784,0.2126,21.3,Chicago,medium
41.9,-87.68,1,398,property,0.4547738693467337,0.7955413084185493,property,0.785,True,0.0035,0.785,0.2116,21.2,Chicago,medium
41.9,-87.68,2,649,property,0.46070878274268107,0.7578038464063814,property,0.7849,True,0.0034,0.7849,0.2117,21.2,Chicago,medium
41.9,-87.68,3,645,property,0.3023255813953488,0.8506297237006464,property,0.7846,True,0.0034,0.7846,0.212,21.2,Chicago,medium
41.9,-87.67,0,568,property,0.3397887323943662,0.8188975713816885,property,0.784,True,0.0034,0.784,0.2126,21.3,Chicago,medium
41.9,-87.67,1,696,property,0.5488505747126436,0.6858256978674806,property,0.7847,True,0.0034,0.7847,0.2118,21.2,Chicago,medium
41.9,-87.67,2,1143,property,0.49606299212598426,0.6952459717971594,property,0.7844,True,0.0034,0.7844,0.2121,21.2,Chicago,medium
41.9,-87.67,3,1103,property,0.485947416137806,0.7105078648776739,property,0.7846,True,0.0034,0.7846,0.212,21.2,Chicago,medium
41.9,-87.66,0,328,property,0.4024390243902439,0.7663713258804657,property,0.7843,True,0.0034,0.7843,0.2123,21.2,Chicago,medium
41.9,-87.66,1,341,property,0.40175953079178883,0.8291553322542429,property,0.7849,True,0.0034,0.7849,0.2117,21.2,Chicago,medium
41.9,-87.66,2,501,property,0.4291417165668663,0.7604927030337603,property,0.7847,True,0.0034,0.7847,0.2119,21.2,Chicago,medium
41.9,-87.66,3,543,property,0.39042357274401474,0.7815861831626608,property,0.7849,True,0.0034,0.7849,0.2117,21.2,Chicago,medium
41.9,-87.65,0,200,property,0.345,0.7817283391989183,property,0.5744,True,0.0066,0.5744,0.419,41.9,Chicago,medium
41.9,-87.65,1,205,property,0.5024390243902439,0.7833260364017461,property,0.7843,True,0.0034,0.7843,0.2123,21.2,Chicago,medium
41.9,-87.65,2,371,property,0.41509433962264153,0.7975644575719125,property,0.7843,True,0.0034,0.7843,0.2123,21.2,Chicago,medium
41.9,-87.65,3,344,property,0.45058139534883723,0.7180721455919001,property,0.7843,True,0.0034,0.7843,0.2123,21.2,Chicago,medium
41.9,-87.64,0,642,property,0.13395638629283488,0.9562528615574484,violent,0.5379,False,0.0084,0.4538,0.5379,53.8,Chicago,uncertain
41.9,-87.64,1,696,property,0.28735632183908044,0.8988641656069317,property,0.784,True,0.0034,0.784,0.2126,21.3,Chicago,medium
41.9,-87.64,2,1138,property,0.3462214411247803,0.8568488132150531,property,0.7813,True,0.0035,0.7813,0.2152,21.5,Chicago,medium
41.9,-87.64,3,880,property,0.24545454545454545,0.8902134897319698,property,0.7721,True,0.0037,0.7721,0.2243,22.4,Chicago,medium
41.9,-87.63,0,1822,property,0.17233809001097694,0.8785308186617837,property,0.7645,True,0.0038,0.7645,0.2317,23.2,Chicago,medium
41.9,-87.63,1,1371,property,0.32603938730853393,0.8578098690533862,property,0.7845,True,0.0034,0.7845,0.2121,21.2,Chicago,medium
41.9,-87.63,2,2538,property,0.4369582348305753,0.7923894744527606,property,0.7846,True,0.0034,0.7846,0.2119,21.2,Chicago,medium
41.9,-87.63,3,1891,property,0.20729772607086197,0.8592550897600596,property,0.7844,True,0.0034,0.7844,0.2122,21.2,Chicago,medium
41.9,-87.62,0,568,property,0.02464788732394366,1.0960469108123592,property,0.784,True,0.0034,0.784,0.2125,21.3,Chicago,medium
41.9,-87.62,1,582,property,0.17697594501718214,0.9855755470200165,property,0.7852,True,0.0035,0.7852,0.2114,21.1,Chicago,medium
41.9,-87.62,2,1603,property,0.5626949469744229,0.7186152972629031,property,0.785,True,0.0035,0.785,0.2115,21.2,Chicago,medium
41.9,-87.62,3,730,property,0.236986301369863,0.9691725360614455,property,0.785,True,0.0035,0.785,0.2116,21.2,Chicago,medium
41.910000000000004,-87.81,0,3,property,1.0,4.3446531758480495e-08,property,0.7848,True,0.0035,0.7848,0.2117,21.2,Chicago,medium
41.910000000000004,-87.81,1,13,property,0.23076923076923078,0.6662784634716634,property,0.785,True,0.0036,0.785,0.2114,21.1,Chicago,medium
41.910000000000004,-87.81,2,19,property,0.2631578947368421,0.9174021803627407,property,0.7851,True,0.0035,0.7851,0.2113,21.1,Chicago,medium
41.910000000000004,-87.81,3,14,property,0.2857142857142857,0.9556998911125343,property,0.7852,True,0.0035,0.7852,0.2113,21.1,Chicago,medium
41.910000000000004,-87.8,0,61,property,0.6885245901639344,0.4994291352394327,property,0.785,True,0.0035,0.785,0.2115,21.2,Chicago,medium
41.910000000000004,-87.8,1,55,property,0.43636363636363634,0.7624074843193689,property,0.7849,True,0.0034,0.7849,0.2116,21.2,Chicago,medium
41.910000000000004,-87.8,2,86,property,0.08139534883720931,0.8711438518068763,property,0.7848,True,0.0035,0.7848,0.2118,21.2,Chicago,medium
41.910000000000004,-87.8,3,58,property,0.46551724137931033,0.8027411247924894,property,0.7854,True,0.0035,0.7854,0.2111,21.1,Chicago,medium
41.910000000000004,-87.79,0,94,property,0.5212765957446809,0.7824850127237097,property,0.7849,True,0.0034,0.7849,0.2117,21.2,Chicago,medium
41.910000000000004,-87.79,1,90,property,0.2111111111111111,1.0540178495575503,property,0.7852,True,0.0035,0.7852,0.2113,21.1,Chicago,medium
41.910000000000004,-87.79,2,141,property,0.2624113475177305,0.9891748721112053,property,0.7847,True,0.0034,0.7847,0.2119,21.2,Chicago,medium
41.910000000000004,-87.79,3,139,property,0.2733812949640288,0.873751411637425,property,0.785,True,0.0034,0.785,0.2116,21.2,Chicago,medium
41.910000000000004,-87.78,0,184,property,0.043478260869565216,1.0014254915714886,property,0.7809,True,0.0036,0.7809,0.2155,21.6,Chicago,medium
41.910000000000004,-87.78,1,174,property,0.15517241379310345,1.0405458320857046,property,0.7841,True,0.0035,0.7841,0.2125,21.2,Chicago,medium
41.910000000000004,-87.78,2,226,property,0.03982300884955752,0.9969394985763214,property,0.7165,True,0.0046,0.7165,0.2789,27.9,Chicago,medium
41.910000000000004,-87.78,3,219,property,0.1552511415525114,0.9292433661808892,property,0.7456,True,0.0041,0.7456,0.2503,25.0,Chicago,medium
41.910000000000004,-87.77,0,348,property,0.19540229885057472,0.906011833017879,property,0.7316,True,0.0043,0.7316,0.2641,26.4,Chicago,medium
41.910000000000004,-87.77,1,480,property,0.1125,1.0167241998462517,property,0.7806,True,0.0035,0.7806,0.2158,21.6,Chicago,medium
41.910000000000004,-87.77,2,574,property,0.12717770034843207,0.9679415953762156,violent,0.5046,False,0.0078,0.4875,0.5046,50.5,Chicago,uncertain
41.910000000000004,-87.77,3,605,property,0.11074380165289256,0.9505587191687977,property,0.5396,True,0.0071,0.5396,0.4534,45.3,Chicago,uncertain
41.910000000000004,-87.76,0,522,property,0.08620689655172414,1.004899863024786,violent,0.5054,False,0.0077,0.4868,0.5054,50.5,Chicago,uncertain
41.910000000000004,-87.76,1,553,violent,0.012658227848101266,1.0488367390599893,property,0.7752,False,0.0036,0.7752,0.2212,22.1,Chicago,medium
41.910000000000004,-87.76,2,692,violent,0.05491329479768786,1.0133740485038416,property,0.5305,False,0.0072,0.5305,0.4623,46.2,Chicago,uncertain
41.910000000000004,-87.76,3,784,violent,0.03316326530612245,0.9919640541621956,violent,0.5506,True,0.0084,0.441,0.5506,55.1,Chicago,medium
41.910000000000004,-87.75,0,437,property,0.13272311212814644,0.9148284588399562,property,0.7665,True,0.0037,0.7665,0.2298,23.0,Chicago,medium
41.910000000000004,-87.75,1,570,property,0.1456140350877193,0.9705569527676978,property,0.7839,True,0.0034,0.7839,0.2127,21.3,Chicago,medium
41.910000000000004,-87.75,2,752,property,0.09175531914893617,0.9228325565976804,property,0.7837,True,0.0034,0.7837,0.2128,21.3,Chicago,medium
41.910000000000004,-87.75,3,730,property,0.09863013698630137,0.9684988704386968,property,0.7833,True,0.0034,0.7833,0.2132,21.3,Chicago,medium
41.910000000000004,-87.74,0,163,property,0.4171779141104294,0.8839049816253628,property,0.7836,True,0.0034,0.7836,0.213,21.3,Chicago,medium
41.910000000000004,-87.74,1,320,property,0.125,0.9206234350813405,property,0.784,True,0.0034,0.784,0.2126,21.3,Chicago,medium
41.910000000000004,-87.74,2,583,property,0.19039451114922812,0.9173883598854436,property,0.7839,True,0.0035,0.7839,0.2126,21.3,Chicago,medium
41.910000000000004,-87.74,3,378,property,0.24074074074074073,0.9423366340128769,property,0.7839,True,0.0035,0.7839,0.2126,21.3,Chicago,medium
41.910000000000004,-87.73,0,656,property,0.09908536585365854,0.9554128017624804,property,0.7423,True,0.0041,0.7423,0.2536,25.4,Chicago,medium
41.910000000000004,-87.73,1,684,violent,0.008771929824561403,0.9649196397564068,property,0.7836,False,0.0034,0.7836,0.2129,21.3,Chicago,medium
41.910000000000004,-87.73,2,840,property,0.06190476190476191,0.988364353035673,property,0.6742,True,0.0051,0.6742,0.3207,32.1,Chicago,medium
41.910000000000004,-87.73,3,957,property,0.051201671891327065,0.9822645455519861,property,0.6847,True,0.0049,0.6847,0.3103,31.0,Chicago,medium
41.910000000000004,-87.72,0,408,property,0.14950980392156862,0.9981628445366155,property,0.7808,True,0.0035,0.7808,0.2157,21.6,Chicago,medium
41.910000000000004,-87.72,1,422,property,0.002369668246445498,1.0008539185442378,property,0.7833,True,0.0035,0.7833,0.2133,21.3,Chicago,medium
41.910000000000004,-87.72,2,497,property,0.09859154929577464,1.0007403218104869,property,0.7789,True,0.0035,0.7789,0.2175,21.8,Chicago,medium
41.910000000000004,-87.72,3,577,property,0.13518197573656845,1.001888747042961,property,0.7675,True,0.0037,0.7675,0.2288,22.9,Chicago,medium
41.910000000000004,-87.71000000000001,0,446,property,0.13004484304932734,0.9505562026394906,property,0.7009,True,0.0047,0.7009,0.2944,29.4,Chicago,medium
41.910000000000004,-87.71000000000001,1,479,property,0.09394572025052192,0.9981029078001264,property,0.7798,True,0.0035,0.7798,0.2167,21.7,Chicago,medium
41.910000000000004,-87.71000000000001,2,716,property,0.055865921787709494,0.9788489058909913,violent,0.5504,False,0.0084,0.4412,0.5504,55.0,Chicago,medium
41.910000000000004,-87.71000000000001,3,771,property,0.17250324254215305,0.980852877518107,property,0.6141,True,0.006,0.6141,0.3798,38.0,Chicago,medium
41.910000000000004,-87.7,0,246,property,0.14634146341463414,1.0037351578638196,property,0.7707,True,0.0037,0.7707,0.2257,22.6,Chicago,medium
41.910000000000004,-87.7,1,286,property,0.14335664335664336,1.0258132068497023,property,0.7842,True,0.0034,0.7842,0.2124,21.2,Chicago,medium
41.910000000000004,-87.7,2,469,property,0.20042643923240938,0.9711565971047954,property,0.6764,True,0.0051,0.6764,0.3185,31.8,Chicago,medium
41.910000000000004,-87.7,3,427,property,0.24121779859484777,0.9816643800600444,property,0.7317,True,0.0042,0.7317,0.2641,26.4,Chicago,medium
41.910000000000004,-87.69,0,507,property,0.3510848126232742,0.8425405948121741,property,0.7756,True,0.0036,0.7756,0.2208,22.1,Chicago,medium
41.910000000000004,-87.69,1,451,property,0.31263858093126384,0.8899199357416406,property,0.7843,True,0.0034,0.7843,0.2123,21.2,Chicago,medium
41.910000000000004,-87.69,2,828,property,0.2826086956521739,0.8634619475980333,property,0.7824,True,0.0035,0.7824,0.2141,21.4,Chicago,medium
41.910000000000004,-87.69,3,800,property,0.37,0.8808320615147974,property,0.7839,True,0.0034,0.7839,0.2126,21.3,Chicago,medium
41.910000000000004,-87.68,0,628,property,0.23089171974522293,0.8410594986041653,property,0.7811,True,0.0035,0.7811,0.2154,21.5,Chicago,medium
41.910000000000004,-87.68,1,470,property,0.4106382978723404,0.7970586126970595,property,0.785,True,0.0035,0.785,0.2116,21.2,Chicago,medium
41.910000000000004,-87.68,2,964,property,0.5560165975103735,0.717798189483174,property,0.7848,True,0.0034,0.7848,0.2118,21.2,Chicago,medium
41.910000000000004,-87.68,3,960,property,0.503125,0.710093891835968,property,0.7847,True,0.0034,0.7847,0.2119,21.2,Chicago,medium
41.910000000000004,-87.67,0,519,property,0.3930635838150289,0.7775162656657383,property,0.7839,True,0.0034,0.7839,0.2127,21.3,Chicago,medium
41.910000000000004,-87.67,1,482,property,0.508298755186722,0.717503441780677,property,0.7853,True,0.0035,0.7853,0.2113,21.1,Chicago,medium
41.910000000000004,-87.67,2,966,property,0.5962732919254659,0.6502818655010053,property,0.7852,True,0.0035,0.7852,0.2113,21.1,Chicago,medium
41.910000000000004,-87.67,3,1042,property,0.5508637236084453,0.6377931483823018,property,0.7849,True,0.0035,0.7849,0.2117,21.2,Chicago,medium
41.910000000000004,-87.66,0,121,property,0.371900826446281,0.6937968645667828,property,0.7837,True,0.0035,0.7837,0.2129,21.3,Chicago,medium
41.910000000000004,-87.66,1,161,property,0.4409937888198758,0.774951685231873,property,0.7853,True,0.0035,0.7853,0.2112,21.1,Chicago,medium
41.910000000000004,-87.66,2,280,property,0.6857142857142857,0.5816713738964968,property,0.7853,True,0.0035,0.7853,0.2112,21.1,Chicago,medium
41.910000000000004,-87.66,3,341,property,0.6920821114369502,0.5242538750624398,property,0.7852,True,0.0035,0.7852,0.2113,21.1,Chicago,medium
41.910000000000004,-87.65,0,448,property,0.3638392857142857,0.7884100451308474,property,0.7705,True,0.0037,0.7705,0.2258,22.6,Chicago,medium
41.910000000000004,-87.65,1,553,property,0.6057866184448463,0.663025217685349,property,0.7852,True,0.0035,0.7852,0.2114,21.1,Chicago,medium
41.910000000000004,-87.65,2,1296,property,0.6327160493827161,0.5996559072525331,property,0.785,True,0.0035,0.785,0.2116,21.2,Chicago,medium
41.910000000000004,-87.65,3,888,property,0.6227477477477478,0.5915314536422909,property,0.7847,True,0.0034,0.7847,0.2118,21.2,Chicago,medium
41.910000000000004,-87.64,0,460,property,0.18695652173913044,0.9160346919006053,property,0.782,True,0.0035,0.782,0.2145,21.5,Chicago,medium
41.910000000000004,-87.64,1,550,property,0.16727272727272727,0.9561783422976153,property,0.7841,True,0.0034,0.7841,0.2124,21.2,Chicago,medium
41.910000000000004,-87.64,2,835,property,0.2215568862275449,0.9390293234361204,property,0.784,True,0.0034,0.784,0.2126,21.3,Chicago,medium
41.910000000000004,-87.64,3,791,property,0.04677623261694058,0.8787618098924674,property,0.7841,True,0.0034,0.7841,0.2125,21.3,Chicago,medium
41.910000000000004,-87.63,0,452,property,0.26991150442477874,0.8431140786608743,property,0.784,True,0.0034,0.784,0.2126,21.3,Chicago,medium
41.910000000000004,-87.63,1,353,property,0.45325779036827196,0.8202917909152166,property,0.7848,True,0.0034,0.7848,0.2117,21.2,Chicago,medium
41.910000000000004,-87.63,2,643,property,0.4821150855365474,0.766970455047292,property,0.7851,True,0.0034,0.7851,0.2114,21.1,Chicago,medium
41.910000000000004,-87.63,3,668,property,0.3008982035928144,0.8137278850605838,property,0.7848,True,0.0034,0.7848,0.2118,21.2,Chicago,medium
41.92,-87.81,0,26,property,0.19230769230769232,0.8101502323878818,property,0.7845,True,0.0035,0.7845,0.212,21.2,Chicago,medium
41.92,-87.81,1,29,property,0.3448275862068966,0.885983387173578,property,0.7845,True,0.0035,0.7845,0.212,21.2,Chicago,medium
41.92,-87.81,2,40,property,0.425,0.8061473746623944,property,0.7843,True,0.0035,0.7843,0.2122,21.2,Chicago,medium
41.92,-87.81,3,67,property,0.1044776119402985,0.9265670964889556,property,0.7845,True,0.0035,0.7845,0.212,21.2,Chicago,medium
41.92,-87.8,0,122,property,0.4426229508196721,0.8541458027234365,property,0.7848,True,0.0034,0.7848,0.2118,21.2,Chicago,medium
41.92,-87.8,1,164,property,0.3353658536585366,0.9062007495154429,property,0.7852,True,0.0035,0.7852,0.2114,21.1,Chicago,medium
41.92,-87.8,2,220,property,0.22727272727272727,0.9941028297389427,property,0.7848,True,0.0035,0.7848,0.2117,21.2,Chicago,medium
41.92,-87.8,3,241,property,0.22821576763485477,0.9420639881660802,property,0.7847,True,0.0034,0.7847,0.2118,21.2,Chicago,medium
41.92,-87.79,0,182,property,0.2802197802197802,0.9517318488862996,property,0.7849,True,0.0034,0.7849,0.2117,21.2,Chicago,medium
41.92,-87.79,1,239,property,0.28451882845188287,0.9679678893531884,property,0.7854,True,0.0035,0.7854,0.2111,21.1,Chicago,medium
41.92,-87.79,2,369,property,0.2953929539295393,0.9037934282877054,property,0.7853,True,0.0035,0.7853,0.2113,21.1,Chicago,medium
41.92,-87.79,3,300,property,0.28,0.9230424134342083,property,0.7849,True,0.0035,0.7849,0.2116,21.2,Chicago,medium
41.92,-87.78,0,263,property,0.1596958174904943,0.9595711619133387,property,0.7841,True,0.0034,0.7841,0.2125,21.2,Chicago,medium
41.92,-87.78,1,216,property,0.20833333333333334,1.0058791398504539,property,0.7843,True,0.0034,0.7843,0.2122,21.2,Chicago,medium
41.92,-87.78,2,325,violent,0.018461538461538463,0.9685245744293305,property,0.7769,False,0.0036,0.7769,0.2195,22.0,Chicago,medium
41.92,-87.78,3,364,property,0.06593406593406594,1.001704040590241,property,0.7796,True,0.0035,0.7796,0.2169,21.7,Chicago,medium
41.92,-87.77,0,477,property,0.018867924528301886,0.9558415797351458,property,0.7778,True,0.0035,0.7778,0.2186,21.9,Chicago,medium
41.92,-87.77,1,336,property,0.07738095238095238,1.0527933914344687,property,0.7825,True,0.0035,0.7825,0.214,21.4,Chicago,medium
41.92,-87.77,2,492,property,0.052845528455284556,1.0404445161743598,property,0.7809,True,0.0035,0.7809,0.2156,21.6,Chicago,medium
41.92,-87.77,3,553,property,0.05244122965641953,1.0498817871347832,property,0.7795,True,0.0035,0.7795,0.217,21.7,Chicago,medium
41.92,-87.76,0,265,property,0.033962264150943396,0.995672400696193,property,0.7793,True,0.0035,0.7793,0.2172,21.7,Chicago,medium
41.92,-87.76,1,251,violent,0.05179282868525897,1.0117472969688106,property,0.7788,False,0.0035,0.7788,0.2177,21.8,Chicago,medium
41.92,-87.76,2,364,violent,0.08791208791208792,0.9872068545425489,property,0.5008,False,0.0077,0.5008,0.4915,49.1,Chicago,uncertain
41.92,-87.76,3,409,violent,0.02444987775061125,1.0657920919297468,property,0.7603,False,0.0038,0.7603,0.2359,23.6,Chicago,medium
41.92,-87.75,0,435,property,0.09885057471264368,0.9236107737721555,property,0.7838,True,0.0034,0.7838,0.2128,21.3,Chicago,medium
41.92,-87.75,1,486,property,0.16255144032921812,1.004597373596233,property,0.7842,True,0.0034,0.7842,0.2124,21.2,Chicago,medium
41.92,-87.75,2,668,property,0.1317365269461078,0.9849729324039066,property,0.784,True,0.0034,0.784,0.2126,21.3,Chicago,medium
41.92,-87.75,3,742,property,0.05660377358490566,1.0290986822499884,property,0.7802,True,0.0035,0.7802,0.2163,21.6,Chicago,medium
41.92,-87.74,0,323,property,0.13312693498452013,0.9076585019615293,property,0.7838,True,0.0034,0.7838,0.2128,21.3,Chicago,medium
41.92,-87.74,1,289,property,0.02768166089965398,1.0617314229266666,property,0.784,True,0.0034,0.784,0.2126,21.3,Chicago,medium
41.92,-87.74,2,386,violent,0.09844559585492228,1.0390338662327974,property,0.7818,False,0.0035,0.7818,0.2147,21.5,Chicago,medium
41.92,-87.74,3,451,violent,0.019955654101995565,1.0169696406688842,property,0.78,False,0.0035,0.78,0.2165,21.7,Chicago,medium
41.92,-87.73,0,438,property,0.045662100456621,0.9342891782497901,property,0.7708,True,0.0037,0.7708,0.2256,22.6,Chicago,medium
41.92,-87.73,1,461,property,0.06941431670281996,1.0087085154306714,property,0.7841,True,0.0034,0.7841,0.2124,21.2,Chicago,medium
41.92,-87.73,2,536,property,0.013059701492537313,0.9966398729563944,property,0.7753,True,0.0036,0.7753,0.2212,22.1,Chicago,medium
41.92,-87.73,3,667,property,0.049475262368815595,0.9938603244351205,property,0.7476,True,0.004,0.7476,0.2484,24.8,Chicago,medium
41.92,-87.72,0,442,property,0.11990950226244344,0.9565039229338708,property,0.7416,True,0.0041,0.7416,0.2543,25.4,Chicago,medium
41.92,-87.72,1,388,property,0.17525773195876287,0.9702990017210102,property,0.78,True,0.0035,0.78,0.2166,21.7,Chicago,medium
41.92,-87.72,2,556,property,0.10251798561151079,0.9849181154205441,property,0.664,True,0.0053,0.664,0.3307,33.1,Chicago,medium
41.92,-87.72,3,598,property,0.14381270903010032,0.9427872120500765,property,0.7627,True,0.0038,0.7627,0.2335,23.3,Chicago,medium
41.92,-87.71000000000001,0,367,property,0.15258855585831063,0.9288967974766155,property,0.7781,True,0.0035,0.7781,0.2183,21.8,Chicago,medium
41.92,-87.71000000000001,1,377,property,0.29973474801061006,0.8748384238622007,property,0.7839,True,0.0034,0.7839,0.2127,21.3,Chicago,medium
41.92,-87.71000000000001,2,641,property,0.33541341653666146,0.8339062877356259,property,0.7803,True,0.0035,0.7803,0.2162,21.6,Chicago,medium
41.92,-87.71000000000001,3,716,property,0.3198324022346369,0.8340038065218683,property,0.7817,True,0.0035,0.7817,0.2149,21.5,Chicago,medium
41.92,-87.7,0,446,property,0.23766816143497757,0.8707864997211238,property,0.7817,True,0.0035,0.7817,0.2148,21.5,Chicago,medium
41.92,-87.7,1,369,property,0.22764227642276422,0.9426684415597615,property,0.7844,True,0.0034,0.7844,0.2122,21.2,Chicago,medium
41.92,-87.7,2,680,property,0.3073529411764706,0.8704872382566431,property,0.7841,True,0.0034,0.7841,0.2124,21.2,Chicago,medium
41.92,-87.7,3,732,property,0.2978142076502732,0.9188608098966067,property,0.7841,True,0.0034,0.7841,0.2125,21.3,Chicago,medium
41.92,-87.69,0,572,property,0.3548951048951049,0.7829086910701709,property,0.7822,True,0.0035,0.7822,0.2144,21.4,Chicago,medium
41.92,-87.69,1,442,property,0.3574660633484163,0.8619279035496333,property,0.7846,True,0.0034,0.7846,0.212,21.2,Chicago,medium
41.92,-87.69,2,691,property,0.35745296671490595,0.8468909560230778,property,0.7843,True,0.0034,0.7843,0.2123,21.2,Chicago,medium
41.92,-87.69,3,789,property,0.4372623574144487,0.748525579321669,property,0.7842,True,0.0034,0.7842,0.2124,21.2,Chicago,medium
41.92,-87.68,0,378,property,0.4708994708994709,0.6923895623832182,property,0.7846,True,0.0034,0.7846,0.212,21.2,Chicago,medium
41.92,-87.68,1,252,property,0.4444444444444444,0.8275849571995679,property,0.7853,True,0.0035,0.7853,0.2112,21.1,Chicago,medium
41.92,-87.68,2,409,property,0.511002444987775,0.7554419779276087,property,0.7851,True,0.0034,0.7851,0.2114,21.1,Chicago,medium
41.92,-87.68,3,447,property,0.5346756152125279,0.676236250098132,property,0.7852,True,0.0035,0.7852,0.2113,21.1,Chicago,medium
41.92,-87.67,0,186,property,0.42473118279569894,0.7303793539419635,property,0.7837,True,0.0035,0.7837,0.2128,21.3,Chicago,medium
41.92,-87.67,1,190,property,0.5473684210526316,0.6944895080608959,property,0.7855,True,0.0035,0.7855,0.2111,21.1,Chicago,medium
41.92,-87.67,2,343,property,0.5131195335276968,0.6838969201169711,property,0.7854,True,0.0035,0.7854,0.2112,21.1,Chicago,medium
41.92,-87.67,3,289,property,0.5259515570934256,0.6922206648097613,property,0.7851,True,0.0035,0.7851,0.2114,21.1,Chicago,medium
41.92,-87.66,0,151,property,0.6754966887417219,0.5552597197879175,property,0.7848,True,0.0034,0.7848,0.2117,21.2,Chicago,medium
41.92,-87.66,1,144,property,0.6597222222222222,0.6833045950583657,property,0.7853,True,0.0035,0.7853,0.2112,21.1,Chicago,medium
41.92,-87.66,2,242,property,0.6115702479338843,0.6729970852199079,property,0.7854,True,0.0035,0.7854,0.2112,21.1,Chicago,medium
41.92,-87.66,3,185,property,0.5891891891891892,0.6682582973069014,property,0.7853,True,0.0035,0.7853,0.2112,21.1,Chicago,medium
41.92,-87.65,0,334,property,0.47604790419161674,0.7684622604856556,property,0.7835,True,0.0035,0.7835,0.213,21.3,Chicago,medium
41.92,-87.65,1,264,property,0.5189393939393939,0.7208746555844054,property,0.7851,True,0.0034,0.7851,0.2114,21.1,Chicago,medium
41.92,-87.65,2,539,property,0.5380333951762524,0.6954224724345627,property,0.7852,True,0.0034,0.7852,0.2114,21.1,Chicago,medium
41.92,-87.65,3,453,property,0.4856512141280353,0.6878994716611417,property,0.7852,True,0.0035,0.7852,0.2114,21.1,Chicago,medium
41.92,-87.64,0,308,property,0.5194805194805194,0.7356456322540039,property,0.7841,True,0.0034,0.7841,0.2125,21.2,Chicago,medium
41.92,-87.64,1,332,property,0.6114457831325302,0.7130598845811305,property,0.7852,True,0.0035,0.7852,0.2113,21.1,Chicago,medium
41.92,-87.64,2,669,property,0.6681614349775785,0.6200651198458882,property,0.7853,True,0.0035,0.7853,0.2112,21.1,Chicago,medium
41.92,-87.64,3,622,property,0.6254019292604501,0.5898553892871692,property,0.7851,True,0.0035,0.7851,0.2114,21.1,Chicago,medium
41.92,-87.63,0,24,property,0.4583333333333333,0.7232545110011122,property,0.7849,True,0.0035,0.7849,0.2116,21.2,Chicago,medium
41.92,-87.63,1,41,property,0.36585365853658536,0.868876080513572,property,0.7851,True,0.0035,0.7851,0.2114,21.1,Chicago,medium
41.92,-87.63,2,72,property,0.6805555555555556,0.4983672060423314,property,0.785,True,0.0035,0.785,0.2115,21.1,Chicago,medium
41.92,-87.63,3,84,property,0.75,0.4904499103768102,property,0.785,True,0.0035,0.785,0.2116,21.2,Chicago,medium
41.93,-87.82000000000001,3,5,property,0.4,0.9502705392332347,property,0.7845,True,0.0036,0.7845,0.212,21.2,Chicago,medium
41.93,-87.81,0,61,property,0.13114754098360656,1.0295066795408243,property,0.7853,True,0.0035,0.7853,0.2112,21.1,Chicago,medium
41.93,-87.81,1,54,property,0.2777777777777778,0.732676668025166,property,0.7838,True,0.0036,0.7838,0.2125,21.3,Chicago,medium
41.93,-87.81,2,72,property,0.125,0.9360125065698163,property,0.7848,True,0.0036,0.7848,0.2116,21.2,Chicago,medium
41.93,-87.81,3,81,property,0.12345679012345678,0.9874374557193006,property,0.7849,True,0.0035,0.7849,0.2115,21.2,Chicago,medium
41.93,-87.8,0,170,property,0.31176470588235294,0.8760307088374587,property,0.7846,True,0.0034,0.7846,0.2119,21.2,Chicago,medium
41.93,-87.8,1,155,property,0.18064516129032257,1.0252071094369106,property,0.7846,True,0.0035,0.7846,0.2119,21.2,Chicago,medium
41.93,-87.8,2,222,property,0.1036036036036036,1.029622783851472,property,0.7811,True,0.0036,0.7811,0.2153,21.5,Chicago,medium
41.93,-87.8,3,271,property,0.11808118081180811,0.9171871653037277,property,0.7847,True,0.0034,0.7847,0.2118,21.2,Chicago,medium
41.93,-87.79,0,151,property,0.5298013245033113,0.763287519731584,property,0.7847,True,0.0034,0.7847,0.2118,21.2,Chicago,medium
41.93,-87.79,1,262,property,0.35877862595419846,0.8511252676873808,property,0.7855,True,0.0035,0.7855,0.2111,21.1,Chicago,medium
41.93,-87.79,2,515,property,0.45436893203883494,0.7787542172496236,property,0.785,True,0.0035,0.785,0.2115,21.1,Chicago,medium
41.93,-87.79,3,348,property,0.23850574712643677,0.8241785395735788,property,0.7848,True,0.0035,0.7848,0.2117,21.2,Chicago,medium
41.93,-87.78,0,187,property,0.3315508021390374,0.9502419439650022,property,0.7841,True,0.0034,0.7841,0.2125,21.2,Chicago,medium
41.93,-87.78,1,177,property,0.03954802259887006,1.0192272125928843,property,0.7844,True,0.0035,0.7844,0.2122,21.2,Chicago,medium
41.93,-87.78,2,257,violent,0.1245136186770428,1.0325926988884537,property,0.7711,False,0.0037,0.7711,0.2252,22.5,Chicago,medium
41.93,-87.78,3,329,property,0.10030395136778116,0.9807942419946885,property,0.7841,True,0.0035,0.7841,0.2124,21.2,Chicago,medium
41.93,-87.77,0,299,property,0.21070234113712374,0.9432478402766891,property,0.7842,True,0.0034,0.7842,0.2124,21.2,Chicago,medium
41.93,-87.77,1,236,property,0.2838983050847458,0.9846969685457521,property,0.7849,True,0.0034,0.7849,0.2116,21.2,Chicago,medium
41.93,-87.77,2,371,property,0.1509433962264151,1.007353646509856,property,0.7843,True,0.0034,0.7843,0.2123,21.2,Chicago,medium
41.93,-87.77,3,411,property,0.004866180048661801,0.9881426633271555,property,0.7842,True,0.0034,0.7842,0.2124,21.2,Chicago,medium
41.93,-87.76,0,380,property,0.14473684210526316,0.9486580119950646,property,0.7839,True,0.0034,0.7839,0.2127,21.3,Chicago,medium
41.93,-87.76,1,354,property,0.05084745762711865,1.0433468847835634,property,0.7847,True,0.0034,0.7847,0.2119,21.2,Chicago,medium
41.93,-87.76,2,475,property,0.09052631578947369,1.0248431772337172,property,0.784,True,0.0034,0.784,0.2126,21.3,Chicago,medium
41.93,-87.76,3,623,property,0.056179775280898875,0.9604510482637624,property,0.7839,True,0.0034,0.7839,0.2127,21.3,Chicago,medium
41.93,-87.75,0,374,property,0.14705882352941177,0.9960459302460973,property,0.784,True,0.0034,0.784,0.2126,21.3,Chicago,medium
41.93,-87.75,1,259,property,0.05405405405405406,1.0185263479612732,property,0.7844,True,0.0034,0.7844,0.2122,21.2,Chicago,medium
41.93,-87.75,2,384,property,0.036458333333333336,1.0449413992373842,property,0.7839,True,0.0034,0.7839,0.2127,21.3,Chicago,medium
41.93,-87.75,3,518,property,0.05405405405405406,1.0699587669462012,property,0.784,True,0.0034,0.784,0.2126,21.3,Chicago,medium
41.93,-87.74,0,261,property,0.24904214559386972,0.9535885830512982,property,0.7839,True,0.0034,0.7839,0.2127,21.3,Chicago,medium
41.93,-87.74,1,315,property,0.18412698412698414,0.9275793213161447,property,0.7841,True,0.0034,0.7841,0.2124,21.2,Chicago,medium
41.93,-87.74,2,597,property,0.2696817420435511,0.9180928298293951,property,0.7821,True,0.0035,0.7821,0.2144,21.4,Chicago,medium
41.93,-87.74,3,518,property,0.22007722007722008,0.891736213789864,property,0.784,True,0.0034,0.784,0.2126,21.3,Chicago,medium
41.93,-87.73,0,199,property,0.2814070351758794,0.9254982776489407,property,0.7829,True,0.0034,0.7829,0.2137,21.4,Chicago,medium
41.93,-87.73,1,228,property,0.34649122807017546,0.9701924264347628,property,0.7844,True,0.0034,0.7844,0.2122,21.2,Chicago,medium
41.93,-87.73,2,331,property,0.35347432024169184,0.872814192414831,property,0.7842,True,0.0034,0.7842,0.2124,21.2,Chicago,medium
41.93,-87.73,3,277,property,0.20216606498194944,0.9698805806514648,property,0.7836,True,0.0034,0.7836,0.2129,21.3,Chicago,medium
41.93,-87.72,0,327,property,0.21406727828746178,0.9416756566304645,property,0.7829,True,0.0034,0.7829,0.2137,21.4,Chicago,medium
41.93,-87.72,1,279,property,0.2114695340501792,1.0170896793258843,property,0.7839,True,0.0034,0.7839,0.2127,21.3,Chicago,medium
41.93,-87.72,2,404,property,0.1905940594059406,0.9577237706038073,property,0.7822,True,0.0035,0.7822,0.2144,21.4,Chicago,medium
41.93,-87.72,3,495,property,0.1717171717171717,0.8946762356219083,property,0.7802,True,0.0035,0.7802,0.2163,21.6,Chicago,medium
41.93,-87.71000000000001,0,478,property,0.10460251046025104,0.9723845440499084,property,0.782,True,0.0035,0.782,0.2146,21.5,Chicago,medium
41.93,-87.71000000000001,1,415,property,0.25301204819277107,0.9522376239006018,property,0.7842,True,0.0034,0.7842,0.2124,21.2,Chicago,medium
41.93,-87.71000000000001,2,659,property,0.3232169954476479,0.8762481733640058,property,0.7839,True,0.0034,0.7839,0.2126,21.3,Chicago,medium
41.93,-87.71000000000001,3,790,property,0.39746835443037976,0.8075629549059744,property,0.7838,True,0.0034,0.7838,0.2127,21.3,Chicago,medium
41.93,-87.7,0,340,property,0.37058823529411766,0.8528856345913901,property,0.7835,True,0.0034,0.7835,0.2131,21.3,Chicago,medium
41.93,-87.7,1,339,property,0.584070796460177,0.6967858596669416,property,0.7849,True,0.0034,0.7849,0.2117,21.2,Chicago,medium
41.93,-87.7,2,537,property,0.5698324022346368,0.6745794176112658,property,0.7843,True,0.0034,0.7843,0.2123,21.2,Chicago,medium
41.93,-87.7,3,566,property,0.5229681978798587,0.7036305856374381,property,0.7841,True,0.0034,0.7841,0.2124,21.2,Chicago,medium
41.93,-87.69,0,189,property,0.3915343915343915,0.8461782469793051,property,0.7841,True,0.0034,0.7841,0.2125,21.2,Chicago,medium
41.93,-87.69,1,221,property,0.334841628959276,0.8326970673296087,property,0.785,True,0.0034,0.785,0.2116,21.2,Chicago,medium
41.93,-87.69,2,355,property,0.48450704225352115,0.7934708422931164,property,0.7847,True,0.0034,0.7847,0.2118,21.2,Chicago,medium
41.93,-87.69,3,395,property,0.44050632911392407,0.7955871968502835,property,0.7845,True,0.0034,0.7845,0.2121,21.2,Chicago,medium
41.93,-87.68,0,183,property,0.34972677595628415,0.8120939550151841,property,0.7685,True,0.0037,0.7685,0.2278,22.8,Chicago,medium
41.93,-87.68,1,328,property,0.5853658536585366,0.7312158813976034,property,0.785,True,0.0034,0.785,0.2115,21.2,Chicago,medium
41.93,-87.68,2,705,property,0.6198581560283688,0.633687384845911,property,0.7852,True,0.0034,0.7852,0.2114,21.1,Chicago,medium
41.93,-87.68,3,429,property,0.48951048951048953,0.6903963721492586,property,0.7844,True,0.0034,0.7844,0.2121,21.2,Chicago,medium
41.93,-87.67,0,214,property,0.5,0.7214648484478138,property,0.7844,True,0.0034,0.7844,0.2121,21.2,Chicago,medium
41.93,-87.67,1,278,property,0.5287769784172662,0.7228907976483882,property,0.7854,True,0.0035,0.7854,0.2111,21.1,Chicago,medium
41.93,-87.67,2,585,property,0.5811965811965812,0.6651689075379473,property,0.7853,True,0.0035,0.7853,0.2113,21.1,Chicago,medium
41.93,-87.67,3,453,property,0.4304635761589404,0.779675054257363,property,0.7852,True,0.0035,0.7852,0.2113,21.1,Chicago,medium
41.93,-87.66,0,242,property,0.4793388429752066,0.7760552284081481,property,0.7848,True,0.0034,0.7848,0.2117,21.2,Chicago,medium
41.93,-87.66,1,235,property,0.6638297872340425,0.6724949922236079,property,0.7854,True,0.0035,0.7854,0.2111,21.1,Chicago,medium
41.93,-87.66,2,342,property,0.543859649122807,0.708132160320607,property,0.7854,True,0.0035,0.7854,0.2112,21.1,Chicago,medium
41.93,-87.66,3,367,property,0.4877384196185286,0.765203494972654,property,0.7851,True,0.0035,0.7851,0.2114,21.1,Chicago,medium
41.93,-87.65,0,530,property,0.3867924528301887,0.7522798660628522,property,0.7835,True,0.0035,0.7835,0.2131,21.3,Chicago,medium
41.93,-87.65,1,441,property,0.47619047619047616,0.7931419589118484,property,0.7852,True,0.0035,0.7852,0.2114,21.1,Chicago,medium
41.93,-87.65,2,926,property,0.47840172786177104,0.7324421081771094,property,0.7852,True,0.0035,0.7852,0.2113,21.1,Chicago,medium
41.93,-87.65,3,833,property,0.4345738295318127,0.6929842653033624,property,0.7851,True,0.0035,0.7851,0.2114,21.1,Chicago,medium
41.93,-87.64,0,519,property,0.44701348747591524,0.813650141057365,property,0.7844,True,0.0034,0.7844,0.2122,21.2,Chicago,medium
41.93,-87.64,1,688,property,0.6148255813953488,0.6832937710353301,property,0.7853,True,0.0035,0.7853,0.2113,21.1,Chicago,medium
41.93,-87.64,2,1131,property,0.6030061892130858,0.6508945188328462,property,0.7852,True,0.0035,0.7852,0.2113,21.1,Chicago,medium
41.93,-87.64,3,1022,property,0.5665362035225049,0.6412911720775946,property,0.7849,True,0.0035,0.7849,0.2116,21.2,Chicago,medium
41.93,-87.63,0,18,property,0.16666666666666666,1.0114042647073518,violent,0.5197,False,0.0082,0.4721,0.5197,52.0,Chicago,uncertain
41.93,-87.63,1,27,property,0.7037037037037037,0.4194833906099632,property,0.7849,True,0.0035,0.7849,0.2116,21.2,Chicago,medium
41.93,-87.63,2,114,property,0.7982456140350878,0.4525209978944462,property,0.7851,True,0.0035,0.7851,0.2114,21.1,Chicago,medium
41.93,-87.63,3,60,property,0.5666666666666667,0.522656601299831,property,0.7841,True,0.0035,0.7841,0.2124,21.2,Chicago,medium
41.94,-87.84,0,5,violent,0.6,0.5004024447610512,property,0.5182,False,0.0082,0.5182,0.4736,47.4,Chicago,uncertain
41.94,-87.84,1,5,property,0.6,0.5004024447610512,property,0.7822,True,0.0038,0.7822,0.214,21.4,Chicago,medium
41.94,-87.84,2,9,violent,0.0,0.9649629230074277,property,0.7303,False,0.0054,0.7303,0.2643,26.4,Chicago,medium
41.94,-87.84,3,8,violent,0.375,0.9002560512685369,property,0.7812,False,0.0039,0.7812,0.2149,21.5,Chicago,medium
41.94,-87.83,0,73,property,0.3287671232876712,0.9472704880008893,property,0.7847,True,0.0037,0.7847,0.2117,21.2,Chicago,medium
41.94,-87.83,1,59,violent,0.1864406779661017,1.009637223838474,property,0.7786,False,0.004,0.7786,0.2174,21.7,Chicago,medium
41.94,-87.83,2,101,property,0.1485148514851485,1.0622056702483031,property,0.7771,True,0.004,0.7771,0.2189,21.9,Chicago,medium
41.94,-87.83,3,99,property,0.1919191919191919,0.9810165621624516,property,0.7847,True,0.0037,0.7847,0.2116,21.2,Chicago,medium
41.94,-87.82000000000001,0,95,property,0.3684210526315789,0.9047518293242867,property,0.7843,True,0.0036,0.7843,0.212,21.2,Chicago,medium
41.94,-87.82000000000001,1,58,property,0.1724137931034483,1.0152400691031336,property,0.7829,True,0.0039,0.7829,0.2133,21.3,Chicago,medium
41.94,-87.82000000000001,2,112,violent,0.044642857142857144,1.077047214274213,property,0.7689,False,0.0043,0.7689,0.2267,22.7,Chicago,medium
41.94,-87.82000000000001,3,110,property,0.4090909090909091,0.927869170133252,property,0.7847,True,0.0036,0.7847,0.2117,21.2,Chicago,medium
41.94,-87.81,0,168,property,0.4107142857142857,0.9072949177043277,property,0.7848,True,0.0035,0.7848,0.2117,21.2,Chicago,medium
41.94,-87.81,1,119,property,0.20168067226890757,1.0118777815602675,property,0.7853,True,0.0036,0.7853,0.2111,21.1,Chicago,medium
41.94,-87.81,2,230,property,0.04782608695652174,0.9937786583190222,property,0.7847,True,0.0036,0.7847,0.2117,21.2,Chicago,medium
41.94,-87.81,3,208,property,0.1201923076923077,1.02092815560246,property,0.7851,True,0.0035,0.7851,0.2114,21.1,Chicago,medium
41.94,-87.8,0,118,property,0.576271186440678,0.7512166013761126,property,0.785,True,0.0034,0.785,0.2115,21.2,Chicago,medium
41.94,-87.8,1,114,property,0.41228070175438597,0.9067556147118931,property,0.7851,True,0.0035,0.7851,0.2114,21.1,Chicago,medium
41.94,-87.8,2,141,property,0.23404255319148937,0.9369492227240578,property,0.7843,True,0.0034,0.7843,0.2123,21.2,Chicago,medium
41.94,-87.8,3,188,property,0.39893617021276595,0.8729146678943326,property,0.7852,True,0.0034,0.7852,0.2114,21.1,Chicago,medium
41.94,-87.79,0,257,property,0.377431906614786,0.8577110301328784,property,0.7852,True,0.0034,0.7852,0.2114,21.1,Chicago,medium
41.94,-87.79,1,184,property,0.20652173913043478,0.988721625053707,property,0.785,True,0.0035,0.785,0.2116,21.2,Chicago,medium
41.94,-87.79,2,241,property,0.27385892116182575,0.9233099980361819,property,0.7847,True,0.0035,0.7847,0.2119,21.2,Chicago,medium
41.94,-87.79,3,287,property,0.18466898954703834,0.9261848317753494,property,0.7849,True,0.0034,0.7849,0.2116,21.2,Chicago,medium
41.94,-87.78,0,171,property,0.3157894736842105,0.8329208389209726,property,0.7847,True,0.0034,0.7847,0.2118,21.2,Chicago,medium
41.94,-87.78,1,172,property,0.0872093023255814,0.9597834272540833,property,0.774,True,0.0036,0.774,0.2224,22.2,Chicago,medium
41.94,-87.78,2,244,property,0.1557377049180328,0.9949931666993321,property,0.7309,True,0.0044,0.7309,0.2647,26.5,Chicago,medium
41.94,-87.78,3,259,property,0.26640926640926643,0.9203516063798018,property,0.7847,True,0.0034,0.7847,0.2118,21.2,Chicago,medium
41.94,-87.77,0,293,property,0.15358361774744028,0.975430612598702,property,0.7845,True,0.0034,0.7845,0.2121,21.2,Chicago,medium
41.94,-87.77,1,237,property,0.17721518987341772,0.9993639422746389,property,0.7854,True,0.0034,0.7854,0.2112,21.1,Chicago,medium
41.94,-87.77,2,400,property,0.2375,0.9475686135461365,property,0.7844,True,0.0034,0.7844,0.2122,21.2,Chicago,medium
41.94,-87.77,3,483,property,0.2070393374741201,0.965063191408026,property,0.7846,True,0.0034,0.7846,0.2119,21.2,Chicago,medium
41.94,-87.76,0,328,property,0.036585365853658534,0.9349233745441601,property,0.784,True,0.0034,0.784,0.2126,21.3,Chicago,medium
41.94,-87.76,1,287,property,0.0627177700348432,1.0231386973321035,property,0.7844,True,0.0034,0.7844,0.2121,21.2,Chicago,medium
41.94,-87.76,2,379,property,0.1424802110817942,0.9890372351909806,property,0.7844,True,0.0034,0.7844,0.2121,21.2,Chicago,medium
41.94,-87.76,3,484,property,0.07231404958677685,0.9815681145951884,property,0.7841,True,0.0034,0.7841,0.2124,21.2,Chicago,medium
41.94,-87.75,0,374,property,0.05614973262032086,0.9951076352757402,property,0.784,True,0.0034,0.784,0.2126,21.3,Chicago,medium
41.94,-87.75,1,350,property,0.11142857142857143,1.0000603869115572,property,0.7843,True,0.0034,0.7843,0.2123,21.2,Chicago,medium
41.94,-87.75,2,433,property,0.11547344110854503,0.9942678096641051,property,0.7601,True,0.0039,0.7601,0.236,23.6,Chicago,medium
41.94,-87.75,3,622,property,0.09807073954983923,1.012231717203146,property,0.7836,True,0.0035,0.7836,0.2129,21.3,Chicago,medium
41.94,-87.74,0,195,property,0.28205128205128205,0.892453612281484,property,0.7841,True,0.0034,0.7841,0.2125,21.3,Chicago,medium
41.94,-87.74,1,239,property,0.08786610878661087,1.07397402228059,property,0.785,True,0.0034,0.785,0.2116,21.2,Chicago,medium
41.94,-87.74,2,293,property,0.16723549488054607,1.008711681748231,property,0.7844,True,0.0034,0.7844,0.2122,21.2,Chicago,medium
41.94,-87.74,3,317,property,0.0914826498422713,0.97196741424293,property,0.7842,True,0.0034,0.7842,0.2124,21.2,Chicago,medium
41.94,-87.73,0,345,property,0.18840579710144928,0.9180121014635678,property,0.7841,True,0.0034,0.7841,0.2125,21.2,Chicago,medium
41.94,-87.73,1,355,property,0.14647887323943662,1.004164486800697,property,0.7843,True,0.0034,0.7843,0.2123,21.2,Chicago,medium
41.94,-87.73,2,595,property,0.23529411764705882,0.9010627791728298,property,0.7841,True,0.0034,0.7841,0.2124,21.2,Chicago,medium
41.94,-87.73,3,587,property,0.22998296422487224,0.9016655781973659,property,0.7841,True,0.0034,0.7841,0.2125,21.2,Chicago,medium
41.94,-87.72,0,340,property,0.21764705882352942,0.9223359302108536,property,0.7807,True,0.0035,0.7807,0.2159,21.6,Chicago,medium
41.94,-87.72,1,362,property,0.10220994475138122,0.9463816688260616,property,0.7843,True,0.0034,0.7843,0.2123,21.2,Chicago,medium
41.94,-87.72,2,482,property,0.15145228215767634,0.8749357132814731,property,0.7842,True,0.0034,0.7842,0.2124,21.2,Chicago,medium
41.94,-87.72,3,600,property,0.2633333333333333,0.866556858369632,property,0.7819,True,0.0035,0.7819,0.2146,21.5,Chicago,medium
41.94,-87.71000000000001,0,224,property,0.35714285714285715,0.7958306074772845,property,0.7822,True,0.0035,0.7822,0.2143,21.4,Chicago,medium
41.94,-87.71000000000001,1,269,property,0.44981412639405205,0.7792810989475536,property,0.7849,True,0.0034,0.7849,0.2117,21.2,Chicago,medium
41.94,-87.71000000000001,2,471,property,0.4543524416135881,0.7502106762626666,property,0.7845,True,0.0034,0.7845,0.2121,21.2,Chicago,medium
41.94,-87.71000000000001,3,387,property,0.3488372093023256,0.7837033181813395,property,0.7842,True,0.0034,0.7842,0.2124,21.2,Chicago,medium
41.94,-87.7,0,197,property,0.20812182741116753,0.8571445212196815,property,0.7841,True,0.0034,0.7841,0.2125,21.2,Chicago,medium
41.94,-87.7,1,165,property,0.2545454545454545,0.9621753749533719,property,0.7846,True,0.0034,0.7846,0.212,21.2,Chicago,medium
41.94,-87.7,2,227,property,0.2599118942731278,0.9622106658434837,property,0.7842,True,0.0034,0.7842,0.2124,21.2,Chicago,medium
41.94,-87.7,3,262,property,0.2480916030534351,0.9186947087296764,property,0.7844,True,0.0034,0.7844,0.2122,21.2,Chicago,medium
41.94,-87.69,0,144,property,0.2916666666666667,0.7563925555139616,property,0.7844,True,0.0034,0.7844,0.2122,21.2,Chicago,medium
41.94,-87.69,1,127,property,0.5196850393700787,0.8409326130782524,property,0.785,True,0.0034,0.785,0.2115,21.2,Chicago,medium
41.94,-87.69,2,217,property,0.3548387096774194,0.9238185497660285,property,0.785,True,0.0034,0.785,0.2115,21.2,Chicago,medium
41.94,-87.69,3,178,property,0.3595505617977528,0.8221814051900044,property,0.785,True,0.0034,0.785,0.2116,21.2,Chicago,medium
41.94,-87.68,0,162,property,0.6234567901234568,0.6664835951189685,property,0.7846,True,0.0034,0.7846,0.2119,21.2,Chicago,medium
41.94,-87.68,1,175,property,0.46285714285714286,0.855163310325569,property,0.7852,True,0.0034,0.7852,0.2114,21.1,Chicago,medium
41.94,-87.68,2,274,property,0.5291970802919708,0.7710561956241178,property,0.7849,True,0.0034,0.7849,0.2117,21.2,Chicago,medium
41.94,-87.68,3,287,property,0.4146341463414634,0.7607703923919255,property,0.7849,True,0.0034,0.7849,0.2117,21.2,Chicago,medium
41.94,-87.67,0,220,property,0.4863636363636364,0.7613662520119906,property,0.7845,True,0.0034,0.7845,0.212,21.2,Chicago,medium
41.94,-87.67,1,317,property,0.5899053627760252,0.6843248010420003,property,0.7854,True,0.0035,0.7854,0.2112,21.1,Chicago,medium
41.94,-87.67,2,575,property,0.6104347826086957,0.6553706198186222,property,0.7853,True,0.0035,0.7853,0.2112,21.1,Chicago,medium
41.94,-87.67,3,475,property,0.6147368421052631,0.6380368850243432,property,0.7852,True,0.0035,0.7852,0.2114,21.1,Chicago,medium
41.94,-87.66,0,300,property,0.5333333333333333,0.704988707308607,property,0.7841,True,0.0034,0.7841,0.2124,21.2,Chicago,medium
41.94,-87.66,1,236,property,0.6059322033898306,0.6577492381546886,property,0.7854,True,0.0035,0.7854,0.2111,21.1,Chicago,medium
41.94,-87.66,2,515,property,0.6737864077669903,0.5857957007707606,property,0.7853,True,0.0035,0.7853,0.2113,21.1,Chicago,medium
41.94,-87.66,3,473,property,0.5517970401691332,0.6961495743245598,property,0.7851,True,0.0035,0.7851,0.2114,21.1,Chicago,medium
41.94,-87.65,0,1271,property,0.24075531077891424,0.8420962441123017,property,0.7278,True,0.0044,0.7278,0.2679,26.8,Chicago,medium
41.94,-87.65,1,856,property,0.5035046728971962,0.7217902504047713,property,0.785,True,0.0035,0.785,0.2115,21.2,Chicago,medium
41.94,-87.65,2,1531,property,0.5467015022860875,0.6834170445704353,property,0.785,True,0.0035,0.785,0.2115,21.2,Chicago,medium
41.94,-87.65,3,1593,property,0.3979912115505336,0.7754953071353077,property,0.7847,True,0.0035,0.7847,0.2118,21.2,Chicago,medium
41.94,-87.64,0,485,property,0.44742268041237115,0.8132673992789893,property,0.7842,True,0.0034,0.7842,0.2123,21.2,Chicago,medium
41.94,-87.64,1,476,property,0.46218487394957986,0.8255119694604196,property,0.7851,True,0.0034,0.7851,0.2115,21.1,Chicago,medium
41.94,-87.64,2,912,property,0.5109649122807017,0.7424528306125756,property,0.7849,True,0.0034,0.7849,0.2117,21.2,Chicago,medium
41.94,-87.64,3,841,property,0.4149821640903686,0.8129224385789636,property,0.7849,True,0.0034,0.7849,0.2117,21.2,Chicago,medium
41.95,-87.92,0,6,violent,0.0,1.0986122886681096,property,0.5047,False,0.008,0.5047,0.4873,48.7,Chicago,uncertain
41.95,-87.92,1,8,violent,0.125,0.9743147528693494,property,0.7651,False,0.0042,0.7651,0.2306,23.1,Chicago,medium
41.95,-87.92,2,5,property,0.2,0.6730116880595105,property,0.7713,True,0.0042,0.7713,0.2245,22.5,Chicago,medium
41.95,-87.92,3,6,property,0.16666666666666666,1.0114042647073518,property,0.5006,True,0.0081,0.5006,0.4913,49.1,Chicago,uncertain
41.95,-87.91,0,4,property,0.5,0.562335165779739,property,0.5034,True,0.008,0.5034,0.4886,48.9,Chicago,uncertain
41.95,-87.91,1,5,property,0.4,0.9502705392332347,property,0.7809,True,0.0037,0.7809,0.2154,21.5,Chicago,medium
41.95,-87.91,2,3,other,0.3333333333333333,0.6365141893815645,property,0.7775,False,0.0039,0.7775,0.2186,21.9,Chicago,medium
41.95,-87.9,2,4,violent,0.5,0.562335165779739,property,0.7804,False,0.0038,0.7804,0.2158,21.6,Chicago,medium
41.95,-87.84,0,25,property,0.48,0.8385696937829805,property,0.7848,True,0.0036,0.7848,0.2116,21.2,Chicago,medium
41.95,-87.84,1,18,violent,0.2222222222222222,1.0366279688586069,property,0.7833,False,0.0038,0.7833,0.2129,21.3,Chicago,medium
41.95,-87.84,2,26,property,0.15384615384615385,1.0017680654251162,property,0.7807,True,0.0039,0.7807,0.2154,21.5,Chicago,medium
41.95,-87.84,3,34,property,0.38235294117647056,0.9629079493851553,property,0.7848,True,0.0036,0.7848,0.2117,21.2,Chicago,medium
41.95,-87.83,0,80,property,0.5875,0.7549190073748887,property,0.7845,True,0.0037,0.7845,0.2118,21.2,Chicago,medium
41.95,-87.83,1,51,property,0.13725490196078433,1.0632635480250523,property,0.7788,True,0.004,0.7788,0.2172,21.7,Chicago,medium
41.95,-87.83,2,106,violent,0.03773584905660377,1.091761911104123,property,0.7812,False,0.0039,0.7812,0.2149,21.5,Chicago,medium
41.95,-87.83,3,115,property,0.11304347826086956,1.070959612501082,property,0.7845,True,0.0036,0.7845,0.2119,21.2,Chicago,medium
41.95,-87.82000000000001,0,62,property,0.14516129032258066,0.955500725378174,property,0.7853,True,0.0036,0.7853,0.2111,21.1,Chicago,medium
41.95,-87.82000000000001,1,54,violent,0.3888888888888889,0.9582943263576927,property,0.7841,False,0.0037,0.7841,0.2121,21.2,Chicago,medium
41.95,-87.82000000000001,2,78,violent,0.0,0.9872425881788298,property,0.781,False,0.0039,0.781,0.2151,21.5,Chicago,medium
41.95,-87.82000000000001,3,87,property,0.21839080459770116,0.9707639420714289,property,0.785,True,0.0036,0.785,0.2114,21.1,Chicago,medium
41.95,-87.81,0,144,property,0.4097222222222222,0.8911074716519178,property,0.7847,True,0.0035,0.7847,0.2118,21.2,Chicago,medium
41.95,-87.81,1,98,property,0.20408163265306123,0.9560991037306503,property,0.7843,True,0.0036,0.7843,0.2121,21.2,Chicago,medium
41.95,-87.81,2,177,property,0.04519774011299435,0.9881820054626962,property,0.7845,True,0.0036,0.7845,0.2119,21.2,Chicago,medium
41.95,-87.81,3,236,property,0.1440677966101695,0.9519389358726524,property,0.7845,True,0.0035,0.7845,0.212,21.2,Chicago,medium
41.95,-87.8,0,156,property,0.38461538461538464,0.8490199203876303,property,0.7849,True,0.0034,0.7849,0.2117,21.2,Chicago,medium
41.95,-87.8,1,145,violent,0.05517241379310345,1.0764923726860396,property,0.7839,False,0.0036,0.7839,0.2125,21.2,Chicago,medium
41.95,-87.8,2,220,violent,0.06363636363636363,1.038782484868256,property,0.7843,False,0.0035,0.7843,0.2122,21.2,Chicago,medium
41.95,-87.8,3,164,property,0.3231707317073171,0.910971854616972,property,0.7849,True,0.0035,0.7849,0.2116,21.2,Chicago,medium
41.95,-87.79,0,69,property,0.30434782608695654,0.9180683518524025,property,0.784,True,0.0034,0.784,0.2126,21.3,Chicago,medium
41.95,-87.79,1,117,property,0.3333333333333333,0.9313218848974898,property,0.7851,True,0.0035,0.7851,0.2115,21.1,Chicago,medium
41.95,-87.79,2,207,property,0.34782608695652173,0.836045940457349,property,0.7852,True,0.0035,0.7852,0.2114,21.1,Chicago,medium
41.95,-87.79,3,152,property,0.15789473684210525,0.9606147499593582,property,0.785,True,0.0034,0.785,0.2115,21.2,Chicago,medium
41.95,-87.78,0,231,property,0.3116883116883117,0.9165916633029398,property,0.7846,True,0.0034,0.7846,0.2119,21.2,Chicago,medium
41.95,-87.78,1,117,property,0.1794871794871795,1.026168880495093,property,0.7852,True,0.0035,0.7852,0.2114,21.1,Chicago,medium
41.95,-87.78,2,242,property,0.0743801652892562,1.0309738491983746,property,0.7848,True,0.0035,0.7848,0.2117,21.2,Chicago,medium
41.95,-87.78,3,286,property,0.1958041958041958,0.9858969590166351,property,0.7844,True,0.0034,0.7844,0.2122,21.2,Chicago,medium
41.95,-87.77,0,284,property,0.2323943661971831,0.9775711944510561,property,0.7846,True,0.0034,0.7846,0.212,21.2,Chicago,medium
41.95,-87.77,1,204,property,0.23039215686274508,0.9612835158521387,property,0.7848,True,0.0034,0.7848,0.2118,21.2,Chicago,medium
41.95,-87.77,2,310,property,0.11290322580645161,0.9847637675603271,property,0.7846,True,0.0034,0.7846,0.212,21.2,Chicago,medium
41.95,-87.77,3,357,property,0.2689075630252101,0.9357033732049234,property,0.7847,True,0.0034,0.7847,0.2119,21.2,Chicago,medium
41.95,-87.76,0,252,property,0.3531746031746032,0.8765907555385001,property,0.784,True,0.0034,0.784,0.2126,21.3,Chicago,medium
41.95,-87.76,1,171,property,0.14035087719298245,1.028737964535405,property,0.7849,True,0.0035,0.7849,0.2116,21.2,Chicago,medium
41.95,-87.76,2,230,property,0.11304347826086956,1.0020816263827803,property,0.784,True,0.0035,0.784,0.2125,21.2,Chicago,medium
41.95,-87.76,3,293,property,0.24232081911262798,0.9092694017150832,property,0.7844,True,0.0034,0.7844,0.2122,21.2,Chicago,medium
41.95,-87.75,0,291,property,0.2920962199312715,0.8950896408677322,property,0.784,True,0.0034,0.784,0.2126,21.3,Chicago,medium
41.95,-87.75,1,306,property,0.3366013071895425,0.9196775525595211,property,0.7852,True,0.0034,0.7852,0.2113,21.1,Chicago,medium
41.95,-87.75,2,503,property,0.2485089463220676,0.9300544736024337,property,0.7852,True,0.0034,0.7852,0.2114,21.1,Chicago,medium
41.95,-87.75,3,532,property,0.21428571428571427,0.981121484796315,property,0.7842,True,0.0034,0.7842,0.2124,21.2,Chicago,medium
41.95,-87.74,0,141,property,0.4397163120567376,0.8914920509821898,property,0.7847,True,0.0034,0.7847,0.2119,21.2,Chicago,medium
41.95,-87.74,1,209,property,0.20574162679425836,0.9328122935685781,property,0.7843,True,0.0034,0.7843,0.2122,21.2,Chicago,medium
41.95,-87.74,2,374,property,0.2807486631016043,0.8777905176422313,property,0.7843,True,0.0034,0.7843,0.2123,21.2,Chicago,medium
41.95,-87.74,3,253,property,0.33201581027667987,0.8727155851311276,property,0.7847,True,0.0034,0.7847,0.2119,21.2,Chicago,medium
41.95,-87.73,0,236,property,0.2288135593220339,0.8310516639056988,property,0.784,True,0.0034,0.784,0.2126,21.3,Chicago,medium
41.95,-87.73,1,211,property,0.22274881516587677,0.8644222160007384,property,0.785,True,0.0034,0.785,0.2115,21.2,Chicago,medium
41.95,-87.73,2,341,property,0.24633431085043989,0.9009746725476877,property,0.7843,True,0.0034,0.7843,0.2123,21.2,Chicago,medium
41.95,-87.73,3,381,property,0.2650918635170604,0.9164262928856869,property,0.7843,True,0.0034,0.7843,0.2123,21.2,Chicago,medium
41.95,-87.72,0,202,property,0.30198019801980197,0.8884745598953055,property,0.7841,True,0.0034,0.7841,0.2125,21.3,Chicago,medium
41.95,-87.72,1,192,property,0.234375,0.9694010705591207,property,0.7845,True,0.0034,0.7845,0.2121,21.2,Chicago,medium
41.95,-87.72,2,277,property,0.22021660649819494,0.9335540582277125,property,0.7843,True,0.0034,0.7843,0.2122,21.2,Chicago,medium
41.95,-87.72,3,290,property,0.20344827586206896,0.892590222261294,property,0.7842,True,0.0034,0.7842,0.2123,21.2,Chicago,medium
41.95,-87.71000000000001,0,377,property,0.13793103448275862,0.9433841788375238,property,0.784,True,0.0034,0.784,0.2126,21.3,Chicago,medium
41.95,-87.71000000000001,1,470,property,0.34893617021276596,0.8353878762064173,property,0.7847,True,0.0034,0.7847,0.2119,21.2,Chicago,medium
41.95,-87.71000000000001,2,713,property,0.38429172510518933,0.8381830822180656,property,0.7845,True,0.0034,0.7845,0.2121,21.2,Chicago,medium
41.95,-87.71000000000001,3,591,property,0.28426395939086296,0.917191769639141,property,0.7843,True,0.0034,0.7843,0.2123,21.2,Chicago,medium
41.95,-87.7,0,177,property,0.3446327683615819,0.912703157524838,property,0.7842,True,0.0034,0.7842,0.2124,21.2,Chicago,medium
41.95,-87.7,1,170,property,0.4176470588235294,0.8481928184097742,property,0.7849,True,0.0034,0.7849,0.2117,21.2,Chicago,medium
41.95,-87.7,2,341,property,0.4780058651026393,0.8067464242645497,property,0.7843,True,0.0034,0.7843,0.2123,21.2,Chicago,medium
41.95,-87.7,3,343,property,0.37900874635568516,0.8694140393289032,property,0.7843,True,0.0034,0.7843,0.2123,21.2,Chicago,medium
41.95,-87.69,0,140,property,0.55,0.7383249670593536,property,0.7844,True,0.0034,0.7844,0.2122,21.2,Chicago,medium
41.95,-87.69,1,158,property,0.3924050632911392,0.9073813500836525,property,0.785,True,0.0035,0.785,0.2116,21.2,Chicago,medium
41.95,-87.69,2,287,property,0.3693379790940767,0.8516656181862883,property,0.7846,True,0.0034,0.7846,0.2119,21.2,Chicago,medium
41.95,-87.69,3,209,property,0.2583732057416268,0.8819674989649358,property,0.7848,True,0.0034,0.7848,0.2118,21.2,Chicago,medium
41.95,-87.68,0,188,property,0.6808510638297872,0.5920018111028849,property,0.785,True,0.0034,0.785,0.2116,21.2,Chicago,medium
41.95,-87.68,1,160,property,0.5375,0.7411311058098706,property,0.7852,True,0.0035,0.7852,0.2113,21.1,Chicago,medium
41.95,-87.68,2,241,property,0.6182572614107884,0.6681703568215809,property,0.7854,True,0.0035,0.7854,0.2112,21.1,Chicago,medium
41.95,-87.68,3,252,property,0.5198412698412699,0.7254830405477369,property,0.7854,True,0.0035,0.7854,0.2112,21.1,Chicago,medium
41.95,-87.67,0,248,property,0.45564516129032256,0.8396476954787491,property,0.7844,True,0.0034,0.7844,0.2122,21.2,Chicago,medium
41.95,-87.67,1,225,property,0.30666666666666664,0.9379525666758328,property,0.7852,True,0.0034,0.7852,0.2113,21.1,Chicago,medium
41.95,-87.67,2,359,property,0.4233983286908078,0.8253486151868872,property,0.7849,True,0.0034,0.7849,0.2117,21.2,Chicago,medium
41.95,-87.67,3,323,property,0.4891640866873065,0.819226132105157,property,0.7852,True,0.0035,0.7852,0.2113,21.1,Chicago,medium
41.95,-87.66,0,815,property,0.2687116564417178,0.7873173726664469,property,0.7796,True,0.0035,0.7796,0.2168,21.7,Chicago,medium
41.95,-87.66,1,339,property,0.4336283185840708,0.7945535169328888,property,0.7853,True,0.0035,0.7853,0.2112,21.1,Chicago,medium
41.95,-87.66,2,629,property,0.3863275039745628,0.7847205151884533,property,0.7848,True,0.0035,0.7848,0.2118,21.2,Chicago,medium
41.95,-87.66,3,873,property,0.2554410080183276,0.8231224723782302,property,0.7843,True,0.0035,0.7843,0.2123,21.2,Chicago,medium
41.95,-87.65,0,1147,property,0.18657367044463818,0.8962664838511012,property,0.7602,True,0.0038,0.7602,0.2359,23.6,Chicago,medium
41.95,-87.65,1,835,property,0.33652694610778444,0.8711424975542829,property,0.7847,True,0.0034,0.7847,0.2119,21.2,Chicago,medium
41.95,-87.65,2,1378,property,0.3795355587808418,0.8318590888833289,property,0.7844,True,0.0034,0.7844,0.2121,21.2,Chicago,medium
41.95,-87.65,3,1373,property,0.2600145666423889,0.8843276690471222,property,0.7841,True,0.0034,0.7841,0.2124,21.2,Chicago,medium
41.95,-87.64,0,109,property,0.42201834862385323,0.8905340116939237,property,0.7841,True,0.0034,0.7841,0.2124,21.2,Chicago,medium
41.95,-87.64,1,152,property,0.5986842105263158,0.693188377485583,property,0.7855,True,0.0035,0.7855,0.211,21.1,Chicago,medium
41.95,-87.64,2,253,property,0.6877470355731226,0.6413413933665735,property,0.7858,True,0.0035,0.7858,0.2108,21.1,Chicago,medium
41.95,-87.64,3,191,property,0.45549738219895286,0.8344065714935567,property,0.7853,True,0.0034,0.7853,0.2112,21.1,Chicago,medium
41.96,-87.92,0,3,property,1.0,4.3446531758480495e-08,property,0.7799,True,0.0038,0.7799,0.2163,21.6,Chicago,medium
41.96,-87.92,1,9,violent,0.1111111111111111,1.0608569471580214,property,0.6354,False,0.0061,0.6354,0.3585,35.9,Chicago,medium
41.96,-87.92,3,4,other,0.25,1.0397207708399179,property,0.7768,False,0.0038,0.7768,0.2194,21.9,Chicago,medium
41.96,-87.91,0,6,property,0.6666666666666666,0.4505612301390093,property,0.7815,True,0.0037,0.7815,0.2148,21.5,Chicago,medium
41.96,-87.91,1,3,violent,0.0,1.0986122886681096,property,0.7764,False,0.0039,0.7764,0.2198,22.0,Chicago,medium
41.96,-87.91,2,3,violent,1.0,4.3446531758480495e-08,property,0.7807,False,0.0037,0.7807,0.2156,21.6,Chicago,medium
41.96,-87.91,3,10,violent,0.0,0.6931472015900639,property,0.7483,False,0.0043,0.7483,0.2474,24.7,Chicago,medium
41.96,-87.89,0,6,property,1.0,4.3446531758480495e-08,property,0.7372,True,0.0054,0.7372,0.2574,25.7,Chicago,medium
41.96,-87.89,1,5,violent,0.2,0.6730116880595105,property,0.7786,False,0.0039,0.7786,0.2175,21.7,Chicago,medium
41.96,-87.89,2,5,property,0.4,0.9502705392332347,property,0.7526,True,0.0049,0.7526,0.2424,24.2,Chicago,medium
41.96,-87.89,3,6,violent,0.6666666666666666,0.4505612301390093,property,0.7739,False,0.004,0.7739,0.2221,22.2,Chicago,medium
41.96,-87.88,1,3,violent,0.3333333333333333,0.6365141893815645,property,0.7703,False,0.0041,0.7703,0.2256,22.6,Chicago,medium
41.96,-87.88,2,5,violent,0.6,0.5004024447610512,property,0.7809,False,0.0038,0.7809,0.2152,21.5,Chicago,medium
41.96,-87.88,3,10,violent,0.0,0.6931472015900639,property,0.7799,False,0.0039,0.7799,0.2162,21.6,Chicago,medium
41.96,-87.84,0,24,property,0.3333333333333333,0.8602030628046026,property,0.7811,True,0.0038,0.7811,0.2151,21.5,Chicago,medium
41.96,-87.84,1,37,property,0.10810810810810811,1.0872841553983514,property,0.7837,True,0.0038,0.7837,0.2125,21.3,Chicago,medium
41.96,-87.84,2,37,property,0.08108108108108109,1.0611532224746254,property,0.7773,True,0.004,0.7773,0.2188,21.9,Chicago,medium
41.96,-87.84,3,40,property,0.175,1.0504234141728275,property,0.7851,True,0.0036,0.7851,0.2113,21.1,Chicago,medium
41.96,-87.8,0,8,violent,0.375,0.9002560512685369,property,0.6661,False,0.0062,0.6661,0.3277,32.8,Chicago,medium
41.96,-87.8,1,21,violent,0.14285714285714285,0.9302998331833918,property,0.5065,False,0.0082,0.5065,0.4853,48.5,Chicago,uncertain
41.96,-87.8,2,20,violent,0.35,0.7909873504355756,property,0.7748,False,0.0038,0.7748,0.2213,22.1,Chicago,medium
41.96,-87.8,3,13,violent,0.38461538461538464,0.9251290835720823,violent,0.5013,True,0.0084,0.4904,0.5013,50.1,Chicago,uncertain
41.96,-87.79,0,49,property,0.3673469387755102,0.8745726542696058,property,0.7837,True,0.0037,0.7837,0.2126,21.3,Chicago,medium
41.96,-87.79,1,34,property,0.23529411764705882,1.0027399543973452,property,0.7857,True,0.0036,0.7857,0.2107,21.1,Chicago,medium
41.96,-87.79,2,62,property,0.11290322580645161,0.9602268639035201,property,0.7847,True,0.0036,0.7847,0.2117,21.2,Chicago,medium
41.96,-87.79,3,77,property,0.15584415584415584,0.9213456186345728,property,0.7849,True,0.0036,0.7849,0.2115,21.1,Chicago,medium
41.96,-87.78,0,162,property,0.3333333333333333,0.8839176784845817,property,0.7857,True,0.0035,0.7857,0.2108,21.1,Chicago,medium
41.96,-87.78,1,107,property,0.1308411214953271,0.9912855762016088,property,0.7844,True,0.0037,0.7844,0.212,21.2,Chicago,medium
41.96,-87.78,2,200,property,0.16,1.024063828208636,property,0.783,True,0.0037,0.783,0.2133,21.3,Chicago,medium
41.96,-87.78,3,230,property,0.28695652173913044,0.9417020871729666,property,0.7852,True,0.0035,0.7852,0.2113,21.1,Chicago,medium
41.96,-87.77,0,215,property,0.5441860465116279,0.7028320038965395,property,0.785,True,0.0035,0.785,0.2115,21.2,Chicago,medium
41.96,-87.77,1,148,property,0.3310810810810811,0.9229679786635727,property,0.7855,True,0.0035,0.7855,0.2109,21.1,Chicago,medium
41.96,-87.77,2,241,property,0.3070539419087137,0.9504221024069364,property,0.785,True,0.0035,0.785,0.2115,21.1,Chicago,medium
41.96,-87.77,3,345,property,0.2782608695652174,0.9232283953343442,property,0.7856,True,0.0035,0.7856,0.2109,21.1,Chicago,medium
41.96,-87.76,0,181,property,0.3812154696132597,0.9369212499293227,property,0.7843,True,0.0034,0.7843,0.2123,21.2,Chicago,medium
41.96,-87.76,1,156,property,0.28205128205128205,0.9679119335646886,property,0.7847,True,0.0035,0.7847,0.2118,21.2,Chicago,medium
41.96,-87.76,2,261,property,0.1417624521072797,1.0177810425626612,property,0.7845,True,0.0034,0.7845,0.2121,21.2,Chicago,medium
41.96,-87.76,3,294,property,0.09863945578231292,0.9197739702590083,property,0.7842,True,0.0034,0.7842,0.2124,21.2,Chicago,medium
41.96,-87.75,0,175,property,0.37714285714285717,0.8460858950012262,property,0.7839,True,0.0034,0.7839,0.2127,21.3,Chicago,medium
41.96,-87.75,1,198,property,0.20202020202020202,0.9550327745583262,property,0.7846,True,0.0034,0.7846,0.2119,21.2,Chicago,medium
41.96,-87.75,2,278,property,0.1618705035971223,0.9405981054853217,property,0.7849,True,0.0035,0.7849,0.2116,21.2,Chicago,medium
41.96,-87.75,3,331,property,0.22658610271903323,0.969745039530307,property,0.7842,True,0.0034,0.7842,0.2124,21.2,Chicago,medium
41.96,-87.74,0,110,property,0.2909090909090909,0.7795486473421728,property,0.7845,True,0.0034,0.7845,0.2121,21.2,Chicago,medium
41.96,-87.74,1,76,property,0.19736842105263158,0.9525493150302635,property,0.7846,True,0.0034,0.7846,0.212,21.2,Chicago,medium
41.96,-87.74,2,119,property,0.5294117647058824,0.7837691185483711,property,0.7845,True,0.0034,0.7845,0.2121,21.2,Chicago,medium
41.96,-87.74,3,114,property,0.3684210526315789,0.9006839487966467,property,0.7849,True,0.0034,0.7849,0.2117,21.2,Chicago,medium
41.96,-87.73,0,331,property,0.35347432024169184,0.8543055034772835,property,0.7839,True,0.0034,0.7839,0.2127,21.3,Chicago,medium
41.96,-87.73,1,241,property,0.12448132780082988,0.9684880115825771,property,0.7846,True,0.0034,0.7846,0.212,21.2,Chicago,medium
41.96,-87.73,2,394,property,0.20304568527918782,0.9845400235840316,property,0.7842,True,0.0034,0.7842,0.2124,21.2,Chicago,medium
41.96,-87.73,3,457,property,0.20787746170678337,0.9553025906685448,property,0.7842,True,0.0034,0.7842,0.2124,21.2,Chicago,medium
41.96,-87.72,0,318,property,0.25471698113207547,0.9503365183459385,property,0.7804,True,0.0035,0.7804,0.2161,21.6,Chicago,medium
41.96,-87.72,1,250,property,0.216,0.977943534855236,property,0.7843,True,0.0034,0.7843,0.2123,21.2,Chicago,medium
41.96,-87.72,2,432,property,0.12731481481481483,0.9929428284548967,property,0.7824,True,0.0035,0.7824,0.2141,21.4,Chicago,medium
41.96,-87.72,3,538,property,0.19516728624535315,0.960752631261548,property,0.7842,True,0.0034,0.7842,0.2124,21.2,Chicago,medium
41.96,-87.71000000000001,0,383,property,0.2349869451697128,0.9279615921296213,property,0.7698,True,0.0037,0.7698,0.2265,22.7,Chicago,medium
41.96,-87.71000000000001,1,380,property,0.1736842105263158,0.9609830665585162,property,0.7843,True,0.0034,0.7843,0.2122,21.2,Chicago,medium
41.96,-87.71000000000001,2,635,property,0.19370078740157481,0.9467595435468761,property,0.7762,True,0.0036,0.7762,0.2201,22.0,Chicago,medium
41.96,-87.71000000000001,3,636,property,0.16352201257861634,0.9440052552800658,property,0.7827,True,0.0034,0.7827,0.2138,21.4,Chicago,medium
41.96,-87.7,0,173,property,0.5317919075144508,0.7628596886728388,property,0.784,True,0.0034,0.784,0.2126,21.3,Chicago,medium
41.96,-87.7,1,158,property,0.41139240506329117,0.8248396116466036,property,0.7851,True,0.0034,0.7851,0.2115,21.2,Chicago,medium
41.96,-87.7,2,229,property,0.31004366812227074,0.9238619018589331,property,0.7846,True,0.0034,0.7846,0.212,21.2,Chicago,medium
41.96,-87.7,3,255,property,0.37254901960784315,0.8079837537914042,property,0.7848,True,0.0034,0.7848,0.2118,21.2,Chicago,medium
41.96,-87.69,0,198,property,0.5202020202020202,0.7834803679819758,property,0.7846,True,0.0034,0.7846,0.212,21.2,Chicago,medium
41.96,-87.69,1,184,property,0.4782608695652174,0.8121240411881798,property,0.785,True,0.0034,0.785,0.2116,21.2,Chicago,medium
41.96,-87.69,2,239,property,0.4560669456066946,0.8040950798727899,property,0.7852,True,0.0035,0.7852,0.2113,21.1,Chicago,medium
41.96,-87.69,3,239,property,0.40585774058577406,0.767908494825575,property,0.7852,True,0.0034,0.7852,0.2114,21.1,Chicago,medium
41.96,-87.68,0,239,property,0.602510460251046,0.674270620629653,property,0.7844,True,0.0034,0.7844,0.2122,21.2,Chicago,medium
41.96,-87.68,1,216,property,0.2962962962962963,0.9146224676606434,property,0.7851,True,0.0034,0.7851,0.2114,21.1,Chicago,medium
41.96,-87.68,2,344,property,0.45348837209302323,0.8018969973592699,property,0.7848,True,0.0034,0.7848,0.2118,21.2,Chicago,medium
41.96,-87.68,3,346,property,0.523121387283237,0.7459900748055917,property,0.7851,True,0.0034,0.7851,0.2114,21.1,Chicago,medium
41.96,-87.67,0,297,property,0.5791245791245792,0.6937577195487624,property,0.7846,True,0.0034,0.7846,0.2119,21.2,Chicago,medium
41.96,-87.67,1,200,property,0.66,0.666671473030435,property,0.7852,True,0.0035,0.7852,0.2114,21.1,Chicago,medium
41.96,-87.67,2,337,property,0.4836795252225519,0.7964672690974716,property,0.7849,True,0.0034,0.7849,0.2117,21.2,Chicago,medium
41.96,-87.67,3,358,property,0.5614525139664804,0.674573505253187,property,0.7847,True,0.0034,0.7847,0.2118,21.2,Chicago,medium
41.96,-87.66,0,245,property,0.3673469387755102,0.8503195651117843,property,0.7827,True,0.0034,0.7827,0.2138,21.4,Chicago,medium
41.96,-87.66,1,427,property,0.3911007025761124,0.8221052448694998,property,0.7842,True,0.0034,0.7842,0.2124,21.2,Chicago,medium
41.96,-87.66,2,772,property,0.405440414507772,0.8090631071431007,property,0.7841,True,0.0034,0.7841,0.2125,21.3,Chicago,medium
41.96,-87.66,3,554,property,0.3140794223826715,0.8415770222935355,property,0.7833,True,0.0034,0.7833,0.2133,21.3,Chicago,medium
41.96,-87.65,0,633,property,0.25434439178515006,0.914092017504605,property,0.7835,True,0.0034,0.7835,0.2131,21.3,Chicago,medium
41.96,-87.65,1,735,property,0.24897959183673468,0.9069212299161657,property,0.7841,True,0.0034,0.7841,0.2125,21.2,Chicago,medium
41.96,-87.65,2,1303,property,0.2985418265541059,0.8936166880227185,property,0.7839,True,0.0034,0.7839,0.2126,21.3,Chicago,medium
41.96,-87.65,3,1076,property,0.24349442379182157,0.8868898953709174,property,0.7838,True,0.0034,0.7838,0.2128,21.3,Chicago,medium
41.96,-87.64,0,22,violent,0.0,1.0900596587107838,property,0.7821,False,0.0036,0.7821,0.2142,21.4,Chicago,medium
41.96,-87.64,1,29,property,0.6551724137931034,0.45969304123207455,property,0.7849,True,0.0036,0.7849,0.2116,21.2,Chicago,medium
41.96,-87.64,2,86,property,0.6395348837209303,0.6366954920541387,property,0.7825,True,0.0037,0.7825,0.2138,21.4,Chicago,medium
41.96,-87.64,3,45,property,0.28888888888888886,0.7998008528245697,property,0.7181,True,0.0055,0.7181,0.2764,27.6,Chicago,medium
41.96,-87.63,2,5,property,0.6,0.5004024447610512,property,0.7824,True,0.0038,0.7824,0.2138,21.4,Chicago,medium
41.96,-87.63,3,4,violent,0.5,0.562335165779739,property,0.6859,False,0.0067,0.6859,0.3075,30.7,Chicago,medium
41.97,-87.89,0,63,property,0.12698412698412698,1.0781099194830417,property,0.5627,True,0.0127,0.5627,0.4246,42.5,Chicago,medium
41.97,-87.89,1,77,property,0.15584415584415584,1.0154531399684739,property,0.562,True,0.0129,0.562,0.4252,42.5,Chicago,medium
41.97,-87.89,2,129,property,0.17829457364341086,0.9433964689328125,property,0.5603,True,0.0129,0.5603,0.4268,42.7,Chicago,medium
41.97,-87.89,3,121,violent,0.0,0.9064152517259751,property,0.5591,False,0.013,0.5591,0.4279,42.8,Chicago,medium
41.97,-87.88,1,5,violent,0.2,0.6730116880595105,property,0.7798,False,0.0039,0.7798,0.2164,21.6,Chicago,medium
41.97,-87.88,2,3,other,0.3333333333333333,0.6365141893815645,property,0.7808,False,0.0039,0.7808,0.2154,21.5,Chicago,medium
41.97,-87.87,1,3,property,0.3333333333333333,0.6365141893815645,property,0.6576,True,0.0076,0.6576,0.3348,33.5,Chicago,medium
41.97,-87.87,2,4,violent,0.25,1.0397207708399179,property,0.7821,False,0.0038,0.7821,0.2141,21.4,Chicago,medium
41.97,-87.86,0,3,property,0.3333333333333333,0.6365141893815645,property,0.7831,True,0.0037,0.7831,0.2132,21.3,Chicago,medium
41.97,-87.86,2,7,other,0.14285714285714285,0.6829081257408294,property,0.7009,False,0.0062,0.7009,0.2929,29.3,Chicago,medium
41.97,-87.86,3,3,property,0.3333333333333333,0.6365141893815645,property,0.7771,True,0.0041,0.7771,0.2188,21.9,Chicago,medium
41.97,-87.85000000000001,0,48,property,0.08333333333333333,0.9792996695349505,property,0.7807,True,0.0039,0.7807,0.2154,21.5,Chicago,medium
41.97,-87.85000000000001,1,33,property,0.48484848484848486,0.8661839144536991,property,0.7686,True,0.0044,0.7686,0.227,22.7,Chicago,medium
41.97,-87.85000000000001,2,55,violent,0.0,0.9347698978582794,property,0.6862,False,0.0068,0.6862,0.307,30.7,Chicago,medium
41.97,-87.85000000000001,3,54,property,0.09259259259259259,0.9840423387098742,property,0.7607,True,0.0046,0.7607,0.2347,23.5,Chicago,medium
41.97,-87.84,0,39,property,0.3333333333333333,0.9862927357874,property,0.7838,True,0.0037,0.7838,0.2125,21.3,Chicago,medium
41.97,-87.84,1,56,property,0.19642857142857142,1.0281516704736589,property,0.7777,True,0.004,0.7777,0.2183,21.8,Chicago,medium
41.97,-87.84,2,79,property,0.02531645569620253,1.0258510376120757,property,0.7837,True,0.0038,0.7837,0.2126,21.3,Chicago,medium
41.97,-87.84,3,90,property,0.24444444444444444,0.9309148117915005,property,0.7838,True,0.0037,0.7838,0.2125,21.2,Chicago,medium
41.97,-87.83,1,3,property,0.3333333333333333,0.6365141893815645,property,0.7809,True,0.0038,0.7809,0.2153,21.5,Chicago,medium
41.97,-87.82000000000001,0,3,violent,0.0,1.0986122886681096,property,0.7825,False,0.0038,0.7825,0.2137,21.4,Chicago,medium
41.97,-87.82000000000001,1,8,violent,0.375,0.9002560512685369,property,0.7842,False,0.0037,0.7842,0.2122,21.2,Chicago,medium
41.97,-87.82000000000001,2,20,violent,0.15,0.8451132568429528,property,0.7845,False,0.0037,0.7845,0.2119,21.2,Chicago,medium
41.97,-87.82000000000001,3,13,property,0.15384615384615385,0.8981370031878679,property,0.7851,True,0.0036,0.7851,0.2114,21.1,Chicago,medium
41.97,-87.81,0,19,property,0.5789473684210527,0.7534424611802383,property,0.785,True,0.0036,0.785,0.2114,21.1,Chicago,medium
41.97,-87.81,1,51,property,0.5882352941176471,0.7374923785044856,property,0.785,True,0.0036,0.785,0.2113,21.1,Chicago,medium
41.97,-87.81,2,84,property,0.7023809523809523,0.5828835927799582,property,0.7854,True,0.0036,0.7854,0.211,21.1,Chicago,medium
41.97,-87.81,3,73,property,0.4246575342465753,0.7686694641614154,property,0.7854,True,0.0036,0.7854,0.211,21.1,Chicago,medium
41.97,-87.8,0,40,property,0.6,0.6523477355252709,property,0.7854,True,0.0035,0.7854,0.2111,21.1,Chicago,medium
41.97,-87.8,1,31,property,0.3870967741935484,0.8583093118876355,property,0.7832,True,0.0038,0.7832,0.213,21.3,Chicago,medium
41.97,-87.8,2,52,property,0.019230769230769232,1.093709386603995,property,0.7851,True,0.0036,0.7851,0.2113,21.1,Chicago,medium
41.97,-87.8,3,43,property,0.4418604651162791,0.8814953646168179,property,0.7851,True,0.0035,0.7851,0.2114,21.1,Chicago,medium
41.97,-87.79,0,54,property,0.7407407407407407,0.5027922796200783,property,0.7856,True,0.0036,0.7856,0.2108,21.1,Chicago,medium
41.97,-87.79,1,36,property,0.4166666666666667,0.9378057145489618,property,0.7852,True,0.0037,0.7852,0.2112,21.1,Chicago,medium
41.97,-87.79,2,40,property,0.45,0.7460326647147848,property,0.7834,True,0.0038,0.7834,0.2129,21.3,Chicago,medium
41.97,-87.79,3,53,property,0.2641509433962264,0.951070931493851,property,0.7849,True,0.0036,0.7849,0.2115,21.2,Chicago,medium
41.97,-87.78,0,187,property,0.42245989304812837,0.840512799652341,property,0.7855,True,0.0035,0.7855,0.211,21.1,Chicago,medium
41.97,-87.78,1,111,property,0.3153153153153153,0.9264885893538003,property,0.7841,True,0.0037,0.7841,0.2122,21.2,Chicago,medium
41.97,-87.78,2,185,property,0.12972972972972974,1.0281455194702438,property,0.7845,True,0.0037,0.7845,0.2118,21.2,Chicago,medium
41.97,-87.78,3,228,property,0.11403508771929824,0.9075384955439534,property,0.7856,True,0.0036,0.7856,0.2109,21.1,Chicago,medium
41.97,-87.77,0,206,property,0.3592233009708738,0.8405122467073975,property,0.7851,True,0.0035,0.7851,0.2114,21.1,Chicago,medium
41.97,-87.77,1,174,property,0.1781609195402299,1.0276648268353255,property,0.7855,True,0.0036,0.7855,0.2108,21.1,Chicago,medium
41.97,-87.77,2,281,property,0.20284697508896798,1.006861143181987,property,0.7854,True,0.0036,0.7854,0.211,21.1,Chicago,medium
41.97,-87.77,3,312,property,0.2692307692307692,0.9523224842943476,property,0.7845,True,0.0035,0.7845,0.212,21.2,Chicago,medium
41.97,-87.76,0,237,property,0.21940928270042195,0.8592690160015314,property,0.784,True,0.0034,0.784,0.2126,21.3,Chicago,medium
41.97,-87.76,1,217,property,0.009216589861751152,0.9705094952981346,property,0.7849,True,0.0034,0.7849,0.2117,21.2,Chicago,medium
41.97,-87.76,2,290,property,0.20344827586206896,0.904227172232231,property,0.7841,True,0.0035,0.7841,0.2124,21.2,Chicago,medium
41.97,-87.76,3,332,property,0.07228915662650602,0.9745454310362466,property,0.7844,True,0.0034,0.7844,0.2121,21.2,Chicago,medium
41.97,-87.75,0,168,property,0.39285714285714285,0.8352497725926464,property,0.785,True,0.0034,0.785,0.2116,21.2,Chicago,medium
41.97,-87.75,1,127,property,0.2125984251968504,0.9763944067028207,property,0.7847,True,0.0034,0.7847,0.2119,21.2,Chicago,medium
41.97,-87.75,2,206,property,0.3155339805825243,0.9523619083008871,property,0.7853,True,0.0034,0.7853,0.2113,21.1,Chicago,medium
41.97,-87.75,3,202,property,0.18316831683168316,0.9496696243035831,property,0.7852,True,0.0034,0.7852,0.2114,21.1,Chicago,medium
41.97,-87.74,0,191,property,0.5287958115183246,0.7059060268015009,property,0.785,True,0.0034,0.785,0.2115,21.2,Chicago,medium
41.97,-87.74,1,155,property,0.4774193548387097,0.7923878781233421,property,0.7854,True,0.0034,0.7854,0.2112,21.1,Chicago,medium
41.97,-87.74,2,286,property,0.5524475524475524,0.763996016644373,property,0.7854,True,0.0034,0.7854,0.2111,21.1,Chicago,medium
41.97,-87.74,3,223,property,0.4349775784753363,0.8245017669588602,property,0.7854,True,0.0034,0.7854,0.2112,21.1,Chicago,medium
41.97,-87.73,0,340,property,0.23823529411764705,0.9036069694456699,property,0.7843,True,0.0034,0.7843,0.2123,21.2,Chicago,medium
41.97,-87.73,1,314,property,0.3885350318471338,0.8648842134925045,property,0.7846,True,0.0034,0.7846,0.212,21.2,Chicago,medium
41.97,-87.73,2,447,property,0.31767337807606266,0.9323085078404286,property,0.7843,True,0.0034,0.7843,0.2123,21.2,Chicago,medium
41.97,-87.73,3,474,property,0.10548523206751055,0.973583650255244,property,0.7845,True,0.0034,0.7845,0.2121,21.2,Chicago,medium
41.97,-87.72,0,386,property,0.04922279792746114,0.9491198452881345,property,0.6831,True,0.0051,0.6831,0.3118,31.2,Chicago,medium
41.97,-87.72,1,354,property,0.10734463276836158,1.013293744263318,property,0.784,True,0.0034,0.784,0.2125,21.3,Chicago,medium
41.97,-87.72,2,576,violent,0.006944444444444444,0.9600607789799631,property,0.7759,False,0.0036,0.7759,0.2205,22.1,Chicago,medium
41.97,-87.72,3,666,violent,0.028528528528528527,0.9493642535359614,property,0.7805,False,0.0035,0.7805,0.216,21.6,Chicago,medium
41.97,-87.71000000000001,0,405,property,0.2839506172839506,0.8865009646507882,property,0.7732,True,0.0036,0.7732,0.2232,22.3,Chicago,medium
41.97,-87.71000000000001,1,426,property,0.13380281690140844,0.9601559407221574,property,0.7844,True,0.0034,0.7844,0.2121,21.2,Chicago,medium
41.97,-87.71000000000001,2,673,property,0.10549777117384844,0.905587021480517,property,0.7838,True,0.0034,0.7838,0.2128,21.3,Chicago,medium
41.97,-87.71000000000001,3,621,property,0.19001610305958133,0.9003411507886699,property,0.7803,True,0.0035,0.7803,0.2162,21.6,Chicago,medium
41.97,-87.7,0,216,property,0.3888888888888889,0.8883646658078961,property,0.7843,True,0.0034,0.7843,0.2123,21.2,Chicago,medium
41.97,-87.7,1,237,property,0.4050632911392405,0.8502459247668143,property,0.7845,True,0.0034,0.7845,0.2121,21.2,Chicago,medium
41.97,-87.7,2,314,property,0.3662420382165605,0.8703806465386614,property,0.784,True,0.0034,0.784,0.2125,21.3,Chicago,medium
41.97,-87.7,3,347,property,0.4207492795389049,0.7819410695492807,property,0.7844,True,0.0034,0.7844,0.2122,21.2,Chicago,medium
41.97,-87.69,0,327,property,0.42201834862385323,0.7765993071619454,property,0.7838,True,0.0034,0.7838,0.2127,21.3,Chicago,medium
41.97,-87.69,1,301,property,0.4019933554817276,0.8019904548988273,property,0.7851,True,0.0034,0.7851,0.2115,21.1,Chicago,medium
41.97,-87.69,2,591,property,0.27411167512690354,0.8623022666493492,property,0.7847,True,0.0034,0.7847,0.2119,21.2,Chicago,medium
41.97,-87.69,3,515,property,0.26407766990291265,0.8413190606231205,property,0.7843,True,0.0034,0.7843,0.2122,21.2,Chicago,medium
41.97,-87.68,0,212,property,0.5990566037735849,0.6373207159020858,property,0.7843,True,0.0034,0.7843,0.2123,21.2,Chicago,medium
41.97,-87.68,1,227,property,0.4977973568281938,0.786626699468782,property,0.7848,True,0.0034,0.7848,0.2118,21.2,Chicago,medium
41.97,-87.68,2,376,property,0.45478723404255317,0.8110487954530142,property,0.7846,True,0.0034,0.7846,0.212,21.2,Chicago,medium
41.97,-87.68,3,353,property,0.49008498583569404,0.7486056082883781,property,0.7846,True,0.0034,0.7846,0.2119,21.2,Chicago,medium
41.97,-87.67,0,252,property,0.4166666666666667,0.7819591107168515,property,0.7842,True,0.0034,0.7842,0.2124,21.2,Chicago,medium
41.97,-87.67,1,289,property,0.5017301038062284,0.7869052420113383,property,0.785,True,0.0034,0.785,0.2115,21.2,Chicago,medium
41.97,-87.67,2,456,property,0.41885964912280704,0.8046343222205227,property,0.7846,True,0.0034,0.7846,0.212,21.2,Chicago,medium
41.97,-87.67,3,454,property,0.41409691629955947,0.811292922198222,property,0.7844,True,0.0034,0.7844,0.2122,21.2,Chicago,medium
41.97,-87.66,0,797,property,0.11794228356336262,0.9158504565125539,violent,0.5228,False,0.0082,0.469,0.5228,52.3,Chicago,uncertain
41.97,-87.66,1,838,violent,0.03818615751789976,0.8959861844402803,property,0.7632,False,0.0039,0.7632,0.2329,23.3,Chicago,medium
41.97,-87.66,2,1251,property,0.014388489208633094,0.9311186424743725,property,0.7101,True,0.0047,0.7101,0.2852,28.5,Chicago,medium
41.97,-87.66,3,1220,property,0.014754098360655738,0.889614585852788,violent,0.5199,False,0.0082,0.472,0.5199,52.0,Chicago,uncertain
41.97,-87.65,0,460,property,0.20652173913043478,0.9404225139146546,property,0.6823,True,0.0051,0.6823,0.3125,31.3,Chicago,medium
41.97,-87.65,1,566,property,0.15901060070671377,0.9533336425395883,property,0.7821,True,0.0035,0.7821,0.2144,21.4,Chicago,medium
41.97,-87.65,2,838,property,0.12529832935560858,0.9526028533120112,property,0.7528,True,0.004,0.7528,0.2432,24.3,Chicago,medium
41.97,-87.65,3,759,property,0.025032938076416336,0.9447679962742511,property,0.6712,True,0.0053,0.6712,0.3235,32.4,Chicago,medium
41.97,-87.64,0,4,violent,0.0,0.6931472015900639,property,0.5582,False,0.0073,0.5582,0.4345,43.4,Chicago,medium
41.97,-87.64,1,32,property,0.5,0.7431098912098039,property,0.7849,True,0.0035,0.7849,0.2116,21.2,Chicago,medium
41.97,-87.64,2,73,property,0.5205479452054794,0.6868649899660398,property,0.7507,True,0.0046,0.7507,0.2447,24.5,Chicago,medium
41.97,-87.64,3,42,violent,0.21428571428571427,0.9493277339225452,property,0.7092,False,0.0055,0.7092,0.2853,28.5,Chicago,medium
41.980000000000004,-87.91,0,198,property,0.5606060606060606,0.7265446819196497,property,0.7542,True,0.005,0.7542,0.2409,24.1,Chicago,medium
41.980000000000004,-87.91,1,409,property,0.3740831295843521,0.9325618187918397,property,0.7351,True,0.0055,0.7351,0.2595,25.9,Chicago,medium
41.980000000000004,-87.91,2,426,property,0.5539906103286385,0.7955001826685784,property,0.7619,True,0.0046,0.7619,0.2335,23.3,Chicago,medium
41.980000000000004,-87.91,3,265,property,0.5433962264150943,0.7317963852577936,property,0.7774,True,0.004,0.7774,0.2187,21.9,Chicago,medium
41.980000000000004,-87.9,0,204,property,0.3333333333333333,0.9418844600925851,property,0.5543,True,0.0132,0.5543,0.4325,43.2,Chicago,medium
41.980000000000004,-87.9,1,334,property,0.1407185628742515,1.0706022339355832,property,0.57,True,0.0124,0.57,0.4175,41.8,Chicago,medium
41.980000000000004,-87.9,2,269,property,0.17100371747211895,1.0174879218030397,property,0.5563,True,0.0131,0.5563,0.4306,43.1,Chicago,medium
41.980000000000004,-87.9,3,239,violent,0.0041841004184100415,0.9228049541439698,property,0.5828,False,0.0117,0.5828,0.4055,40.6,Chicago,medium
41.980000000000004,-87.89,0,3,violent,0.3333333333333333,0.6365141893815645,property,0.7803,False,0.0038,0.7803,0.2159,21.6,Chicago,medium
41.980000000000004,-87.89,1,3,violent,0.3333333333333333,0.6365141893815645,property,0.5332,False,0.0083,0.5332,0.4584,45.8,Chicago,uncertain
41.980000000000004,-87.89,2,14,violent,0.2857142857142857,0.6517565822441624,property,0.5281,False,0.0083,0.5281,0.4636,46.4,Chicago,uncertain
41.980000000000004,-87.89,3,12,violent,0.16666666666666666,0.6791932870355982,property,0.5366,False,0.0083,0.5366,0.4552,45.5,Chicago,uncertain
41.980000000000004,-87.88,0,49,property,0.6530612244897959,0.6306751530402648,property,0.7809,True,0.0039,0.7809,0.2153,21.5,Chicago,medium
41.980000000000004,-87.88,1,72,property,0.8472222222222222,0.38533019049244,property,0.7796,True,0.0039,0.7796,0.2165,21.6,Chicago,medium
41.980000000000004,-87.88,2,113,property,0.6637168141592921,0.5243370322831047,property,0.7816,True,0.0038,0.7816,0.2146,21.5,Chicago,medium
41.980000000000004,-87.88,3,69,property,0.5652173913043478,0.6289098612060136,property,0.78,True,0.0039,0.78,0.2161,21.6,Chicago,medium
41.980000000000004,-87.85000000000001,0,76,property,0.3026315789473684,0.8402409880377264,property,0.7761,True,0.004,0.7761,0.2199,22.0,Chicago,medium
41.980000000000004,-87.85000000000001,1,48,property,0.4166666666666667,0.8239592165010823,property,0.7774,True,0.0041,0.7774,0.2184,21.8,Chicago,medium
41.980000000000004,-87.85000000000001,2,100,property,0.35,0.9376369622724492,property,0.7821,True,0.0039,0.7821,0.214,21.4,Chicago,medium
41.980000000000004,-87.85000000000001,3,110,property,0.19090909090909092,0.9285128573091042,property,0.7818,True,0.0039,0.7818,0.2143,21.4,Chicago,medium
41.980000000000004,-87.84,0,236,property,0.2076271186440678,0.9845431051244309,property,0.7851,True,0.0037,0.7851,0.2112,21.1,Chicago,medium
41.980000000000004,-87.84,1,193,property,0.36787564766839376,0.934566996885712,property,0.7844,True,0.0037,0.7844,0.2119,21.2,Chicago,medium
41.980000000000004,-87.84,2,280,property,0.23214285714285715,0.9238133633438164,property,0.7845,True,0.0037,0.7845,0.2118,21.2,Chicago,medium
41.980000000000004,-87.84,3,295,property,0.17627118644067796,0.9659179269229654,property,0.7846,True,0.0036,0.7846,0.2117,21.2,Chicago,medium
41.980000000000004,-87.83,0,4,violent,0.0,0.6931472015900639,property,0.784,False,0.0036,0.784,0.2124,21.2,Chicago,medium
41.980000000000004,-87.83,1,14,property,0.14285714285714285,1.0789922078775833,property,0.7756,True,0.004,0.7756,0.2204,22.0,Chicago,medium
41.980000000000004,-87.83,2,21,property,0.2857142857142857,0.9556998911125343,property,0.7834,True,0.0037,0.7834,0.2129,21.3,Chicago,medium
41.980000000000004,-87.83,3,18,property,0.05555555555555555,1.0263306332944864,property,0.7829,True,0.0037,0.7829,0.2134,21.3,Chicago,medium
41.980000000000004,-87.82000000000001,0,45,property,0.5555555555555556,0.8005407842515027,property,0.7854,True,0.0036,0.7854,0.211,21.1,Chicago,medium
41.980000000000004,-87.82000000000001,1,41,property,0.2926829268292683,0.9790699688862661,property,0.7841,True,0.0037,0.7841,0.2123,21.2,Chicago,medium
41.980000000000004,-87.82000000000001,2,54,property,0.1111111111111111,0.9580002800887726,property,0.7849,True,0.0036,0.7849,0.2114,21.1,Chicago,medium
41.980000000000004,-87.82000000000001,3,62,property,0.24193548387096775,1.0015168177659481,property,0.7854,True,0.0035,0.7854,0.2111,21.1,Chicago,medium
41.980000000000004,-87.81,0,130,property,0.05384615384615385,0.8639787720071521,property,0.7516,True,0.0041,0.7516,0.2443,24.4,Chicago,medium
41.980000000000004,-87.81,1,91,property,0.37362637362637363,0.8960558006517745,property,0.7853,True,0.0036,0.7853,0.2111,21.1,Chicago,medium
41.980000000000004,-87.81,2,124,violent,0.07258064516129033,0.975147594005215,property,0.7853,False,0.0036,0.7853,0.2111,21.1,Chicago,medium
41.980000000000004,-87.81,3,130,property,0.1,0.8914224103810323,property,0.7849,True,0.0035,0.7849,0.2116,21.2,Chicago,medium
41.980000000000004,-87.8,0,84,property,0.5595238095238095,0.7388589901205039,property,0.7856,True,0.0035,0.7856,0.2109,21.1,Chicago,medium
41.980000000000004,-87.8,1,53,property,0.2641509433962264,0.951070931493851,property,0.7844,True,0.0037,0.7844,0.2119,21.2,Chicago,medium
41.980000000000004,-87.8,2,72,property,0.18055555555555555,1.0397096031473667,property,0.7839,True,0.0037,0.7839,0.2124,21.2,Chicago,medium
41.980000000000004,-87.8,3,109,property,0.30275229357798167,0.8846706947788833,property,0.7857,True,0.0035,0.7857,0.2107,21.1,Chicago,medium
41.980000000000004,-87.79,0,97,property,0.4329896907216495,0.8577182021148877,property,0.7857,True,0.0035,0.7857,0.2108,21.1,Chicago,medium
41.980000000000004,-87.79,1,109,property,0.027522935779816515,1.042139123656654,property,0.7811,True,0.0037,0.7811,0.2152,21.5,Chicago,medium
41.980000000000004,-87.79,2,177,violent,0.12994350282485875,1.038744636430365,property,0.7173,False,0.005,0.7173,0.2776,27.8,Chicago,medium
41.980000000000004,-87.79,3,138,property,0.17391304347826086,1.0377773318316712,property,0.7852,True,0.0036,0.7852,0.2112,21.1,Chicago,medium
41.980000000000004,-87.78,0,86,property,0.37209302325581395,0.917378431045248,property,0.7855,True,0.0035,0.7855,0.211,21.1,Chicago,medium
41.980000000000004,-87.78,1,64,property,0.28125,0.894922515296378,property,0.7812,True,0.0039,0.7812,0.2149,21.5,Chicago,medium
41.980000000000004,-87.78,2,116,property,0.1896551724137931,1.0250099292960608,property,0.7845,True,0.0037,0.7845,0.2119,21.2,Chicago,medium
41.980000000000004,-87.78,3,129,property,0.31007751937984496,0.8451431785128818,property,0.7853,True,0.0035,0.7853,0.2112,21.1,Chicago,medium
41.980000000000004,-87.77,0,187,property,0.3048128342245989,0.906029235871077,property,0.7848,True,0.0035,0.7848,0.2116,21.2,Chicago,medium
41.980000000000004,-87.77,1,145,property,0.19310344827586207,1.0216237656922034,property,0.7853,True,0.0036,0.7853,0.211,21.1,Chicago,medium
41.980000000000004,-87.77,2,224,property,0.20089285714285715,1.0101247754966243,property,0.782,True,0.0038,0.782,0.2142,21.4,Chicago,medium
41.980000000000004,-87.77,3,238,property,0.14285714285714285,0.9728564560663524,property,0.7849,True,0.0035,0.7849,0.2116,21.2,Chicago,medium
41.980000000000004,-87.76,0,77,property,0.5064935064935064,0.8551314632732916,property,0.785,True,0.0034,0.785,0.2116,21.2,Chicago,medium
41.980000000000004,-87.76,1,78,property,0.3717948717948718,0.9422476655421085,property,0.7851,True,0.0035,0.7851,0.2114,21.1,Chicago,medium
41.980000000000004,-87.76,2,104,property,0.27884615384615385,0.9380580268397809,property,0.7849,True,0.0035,0.7849,0.2116,21.2,Chicago,medium
41.980000000000004,-87.76,3,109,property,0.3761467889908257,0.9226659093521734,property,0.7846,True,0.0034,0.7846,0.212,21.2,Chicago,medium
41.980000000000004,-87.75,0,65,property,0.5692307692307692,0.7802592615302233,property,0.7853,True,0.0035,0.7853,0.2112,21.1,Chicago,medium
41.980000000000004,-87.75,1,110,property,0.6545454545454545,0.617592947198898,property,0.7855,True,0.0035,0.7855,0.211,21.1,Chicago,medium
41.980000000000004,-87.75,2,98,property,0.4387755102040816,0.7930382085590146,property,0.7851,True,0.0035,0.7851,0.2114,21.1,Chicago,medium
41.980000000000004,-87.75,3,94,property,0.2978723404255319,0.9076855067804878,property,0.7854,True,0.0035,0.7854,0.2111,21.1,Chicago,medium
41.980000000000004,-87.74,0,22,property,0.2727272727272727,0.9949236325717752,property,0.7847,True,0.0036,0.7847,0.2117,21.2,Chicago,medium
41.980000000000004,-87.74,1,40,property,0.65,0.6128694524619496,property,0.7851,True,0.0035,0.7851,0.2114,21.1,Chicago,medium
41.980000000000004,-87.74,2,74,property,0.6081081081081081,0.7173365293482559,property,0.7851,True,0.0036,0.7851,0.2114,21.1,Chicago,medium
41.980000000000004,-87.74,3,62,property,0.5,0.7151593605244086,property,0.7853,True,0.0034,0.7853,0.2113,21.1,Chicago,medium
41.980000000000004,-87.73,0,32,property,0.03125,1.0176629708064735,property,0.7843,True,0.0034,0.7843,0.2122,21.2,Chicago,medium
41.980000000000004,-87.73,1,68,property,0.5,0.736197042405027,property,0.7854,True,0.0035,0.7854,0.2111,21.1,Chicago,medium
41.980000000000004,-87.73,2,108,property,0.21296296296296297,0.8245399725927889,property,0.7855,True,0.0035,0.7855,0.211,21.1,Chicago,medium
41.980000000000004,-87.73,3,79,property,0.06329113924050633,0.9070969809306414,property,0.7851,True,0.0035,0.7851,0.2114,21.1,Chicago,medium
41.980000000000004,-87.72,0,32,property,0.40625,0.8449127655611359,property,0.7838,True,0.0034,0.7838,0.2128,21.3,Chicago,medium
41.980000000000004,-87.72,1,57,violent,0.21052631578947367,0.9050620762057506,property,0.7849,False,0.0035,0.7849,0.2116,21.2,Chicago,medium
41.980000000000004,-87.72,2,89,violent,0.21348314606741572,0.9078466400255608,property,0.7848,False,0.0034,0.7848,0.2118,21.2,Chicago,medium
41.980000000000004,-87.72,3,74,violent,0.10810810810810811,0.9541857125165651,property,0.7846,False,0.0034,0.7846,0.212,21.2,Chicago,medium
41.980000000000004,-87.71000000000001,0,207,property,0.3285024154589372,0.8434310471370863,property,0.7846,True,0.0034,0.7846,0.212,21.2,Chicago,medium
41.980000000000004,-87.71000000000001,1,211,property,0.15639810426540285,0.9891594432656533,property,0.7853,True,0.0034,0.7853,0.2113,21.1,Chicago,medium
41.980000000000004,-87.71000000000001,2,335,property,0.12238805970149254,0.975149603713467,property,0.7851,True,0.0034,0.7851,0.2114,21.1,Chicago,medium
41.980000000000004,-87.71000000000001,3,393,property,0.21628498727735368,0.8932399872461264,property,0.7849,True,0.0034,0.7849,0.2117,21.2,Chicago,medium
41.980000000000004,-87.7,0,223,property,0.21076233183856502,0.9688826692738286,property,0.784,True,0.0034,0.784,0.2126,21.3,Chicago,medium
41.980000000000004,-87.7,1,212,property,0.1509433962264151,1.0325434819219736,property,0.7843,True,0.0034,0.7843,0.2123,21.2,Chicago,medium
41.980000000000004,-87.7,2,311,property,0.19935691318327975,0.9827989148871807,property,0.7841,True,0.0034,0.7841,0.2125,21.3,Chicago,medium
41.980000000000004,-87.7,3,328,property,0.29878048780487804,0.9035820719333909,property,0.7842,True,0.0034,0.7842,0.2124,21.2,Chicago,medium
41.980000000000004,-87.69,0,392,property,0.21173469387755103,0.8902928121888001,property,0.783,True,0.0034,0.783,0.2136,21.4,Chicago,medium
41.980000000000004,-87.69,1,405,property,0.3037037037037037,0.8798946835643453,property,0.7846,True,0.0034,0.7846,0.212,21.2,Chicago,medium
41.980000000000004,-87.69,2,544,property,0.16911764705882354,0.9023550903917046,property,0.7842,True,0.0034,0.7842,0.2124,21.2,Chicago,medium
41.980000000000004,-87.69,3,535,property,0.1925233644859813,0.9123331205910352,property,0.7842,True,0.0034,0.7842,0.2124,21.2,Chicago,medium
41.980000000000004,-87.68,0,124,property,0.33064516129032256,0.9144056029541826,property,0.784,True,0.0034,0.784,0.2125,21.3,Chicago,medium
41.980000000000004,-87.68,1,117,property,0.07692307692307693,0.8919910989406328,property,0.7501,True,0.0041,0.7501,0.2458,24.6,Chicago,medium
41.980000000000004,-87.68,2,165,property,0.2606060606060606,0.9061617323550579,property,0.5278,True,0.0074,0.5278,0.4647,46.5,Chicago,uncertain
41.980000000000004,-87.68,3,165,property,0.36363636363636365,0.8191183795455577,property,0.7842,True,0.0034,0.7842,0.2124,21.2,Chicago,medium
41.980000000000004,-87.67,0,203,property,0.5221674876847291,0.7493104223527036,property,0.7843,True,0.0034,0.7843,0.2123,21.2,Chicago,medium
41.980000000000004,-87.67,1,304,property,0.33223684210526316,0.8979520841669909,property,0.7847,True,0.0034,0.7847,0.2118,21.2,Chicago,medium
41.980000000000004,-87.67,2,493,property,0.4726166328600406,0.7557432933669183,property,0.7845,True,0.0034,0.7845,0.212,21.2,Chicago,medium
41.980000000000004,-87.67,3,442,property,0.5,0.7404797915323559,property,0.7845,True,0.0034,0.7845,0.2121,21.2,Chicago,medium
41.980000000000004,-87.66,0,623,property,0.24558587479935795,0.9142728675637822,property,0.7791,True,0.0035,0.7791,0.2174,21.7,Chicago,medium
41.980000000000004,-87.66,1,906,property,0.3211920529801324,0.8709725879243206,property,0.7844,True,0.0034,0.7844,0.2122,21.2,Chicago,medium
41.980000000000004,-87.66,2,1301,property,0.2836279784780938,0.83804045896227,property,0.7839,True,0.0034,0.7839,0.2127,21.3,Chicago,medium
41.980000000000004,-87.66,3,1076,property,0.19237918215613384,0.9039573974767878,property,0.784,True,0.0034,0.784,0.2126,21.3,Chicago,medium
41.980000000000004,-87.65,0,103,property,0.33980582524271846,0.9470082575600531,property,0.6509,True,0.0057,0.6509,0.3434,34.3,Chicago,medium
41.980000000000004,-87.65,1,109,property,0.28440366972477066,0.8602476303088478,property,0.7833,True,0.0035,0.7833,0.2132,21.3,Chicago,medium
41.980000000000004,-87.65,2,216,property,0.20833333333333334,0.873691753938199,property,0.7839,True,0.0035,0.7839,0.2126,21.3,Chicago,medium
41.980000000000004,-87.65,3,162,property,0.09876543209876543,0.8208118214260562,property,0.7836,True,0.0035,0.7836,0.2129,21.3,Chicago,medium
41.99,-87.93,1,3,violent,0.0,1.0986122886681096,property,0.7796,False,0.0039,0.7796,0.2165,21.7,Chicago,medium
41.99,-87.89,0,24,property,0.5,0.7781325481710262,property,0.7809,True,0.0037,0.7809,0.2153,21.5,Chicago,medium
41.99,-87.89,1,23,property,0.5217391304347826,0.8223449173934805,property,0.7786,True,0.0039,0.7786,0.2175,21.7,Chicago,medium
41.99,-87.89,2,16,property,0.6875,0.6019239717322894,property,0.773,True,0.0042,0.773,0.2227,22.3,Chicago,medium
41.99,-87.89,3,12,property,0.5,0.562335165779739,property,0.781,True,0.0037,0.781,0.2152,21.5,Chicago,medium
41.99,-87.88,0,51,property,0.7058823529411765,0.493531985308436,property,0.7822,True,0.0037,0.7822,0.2142,21.4,Chicago,medium
41.99,-87.88,1,56,property,0.75,0.3767701826029325,property,0.7817,True,0.0037,0.7817,0.2146,21.5,Chicago,medium
41.99,-87.88,2,76,property,0.6052631578947368,0.653572441840055,property,0.7823,True,0.0037,0.7823,0.214,21.4,Chicago,medium
41.99,-87.88,3,67,property,0.5671641791044776,0.6649420853320867,property,0.7819,True,0.0037,0.7819,0.2144,21.4,Chicago,medium
41.99,-87.84,0,26,property,0.7307692307692307,0.5158361211027406,property,0.7835,True,0.0037,0.7835,0.2128,21.3,Chicago,medium
41.99,-87.84,1,22,property,0.8636363636363636,0.3676494774001422,property,0.7824,True,0.0038,0.7824,0.2139,21.4,Chicago,medium
41.99,-87.84,2,30,property,0.7333333333333333,0.5627298200345141,property,0.7829,True,0.0038,0.7829,0.2133,21.3,Chicago,medium
41.99,-87.84,3,14,property,0.7142857142857143,0.4101163396015586,property,0.7832,True,0.0037,0.7832,0.2131,21.3,Chicago,medium
41.99,-87.83,0,7,property,0.5714285714285714,0.7963116401738131,property,0.7836,True,0.0037,0.7836,0.2127,21.3,Chicago,medium
41.99,-87.83,1,7,property,0.42857142857142855,0.5982696097102536,property,0.7829,True,0.0038,0.7829,0.2133,21.3,Chicago,medium
41.99,-87.83,2,9,property,0.1111111111111111,1.0608569471580214,property,0.7838,True,0.0037,0.7838,0.2125,21.2,Chicago,medium
41.99,-87.83,3,24,property,0.5416666666666666,0.8028187820379638,property,0.7836,True,0.0037,0.7836,0.2127,21.3,Chicago,medium
41.99,-87.82000000000001,0,19,property,0.7894736842105263,0.33649577897028615,property,0.7844,True,0.0037,0.7844,0.2119,21.2,Chicago,medium
41.99,-87.82000000000001,1,19,violent,0.05263157894736842,1.0601189359398382,property,0.7776,False,0.004,0.7776,0.2184,21.8,Chicago,medium
41.99,-87.82000000000001,2,28,property,0.42857142857142855,0.8921178708188162,property,0.7323,True,0.0054,0.7323,0.2623,26.2,Chicago,medium
41.99,-87.82000000000001,3,38,property,0.5263157894736842,0.7914244789373426,property,0.7851,True,0.0036,0.7851,0.2113,21.1,Chicago,medium
41.99,-87.81,0,74,property,0.3918918918918919,0.9167815920117898,property,0.782,True,0.0038,0.782,0.2143,21.4,Chicago,medium
41.99,-87.81,1,75,violent,0.12,1.0362281834656222,property,0.7843,False,0.0037,0.7843,0.212,21.2,Chicago,medium
41.99,-87.81,2,95,property,0.06315789473684211,1.0524244969566623,property,0.7849,True,0.0037,0.7849,0.2114,21.1,Chicago,medium
41.99,-87.81,3,110,property,0.12727272727272726,1.0313204302749917,property,0.7853,True,0.0036,0.7853,0.2111,21.1,Chicago,medium
41.99,-87.8,0,83,property,0.6024096385542169,0.7620092618190539,property,0.7853,True,0.0036,0.7853,0.2111,21.1,Chicago,medium
41.99,-87.8,1,66,property,0.19696969696969696,1.046190461567535,property,0.7852,True,0.0036,0.7852,0.2112,21.1,Chicago,medium
41.99,-87.8,2,75,property,0.2,0.8945510979978214,property,0.7852,True,0.0036,0.7852,0.2112,21.1,Chicago,medium
41.99,-87.8,3,83,property,0.21686746987951808,0.9650543978861961,property,0.7855,True,0.0036,0.7855,0.2109,21.1,Chicago,medium
41.99,-87.79,0,91,property,0.5714285714285714,0.7963116401738131,property,0.7858,True,0.0036,0.7858,0.2106,21.1,Chicago,medium
41.99,-87.79,1,56,property,0.26785714285714285,1.0068959323926512,property,0.7814,True,0.0038,0.7814,0.2147,21.5,Chicago,medium
41.99,-87.79,2,112,property,0.05357142857142857,0.9816329764795033,property,0.7545,True,0.0045,0.7545,0.241,24.1,Chicago,medium
41.99,-87.79,3,90,property,0.3111111111111111,0.8772935269598043,property,0.7847,True,0.0035,0.7847,0.2118,21.2,Chicago,medium
41.99,-87.78,0,149,property,0.35570469798657717,0.7966520701020343,property,0.7851,True,0.0036,0.7851,0.2113,21.1,Chicago,medium
41.99,-87.78,1,82,property,0.3170731707317073,0.8488465679226194,property,0.7846,True,0.0037,0.7846,0.2117,21.2,Chicago,medium
41.99,-87.78,2,175,property,0.22285714285714286,0.955447216087145,property,0.7834,True,0.0037,0.7834,0.2129,21.3,Chicago,medium
41.99,-87.78,3,193,property,0.23316062176165803,0.9082098551094805,property,0.7852,True,0.0036,0.7852,0.2112,21.1,Chicago,medium
41.99,-87.77,0,46,property,0.5652173913043478,0.5235863586809393,property,0.7856,True,0.0035,0.7856,0.2108,21.1,Chicago,medium
41.99,-87.77,1,28,property,0.5,0.7589367727620596,property,0.7843,True,0.0036,0.7843,0.2121,21.2,Chicago,medium
41.99,-87.77,2,51,property,0.0196078431372549,1.0753968901224003,property,0.7828,True,0.0037,0.7828,0.2135,21.3,Chicago,medium
41.99,-87.77,3,62,property,0.43548387096774194,0.8101978278417832,property,0.7853,True,0.0035,0.7853,0.2112,21.1,Chicago,medium
41.99,-87.76,0,12,property,0.6666666666666666,0.4505612301390093,property,0.785,True,0.0035,0.785,0.2115,21.2,Chicago,medium
41.99,-87.76,1,15,property,0.6,0.7647544195674196,property,0.7851,True,0.0035,0.7851,0.2114,21.1,Chicago,medium
41.99,-87.76,2,11,property,0.18181818181818182,0.9164648855394713,property,0.7852,True,0.0035,0.7852,0.2113,21.1,Chicago,medium
41.99,-87.76,3,12,property,0.5833333333333334,0.7214636866925115,property,0.7851,True,0.0035,0.7851,0.2115,21.1,Chicago,medium
41.99,-87.75,0,50,property,0.54,0.6199205640204514,property,0.7855,True,0.0035,0.7855,0.211,21.1,Chicago,medium
41.99,-87.75,1,45,property,0.3333333333333333,0.9276173343271816,property,0.7859,True,0.0035,0.7859,0.2105,21.1,Chicago,medium
41.99,-87.75,2,93,property,0.34408602150537637,0.8767798609352255,property,0.7854,True,0.0035,0.7854,0.2111,21.1,Chicago,medium
41.99,-87.75,3,75,property,0.36,0.8840599124044269,property,0.7856,True,0.0035,0.7856,0.2109,21.1,Chicago,medium
41.99,-87.74,0,46,property,0.7391304347826086,0.5175025242641689,property,0.7849,True,0.0035,0.7849,0.2116,21.2,Chicago,medium
41.99,-87.74,1,33,property,0.30303030303030304,0.9581272171525759,property,0.7854,True,0.0036,0.7854,0.211,21.1,Chicago,medium
41.99,-87.74,2,71,property,0.43661971830985913,0.9096447439183011,property,0.7855,True,0.0035,0.7855,0.211,21.1,Chicago,medium
41.99,-87.74,3,73,property,0.547945205479452,0.6696386867603995,property,0.7854,True,0.0035,0.7854,0.2111,21.1,Chicago,medium
41.99,-87.73,0,78,property,0.6538461538461539,0.63483229546205,property,0.7853,True,0.0035,0.7853,0.2112,21.1,Chicago,medium
41.99,-87.73,1,82,property,0.15853658536585366,0.948883300670182,property,0.7855,True,0.0035,0.7855,0.211,21.1,Chicago,medium
41.99,-87.73,2,122,property,0.11475409836065574,0.9832046715557081,property,0.7845,True,0.0035,0.7845,0.212,21.2,Chicago,medium
41.99,-87.73,3,77,property,0.4675324675324675,0.8424922514887917,property,0.7855,True,0.0035,0.7855,0.2111,21.1,Chicago,medium
41.99,-87.72,0,60,property,0.6333333333333333,0.7026180057670108,property,0.7854,True,0.0035,0.7854,0.2111,21.1,Chicago,medium
41.99,-87.72,1,68,property,0.4117647058823529,0.7828992739245052,property,0.7853,True,0.0035,0.7853,0.2112,21.1,Chicago,medium
41.99,-87.72,2,106,property,0.46226415094339623,0.8521414819345546,property,0.7856,True,0.0035,0.7856,0.2109,21.1,Chicago,medium
41.99,-87.72,3,106,property,0.36792452830188677,0.9213029096940661,property,0.7853,True,0.0035,0.7853,0.2112,21.1,Chicago,medium
41.99,-87.71000000000001,0,159,property,0.44025157232704404,0.8285431891900843,property,0.7841,True,0.0034,0.7841,0.2125,21.2,Chicago,medium
41.99,-87.71000000000001,1,231,property,0.3593073593073593,0.8682749031366566,property,0.7852,True,0.0034,0.7852,0.2114,21.1,Chicago,medium
41.99,-87.71000000000001,2,386,property,0.31088082901554404,0.884136663842885,property,0.7852,True,0.0034,0.7852,0.2114,21.1,Chicago,medium
41.99,-87.71000000000001,3,355,property,0.3492957746478873,0.7988019426236511,property,0.7851,True,0.0034,0.7851,0.2115,21.1,Chicago,medium
41.99,-87.7,0,339,property,0.26253687315634217,0.9188914339850953,property,0.784,True,0.0034,0.784,0.2126,21.3,Chicago,medium
41.99,-87.7,1,381,property,0.1994750656167979,0.878319983696962,property,0.7847,True,0.0034,0.7847,0.2118,21.2,Chicago,medium
41.99,-87.7,2,571,property,0.18213660245183888,0.9081446353878242,property,0.7828,True,0.0035,0.7828,0.2137,21.4,Chicago,medium
41.99,-87.7,3,540,property,0.2462962962962963,0.8624911207964263,property,0.7844,True,0.0034,0.7844,0.2121,21.2,Chicago,medium
41.99,-87.69,0,296,property,0.43243243243243246,0.8124651103811077,property,0.784,True,0.0034,0.784,0.2126,21.3,Chicago,medium
41.99,-87.69,1,242,property,0.2231404958677686,0.9427625598251229,property,0.7854,True,0.0034,0.7854,0.2111,21.1,Chicago,medium
41.99,-87.69,2,387,property,0.2144702842377261,0.8776580473656389,property,0.7847,True,0.0034,0.7847,0.2119,21.2,Chicago,medium
41.99,-87.69,3,424,property,0.3160377358490566,0.8766744495491132,property,0.7842,True,0.0034,0.7842,0.2124,21.2,Chicago,medium
41.99,-87.68,0,189,property,0.19047619047619047,0.9710727740250754,property,0.7844,True,0.0034,0.7844,0.2122,21.2,Chicago,medium
41.99,-87.68,1,199,property,0.20603015075376885,0.9258634451995854,property,0.7848,True,0.0035,0.7848,0.2117,21.2,Chicago,medium
41.99,-87.68,2,290,property,0.24482758620689654,0.9250384537873622,property,0.7847,True,0.0034,0.7847,0.2119,21.2,Chicago,medium
41.99,-87.68,3,317,property,0.0694006309148265,0.9330377163202326,property,0.7843,True,0.0034,0.7843,0.2123,21.2,Chicago,medium
41.99,-87.67,0,282,property,0.3049645390070922,0.9321241438972743,property,0.7839,True,0.0034,0.7839,0.2126,21.3,Chicago,medium
41.99,-87.67,1,353,property,0.15864022662889518,0.9064207878864916,property,0.7844,True,0.0035,0.7844,0.2121,21.2,Chicago,medium
41.99,-87.67,2,456,property,0.07456140350877193,0.947135414720143,property,0.7785,True,0.0036,0.7785,0.2179,21.8,Chicago,medium
41.99,-87.67,3,430,property,0.24883720930232558,0.892492245058388,property,0.7845,True,0.0034,0.7845,0.2121,21.2,Chicago,medium
41.99,-87.66,0,700,property,0.31142857142857144,0.9058446627755096,property,0.7756,True,0.0036,0.7756,0.2208,22.1,Chicago,medium
41.99,-87.66,1,883,property,0.2797281993204983,0.8796317501206109,property,0.7841,True,0.0035,0.7841,0.2124,21.2,Chicago,medium
41.99,-87.66,2,1332,property,0.30405405405405406,0.8473052354175019,property,0.7838,True,0.0035,0.7838,0.2128,21.3,Chicago,medium
41.99,-87.66,3,1156,property,0.25,0.8675615837195227,property,0.7812,True,0.0035,0.7812,0.2153,21.5,Chicago,medium
41.99,-87.65,0,4,violent,0.5,0.562335165779739,property,0.5811,False,0.0067,0.5811,0.4122,41.2,Chicago,medium
41.99,-87.65,1,4,violent,0.0,0.6931472015900639,violent,0.5104,True,0.0083,0.4813,0.5104,51.0,Chicago,uncertain
41.99,-87.65,2,14,violent,0.07142857142857142,0.8982053397041498,property,0.7793,False,0.0036,0.7793,0.2172,21.7,Chicago,medium
41.99,-87.65,3,7,violent,0.14285714285714285,0.6829081257408294,property,0.7112,False,0.0047,0.7112,0.2841,28.4,Chicago,medium
42.0,-87.94,1,3,other,0.3333333333333333,0.6365141893815645,property,0.7805,False,0.0038,0.7805,0.2158,21.6,Chicago,medium
42.0,-87.89,0,4,violent,0.0,0.6931472015900639,property,0.7811,False,0.0037,0.7811,0.2151,21.5,Chicago,medium
42.0,-87.89,2,9,violent,0.2222222222222222,0.936888307539016,property,0.7775,False,0.0039,0.7775,0.2186,21.9,Chicago,medium
42.0,-87.89,3,6,violent,0.3333333333333333,0.6365141893815645,property,0.7806,False,0.0037,0.7806,0.2157,21.6,Chicago,medium
42.0,-87.88,1,6,property,0.6666666666666666,0.4505612301390093,property,0.7805,True,0.0037,0.7805,0.2158,21.6,Chicago,medium
42.0,-87.88,2,5,violent,0.6,0.5004024447610513,property,0.7817,False,0.0037,0.7817,0.2146,21.5,Chicago,medium
42.0,-87.82000000000001,0,109,violent,0.0,0.9502906600674603,property,0.7667,False,0.004,0.7667,0.2293,22.9,Chicago,medium
42.0,-87.82000000000001,1,41,property,0.24390243902439024,1.0285271791677242,property,0.7844,True,0.0037,0.7844,0.2119,21.2,Chicago,medium
42.0,-87.82000000000001,2,73,property,0.0547945205479452,1.036355101127885,property,0.7824,True,0.0038,0.7824,0.2138,21.4,Chicago,medium
42.0,-87.82000000000001,3,95,property,0.16842105263157894,0.9552005115043423,property,0.7846,True,0.0036,0.7846,0.2118,21.2,Chicago,medium
42.0,-87.81,0,74,property,0.44594594594594594,0.8876428021110078,property,0.785,True,0.0035,0.785,0.2115,21.1,Chicago,medium
42.0,-87.81,1,72,property,0.05555555555555555,1.0490549893525825,property,0.7807,True,0.0039,0.7807,0.2154,21.5,Chicago,medium
42.0,-87.81,2,89,property,0.0898876404494382,1.0706682044325981,property,0.7797,True,0.004,0.7797,0.2163,21.6,Chicago,medium
42.0,-87.81,3,92,property,0.17391304347826086,1.0328963732294414,property,0.7841,True,0.0036,0.7841,0.2123,21.2,Chicago,medium
42.0,-87.8,0,43,property,0.4883720930232558,0.7178106126679837,property,0.7852,True,0.0036,0.7852,0.2112,21.1,Chicago,medium
42.0,-87.8,1,22,property,0.4090909090909091,0.896050224140659,property,0.782,True,0.0038,0.782,0.2141,21.4,Chicago,medium
42.0,-87.8,2,50,property,0.22,1.052783500981133,property,0.7813,True,0.0039,0.7813,0.2149,21.5,Chicago,medium
42.0,-87.8,3,52,property,0.5,0.768051637560313,property,0.7849,True,0.0036,0.7849,0.2115,21.1,Chicago,medium
42.0,-87.79,0,77,property,0.37662337662337664,0.8335888208281317,property,0.7851,True,0.0036,0.7851,0.2113,21.1,Chicago,medium
42.0,-87.79,1,48,property,0.3125,0.8994182766080603,property,0.784,True,0.0038,0.784,0.2123,21.2,Chicago,medium
42.0,-87.79,2,79,property,0.0759493670886076,0.9968603321169214,property,0.7854,True,0.0036,0.7854,0.211,21.1,Chicago,medium
42.0,-87.79,3,86,property,0.32558139534883723,0.8396239785977206,property,0.7854,True,0.0036,0.7854,0.211,21.1,Chicago,medium
42.0,-87.78,0,8,violent,0.125,0.9743147528693494,property,0.7831,False,0.0037,0.7831,0.2131,21.3,Chicago,medium
42.0,-87.78,1,10,property,0.4,0.9502705392332347,property,0.7794,True,0.004,0.7794,0.2166,21.7,Chicago,medium
42.0,-87.78,2,11,property,0.09090909090909091,1.0361987848192837,property,0.785,True,0.0036,0.785,0.2114,21.1,Chicago,medium
42.0,-87.78,3,14,property,0.14285714285714285,0.9922819748525739,property,0.7847,True,0.0037,0.7847,0.2116,21.2,Chicago,medium
42.0,-87.77,0,25,property,0.72,0.5296435025403523,property,0.7844,True,0.0037,0.7844,0.212,21.2,Chicago,medium
42.0,-87.77,1,21,property,0.6190476190476191,0.7091152575824363,property,0.7845,True,0.0036,0.7845,0.2119,21.2,Chicago,medium
42.0,-87.77,2,26,property,0.3076923076923077,0.9585849416984087,property,0.7857,True,0.0036,0.7857,0.2108,21.1,Chicago,medium
42.0,-87.77,3,34,property,0.35294117647058826,0.9012084707132961,property,0.7857,True,0.0035,0.7857,0.2108,21.1,Chicago,medium
42.0,-87.76,0,32,property,0.40625,0.9162607129048043,property,0.7853,True,0.0035,0.7853,0.2111,21.1,Chicago,medium
42.0,-87.76,1,35,property,0.34285714285714286,0.8603588680657641,property,0.785,True,0.0035,0.785,0.2115,21.2,Chicago,medium
42.0,-87.76,2,51,property,0.29411764705882354,0.923840705630872,property,0.7845,True,0.0035,0.7845,0.212,21.2,Chicago,medium
42.0,-87.76,3,52,property,0.17307692307692307,0.9263734022114547,property,0.7854,True,0.0035,0.7854,0.2112,21.1,Chicago,medium
42.0,-87.75,0,11,property,0.8181818181818182,0.30463611876786795,property,0.785,True,0.0035,0.785,0.2115,21.2,Chicago,medium
42.0,-87.75,1,5,property,0.6,0.5004024447610512,property,0.7776,True,0.0039,0.7776,0.2184,21.8,Chicago,medium
42.0,-87.75,2,14,property,0.8571428571428571,0.2573186620097789,property,0.7832,True,0.0036,0.7832,0.2131,21.3,Chicago,medium
42.0,-87.75,3,16,property,0.8125,0.46341355882643,property,0.7849,True,0.0035,0.7849,0.2116,21.2,Chicago,medium
42.0,-87.74,0,11,property,0.8181818181818182,0.30463611876786795,property,0.784,True,0.0036,0.784,0.2123,21.2,Chicago,medium
42.0,-87.74,1,7,violent,0.42857142857142855,0.5982696097102534,property,0.7844,False,0.0036,0.7844,0.2121,21.2,Chicago,medium
42.0,-87.74,2,14,violent,0.21428571428571427,0.8760057656431737,property,0.7849,False,0.0036,0.7849,0.2115,21.1,Chicago,medium
42.0,-87.74,3,15,property,0.4,0.9502705392332347,property,0.7848,True,0.0036,0.7848,0.2116,21.2,Chicago,medium
42.0,-87.73,0,30,property,0.5666666666666667,0.7563320349268962,property,0.7852,True,0.0035,0.7852,0.2113,21.1,Chicago,medium
42.0,-87.73,1,19,property,0.10526315789473684,0.8569977547780645,property,0.7854,True,0.0036,0.7854,0.2111,21.1,Chicago,medium
42.0,-87.73,2,23,property,0.21739130434782608,0.9021825489048646,property,0.7845,True,0.0035,0.7845,0.212,21.2,Chicago,medium
42.0,-87.73,3,26,property,0.07692307692307693,0.9078086915252533,property,0.7853,True,0.0035,0.7853,0.2112,21.1,Chicago,medium
42.0,-87.72,0,28,property,0.03571428571428571,0.95866671337305,property,0.7847,True,0.0035,0.7847,0.2118,21.2,Chicago,medium
42.0,-87.72,1,25,property,0.36,0.8441124264544575,property,0.7853,True,0.0035,0.7853,0.2112,21.1,Chicago,medium
42.0,-87.72,2,57,property,0.21052631578947367,0.9050620762057506,property,0.7854,True,0.0035,0.7854,0.2111,21.1,Chicago,medium
42.0,-87.72,3,34,violent,0.0,0.9738110105706947,property,0.785,False,0.0034,0.785,0.2115,21.2,Chicago,medium
42.0,-87.71000000000001,0,100,property,0.41,0.8653170612645995,property,0.7848,True,0.0035,0.7848,0.2118,21.2,Chicago,medium
42.0,-87.71000000000001,1,117,property,0.017094017094017096,0.9870749890355794,property,0.7848,True,0.0035,0.7848,0.2118,21.2,Chicago,medium
42.0,-87.71000000000001,2,156,property,0.09615384615384616,1.0037541286987905,property,0.7853,True,0.0035,0.7853,0.2113,21.1,Chicago,medium
42.0,-87.71000000000001,3,189,property,0.2275132275132275,0.9557509772097724,property,0.7855,True,0.0035,0.7855,0.2111,21.1,Chicago,medium
42.0,-87.7,0,336,property,0.43154761904761907,0.801853810348814,property,0.7843,True,0.0034,0.7843,0.2122,21.2,Chicago,medium
42.0,-87.7,1,272,property,0.26838235294117646,0.936956268110559,property,0.785,True,0.0034,0.785,0.2116,21.2,Chicago,medium
42.0,-87.7,2,481,property,0.18711018711018712,0.9061741223763631,property,0.7848,True,0.0034,0.7848,0.2118,21.2,Chicago,medium
42.0,-87.7,3,559,property,0.22361359570661896,0.8804872232412925,property,0.7847,True,0.0034,0.7847,0.2118,21.2,Chicago,medium
42.0,-87.69,0,403,property,0.05459057071960298,0.9094023601178041,property,0.7845,True,0.0034,0.7845,0.212,21.2,Chicago,medium
42.0,-87.69,1,341,property,0.21114369501466276,0.9658418173868355,property,0.7853,True,0.0034,0.7853,0.2112,21.1,Chicago,medium
42.0,-87.69,2,539,property,0.16883116883116883,0.9491133947157187,property,0.7844,True,0.0034,0.7844,0.2121,21.2,Chicago,medium
42.0,-87.69,3,671,property,0.14307004470938897,0.8982472645636361,property,0.7842,True,0.0034,0.7842,0.2124,21.2,Chicago,medium
42.0,-87.68,0,255,property,0.13725490196078433,0.9525184392558033,property,0.7845,True,0.0034,0.7845,0.2121,21.2,Chicago,medium
42.0,-87.68,1,307,violent,0.009771986970684038,0.9644068307212957,property,0.7844,False,0.0034,0.7844,0.2122,21.2,Chicago,medium
42.0,-87.68,2,465,property,0.1053763440860215,0.8980936976391117,property,0.7842,True,0.0034,0.7842,0.2123,21.2,Chicago,medium
42.0,-87.68,3,494,property,0.1396761133603239,0.9109658967923078,property,0.7846,True,0.0034,0.7846,0.212,21.2,Chicago,medium
42.0,-87.67,0,405,property,0.2222222222222222,0.8833336948966566,property,0.7758,True,0.0036,0.7758,0.2206,22.1,Chicago,medium
42.0,-87.67,1,420,property,0.23809523809523808,0.9430741370286697,property,0.784,True,0.0034,0.784,0.2125,21.3,Chicago,medium
42.0,-87.67,2,678,property,0.1696165191740413,0.9520119526219035,property,0.7763,True,0.0036,0.7763,0.2201,22.0,Chicago,medium
42.0,-87.67,3,679,property,0.24447717231222385,0.9176494053691717,property,0.7795,True,0.0035,0.7795,0.2169,21.7,Chicago,medium
42.0,-87.66,0,406,property,0.270935960591133,0.9053298288626207,property,0.781,True,0.0035,0.781,0.2155,21.5,Chicago,medium
42.0,-87.66,1,667,property,0.44377811094452774,0.7990304674374933,property,0.7841,True,0.0035,0.7841,0.2124,21.2,Chicago,medium
42.0,-87.66,2,860,property,0.3953488372093023,0.8110816445289946,property,0.7839,True,0.0035,0.7839,0.2126,21.3,Chicago,medium
42.0,-87.66,3,804,property,0.30472636815920395,0.8579305845706107,property,0.7835,True,0.0035,0.7835,0.213,21.3,Chicago,medium
42.01,-87.93,1,4,other,1.0,4.34465315364359e-08,property,0.7803,False,0.0037,0.7803,0.216,21.6,Chicago,medium
42.01,-87.93,2,6,other,0.6666666666666666,0.4505612301390093,property,0.7807,False,0.0038,0.7807,0.2155,21.5,Chicago,medium
42.01,-87.91,1,5,violent,0.0,1.0549201679861442,property,0.7798,False,0.0038,0.7798,0.2164,21.6,Chicago,medium
42.01,-87.91,2,5,violent,0.0,1.0549201679861442,property,0.7776,False,0.0039,0.7776,0.2185,21.9,Chicago,medium
42.01,-87.91,3,3,property,0.3333333333333333,0.6365141893815645,property,0.7766,True,0.0039,0.7766,0.2195,22.0,Chicago,medium
42.01,-87.9,0,3,property,0.3333333333333333,0.6365141893815645,property,0.7808,True,0.0037,0.7808,0.2155,21.5,Chicago,medium
42.01,-87.9,2,5,property,0.2,0.6730116880595105,property,0.7823,True,0.0037,0.7823,0.2139,21.4,Chicago,medium
42.01,-87.82000000000001,0,22,property,0.4090909090909091,0.7559829155446122,property,0.7832,True,0.0038,0.7832,0.213,21.3,Chicago,medium
42.01,-87.82000000000001,1,21,property,0.6666666666666666,0.5940241655824705,property,0.7784,True,0.004,0.7784,0.2176,21.8,Chicago,medium
42.01,-87.82000000000001,2,30,property,0.3333333333333333,0.9833122247384487,property,0.7813,True,0.0039,0.7813,0.2148,21.5,Chicago,medium
42.01,-87.82000000000001,3,26,property,0.6153846153846154,0.6870920273799715,property,0.7841,True,0.0037,0.7841,0.2121,21.2,Chicago,medium
42.01,-87.81,0,46,property,0.4782608695652174,0.8508331062622725,property,0.7848,True,0.0036,0.7848,0.2116,21.2,Chicago,medium
42.01,-87.81,1,40,property,0.2,1.0552034657418137,property,0.7818,True,0.0038,0.7818,0.2144,21.4,Chicago,medium
42.01,-87.81,2,55,property,0.10909090909090909,1.081846879198666,property,0.7839,True,0.0037,0.7839,0.2123,21.2,Chicago,medium
42.01,-87.81,3,59,property,0.423728813559322,0.9173900965288929,property,0.785,True,0.0036,0.785,0.2115,21.1,Chicago,medium
42.01,-87.79,0,9,property,0.0,0.9649629230074277,property,0.5594,True,0.0076,0.5594,0.433,43.3,Chicago,medium
42.01,-87.79,1,3,violent,0.3333333333333333,0.6365141893815645,property,0.7779,False,0.0039,0.7779,0.2182,21.8,Chicago,medium
42.01,-87.79,2,5,property,1.0,4.3446531758480495e-08,property,0.737,True,0.0045,0.737,0.2585,25.8,Chicago,medium
42.01,-87.79,3,13,property,0.3076923076923077,0.8587409130062867,property,0.7136,True,0.0058,0.7136,0.2806,28.1,Chicago,medium
42.01,-87.78,0,13,property,0.7692307692307693,0.5359610497090694,property,0.7848,True,0.0037,0.7848,0.2116,21.2,Chicago,medium
42.01,-87.78,1,19,property,0.3684210526315789,0.8785250991271565,property,0.7846,True,0.0037,0.7846,0.2117,21.2,Chicago,medium
42.01,-87.78,2,47,property,0.19148936170212766,1.0397429099882602,property,0.7833,True,0.0037,0.7833,0.213,21.3,Chicago,medium
42.01,-87.78,3,33,property,0.5151515151515151,0.8173529788538034,property,0.7848,True,0.0037,0.7848,0.2116,21.2,Chicago,medium
42.01,-87.77,0,14,property,0.7142857142857143,0.4101163396015584,property,0.7844,True,0.0037,0.7844,0.2119,21.2,Chicago,medium
42.01,-87.77,1,4,violent,0.25,1.0397207708399179,property,0.7841,False,0.0037,0.7841,0.2123,21.2,Chicago,medium
42.01,-87.77,2,7,property,0.14285714285714285,0.6829081257408294,property,0.7825,True,0.0038,0.7825,0.2137,21.4,Chicago,medium
42.01,-87.77,3,6,property,0.16666666666666666,1.0114042647073518,property,0.7839,True,0.0038,0.7839,0.2123,21.2,Chicago,medium
42.01,-87.76,2,4,violent,0.25,1.0397207708399179,property,0.7802,False,0.0037,0.7802,0.2162,21.6,Chicago,medium
42.01,-87.76,3,6,property,0.5,0.8675632284814613,property,0.7848,True,0.0035,0.7848,0.2117,21.2,Chicago,medium
42.01,-87.71000000000001,0,46,property,0.6739130434782609,0.6742705071682045,property,0.7816,True,0.0038,0.7816,0.2146,21.5,Chicago,medium
42.01,-87.71000000000001,1,50,property,0.7,0.5859660371031605,property,0.7841,True,0.0037,0.7841,0.2122,21.2,Chicago,medium
42.01,-87.71000000000001,2,85,property,0.36470588235294116,0.9224333228917034,property,0.785,True,0.0035,0.785,0.2115,21.2,Chicago,medium
42.01,-87.71000000000001,3,71,property,0.4647887323943662,0.8391033436110251,property,0.7846,True,0.0035,0.7846,0.212,21.2,Chicago,medium
42.01,-87.7,0,146,property,0.6438356164383562,0.6270660157106657,property,0.7856,True,0.0035,0.7856,0.211,21.1,Chicago,medium
42.01,-87.7,1,116,property,0.25862068965517243,0.9769396151227487,property,0.7858,True,0.0035,0.7858,0.2107,21.1,Chicago,medium
42.01,-87.7,2,187,property,0.39572192513368987,0.8610982751340476,property,0.7855,True,0.0035,0.7855,0.2111,21.1,Chicago,medium
42.01,-87.7,3,196,property,0.44387755102040816,0.7618028884738547,property,0.7858,True,0.0035,0.7858,0.2107,21.1,Chicago,medium
42.01,-87.69,0,265,property,0.32075471698113206,0.9085021263541458,property,0.7844,True,0.0034,0.7844,0.2122,21.2,Chicago,medium
42.01,-87.69,1,241,property,0.21991701244813278,0.9442148126926903,property,0.7851,True,0.0034,0.7851,0.2114,21.1,Chicago,medium
42.01,-87.69,2,392,property,0.3852040816326531,0.8833220536448181,property,0.7842,True,0.0034,0.7842,0.2124,21.2,Chicago,medium
42.01,-87.69,3,455,property,0.3076923076923077,0.8429373320872876,property,0.7847,True,0.0034,0.7847,0.2119,21.2,Chicago,medium
42.01,-87.68,0,317,property,0.40063091482649843,0.8488991163703197,property,0.7838,True,0.0034,0.7838,0.2128,21.3,Chicago,medium
42.01,-87.68,1,340,property,0.3088235294117647,0.9424917736868921,property,0.7845,True,0.0034,0.7845,0.212,21.2,Chicago,medium
42.01,-87.68,2,513,property,0.2651072124756335,0.9774172064118241,property,0.7844,True,0.0035,0.7844,0.2122,21.2,Chicago,medium
42.01,-87.68,3,540,property,0.2777777777777778,0.9053405714503302,property,0.7843,True,0.0034,0.7843,0.2123,21.2,Chicago,medium
42.01,-87.67,0,601,property,0.1447587354409318,0.946667975421111,property,0.5785,True,0.0067,0.5785,0.4148,41.5,Chicago,medium
42.01,-87.67,1,603,property,0.12935323383084577,0.9644229726749924,property,0.7843,True,0.0034,0.7843,0.2122,21.2,Chicago,medium
42.01,-87.67,2,1005,property,0.14129353233830846,0.9199548866009111,property,0.755,True,0.004,0.755,0.241,24.1,Chicago,medium
42.01,-87.67,3,981,property,0.19164118246687054,0.8790071114280297,property,0.722,True,0.0045,0.722,0.2735,27.3,Chicago,medium
42.01,-87.66,0,390,property,0.08717948717948718,0.9068945885012545,property,0.7758,True,0.0036,0.7758,0.2207,22.1,Chicago,medium
42.01,-87.66,1,426,property,0.215962441314554,0.9795703328080765,property,0.7835,True,0.0035,0.7835,0.213,21.3,Chicago,medium
42.01,-87.66,2,592,property,0.36655405405405406,0.8853738993176035,property,0.7803,True,0.0035,0.7803,0.2162,21.6,Chicago,medium
42.01,-87.66,3,572,property,0.18356643356643357,0.9188675644204407,property,0.7722,True,0.0037,0.7722,0.2241,22.4,Chicago,medium
42.02,-87.82000000000001,0,8,property,1.0,4.3446531758480495e-08,property,0.7843,True,0.0037,0.7843,0.212,21.2,Chicago,medium
42.02,-87.82000000000001,1,6,property,0.16666666666666666,1.0114042647073518,property,0.782,True,0.0038,0.782,0.2142,21.4,Chicago,medium
42.02,-87.82000000000001,2,3,property,0.3333333333333333,0.6365141893815645,property,0.7749,True,0.0041,0.7749,0.221,22.1,Chicago,medium
42.02,-87.82000000000001,3,5,violent,0.0,1.0549201679861442,property,0.7839,False,0.0036,0.7839,0.2125,21.3,Chicago,medium
42.02,-87.81,0,24,property,0.25,1.0397207708399179,property,0.783,True,0.0037,0.783,0.2133,21.3,Chicago,medium
42.02,-87.81,1,16,property,0.0625,1.0433534269422906,property,0.7771,True,0.004,0.7771,0.2189,21.9,Chicago,medium
42.02,-87.81,2,34,property,0.14705882352941177,1.0451946834395212,property,0.7007,True,0.0063,0.7007,0.293,29.3,Chicago,medium
42.02,-87.81,3,24,property,0.375,0.9002560512685369,property,0.781,True,0.0038,0.781,0.2152,21.5,Chicago,medium
42.02,-87.71000000000001,0,13,property,1.0,4.3446531758480495e-08,property,0.7843,True,0.0036,0.7843,0.212,21.2,Chicago,medium
42.02,-87.71000000000001,1,14,property,0.6428571428571429,0.6559757323365467,property,0.785,True,0.0036,0.785,0.2115,21.1,Chicago,medium
42.02,-87.71000000000001,2,19,property,0.5789473684210527,0.7534424611802383,property,0.785,True,0.0035,0.785,0.2115,21.2,Chicago,medium
42.02,-87.71000000000001,3,22,property,0.8181818181818182,0.3046361187678678,property,0.785,True,0.0036,0.785,0.2114,21.1,Chicago,medium
42.02,-87.7,0,34,property,0.5882352941176471,0.6779087256441981,property,0.7854,True,0.0035,0.7854,0.2111,21.1,Chicago,medium
42.02,-87.7,1,22,property,0.5909090909090909,0.6496877127476234,property,0.785,True,0.0035,0.785,0.2115,21.1,Chicago,medium
42.02,-87.7,2,41,property,0.21951219512195122,0.8286857421676314,property,0.7845,True,0.0034,0.7845,0.212,21.2,Chicago,medium
42.02,-87.7,3,58,property,0.5517241379310345,0.6516582165640161,property,0.7851,True,0.0034,0.7851,0.2115,21.1,Chicago,medium
42.02,-87.69,0,148,property,0.1891891891891892,0.9746508938703631,property,0.7839,True,0.0034,0.7839,0.2127,21.3,Chicago,medium
42.02,-87.69,1,155,property,0.3225806451612903,0.8181381322139513,property,0.7849,True,0.0034,0.7849,0.2117,21.2,Chicago,medium
42.02,-87.69,2,243,property,0.2880658436213992,0.852833740263047,property,0.7849,True,0.0034,0.7849,0.2117,21.2,Chicago,medium
42.02,-87.69,3,268,property,0.22388059701492538,0.8657038108591194,property,0.7845,True,0.0034,0.7845,0.212,21.2,Chicago,medium
42.02,-87.68,0,256,property,0.20703125,0.9328009616689344,property,0.7267,True,0.0044,0.7267,0.2688,26.9,Chicago,medium
42.02,-87.68,1,635,property,0.36850393700787404,0.8008718523029301,property,0.7845,True,0.0034,0.7845,0.212,21.2,Chicago,medium
42.02,-87.68,2,805,property,0.3093167701863354,0.8495623964375922,property,0.7842,True,0.0034,0.7842,0.2123,21.2,Chicago,medium
42.02,-87.68,3,674,property,0.31305637982195844,0.8598063936863104,property,0.7797,True,0.0035,0.7797,0.2168,21.7,Chicago,medium
42.02,-87.67,0,737,property,0.10719131614654002,0.9126512461630877,property,0.7224,True,0.0045,0.7224,0.2731,27.3,Chicago,medium
42.02,-87.67,1,811,property,0.013563501849568433,0.9746628395289971,property,0.779,True,0.0036,0.779,0.2174,21.7,Chicago,medium
42.02,-87.67,2,1087,property,0.06991720331186753,0.9381704223853371,property,0.547,True,0.0072,0.547,0.4458,44.6,Chicago,uncertain
42.02,-87.67,3,1004,property,0.09163346613545817,0.9344575940779658,violent,0.5266,False,0.0083,0.4651,0.5266,52.7,Chicago,uncertain
42.02,-87.66,0,68,property,0.3088235294117647,0.9653541192647942,property,0.7833,True,0.0035,0.7833,0.2132,21.3,Chicago,medium
42.02,-87.66,1,67,property,0.1791044776119403,1.0306021362926718,property,0.7827,True,0.0036,0.7827,0.2137,21.4,Chicago,medium
42.02,-87.66,2,113,property,0.415929203539823,0.8790616965264582,property,0.7832,True,0.0035,0.7832,0.2133,21.3,Chicago,medium
42.02,-87.66,3,98,property,0.23469387755102042,0.9351335799138452,property,0.783,True,0.0035,0.783,0.2135,21.4,Chicago,medium
