lat_bin,lon_bin,time_slot,total_count,dominant_category,dominance_gap,entropy,predicted_category,confidence_calibrated,correct,proba_other,proba_property,proba_violent,risk_score,city,confidence_tier
40.5,-74.25,0,17,property,0.058823529411764705,0.9718487712358767,other,0.8531,False,0.8531,0.1325,0.0144,1.4,NYC,high
40.5,-74.25,1,18,property,0.16666666666666666,1.0114042647073518,other,0.8506,False,0.8506,0.1353,0.0141,1.4,NYC,high
40.5,-74.25,2,14,other,0.42857142857142855,0.8921178708188162,other,0.8707,True,0.8707,0.1157,0.0136,1.4,NYC,high
40.5,-74.25,3,17,other,0.35294117647058826,0.8082699580001821,other,0.8682,True,0.8682,0.1182,0.0136,1.4,NYC,high
40.5,-74.24,0,28,property,0.35714285714285715,0.92751967671726,other,0.8639,False,0.8639,0.1224,0.0137,1.4,NYC,high
40.5,-74.24,1,32,other,0.03125,0.9387548872637546,other,0.8717,True,0.8717,0.1152,0.0132,1.3,NYC,high
40.5,-74.24,2,59,other,0.06779661016949153,0.9725138971829466,other,0.8671,True,0.8671,0.1188,0.0141,1.4,NYC,high
40.5,-74.24,3,51,other,0.47058823529411764,0.8938885362449964,other,0.8728,True,0.8728,0.1139,0.0133,1.3,NYC,high
40.5,-74.23,0,6,property,0.6666666666666666,0.4505612301390093,property,0.6993,True,0.2859,0.6993,0.0148,1.5,NYC,medium
40.5,-74.23,1,4,other,0.25,1.0397207708399179,other,0.8676,True,0.8676,0.1183,0.0141,1.4,NYC,high
40.5,-74.23,2,4,other,0.5,0.5623351657797391,property,0.6674,False,0.3134,0.6674,0.0192,1.9,NYC,medium
40.5,-74.23,3,10,other,0.3,0.8979457248567797,other,0.868,True,0.868,0.1178,0.0142,1.4,NYC,high
40.51,-74.25,0,92,other,0.391304347826087,0.952502083200353,other,0.8722,True,0.8722,0.1144,0.0134,1.3,NYC,high
40.51,-74.25,1,116,other,0.35344827586206895,0.8701079833976934,other,0.8714,True,0.8714,0.1151,0.0134,1.3,NYC,high
40.51,-74.25,2,189,other,0.4074074074074074,0.8465166285118737,other,0.8733,True,0.8733,0.1135,0.0132,1.3,NYC,high
40.51,-74.25,3,177,other,0.5141242937853108,0.821318328199357,other,0.873,True,0.873,0.1136,0.0133,1.3,NYC,high
40.51,-74.24,0,61,property,0.22950819672131148,0.9398529731664834,other,0.8711,False,0.8711,0.1152,0.0137,1.4,NYC,high
40.51,-74.24,1,80,other,0.2625,0.8909164057699006,other,0.8724,True,0.8724,0.1144,0.0132,1.3,NYC,high
40.51,-74.24,2,112,other,0.07142857142857142,1.0354817310237678,other,0.8719,True,0.8719,0.1147,0.0134,1.3,NYC,high
40.51,-74.24,3,80,other,0.15,1.0670938948757507,other,0.8736,True,0.8736,0.1131,0.0133,1.3,NYC,high
40.51,-74.23,0,20,property,0.15,0.8451132568429528,other,0.8711,False,0.8711,0.1155,0.0134,1.3,NYC,high
40.51,-74.23,1,32,other,0.15625,0.9257564180367264,other,0.8665,True,0.8665,0.1192,0.0142,1.4,NYC,high
40.51,-74.23,2,36,other,0.1388888888888889,0.9885683036977366,other,0.8698,True,0.8698,0.1164,0.0137,1.4,NYC,high
40.51,-74.23,3,32,other,0.25,1.0066670009137897,other,0.8656,True,0.8656,0.1198,0.0145,1.5,NYC,high
40.51,-74.22,0,4,property,0.5,0.5623351657797391,other,0.4983,False,0.4983,0.485,0.0167,1.7,NYC,uncertain
40.51,-74.22,1,13,other,0.6153846153846154,0.6870920273799715,other,0.7161,True,0.7161,0.197,0.087,8.7,NYC,medium
40.51,-74.22,2,18,other,0.1111111111111111,1.0608569471580214,other,0.8566,True,0.8566,0.1261,0.0173,1.7,NYC,high
40.51,-74.22,3,8,other,0.75,0.3767701826029325,other,0.8667,True,0.8667,0.1184,0.015,1.5,NYC,high
40.51,-74.21000000000001,0,7,other,0.2857142857142857,0.9556998911125343,other,0.8617,True,0.8617,0.1225,0.0158,1.6,NYC,high
40.51,-74.21000000000001,1,5,property,0.0,1.0549201679861442,other,0.8672,False,0.8672,0.119,0.0138,1.4,NYC,high
40.51,-74.21000000000001,2,8,property,0.125,0.9743147528693494,other,0.8708,False,0.8708,0.116,0.0133,1.3,NYC,high
40.51,-74.21000000000001,3,9,other,0.7777777777777778,0.34883211721746554,other,0.8505,True,0.8505,0.1344,0.015,1.5,NYC,high
40.51,-74.2,0,8,property,0.0,1.0821955300387671,other,0.7424,False,0.7424,0.2329,0.0247,2.5,NYC,medium
40.51,-74.2,1,10,other,0.4,0.6108643231672951,property,0.7482,False,0.238,0.7482,0.0138,1.4,NYC,medium
40.51,-74.2,2,20,other,0.4,0.8568409950394724,property,0.6913,False,0.2942,0.6913,0.0145,1.4,NYC,medium
40.51,-74.2,3,16,other,0.25,0.9470571522825082,other,0.87,True,0.87,0.1162,0.0138,1.4,NYC,high
40.52,-74.24,0,23,property,0.0,1.0660493483542606,other,0.8656,False,0.8656,0.1197,0.0147,1.5,NYC,high
40.52,-74.24,1,32,property,0.15625,1.0752094963414274,other,0.8619,False,0.8619,0.1244,0.0138,1.4,NYC,high
40.52,-74.24,2,53,other,0.2830188679245283,0.8643795893440749,other,0.8716,True,0.8716,0.1152,0.0132,1.3,NYC,high
40.52,-74.24,3,53,other,0.05660377358490566,1.0109750181939847,other,0.8704,True,0.8704,0.1159,0.0137,1.4,NYC,high
40.52,-74.23,0,32,other,0.4375,0.868813412797894,other,0.8712,True,0.8712,0.1152,0.0136,1.4,NYC,high
40.52,-74.23,1,57,property,0.017543859649122806,1.0012842523346484,other,0.8239,False,0.8239,0.1618,0.0143,1.4,NYC,high
40.52,-74.23,2,78,property,0.14102564102564102,0.9595065391230382,other,0.7991,False,0.7991,0.186,0.0149,1.5,NYC,medium
40.52,-74.23,3,57,other,0.03508771929824561,1.0711972361580187,other,0.8727,True,0.8727,0.1142,0.0132,1.3,NYC,high
40.52,-74.22,0,22,property,0.0,0.9347698978582792,other,0.8663,False,0.8663,0.1196,0.0141,1.4,NYC,high
40.52,-74.22,1,32,other,0.125,0.9743147528693494,other,0.8686,True,0.8686,0.1182,0.0131,1.3,NYC,high
40.52,-74.22,2,48,other,0.041666666666666664,0.9822815054843264,other,0.7507,True,0.7507,0.2339,0.0153,1.5,NYC,medium
40.52,-74.22,3,63,other,0.2857142857142857,0.9847433454095131,other,0.8747,True,0.8747,0.112,0.0133,1.3,NYC,high
40.52,-74.21000000000001,0,34,property,0.5,0.8524160145011828,other,0.656,False,0.656,0.3273,0.0167,1.7,NYC,medium
40.52,-74.21000000000001,1,35,property,0.08571428571428572,0.6894692208089569,property,0.5093,True,0.4751,0.5093,0.0156,1.6,NYC,uncertain
40.52,-74.21000000000001,2,35,other,0.22857142857142856,0.9733943995718437,other,0.8726,True,0.8726,0.1142,0.0132,1.3,NYC,high
40.52,-74.21000000000001,3,50,property,0.06,1.03757708994672,other,0.8717,False,0.8717,0.115,0.0133,1.3,NYC,high
40.52,-74.2,0,36,other,0.3055555555555556,0.944407502781031,other,0.8751,True,0.8751,0.1115,0.0134,1.3,NYC,high
40.52,-74.2,1,44,other,0.2727272727272727,0.9949236325717752,other,0.8664,True,0.8664,0.12,0.0136,1.4,NYC,high
40.52,-74.2,2,76,other,0.19736842105263158,1.0442659246195558,other,0.8738,True,0.8738,0.1131,0.0131,1.3,NYC,high
40.52,-74.2,3,59,other,0.2033898305084746,1.040917993641933,other,0.8766,True,0.8766,0.1103,0.0131,1.3,NYC,high
40.52,-74.19,0,5,property,0.2,0.6730116880595106,other,0.8695,False,0.8695,0.1166,0.0139,1.4,NYC,high
40.52,-74.19,1,23,property,0.043478260869565216,1.0334920606923674,other,0.8395,False,0.8395,0.1464,0.0141,1.4,NYC,high
40.52,-74.19,2,28,other,0.21428571428571427,1.0346012329101812,other,0.8678,True,0.8678,0.118,0.0142,1.4,NYC,high
40.52,-74.19,3,17,other,0.5294117647058824,0.8037421073162029,other,0.8717,True,0.8717,0.1148,0.0135,1.4,NYC,high
40.52,-74.18,0,7,property,0.7142857142857143,0.4101163396015584,other,0.8709,False,0.8709,0.1155,0.0136,1.4,NYC,high
40.52,-74.18,1,12,property,0.25,0.887694275799104,other,0.865,False,0.865,0.1203,0.0146,1.5,NYC,high
40.52,-74.18,2,7,property,0.14285714285714285,0.6829081257408294,other,0.8652,False,0.8652,0.1203,0.0145,1.5,NYC,high
40.52,-74.18,3,11,property,0.09090909090909091,1.0361987848192837,other,0.8579,False,0.8579,0.1274,0.0147,1.5,NYC,high
40.52,-74.17,2,3,other,0.3333333333333333,0.6365141893815645,other,0.8686,True,0.8686,0.1176,0.0138,1.4,NYC,high
40.53,-74.24,0,35,property,0.45714285714285713,0.8757787022914669,other,0.8657,False,0.8657,0.1204,0.014,1.4,NYC,high
40.53,-74.24,1,36,other,0.1111111111111111,0.8626470500723485,other,0.8615,True,0.8615,0.1248,0.0137,1.4,NYC,high
40.53,-74.24,2,68,property,0.08823529411764706,1.004214913880662,property,0.7298,True,0.2561,0.7298,0.0141,1.4,NYC,medium
40.53,-74.24,3,53,property,0.03773584905660377,0.8706760874594133,other,0.8677,False,0.8677,0.1183,0.014,1.4,NYC,high
40.53,-74.23,0,14,property,0.2857142857142857,0.9556998911125343,property,0.5895,True,0.3843,0.5895,0.0262,2.6,NYC,medium
40.53,-74.23,1,97,property,0.6391752577319587,0.5195459558863686,property,0.752,True,0.2344,0.752,0.0135,1.4,NYC,medium
40.53,-74.23,2,284,property,0.7429577464788732,0.4526654037155085,property,0.7523,True,0.2342,0.7523,0.0136,1.4,NYC,medium
40.53,-74.23,3,132,property,0.6666666666666666,0.5897141748064113,property,0.7501,True,0.2363,0.7501,0.0136,1.4,NYC,medium
40.53,-74.22,0,38,other,0.10526315789473684,0.95047376327441,other,0.872,True,0.872,0.1143,0.0137,1.4,NYC,high
40.53,-74.22,1,35,other,0.17142857142857143,1.0649968705807584,other,0.8701,True,0.8701,0.1164,0.0134,1.3,NYC,high
40.53,-74.22,2,62,other,0.45161290322580644,0.8652581154432321,other,0.8703,True,0.8703,0.1165,0.0132,1.3,NYC,high
40.53,-74.22,3,64,other,0.46875,0.8803384787456416,other,0.8695,True,0.8695,0.1168,0.0138,1.4,NYC,high
40.53,-74.21000000000001,0,27,other,0.2222222222222222,0.8000120331977751,other,0.8177,True,0.8177,0.1679,0.0144,1.4,NYC,high
40.53,-74.21000000000001,1,22,property,0.13636363636363635,0.8367742263818623,other,0.8639,False,0.8639,0.123,0.0131,1.3,NYC,high
40.53,-74.21000000000001,2,31,property,0.12903225806451613,1.0599864113257504,other,0.8735,False,0.8735,0.1135,0.013,1.3,NYC,high
40.53,-74.21000000000001,3,32,property,0.03125,1.0176629708064735,other,0.8725,False,0.8725,0.1141,0.0134,1.3,NYC,high
40.53,-74.2,0,39,property,0.1794871794871795,0.8427928935261595,other,0.8703,False,0.8703,0.1163,0.0134,1.3,NYC,high
40.53,-74.2,1,39,property,0.20512820512820512,0.9628820973767654,property,0.7253,True,0.2613,0.7253,0.0134,1.3,NYC,medium
40.53,-74.2,2,51,other,0.0392156862745098,1.083086833504507,other,0.8665,True,0.8665,0.1205,0.013,1.3,NYC,high
40.53,-74.2,3,43,other,0.16279069767441862,0.9234567676310856,other,0.8738,True,0.8738,0.113,0.0132,1.3,NYC,high
40.53,-74.19,0,32,other,0.1875,0.8647400965276372,other,0.8691,True,0.8691,0.1174,0.0135,1.4,NYC,high
40.53,-74.19,1,53,other,0.4716981132075472,0.874092566089695,other,0.8765,True,0.8765,0.1106,0.0129,1.3,NYC,high
40.53,-74.19,2,83,other,0.03614457831325301,1.0868157652293455,other,0.8723,True,0.8723,0.1144,0.0133,1.3,NYC,high
40.53,-74.19,3,41,other,0.4878048780487805,0.8786857869752525,other,0.8744,True,0.8744,0.1124,0.0132,1.3,NYC,high
40.53,-74.18,0,3,property,0.3333333333333333,0.6365141893815645,other,0.5037,False,0.5037,0.4792,0.0171,1.7,NYC,uncertain
40.53,-74.18,1,11,other,0.09090909090909091,1.0361987848192837,property,0.5261,False,0.4579,0.5261,0.0161,1.6,NYC,uncertain
40.53,-74.18,2,18,property,0.2222222222222222,0.9368883075390159,other,0.8724,False,0.8724,0.1144,0.0131,1.3,NYC,high
40.53,-74.18,3,14,property,0.21428571428571427,1.034601232910181,other,0.8644,False,0.8644,0.1217,0.0139,1.4,NYC,high
40.53,-74.17,0,16,property,0.0625,0.8815322611881636,other,0.8693,False,0.8693,0.1166,0.0141,1.4,NYC,high
40.53,-74.17,1,34,other,0.08823529411764706,0.8014356817142756,other,0.6347,True,0.6347,0.3499,0.0155,1.5,NYC,medium
40.53,-74.17,2,42,property,0.14285714285714285,0.9302998331833918,other,0.8756,False,0.8756,0.1116,0.0128,1.3,NYC,high
40.53,-74.17,3,39,property,0.0,0.9872425881788298,other,0.8678,False,0.8678,0.1181,0.0141,1.4,NYC,high
40.53,-74.16,0,30,other,0.23333333333333334,0.9183202268321401,other,0.8723,True,0.8723,0.1145,0.0132,1.3,NYC,high
40.53,-74.16,1,43,other,0.13953488372093023,0.9609316716961218,other,0.793,True,0.793,0.1923,0.0148,1.5,NYC,medium
40.53,-74.16,2,71,other,0.1267605633802817,0.8623273336090622,other,0.8684,True,0.8684,0.1185,0.0132,1.3,NYC,high
40.53,-74.16,3,55,other,0.2,0.9834458571383364,other,0.8696,True,0.8696,0.1165,0.0139,1.4,NYC,high
40.53,-74.15,0,12,property,0.08333333333333333,0.9184277849930975,other,0.8697,False,0.8697,0.1166,0.0137,1.4,NYC,high
40.53,-74.15,1,20,other,0.05,0.8556886672556694,property,0.5822,False,0.4027,0.5822,0.0151,1.5,NYC,medium
40.53,-74.15,2,15,property,0.06666666666666667,1.0851886129676505,other,0.7512,False,0.7512,0.233,0.0159,1.6,NYC,medium
40.53,-74.15,3,11,violent,0.0,1.0900596587107838,other,0.8651,False,0.8651,0.1204,0.0145,1.4,NYC,high
40.54,-74.24,0,8,property,0.375,0.9002560512685369,other,0.8631,False,0.8631,0.1224,0.0146,1.5,NYC,high
40.54,-74.24,1,22,property,0.045454545454545456,0.9957374991778267,other,0.863,False,0.863,0.1228,0.0142,1.4,NYC,high
40.54,-74.24,2,31,property,0.03225806451612903,1.0496717767488781,other,0.8611,False,0.8611,0.1243,0.0145,1.5,NYC,high
40.54,-74.24,3,12,property,0.0,1.0281838593329258,other,0.8618,False,0.8618,0.124,0.0143,1.4,NYC,high
40.54,-74.23,0,5,other,0.6,0.5004024447610513,other,0.5004,True,0.5004,0.483,0.0166,1.7,NYC,uncertain
40.54,-74.23,1,5,property,0.2,0.6730116880595106,property,0.7034,True,0.2822,0.7034,0.0144,1.4,NYC,medium
40.54,-74.23,2,9,other,0.1111111111111111,1.0608569471580214,other,0.8511,True,0.8511,0.1345,0.0144,1.4,NYC,high
40.54,-74.23,3,4,other,0.5,0.5623351657797391,property,0.7399,False,0.246,0.7399,0.0141,1.4,NYC,medium
40.54,-74.22,0,56,other,0.39285714285714285,0.8699223833351151,other,0.8706,True,0.8706,0.116,0.0134,1.3,NYC,high
40.54,-74.22,1,73,other,0.3013698630136986,0.7879028242599885,other,0.8738,True,0.8738,0.1133,0.0129,1.3,NYC,high
40.54,-74.22,2,116,other,0.3017241379310345,0.9698388383740717,other,0.872,True,0.872,0.1148,0.0133,1.3,NYC,high
40.54,-74.22,3,94,other,0.5106382978723404,0.8271386206782156,other,0.8727,True,0.8727,0.1138,0.0135,1.4,NYC,high
40.54,-74.21000000000001,0,53,property,0.018867924528301886,1.0126535498975544,other,0.8742,False,0.8742,0.1127,0.013,1.3,NYC,high
40.54,-74.21000000000001,1,74,other,0.12162162162162163,0.826975655777125,other,0.8731,True,0.8731,0.1138,0.0131,1.3,NYC,high
40.54,-74.21000000000001,2,124,other,0.23387096774193547,0.9656843478632051,other,0.8737,True,0.8737,0.1132,0.0131,1.3,NYC,high
40.54,-74.21000000000001,3,99,other,0.26262626262626265,1.0283383364273568,other,0.8711,True,0.8711,0.1152,0.0138,1.4,NYC,high
40.54,-74.2,0,56,property,0.017857142857142856,0.9319660626559696,other,0.8726,False,0.8726,0.1142,0.0132,1.3,NYC,high
40.54,-74.2,1,52,other,0.1346153846153846,0.9843933025024256,property,0.5082,False,0.4764,0.5082,0.0154,1.5,NYC,uncertain
40.54,-74.2,2,100,other,0.24,0.9165249587390547,other,0.8705,True,0.8705,0.1161,0.0134,1.3,NYC,high
40.54,-74.2,3,85,other,0.25882352941176473,0.9496511798677356,other,0.8748,True,0.8748,0.112,0.0132,1.3,NYC,high
40.54,-74.19,0,40,property,0.15,0.6818546297721946,other,0.8747,False,0.8747,0.112,0.0133,1.3,NYC,high
40.54,-74.19,1,40,property,0.125,0.7846904335429707,other,0.7744,False,0.7744,0.2106,0.015,1.5,NYC,medium
40.54,-74.19,2,66,other,0.015151515151515152,0.7610441599357423,other,0.874,True,0.874,0.1131,0.013,1.3,NYC,high
40.54,-74.19,3,39,property,0.02564102564102564,0.95236944265359,other,0.8731,False,0.8731,0.1136,0.0133,1.3,NYC,high
40.54,-74.18,0,81,other,0.1111111111111111,1.0726919002061692,other,0.8743,True,0.8743,0.1126,0.0131,1.3,NYC,high
40.54,-74.18,1,45,property,0.1111111111111111,0.9247016885929649,other,0.8714,False,0.8714,0.1157,0.0129,1.3,NYC,high
40.54,-74.18,2,72,other,0.05555555555555555,1.0263306332944864,other,0.8759,True,0.8759,0.1111,0.0129,1.3,NYC,high
40.54,-74.18,3,99,other,0.3838383838383838,0.9402891980521186,other,0.8772,True,0.8772,0.1099,0.0129,1.3,NYC,high
40.54,-74.17,0,57,property,0.0,1.0198652142779299,other,0.8752,False,0.8752,0.1118,0.013,1.3,NYC,high
40.54,-74.17,1,51,other,0.3137254901960784,0.8902266931607339,other,0.8651,True,0.8651,0.1212,0.0137,1.4,NYC,high
40.54,-74.17,2,103,other,0.24271844660194175,0.9819647399185252,other,0.8736,True,0.8736,0.1132,0.0132,1.3,NYC,high
40.54,-74.17,3,85,other,0.17647058823529413,1.0643556082398478,other,0.8694,True,0.8694,0.1165,0.0141,1.4,NYC,high
40.54,-74.16,0,60,property,0.35,0.9012320061044341,other,0.8696,False,0.8696,0.1174,0.013,1.3,NYC,high
40.54,-74.16,1,57,property,0.0,1.0499007075973052,property,0.636,True,0.3498,0.636,0.0143,1.4,NYC,medium
40.54,-74.16,2,131,property,0.05343511450381679,1.0129528344396899,other,0.5188,False,0.5188,0.4658,0.0154,1.5,NYC,uncertain
40.54,-74.16,3,95,property,0.11578947368421053,0.7737987604191647,other,0.873,False,0.873,0.1136,0.0133,1.3,NYC,high
40.54,-74.15,0,60,other,0.21666666666666667,0.9839627173924408,other,0.8765,True,0.8765,0.1105,0.013,1.3,NYC,high
40.54,-74.15,1,106,other,0.009433962264150943,0.8505009138996293,other,0.873,True,0.873,0.114,0.013,1.3,NYC,high
40.54,-74.15,2,184,other,0.08152173913043478,0.8510474061307907,other,0.8724,True,0.8724,0.1146,0.0131,1.3,NYC,high
40.54,-74.15,3,126,other,0.023809523809523808,0.9533187208683177,other,0.8744,True,0.8744,0.1125,0.0131,1.3,NYC,high
40.54,-74.14,0,11,other,0.2727272727272727,0.9949236325717752,other,0.8713,True,0.8713,0.1154,0.0133,1.3,NYC,high
40.54,-74.14,1,21,other,0.5238095238095238,0.5488744056593857,other,0.5406,True,0.5406,0.4435,0.016,1.6,NYC,uncertain
40.54,-74.14,2,36,property,0.05555555555555555,1.0263306332944864,other,0.8723,False,0.8723,0.1146,0.0131,1.3,NYC,high
40.54,-74.14,3,39,other,0.15384615384615385,1.0579054247036734,other,0.8738,True,0.8738,0.1128,0.0133,1.3,NYC,high
40.550000000000004,-74.23,0,7,other,0.2857142857142857,0.9556998911125343,other,0.7214,True,0.7214,0.1828,0.0958,9.6,NYC,medium
40.550000000000004,-74.23,1,27,property,0.5185185185185185,0.8037121611029514,property,0.7466,True,0.2395,0.7466,0.0138,1.4,NYC,medium
40.550000000000004,-74.23,2,49,property,0.6530612244897959,0.6872076359240655,property,0.6716,True,0.3136,0.6716,0.0148,1.5,NYC,medium
40.550000000000004,-74.23,3,9,property,0.4444444444444444,0.848685557726417,other,0.842,False,0.842,0.1429,0.015,1.5,NYC,high
40.550000000000004,-74.22,0,43,other,0.023255813953488372,0.8487370686146881,other,0.8701,True,0.8701,0.1159,0.0139,1.4,NYC,high
40.550000000000004,-74.22,1,56,other,0.03571428571428571,1.003498209993825,other,0.8664,True,0.8664,0.1201,0.0135,1.3,NYC,high
40.550000000000004,-74.22,2,85,other,0.15294117647058825,0.9886935362298004,other,0.8749,True,0.8749,0.1121,0.013,1.3,NYC,high
40.550000000000004,-74.22,3,85,other,0.49411764705882355,0.8397811133337177,other,0.8742,True,0.8742,0.1125,0.0133,1.3,NYC,high
40.550000000000004,-74.21000000000001,0,52,other,0.038461538461538464,0.9102160256476769,other,0.8745,True,0.8745,0.1124,0.0131,1.3,NYC,high
40.550000000000004,-74.21000000000001,1,42,other,0.09523809523809523,0.8468143807325634,other,0.8755,True,0.8755,0.1117,0.0128,1.3,NYC,high
40.550000000000004,-74.21000000000001,2,113,other,0.21238938053097345,0.9196600314335366,other,0.8718,True,0.8718,0.1149,0.0134,1.3,NYC,high
40.550000000000004,-74.21000000000001,3,89,other,0.24719101123595505,1.0241966307320114,other,0.8754,True,0.8754,0.1115,0.0131,1.3,NYC,high
40.550000000000004,-74.2,0,49,other,0.04081632653061224,0.951034018095671,other,0.8752,True,0.8752,0.1117,0.0131,1.3,NYC,high
40.550000000000004,-74.2,1,51,other,0.0392156862745098,0.9970666287645312,other,0.875,True,0.875,0.112,0.013,1.3,NYC,high
40.550000000000004,-74.2,2,100,other,0.26,0.9108192416758512,other,0.8753,True,0.8753,0.1117,0.013,1.3,NYC,high
40.550000000000004,-74.2,3,85,other,0.4235294117647059,0.9225235943285367,other,0.8748,True,0.8748,0.1119,0.0132,1.3,NYC,high
40.550000000000004,-74.19,0,66,property,0.015151515151515152,0.9968013094424948,other,0.8748,False,0.8748,0.112,0.0132,1.3,NYC,high
40.550000000000004,-74.19,1,71,other,0.2535211267605634,0.8640516311480385,other,0.8703,True,0.8703,0.1163,0.0134,1.3,NYC,high
40.550000000000004,-74.19,2,132,other,0.12121212121212122,0.9700762953061597,other,0.8735,True,0.8735,0.1135,0.013,1.3,NYC,high
40.550000000000004,-74.19,3,100,other,0.24,1.0393206641049262,other,0.8747,True,0.8747,0.1121,0.0132,1.3,NYC,high
40.550000000000004,-74.18,0,81,other,0.024691358024691357,1.022026027172151,other,0.874,True,0.874,0.1129,0.0131,1.3,NYC,high
40.550000000000004,-74.18,1,65,property,0.1076923076923077,1.0574439520786476,other,0.8459,False,0.8459,0.1403,0.0138,1.4,NYC,high
40.550000000000004,-74.18,2,76,other,0.27631578947368424,0.8486729531498325,other,0.8725,True,0.8725,0.1145,0.013,1.3,NYC,high
40.550000000000004,-74.18,3,78,other,0.19230769230769232,1.005793244211868,other,0.8684,True,0.8684,0.1176,0.0141,1.4,NYC,high
40.550000000000004,-74.17,0,62,other,0.08064516129032258,1.0029425754646977,other,0.874,True,0.874,0.113,0.013,1.3,NYC,high
40.550000000000004,-74.17,1,101,other,0.3465346534653465,0.8790307645886584,other,0.8693,True,0.8693,0.1177,0.013,1.3,NYC,high
40.550000000000004,-74.17,2,179,other,0.0670391061452514,0.9850118469672087,other,0.8719,True,0.8719,0.1149,0.0132,1.3,NYC,high
40.550000000000004,-74.17,3,121,other,0.2644628099173554,1.003755099001859,other,0.8747,True,0.8747,0.1122,0.0131,1.3,NYC,high
40.550000000000004,-74.16,0,65,property,0.015384615384615385,1.0647071433590651,other,0.8728,False,0.8728,0.114,0.0131,1.3,NYC,high
40.550000000000004,-74.16,1,69,other,0.2753623188405797,0.7646689500422772,other,0.8647,True,0.8647,0.1221,0.0132,1.3,NYC,high
40.550000000000004,-74.16,2,119,other,0.08403361344537816,0.9583866462016886,other,0.8732,True,0.8732,0.1138,0.013,1.3,NYC,high
40.550000000000004,-74.16,3,111,other,0.2702702702702703,0.952566324667347,other,0.874,True,0.874,0.1129,0.0131,1.3,NYC,high
40.550000000000004,-74.15,0,54,other,0.09259259259259259,0.9327299925240831,other,0.8759,True,0.8759,0.111,0.0131,1.3,NYC,high
40.550000000000004,-74.15,1,104,other,0.4230769230769231,0.8103456177427923,other,0.8767,True,0.8767,0.1106,0.0127,1.3,NYC,high
40.550000000000004,-74.15,2,120,other,0.16666666666666666,0.9954379753522161,other,0.8764,True,0.8764,0.1109,0.0127,1.3,NYC,high
40.550000000000004,-74.15,3,110,other,0.3090909090909091,0.9301569249117838,other,0.8771,True,0.8771,0.11,0.0129,1.3,NYC,high
40.550000000000004,-74.14,0,49,property,0.0,0.9519619815813123,other,0.8747,False,0.8747,0.1123,0.0131,1.3,NYC,high
40.550000000000004,-74.14,1,55,other,0.21818181818181817,0.8416235265656455,other,0.8645,True,0.8645,0.1218,0.0138,1.4,NYC,high
40.550000000000004,-74.14,2,110,property,0.00909090909090909,0.9195778318253809,other,0.8606,False,0.8606,0.1257,0.0137,1.4,NYC,high
40.550000000000004,-74.14,3,89,other,0.1348314606741573,1.0371456701060522,other,0.877,True,0.877,0.1103,0.0128,1.3,NYC,high
40.550000000000004,-74.13,0,10,property,0.4,0.9502705392332347,other,0.8707,False,0.8707,0.1155,0.0137,1.4,NYC,high
40.550000000000004,-74.13,1,11,other,0.5454545454545454,0.7595473914748635,other,0.8703,True,0.8703,0.1163,0.0134,1.3,NYC,high
40.550000000000004,-74.13,2,18,other,0.1111111111111111,0.6869615976336276,other,0.8639,True,0.8639,0.1216,0.0145,1.4,NYC,high
40.550000000000004,-74.13,3,16,other,0.5,0.5623351657797391,other,0.8721,True,0.8721,0.1143,0.0136,1.4,NYC,high
40.550000000000004,-74.12,2,5,property,0.2,0.6730116880595106,other,0.8675,False,0.8675,0.1188,0.0138,1.4,NYC,high
40.56,-74.21000000000001,0,7,other,0.42857142857142855,0.5982696097102536,other,0.8711,True,0.8711,0.1151,0.0137,1.4,NYC,high
40.56,-74.21000000000001,1,8,other,0.125,0.9743147528693494,other,0.8712,True,0.8712,0.1152,0.0136,1.4,NYC,high
40.56,-74.21000000000001,2,16,property,0.125,0.9743147528693494,other,0.7588,False,0.7588,0.225,0.0162,1.6,NYC,medium
40.56,-74.21000000000001,3,8,other,0.625,0.7356219397587946,other,0.8583,True,0.8583,0.127,0.0147,1.5,NYC,high
40.56,-74.2,0,39,other,0.48717948717948717,0.866576060301081,other,0.8737,True,0.8737,0.1131,0.0133,1.3,NYC,high
40.56,-74.2,1,45,property,0.15555555555555556,0.8314428981046336,other,0.8683,False,0.8683,0.1187,0.013,1.3,NYC,high
40.56,-74.2,2,51,other,0.17647058823529413,0.9560443809671457,other,0.8767,True,0.8767,0.1104,0.0128,1.3,NYC,high
40.56,-74.2,3,51,other,0.29411764705882354,0.9664547696329522,other,0.8743,True,0.8743,0.1125,0.0132,1.3,NYC,high
40.56,-74.19,0,10,other,0.8,0.3250829947896311,other,0.8735,True,0.8735,0.1132,0.0133,1.3,NYC,high
40.56,-74.19,1,21,property,0.0,0.8515842539195699,other,0.8735,False,0.8735,0.1136,0.013,1.3,NYC,high
40.56,-74.19,2,41,property,0.024390243902439025,0.9448840254659444,other,0.8734,False,0.8734,0.1135,0.0131,1.3,NYC,high
40.56,-74.19,3,23,other,0.5217391304347826,0.8223449173934805,other,0.8754,True,0.8754,0.1115,0.0131,1.3,NYC,high
40.56,-74.18,0,66,property,0.0,0.9784624621377258,other,0.875,False,0.875,0.1121,0.0129,1.3,NYC,high
40.56,-74.18,1,72,other,0.2222222222222222,0.8950146305167501,other,0.869,True,0.869,0.1178,0.0132,1.3,NYC,high
40.56,-74.18,2,146,other,0.0410958904109589,0.9618924067726691,other,0.8693,True,0.8693,0.1171,0.0136,1.4,NYC,high
40.56,-74.18,3,109,other,0.2018348623853211,0.9935888797735977,other,0.8753,True,0.8753,0.1116,0.0131,1.3,NYC,high
40.56,-74.17,0,73,other,0.3013698630136986,0.8914368533446427,other,0.8746,True,0.8746,0.1124,0.013,1.3,NYC,high
40.56,-74.17,1,89,other,0.1797752808988764,0.9324990819883647,other,0.8706,True,0.8706,0.1164,0.013,1.3,NYC,high
40.56,-74.17,2,157,property,0.03184713375796178,0.9313988733168872,other,0.8721,False,0.8721,0.1146,0.0133,1.3,NYC,high
40.56,-74.17,3,126,other,0.2222222222222222,0.990980675448853,other,0.8734,True,0.8734,0.1133,0.0133,1.3,NYC,high
40.56,-74.16,0,47,property,0.3617021276595745,0.7695795099063767,other,0.877,False,0.877,0.1101,0.0129,1.3,NYC,high
40.56,-74.16,1,85,other,0.07058823529411765,0.9858479152869164,other,0.8713,True,0.8713,0.1159,0.0128,1.3,NYC,high
40.56,-74.16,2,144,other,0.0763888888888889,0.9883911688627577,other,0.872,True,0.872,0.1148,0.0133,1.3,NYC,high
40.56,-74.16,3,131,other,0.13740458015267176,1.0702689086618873,other,0.8748,True,0.8748,0.112,0.0132,1.3,NYC,high
40.56,-74.15,0,37,property,0.05405405405405406,0.7971620355329261,other,0.8713,False,0.8713,0.115,0.0136,1.4,NYC,high
40.56,-74.15,1,55,other,0.07272727272727272,0.7687245544813297,other,0.8702,True,0.8702,0.1167,0.0131,1.3,NYC,high
40.56,-74.15,2,113,other,0.2920353982300885,0.8832324467296395,other,0.8686,True,0.8686,0.1174,0.0139,1.4,NYC,high
40.56,-74.15,3,84,other,0.25,0.887694275799104,other,0.8747,True,0.8747,0.1121,0.0132,1.3,NYC,high
40.56,-74.14,0,33,property,0.06060606060606061,1.0605362446344555,other,0.8754,False,0.8754,0.1116,0.0131,1.3,NYC,high
40.56,-74.14,1,69,other,0.37681159420289856,0.8240870523364296,other,0.8713,True,0.8713,0.1152,0.0134,1.3,NYC,high
40.56,-74.14,2,100,other,0.27,0.9218087264729521,other,0.8735,True,0.8735,0.1134,0.0131,1.3,NYC,high
40.56,-74.14,3,76,other,0.40789473684210525,0.9049554011637453,other,0.8709,True,0.8709,0.1153,0.0138,1.4,NYC,high
40.56,-74.13,0,63,property,0.09523809523809523,0.9104164971800996,other,0.8759,False,0.8759,0.1111,0.013,1.3,NYC,high
40.56,-74.13,1,135,other,0.4148148148148148,0.796382789985179,other,0.8232,True,0.8232,0.1626,0.0142,1.4,NYC,high
40.56,-74.13,2,118,other,0.1440677966101695,0.8660505087133009,other,0.875,True,0.875,0.1121,0.0128,1.3,NYC,high
40.56,-74.13,3,70,other,0.12857142857142856,1.0536285438708612,other,0.8737,True,0.8737,0.1128,0.0135,1.3,NYC,high
40.56,-74.12,0,52,other,0.057692307692307696,0.871960760486556,other,0.8742,True,0.8742,0.1127,0.0131,1.3,NYC,high
40.56,-74.12,1,126,property,0.16666666666666666,0.9597916051265444,property,0.5105,True,0.4743,0.5105,0.0152,1.5,NYC,uncertain
40.56,-74.12,2,216,property,0.3101851851851852,0.915694946308441,other,0.8159,False,0.8159,0.1695,0.0145,1.5,NYC,high
40.56,-74.12,3,171,property,0.0935672514619883,0.9897070757086055,other,0.8766,False,0.8766,0.1105,0.013,1.3,NYC,high
40.56,-74.11,0,66,other,0.25757575757575757,1.027811746534936,other,0.8771,True,0.8771,0.1099,0.0129,1.3,NYC,high
40.56,-74.11,1,106,other,0.2358490566037736,0.9231116989588823,other,0.8732,True,0.8732,0.114,0.0127,1.3,NYC,high
40.56,-74.11,2,245,other,0.024489795918367346,1.0423853013931148,other,0.8762,True,0.8762,0.1109,0.0129,1.3,NYC,high
40.56,-74.11,3,202,other,0.3811881188118812,0.9619594083762043,other,0.8763,True,0.8763,0.1108,0.0129,1.3,NYC,high
40.56,-74.10000000000001,0,17,property,0.11764705882352941,0.868719682914265,other,0.8678,False,0.8678,0.1178,0.0144,1.4,NYC,high
40.56,-74.10000000000001,1,57,other,0.3157894736842105,0.8737705912862053,other,0.8753,True,0.8753,0.1118,0.0128,1.3,NYC,high
40.56,-74.10000000000001,2,78,other,0.2948717948717949,0.9206973856524789,other,0.8767,True,0.8767,0.1105,0.0128,1.3,NYC,high
40.56,-74.10000000000001,3,45,other,0.35555555555555557,0.973076220558654,other,0.8739,True,0.8739,0.1127,0.0134,1.3,NYC,high
40.56,-73.92,0,8,property,0.5,0.5623351657797391,property,0.755,True,0.2317,0.755,0.0133,1.3,NYC,medium
40.56,-73.92,1,9,other,0.3333333333333333,0.6365141893815645,property,0.7607,False,0.2261,0.7607,0.0132,1.3,NYC,medium
40.56,-73.92,2,23,property,0.21739130434782608,0.9021825489048647,property,0.7624,True,0.2246,0.7624,0.013,1.3,NYC,medium
40.56,-73.92,3,9,other,0.4444444444444444,0.8486855577264172,other,0.5396,True,0.5396,0.4441,0.0164,1.6,NYC,uncertain
40.56,-73.91,0,6,other,0.3333333333333333,0.6365141893815645,property,0.7543,False,0.2325,0.7543,0.0133,1.3,NYC,medium
40.56,-73.91,1,12,property,0.6666666666666666,0.4505612301390093,property,0.7634,True,0.2237,0.7634,0.0129,1.3,NYC,medium
40.56,-73.91,2,20,property,0.25,0.8237197315118312,property,0.7647,True,0.2226,0.7647,0.0127,1.3,NYC,medium
40.56,-73.91,3,4,property,0.5,0.5623351657797391,other,0.8675,False,0.8675,0.1187,0.0138,1.4,NYC,high
40.57,-74.2,1,5,property,0.6,0.5004024447610513,property,0.7516,True,0.2348,0.7516,0.0136,1.4,NYC,medium
40.57,-74.18,0,5,violent,0.0,1.0549201679861442,other,0.8614,False,0.8614,0.1228,0.0158,1.6,NYC,high
40.57,-74.18,1,7,property,0.2857142857142857,0.9556998911125343,other,0.8647,False,0.8647,0.121,0.0143,1.4,NYC,high
40.57,-74.18,2,6,property,0.0,0.6931472015900639,other,0.8698,False,0.8698,0.1163,0.0139,1.4,NYC,high
40.57,-74.18,3,14,other,0.14285714285714285,0.992281974852574,other,0.8714,True,0.8714,0.1152,0.0134,1.3,NYC,high
40.57,-74.17,1,14,property,0.07142857142857142,0.8982053397041498,property,0.5309,True,0.4533,0.5309,0.0158,1.6,NYC,uncertain
40.57,-74.17,2,73,property,0.2191780821917808,0.915805723340599,property,0.7587,True,0.2282,0.7587,0.013,1.3,NYC,medium
40.57,-74.17,3,14,property,0.35714285714285715,0.8304717124362917,property,0.7498,True,0.2364,0.7498,0.0138,1.4,NYC,medium
40.57,-74.15,0,9,property,0.0,0.9649629230074277,other,0.8717,False,0.8717,0.115,0.0133,1.3,NYC,high
40.57,-74.15,1,13,other,0.38461538461538464,0.6172417908363657,other,0.8715,True,0.8715,0.1153,0.0132,1.3,NYC,high
40.57,-74.15,2,28,other,0.6428571428571429,0.4692203696956443,other,0.8701,True,0.8701,0.1163,0.0135,1.4,NYC,high
40.57,-74.15,3,22,other,0.45454545454545453,0.8158498651845185,other,0.8742,True,0.8742,0.1125,0.0133,1.3,NYC,high
40.57,-74.14,0,36,property,0.3888888888888889,0.6154983033836805,other,0.8669,False,0.8669,0.1198,0.0133,1.3,NYC,high
40.57,-74.14,1,34,other,0.14705882352941177,0.9185114024063005,other,0.6268,True,0.6268,0.3576,0.0157,1.6,NYC,medium
40.57,-74.14,2,60,property,0.13333333333333333,1.0174712090264326,other,0.8704,False,0.8704,0.1166,0.013,1.3,NYC,high
40.57,-74.14,3,41,other,0.07317073170731707,0.9422440236673553,other,0.8747,True,0.8747,0.1122,0.0131,1.3,NYC,high
40.57,-74.13,0,46,property,0.3695652173913043,0.8826055610709591,other,0.868,False,0.868,0.1188,0.0132,1.3,NYC,high
40.57,-74.13,1,108,other,0.4722222222222222,0.7262912545921578,other,0.8742,True,0.8742,0.1129,0.0129,1.3,NYC,high
40.57,-74.13,2,112,other,0.13392857142857142,0.9837050995756471,other,0.8707,True,0.8707,0.1158,0.0134,1.3,NYC,high
40.57,-74.13,3,65,other,0.2153846153846154,0.9721230461979857,other,0.8775,True,0.8775,0.1095,0.0129,1.3,NYC,high
40.57,-74.12,0,59,other,0.11864406779661017,1.0222400132779559,other,0.8781,True,0.8781,0.1092,0.0127,1.3,NYC,high
40.57,-74.12,1,127,other,0.4330708661417323,0.8083341593185782,other,0.8744,True,0.8744,0.1127,0.0129,1.3,NYC,high
40.57,-74.12,2,183,other,0.3825136612021858,0.8190790432662691,other,0.8723,True,0.8723,0.1144,0.0133,1.3,NYC,high
40.57,-74.12,3,145,other,0.23448275862068965,0.9738291660291885,other,0.8765,True,0.8765,0.1106,0.0129,1.3,NYC,high
40.57,-74.11,0,174,other,0.28735632183908044,1.0125516675612034,other,0.8732,True,0.8732,0.1136,0.0132,1.3,NYC,high
40.57,-74.11,1,391,other,0.23017902813299232,0.946696248018886,other,0.8711,True,0.8711,0.1158,0.013,1.3,NYC,high
40.57,-74.11,2,785,property,0.03821656050955414,1.0017835600480152,other,0.8265,False,0.8265,0.1594,0.0141,1.4,NYC,high
40.57,-74.11,3,496,other,0.016129032258064516,1.0108888639215254,other,0.8759,True,0.8759,0.1111,0.013,1.3,NYC,high
40.57,-74.10000000000001,0,54,property,0.07407407407407407,0.9618729210492779,other,0.877,False,0.877,0.11,0.013,1.3,NYC,high
40.57,-74.10000000000001,1,69,other,0.08695652173913043,0.9855939523286115,other,0.873,True,0.873,0.114,0.013,1.3,NYC,high
40.57,-74.10000000000001,2,86,other,0.13953488372093023,0.9609316716961218,other,0.8741,True,0.8741,0.1128,0.0131,1.3,NYC,high
40.57,-74.10000000000001,3,87,other,0.16091954022988506,0.9959701072836857,other,0.8759,True,0.8759,0.1112,0.0129,1.3,NYC,high
40.57,-74.09,0,58,other,0.27586206896551724,0.9864633661435193,other,0.8748,True,0.8748,0.1122,0.0131,1.3,NYC,high
40.57,-74.09,1,69,other,0.2898550724637681,0.9703370436697137,other,0.874,True,0.874,0.1131,0.0129,1.3,NYC,high
40.57,-74.09,2,130,other,0.2692307692307692,0.947962543185425,other,0.8739,True,0.8739,0.113,0.013,1.3,NYC,high
40.57,-74.09,3,140,other,0.22857142857142856,1.0118531088431064,other,0.8755,True,0.8755,0.1114,0.0131,1.3,NYC,high
40.57,-74.01,0,4,other,0.5,0.5623351657797391,property,0.7516,False,0.235,0.7516,0.0133,1.3,NYC,medium
40.57,-74.01,1,9,other,0.6666666666666666,0.6837389058487535,property,0.7503,False,0.2361,0.7503,0.0137,1.4,NYC,medium
40.57,-74.01,2,13,other,0.5384615384615384,0.8305178252872478,property,0.751,False,0.2351,0.751,0.0138,1.4,NYC,medium
40.57,-74.01,3,17,violent,0.29411764705882354,0.923840705630872,other,0.849,False,0.849,0.1362,0.0148,1.5,NYC,high
40.57,-74.0,0,193,other,0.18134715025906736,1.0449722021543852,other,0.8516,True,0.8516,0.1282,0.0202,2.0,NYC,high
40.57,-74.0,1,264,other,0.23863636363636365,1.0392040638990494,other,0.8729,True,0.8729,0.1142,0.0129,1.3,NYC,high
40.57,-74.0,2,472,other,0.2245762711864407,1.0448153974087702,other,0.8707,True,0.8707,0.1155,0.0137,1.4,NYC,high
40.57,-74.0,3,434,other,0.20967741935483872,1.0331886329778257,other,0.8024,True,0.8024,0.1566,0.041,4.1,NYC,high
40.57,-73.99,0,216,other,0.1111111111111111,0.9926296125690162,other,0.8215,True,0.8215,0.1452,0.0334,3.3,NYC,high
40.57,-73.99,1,338,other,0.2781065088757396,1.0163351471271589,other,0.8716,True,0.8716,0.1152,0.0131,1.3,NYC,high
40.57,-73.99,2,516,other,0.21705426356589147,1.026110239104531,other,0.8714,True,0.8714,0.1153,0.0133,1.3,NYC,high
40.57,-73.99,3,470,other,0.17446808510638298,0.9740691283471765,other,0.8472,True,0.8472,0.1318,0.0211,2.1,NYC,high
40.57,-73.98,0,12,violent,0.25,0.887694275799104,other,0.5474,False,0.5474,0.212,0.2407,24.1,NYC,uncertain
40.57,-73.98,1,4,violent,0.25,1.0397207708399179,property,0.7556,False,0.2311,0.7556,0.0133,1.3,NYC,medium
40.57,-73.98,2,15,violent,0.2,1.0606018056124555,property,0.7538,False,0.2326,0.7538,0.0136,1.4,NYC,medium
40.57,-73.98,3,49,violent,0.4489795918367347,0.9121540587005964,violent,0.4875,True,0.3462,0.1663,0.4875,48.8,NYC,uncertain
40.57,-73.97,0,4,violent,0.0,0.6931472015900639,other,0.8673,False,0.8673,0.1192,0.0135,1.4,NYC,high
40.57,-73.97,2,11,violent,0.0,0.9347698978582792,property,0.7561,False,0.2304,0.7561,0.0135,1.4,NYC,medium
40.57,-73.97,3,9,violent,0.1111111111111111,1.0608569471580214,other,0.8625,False,0.8625,0.123,0.0145,1.5,NYC,high
40.57,-73.96000000000001,3,3,other,0.3333333333333333,0.6365141893815645,other,0.8647,True,0.8647,0.1215,0.0138,1.4,NYC,high
40.57,-73.89,0,3,other,0.3333333333333333,0.6365141893815645,property,0.7495,False,0.237,0.7495,0.0135,1.3,NYC,medium
40.57,-73.89,1,5,property,1.0,4.3446531758480495e-08,property,0.7603,True,0.2268,0.7603,0.013,1.3,NYC,medium
40.57,-73.89,2,16,other,0.0625,1.0433534269422904,property,0.5353,False,0.4495,0.5353,0.0152,1.5,NYC,uncertain
40.57,-73.89,3,7,other,0.42857142857142855,0.5982696097102536,other,0.8705,True,0.8705,0.1159,0.0136,1.4,NYC,high
40.57,-73.88,3,4,other,1.0,4.34465315364359e-08,other,0.8635,True,0.8635,0.1223,0.0143,1.4,NYC,high
40.57,-73.87,1,4,property,0.5,0.5623351657797391,other,0.869,False,0.869,0.1179,0.0131,1.3,NYC,high
40.57,-73.87,2,3,property,0.3333333333333333,0.6365141893815645,property,0.7546,True,0.2323,0.7546,0.0132,1.3,NYC,medium
40.57,-73.87,3,7,other,0.14285714285714285,0.6829081257408294,other,0.8116,True,0.8116,0.1727,0.0157,1.6,NYC,high
40.57,-73.86,0,17,property,0.47058823529411764,0.7529746827658885,property,0.6393,True,0.3464,0.6393,0.0143,1.4,NYC,medium
40.57,-73.86,1,27,property,0.3333333333333333,0.8444867347630605,property,0.7621,True,0.2252,0.7621,0.0127,1.3,NYC,medium
40.57,-73.86,2,48,property,0.2916666666666667,0.792375274099119,property,0.7349,True,0.2523,0.7349,0.0128,1.3,NYC,medium
40.57,-73.86,3,30,other,0.06666666666666667,0.990835386443849,other,0.5183,True,0.5183,0.4659,0.0158,1.6,NYC,uncertain
40.57,-73.85000000000001,0,15,property,0.2,0.9701157839869381,other,0.8566,False,0.8566,0.128,0.0154,1.5,NYC,high
40.57,-73.85000000000001,1,12,violent,0.08333333333333333,1.0775563270668007,property,0.765,False,0.2224,0.765,0.0126,1.3,NYC,medium
40.57,-73.85000000000001,2,19,property,0.0,0.8628578006373905,property,0.7658,True,0.2216,0.7658,0.0126,1.3,NYC,medium
40.57,-73.85000000000001,3,15,violent,0.0,1.0986122886681096,property,0.6002,False,0.3851,0.6002,0.0147,1.5,NYC,medium
40.57,-73.84,1,3,other,0.3333333333333333,0.6365141893815645,other,0.8653,True,0.8653,0.1213,0.0134,1.3,NYC,high
40.58,-74.2,1,6,property,1.0,4.3446531758480495e-08,property,0.756,True,0.2307,0.756,0.0133,1.3,NYC,medium
40.58,-74.17,0,34,other,0.3235294117647059,0.9458647531668585,property,0.7488,False,0.2375,0.7488,0.0137,1.4,NYC,medium
40.58,-74.17,1,185,property,0.5783783783783784,0.628766523851541,property,0.7604,True,0.2267,0.7604,0.0128,1.3,NYC,medium
40.58,-74.17,2,883,property,0.5345413363533409,0.7516131999953156,property,0.7587,True,0.2283,0.7587,0.013,1.3,NYC,medium
40.58,-74.17,3,444,property,0.38963963963963966,0.8572443281646416,property,0.7564,True,0.2305,0.7564,0.0131,1.3,NYC,medium
40.58,-74.16,0,42,other,0.23809523809523808,1.0391536629758822,other,0.8726,True,0.8726,0.1143,0.0132,1.3,NYC,high
40.58,-74.16,1,109,other,0.1926605504587156,0.8483263829351929,other,0.7863,True,0.7863,0.1992,0.0145,1.4,NYC,medium
40.58,-74.16,2,246,property,0.21951219512195122,0.9412105236531858,property,0.7608,True,0.2264,0.7608,0.0128,1.3,NYC,medium
40.58,-74.16,3,117,other,0.21367521367521367,1.0390888567751517,other,0.5233,True,0.5233,0.4611,0.0155,1.6,NYC,uncertain
40.58,-74.15,0,18,other,0.2222222222222222,0.9368883075390159,other,0.873,True,0.873,0.1138,0.0132,1.3,NYC,high
40.58,-74.15,1,23,other,0.21739130434782608,0.9021825489048646,other,0.8747,True,0.8747,0.1123,0.013,1.3,NYC,high
40.58,-74.15,2,30,other,0.4666666666666667,0.8608513906312316,other,0.8707,True,0.8707,0.1158,0.0135,1.3,NYC,high
40.58,-74.15,3,25,other,0.28,0.9743417807689858,other,0.8734,True,0.8734,0.1134,0.0132,1.3,NYC,high
40.58,-74.14,0,4,property,0.0,0.6931472015900639,property,0.744,True,0.2422,0.744,0.0138,1.4,NYC,medium
40.58,-74.14,1,5,property,0.6,0.5004024447610513,property,0.7375,True,0.2481,0.7375,0.0144,1.4,NYC,medium
40.58,-74.14,2,10,property,0.0,1.0549201679861442,other,0.8672,False,0.8672,0.1194,0.0134,1.3,NYC,high
40.58,-74.14,3,7,property,0.14285714285714285,1.0789922078775833,other,0.6512,False,0.6512,0.332,0.0167,1.7,NYC,medium
40.58,-74.13,0,21,property,0.2857142857142857,0.9556998911125343,other,0.8674,False,0.8674,0.1186,0.014,1.4,NYC,high
40.58,-74.13,1,27,other,0.07407407407407407,0.9618729210492778,other,0.8681,True,0.8681,0.1186,0.0132,1.3,NYC,high
40.58,-74.13,2,36,other,0.08333333333333333,0.7972478229005859,other,0.8692,True,0.8692,0.1175,0.0133,1.3,NYC,high
40.58,-74.13,3,19,other,0.21052631578947367,0.9932682101499608,other,0.8723,True,0.8723,0.1145,0.0133,1.3,NYC,high
40.58,-74.12,0,33,property,0.24242424242424243,0.9020522441650023,other,0.8734,False,0.8734,0.1134,0.0131,1.3,NYC,high
40.58,-74.12,1,29,property,0.10344827586206896,1.052787230251689,other,0.865,False,0.865,0.121,0.014,1.4,NYC,high
40.58,-74.12,2,45,property,0.044444444444444446,1.053684964233786,other,0.8751,False,0.8751,0.112,0.0129,1.3,NYC,high
40.58,-74.12,3,50,other,0.36,0.9709374454215406,other,0.8756,True,0.8756,0.1114,0.0129,1.3,NYC,high
40.58,-74.11,0,62,property,0.04838709677419355,0.9661108350200355,other,0.8769,False,0.8769,0.1103,0.0129,1.3,NYC,high
40.58,-74.11,1,92,other,0.20652173913043478,0.9217703449342812,other,0.868,True,0.868,0.1191,0.0129,1.3,NYC,high
40.58,-74.11,2,163,other,0.12269938650306748,0.9468429305077448,other,0.8731,True,0.8731,0.1138,0.0131,1.3,NYC,high
40.58,-74.11,3,124,other,0.12903225806451613,1.0131875083727033,other,0.8757,True,0.8757,0.1114,0.0128,1.3,NYC,high
40.58,-74.10000000000001,0,62,property,0.11290322580645161,1.0298543682019823,other,0.8755,False,0.8755,0.1115,0.0129,1.3,NYC,high
40.58,-74.10000000000001,1,115,other,0.2,0.9062293196690233,other,0.8749,True,0.8749,0.1123,0.0128,1.3,NYC,high
40.58,-74.10000000000001,2,192,other,0.13020833333333334,0.9918674187589096,other,0.8775,True,0.8775,0.1099,0.0126,1.3,NYC,high
40.58,-74.10000000000001,3,144,other,0.3194444444444444,0.953008999948751,other,0.8784,True,0.8784,0.1089,0.0127,1.3,NYC,high
40.58,-74.09,0,72,other,0.18055555555555555,0.995359137113707,other,0.8772,True,0.8772,0.1099,0.0129,1.3,NYC,high
40.58,-74.09,1,102,other,0.27450980392156865,0.9303924963535555,other,0.872,True,0.872,0.1151,0.0128,1.3,NYC,high
40.58,-74.09,2,168,other,0.25595238095238093,0.9137453467946005,other,0.8752,True,0.8752,0.1119,0.0129,1.3,NYC,high
40.58,-74.09,3,125,other,0.176,1.0536717290792492,other,0.8785,True,0.8785,0.1087,0.0127,1.3,NYC,high
40.58,-74.08,0,6,other,0.16666666666666666,1.0114042647073518,other,0.8727,True,0.8727,0.1139,0.0134,1.3,NYC,high
40.58,-74.08,1,19,other,0.42105263157894735,0.7659373365785205,other,0.5017,True,0.5017,0.2052,0.2931,29.3,NYC,uncertain
40.58,-74.08,2,45,other,0.2,1.0133580027831477,other,0.7949,True,0.7949,0.183,0.0222,2.2,NYC,medium
40.58,-74.08,3,40,other,0.2,0.8357940955133492,other,0.8698,True,0.8698,0.1156,0.0146,1.5,NYC,high
40.58,-74.07000000000001,0,8,other,0.375,0.9002560512685369,other,0.7805,True,0.7805,0.201,0.0185,1.8,NYC,medium
40.58,-74.07000000000001,1,7,other,0.5714285714285714,0.796311640173813,other,0.6958,True,0.6958,0.2875,0.0167,1.7,NYC,medium
40.58,-74.07000000000001,2,15,other,0.6666666666666666,0.6277052571971504,other,0.8379,True,0.8379,0.1479,0.0141,1.4,NYC,high
40.58,-74.07000000000001,3,23,property,0.043478260869565216,1.0334920606923674,other,0.8662,False,0.8662,0.1193,0.0145,1.5,NYC,high
40.58,-74.01,0,26,other,0.15384615384615385,1.0579054247036734,property,0.6186,False,0.362,0.6186,0.0194,1.9,NYC,medium
40.58,-74.01,1,39,other,0.10256410256410256,0.9811954106715435,property,0.7382,False,0.249,0.7382,0.0128,1.3,NYC,medium
40.58,-74.01,2,44,other,0.29545454545454547,0.9680044870421654,property,0.5702,False,0.413,0.5702,0.0168,1.7,NYC,medium
40.58,-74.01,3,46,other,0.21739130434782608,1.005692986132508,other,0.8747,True,0.8747,0.1124,0.0129,1.3,NYC,high
40.58,-74.0,0,288,other,0.2013888888888889,1.0521347639239322,other,0.8684,True,0.8684,0.1173,0.0143,1.4,NYC,high
40.58,-74.0,1,469,other,0.006396588486140725,1.035410863062626,other,0.8709,True,0.8709,0.1158,0.0132,1.3,NYC,high
40.58,-74.0,2,770,other,0.08311688311688312,1.0635657684117188,other,0.8745,True,0.8745,0.1124,0.0131,1.3,NYC,high
40.58,-74.0,3,672,other,0.13392857142857142,1.0753778984258686,other,0.864,True,0.864,0.1198,0.0162,1.6,NYC,high
40.58,-73.99,0,355,other,0.2112676056338028,1.0413665364913747,other,0.6832,True,0.6832,0.1798,0.137,13.7,NYC,medium
40.58,-73.99,1,742,property,0.10512129380053908,1.066705702779254,property,0.6416,True,0.3437,0.6416,0.0147,1.5,NYC,medium
40.58,-73.99,2,1129,other,0.03720106288751107,1.0497722982120665,property,0.616,False,0.3683,0.616,0.0157,1.6,NYC,medium
40.58,-73.99,3,808,other,0.2784653465346535,1.017508954846391,other,0.8488,True,0.8488,0.1361,0.0151,1.5,NYC,high
40.58,-73.98,0,629,other,0.13513513513513514,1.0716037987026041,other,0.8721,True,0.8721,0.1147,0.0132,1.3,NYC,high
40.58,-73.98,1,709,other,0.22143864598025387,0.9904755978290666,other,0.7733,True,0.7733,0.2119,0.0148,1.5,NYC,medium
40.58,-73.98,2,1336,other,0.2118263473053892,1.0124078993825476,property,0.7602,False,0.2271,0.7602,0.0127,1.3,NYC,medium
40.58,-73.98,3,1194,other,0.2562814070351759,1.0292878572787632,other,0.7684,True,0.7684,0.214,0.0177,1.8,NYC,medium
40.58,-73.97,0,334,property,0.005988023952095809,1.0488651995978255,other,0.8659,False,0.8659,0.1209,0.0132,1.3,NYC,high
40.58,-73.97,1,514,property,0.04085603112840467,1.036295482598057,property,0.749,True,0.2386,0.749,0.0124,1.2,NYC,medium
40.58,-73.97,2,945,property,0.0031746031746031746,1.05115839456887,property,0.7183,True,0.2681,0.7183,0.0135,1.4,NYC,medium
40.58,-73.97,3,753,other,0.06374501992031872,1.043064544506609,property,0.6093,False,0.3752,0.6093,0.0155,1.5,NYC,medium
40.58,-73.96000000000001,0,608,other,0.03453947368421053,1.0953634578203941,other,0.8701,True,0.8701,0.1162,0.0136,1.4,NYC,high
40.58,-73.96000000000001,1,715,other,0.06993006993006994,1.0348208883142855,property,0.7235,False,0.2632,0.7235,0.0133,1.3,NYC,medium
40.58,-73.96000000000001,2,1229,other,0.04800650935720097,1.0659077925621767,property,0.6511,False,0.3332,0.6511,0.0157,1.6,NYC,medium
40.58,-73.96000000000001,3,1215,other,0.14238683127572016,1.0705175409899583,other,0.8485,True,0.8485,0.1367,0.0147,1.5,NYC,high
40.58,-73.95,0,171,property,0.1111111111111111,1.0804767949475909,other,0.8719,False,0.8719,0.1149,0.0132,1.3,NYC,high
40.58,-73.95,1,158,property,0.18354430379746836,0.9733299687625343,property,0.6619,True,0.3245,0.6619,0.0136,1.4,NYC,medium
40.58,-73.95,2,257,property,0.11673151750972763,1.0553264551912283,property,0.7653,True,0.2226,0.7653,0.0122,1.2,NYC,medium
40.58,-73.95,3,243,property,0.0823045267489712,1.070860708767135,property,0.7616,True,0.226,0.7616,0.0124,1.2,NYC,medium
40.58,-73.94,0,78,property,0.2564102564102564,1.0162877307549123,other,0.875,False,0.875,0.112,0.013,1.3,NYC,high
40.58,-73.94,1,68,other,0.07352941176470588,1.0452112534324354,property,0.7644,False,0.223,0.7644,0.0126,1.3,NYC,medium
40.58,-73.94,2,122,other,0.1721311475409836,1.0000609856198577,property,0.7541,False,0.2333,0.7541,0.0126,1.3,NYC,medium
40.58,-73.94,3,145,property,0.027586206896551724,1.0544444494267666,other,0.8395,False,0.8395,0.1465,0.0141,1.4,NYC,high
40.58,-73.93,0,22,property,0.13636363636363635,0.8367742263818623,other,0.8706,False,0.8706,0.1156,0.0138,1.4,NYC,high
40.58,-73.93,1,54,other,0.18518518518518517,1.022723432471441,property,0.7627,False,0.2246,0.7627,0.0128,1.3,NYC,medium
40.58,-73.93,2,72,other,0.1527777777777778,1.0008963216979019,property,0.7583,False,0.2288,0.7583,0.0129,1.3,NYC,medium
40.58,-73.93,3,55,property,0.0,1.0972730387364633,other,0.8671,False,0.8671,0.1191,0.0138,1.4,NYC,high
40.58,-73.92,1,5,other,1.0,4.34465315364359e-08,other,0.8691,True,0.8691,0.1178,0.0131,1.3,NYC,high
40.58,-73.89,0,3,other,0.3333333333333333,0.6365141893815645,other,0.8663,True,0.8663,0.1201,0.0135,1.4,NYC,high
40.58,-73.89,1,7,violent,0.14285714285714285,0.6829081257408294,other,0.8668,False,0.8668,0.1198,0.0135,1.3,NYC,high
40.58,-73.89,2,4,other,1.0,4.34465315364359e-08,property,0.7501,False,0.2363,0.7501,0.0136,1.4,NYC,medium
40.58,-73.89,3,4,other,1.0,4.34465315364359e-08,other,0.858,True,0.858,0.1268,0.0153,1.5,NYC,high
40.58,-73.88,3,3,violent,0.3333333333333333,0.6365141893815645,other,0.5025,False,0.5025,0.4729,0.0246,2.5,NYC,uncertain
40.58,-73.86,0,10,property,0.8,0.3250829947896311,property,0.7555,True,0.2314,0.7555,0.013,1.3,NYC,medium
40.58,-73.86,1,10,violent,0.0,1.0549201679861442,property,0.5389,False,0.4457,0.5389,0.0153,1.5,NYC,uncertain
40.58,-73.86,2,14,property,0.21428571428571427,0.8760057656431737,property,0.7621,True,0.2251,0.7621,0.0128,1.3,NYC,medium
40.58,-73.86,3,17,property,0.29411764705882354,0.6492483759449155,property,0.7621,True,0.2251,0.7621,0.0127,1.3,NYC,medium
40.58,-73.85000000000001,0,36,property,0.05555555555555555,1.066834855206893,property,0.7474,True,0.2397,0.7474,0.0129,1.3,NYC,medium
40.58,-73.85000000000001,1,39,property,0.1282051282051282,1.006082158074664,other,0.6237,False,0.6237,0.3606,0.0156,1.6,NYC,medium
40.58,-73.85000000000001,2,79,other,0.0759493670886076,0.96556374923639,property,0.729,False,0.2584,0.729,0.0126,1.3,NYC,medium
40.58,-73.85000000000001,3,68,other,0.08823529411764706,1.0320903704966868,other,0.8412,True,0.8412,0.1447,0.0141,1.4,NYC,high
40.58,-73.84,0,118,property,0.0423728813559322,1.0712198034443188,other,0.8657,False,0.8657,0.1191,0.0152,1.5,NYC,high
40.58,-73.84,1,299,other,0.13377926421404682,0.9873955015387577,other,0.7815,True,0.7815,0.2036,0.0149,1.5,NYC,medium
40.58,-73.84,2,388,property,0.041237113402061855,1.0302653969202162,property,0.6037,True,0.3815,0.6037,0.0149,1.5,NYC,medium
40.58,-73.84,3,256,other,0.01953125,1.0594001394315562,other,0.8609,True,0.8609,0.1253,0.0138,1.4,NYC,high
40.58,-73.83,0,114,other,0.3333333333333333,0.9666055998880954,other,0.8673,True,0.8673,0.1177,0.015,1.5,NYC,high
40.58,-73.83,1,272,property,0.20220588235294118,0.9136749436427956,other,0.6755,False,0.6755,0.3063,0.0182,1.8,NYC,medium
40.58,-73.83,2,390,property,0.2794871794871795,0.9047934025375464,other,0.8666,False,0.8666,0.1202,0.0132,1.3,NYC,high
40.58,-73.83,3,336,property,0.19047619047619047,1.011388397876683,other,0.8755,False,0.8755,0.1111,0.0134,1.3,NYC,high
40.58,-73.82000000000001,0,99,other,0.20202020202020202,1.0555599684760582,other,0.8612,True,0.8612,0.1217,0.0171,1.7,NYC,high
40.58,-73.82000000000001,1,134,other,0.3283582089552239,0.9906238436884598,other,0.8752,True,0.8752,0.112,0.0129,1.3,NYC,high
40.58,-73.82000000000001,2,204,other,0.13725490196078433,1.046968845956238,other,0.8718,True,0.8718,0.1148,0.0134,1.3,NYC,high
40.58,-73.82000000000001,3,191,other,0.2879581151832461,1.0179853634818703,other,0.8748,True,0.8748,0.1121,0.0131,1.3,NYC,high
40.58,-73.81,0,18,property,0.16666666666666666,1.0114042647073518,other,0.8702,False,0.8702,0.1158,0.014,1.4,NYC,high
40.58,-73.81,1,38,property,0.13157894736842105,0.9051852293680358,property,0.6886,True,0.2971,0.6886,0.0143,1.4,NYC,medium
40.58,-73.81,2,69,property,0.2463768115942029,0.8417163001377395,other,0.4977,False,0.4977,0.4864,0.0159,1.6,NYC,uncertain
40.58,-73.81,3,48,property,0.0,1.0604815913606995,other,0.8674,False,0.8674,0.1183,0.0143,1.4,NYC,high
40.59,-74.2,0,5,other,0.6,0.5004024447610513,other,0.7634,True,0.7634,0.1797,0.0569,5.7,NYC,medium
40.59,-74.2,1,7,other,0.42857142857142855,0.5982696097102536,property,0.6746,False,0.3113,0.6746,0.0142,1.4,NYC,medium
40.59,-74.2,2,5,other,0.6,0.5004024447610513,property,0.7555,False,0.2312,0.7555,0.0134,1.3,NYC,medium
40.59,-74.2,3,5,other,0.2,0.6730116880595106,other,0.8665,True,0.8665,0.1192,0.0143,1.4,NYC,high
40.59,-74.19,0,64,other,0.21875,1.0498260561123014,other,0.8738,True,0.8738,0.1131,0.0131,1.3,NYC,high
40.59,-74.19,1,75,other,0.14666666666666667,1.0318163799264624,other,0.509,True,0.509,0.4758,0.0152,1.5,NYC,uncertain
40.59,-74.19,2,113,other,0.18584070796460178,1.0161024247117287,property,0.5102,False,0.4743,0.5102,0.0155,1.5,NYC,uncertain
40.59,-74.19,3,104,other,0.25961538461538464,1.0132368350559544,other,0.8726,True,0.8726,0.1144,0.013,1.3,NYC,high
40.59,-74.18,0,4,property,0.25,1.0397207708399179,other,0.8659,False,0.8659,0.1202,0.014,1.4,NYC,high
40.59,-74.18,1,6,property,0.3333333333333333,0.6365141893815645,other,0.8667,False,0.8667,0.1192,0.0141,1.4,NYC,high
40.59,-74.18,2,9,property,0.0,0.9649629230074277,other,0.864,False,0.864,0.122,0.014,1.4,NYC,high
40.59,-74.18,3,6,other,0.6666666666666666,0.4505612301390093,other,0.8685,True,0.8685,0.1177,0.0137,1.4,NYC,high
40.59,-74.17,0,29,other,0.27586206896551724,0.9864633661435193,other,0.8742,True,0.8742,0.1127,0.0132,1.3,NYC,high
40.59,-74.17,1,96,property,0.14583333333333334,0.8263320137407713,property,0.5486,True,0.4365,0.5486,0.0149,1.5,NYC,uncertain
40.59,-74.17,2,204,property,0.3382352941176471,0.803855144761233,property,0.7616,True,0.2258,0.7616,0.0126,1.3,NYC,medium
40.59,-74.17,3,121,property,0.2396694214876033,0.9383340929881041,property,0.619,True,0.3666,0.619,0.0144,1.4,NYC,medium
40.59,-74.16,0,104,other,0.1346153846153846,1.0381310700006996,other,0.8749,True,0.8749,0.112,0.013,1.3,NYC,high
40.59,-74.16,1,210,other,0.08571428571428572,0.9651592926880177,other,0.8232,True,0.8232,0.1629,0.014,1.4,NYC,high
40.59,-74.16,2,527,property,0.40227703984819735,0.839998866105371,property,0.756,True,0.2309,0.756,0.0131,1.3,NYC,medium
40.59,-74.16,3,258,property,0.011627906976744186,1.0130102474249467,other,0.6471,False,0.6471,0.3373,0.0156,1.6,NYC,medium
40.59,-74.15,0,81,other,0.04938271604938271,0.9635904743936965,other,0.8751,True,0.8751,0.1118,0.0131,1.3,NYC,high
40.59,-74.15,1,86,other,0.046511627906976744,1.043299251462035,other,0.87,True,0.87,0.117,0.013,1.3,NYC,high
40.59,-74.15,2,138,other,0.2826086956521739,0.8951745192333502,other,0.8729,True,0.8729,0.1139,0.0131,1.3,NYC,high
40.59,-74.15,3,136,other,0.2867647058823529,0.9668000126145211,other,0.876,True,0.876,0.1112,0.0129,1.3,NYC,high
40.59,-74.14,0,13,other,0.15384615384615385,1.0579054247036734,other,0.8717,True,0.8717,0.1148,0.0136,1.4,NYC,high
40.59,-74.14,1,16,other,0.5,0.5623351657797391,other,0.8714,True,0.8714,0.1148,0.0138,1.4,NYC,high
40.59,-74.14,2,37,other,0.5405405405405406,0.7486259317926458,other,0.865,True,0.865,0.1203,0.0148,1.5,NYC,high
40.59,-74.14,3,24,other,0.20833333333333334,1.0327438135557083,other,0.8713,True,0.8713,0.1145,0.0142,1.4,NYC,high
40.59,-74.13,0,7,other,0.14285714285714285,0.6829081257408294,other,0.8641,True,0.8641,0.1208,0.0151,1.5,NYC,high
40.59,-74.13,1,65,other,0.4,0.8672347380937115,other,0.8715,True,0.8715,0.1149,0.0137,1.4,NYC,high
40.59,-74.13,2,57,other,0.3508771929824561,0.9444884319119348,other,0.8657,True,0.8657,0.1195,0.0148,1.5,NYC,high
40.59,-74.13,3,13,other,0.6153846153846154,0.6870920273799715,other,0.8699,True,0.8699,0.1165,0.0136,1.4,NYC,high
40.59,-74.11,0,15,property,0.6,0.5004024447610513,other,0.5269,False,0.5269,0.4568,0.0162,1.6,NYC,uncertain
40.59,-74.11,1,14,property,1.0,4.3446531758480495e-08,property,0.5204,True,0.464,0.5204,0.0156,1.6,NYC,uncertain
40.59,-74.11,2,23,property,0.0,0.9899490539341391,property,0.7571,True,0.2296,0.7571,0.0133,1.3,NYC,medium
40.59,-74.11,3,19,property,0.42105263157894735,0.9097077103274986,property,0.7536,True,0.2332,0.7536,0.0132,1.3,NYC,medium
40.59,-74.10000000000001,0,123,property,0.07317073170731707,1.0590109789559583,other,0.8734,False,0.8734,0.1133,0.0132,1.3,NYC,high
40.59,-74.10000000000001,1,213,other,0.2347417840375587,1.0149183967182622,other,0.8704,True,0.8704,0.1162,0.0134,1.3,NYC,high
40.59,-74.10000000000001,2,304,other,0.27631578947368424,1.0045247452535733,other,0.8768,True,0.8768,0.1105,0.0127,1.3,NYC,high
40.59,-74.10000000000001,3,242,other,0.34710743801652894,0.9525052076353573,other,0.8751,True,0.8751,0.112,0.0129,1.3,NYC,high
40.59,-74.09,0,107,property,0.24299065420560748,0.9852225695063992,other,0.8787,False,0.8787,0.1087,0.0126,1.3,NYC,high
40.59,-74.09,1,168,other,0.20238095238095238,0.8787229662242151,other,0.7782,True,0.7782,0.2072,0.0146,1.5,NYC,medium
40.59,-74.09,2,264,other,0.125,0.9543987832069334,other,0.8724,True,0.8724,0.1148,0.0128,1.3,NYC,high
40.59,-74.09,3,185,other,0.15675675675675677,1.0092317261537684,other,0.8786,True,0.8786,0.1087,0.0127,1.3,NYC,high
40.59,-74.08,0,55,property,0.12727272727272726,1.0313204302749917,other,0.8701,False,0.8701,0.1156,0.0144,1.4,NYC,high
40.59,-74.08,1,85,other,0.17647058823529413,0.9841241652024666,other,0.8747,True,0.8747,0.1124,0.0129,1.3,NYC,high
40.59,-74.08,2,150,other,0.24666666666666667,0.9911244871457487,other,0.8765,True,0.8765,0.1107,0.0128,1.3,NYC,high
40.59,-74.08,3,127,other,0.29133858267716534,1.0120465071206346,other,0.8754,True,0.8754,0.1115,0.0131,1.3,NYC,high
40.59,-74.07000000000001,0,80,property,0.0,1.0118841912819443,other,0.8728,False,0.8728,0.1135,0.0136,1.4,NYC,high
40.59,-74.07000000000001,1,78,other,0.3076923076923077,0.9585849416984087,other,0.8742,True,0.8742,0.1128,0.013,1.3,NYC,high
40.59,-74.07000000000001,2,140,other,0.17142857142857143,1.0146034003928457,other,0.8765,True,0.8765,0.1108,0.0127,1.3,NYC,high
40.59,-74.07000000000001,3,157,other,0.21656050955414013,1.0315901243740857,other,0.8785,True,0.8785,0.109,0.0125,1.3,NYC,high
40.59,-74.06,0,16,other,0.25,1.0397207708399179,other,0.8749,True,0.8749,0.1118,0.0133,1.3,NYC,high
40.59,-74.06,1,40,other,0.325,0.8492141469848025,other,0.5245,True,0.5245,0.4599,0.0156,1.6,NYC,uncertain
40.59,-74.06,2,48,other,0.5416666666666666,0.8028187820379636,other,0.8683,True,0.8683,0.1179,0.0138,1.4,NYC,high
40.59,-74.06,3,43,other,0.13953488372093023,1.0128955749467665,other,0.8718,True,0.8718,0.1144,0.0138,1.4,NYC,high
40.59,-74.0,0,32,violent,0.125,1.0717300941124526,property,0.7538,False,0.2332,0.7538,0.013,1.3,NYC,medium
40.59,-74.0,1,275,property,0.8145454545454546,0.4112501741332042,property,0.7621,True,0.2252,0.7621,0.0127,1.3,NYC,medium
40.59,-74.0,2,659,property,0.7921092564491654,0.45450819558736877,property,0.7643,True,0.2231,0.7643,0.0125,1.3,NYC,medium
40.59,-74.0,3,470,property,0.7340425531914894,0.5405349861316459,property,0.7618,True,0.2255,0.7618,0.0127,1.3,NYC,medium
40.59,-73.99,0,186,property,0.13440860215053763,0.9572093466288012,other,0.8644,False,0.8644,0.1224,0.0132,1.3,NYC,high
40.59,-73.99,1,291,other,0.08934707903780069,1.0309444815706066,other,0.7971,True,0.7971,0.1887,0.0142,1.4,NYC,medium
40.59,-73.99,2,405,property,0.12345679012345678,1.026561573579017,other,0.8381,False,0.8381,0.1481,0.0139,1.4,NYC,high
40.59,-73.99,3,355,property,0.0028169014084507044,1.0445213929580315,other,0.8705,False,0.8705,0.1163,0.0132,1.3,NYC,high
40.59,-73.98,0,293,other,0.09215017064846416,1.0860728716639874,other,0.8626,True,0.8626,0.1213,0.0161,1.6,NYC,high
40.59,-73.98,1,362,other,0.27900552486187846,1.0209619436938084,other,0.8688,True,0.8688,0.1178,0.0134,1.3,NYC,high
40.59,-73.98,2,557,other,0.1867145421903052,1.062276790497375,other,0.8647,True,0.8647,0.1202,0.0152,1.5,NYC,high
40.59,-73.98,3,565,other,0.1929203539823009,1.053416463871379,other,0.8553,True,0.8553,0.126,0.0187,1.9,NYC,high
40.59,-73.97,0,282,property,0.04964539007092199,1.0851495030033413,other,0.8711,False,0.8711,0.1159,0.013,1.3,NYC,high
40.59,-73.97,1,425,property,0.23058823529411765,0.9578079203559673,property,0.7619,True,0.2255,0.7619,0.0127,1.3,NYC,medium
40.59,-73.97,2,562,property,0.25622775800711745,0.9721260963987118,property,0.7603,True,0.2271,0.7603,0.0126,1.3,NYC,medium
40.59,-73.97,3,486,property,0.10699588477366255,1.0302613000801926,property,0.6398,True,0.3452,0.6398,0.0149,1.5,NYC,medium
40.59,-73.96000000000001,0,320,other,0.259375,1.035310473926786,other,0.8719,True,0.8719,0.115,0.013,1.3,NYC,high
40.59,-73.96000000000001,1,357,other,0.06442577030812324,0.9714568642465353,other,0.859,True,0.859,0.1276,0.0135,1.3,NYC,high
40.59,-73.96000000000001,2,568,other,0.11443661971830986,0.9757691838399971,other,0.859,True,0.859,0.1276,0.0134,1.3,NYC,high
40.59,-73.96000000000001,3,505,other,0.09702970297029703,1.0389031555232218,other,0.8721,True,0.8721,0.1148,0.0132,1.3,NYC,high
40.59,-73.95,0,238,property,0.20168067226890757,1.0447575449538933,other,0.872,False,0.872,0.1149,0.0132,1.3,NYC,high
40.59,-73.95,1,418,property,0.10526315789473684,0.9700884962814375,property,0.7632,True,0.2242,0.7632,0.0126,1.3,NYC,medium
40.59,-73.95,2,663,property,0.14177978883861236,1.0220186564682345,property,0.7655,True,0.2221,0.7655,0.0124,1.2,NYC,medium
40.59,-73.95,3,533,property,0.19699812382739212,1.0367983486197594,property,0.7608,True,0.2267,0.7608,0.0125,1.2,NYC,medium
40.59,-73.94,0,296,property,0.11486486486486487,1.0569073713786663,other,0.7171,False,0.7171,0.2629,0.0199,2.0,NYC,medium
40.59,-73.94,1,430,property,0.17906976744186046,1.022988384506157,other,0.5964,False,0.5964,0.3867,0.0169,1.7,NYC,medium
40.59,-73.94,2,649,property,0.13405238828967642,1.0395520759811805,other,0.6779,False,0.6779,0.3036,0.0185,1.8,NYC,medium
40.59,-73.94,3,567,property,0.037037037037037035,1.0571706896151776,other,0.5338,False,0.5338,0.4483,0.0179,1.8,NYC,uncertain
40.59,-73.93,0,99,property,0.0,1.0491128104045164,other,0.8734,False,0.8734,0.1135,0.0131,1.3,NYC,high
40.59,-73.93,1,166,other,0.25903614457831325,0.9461577401968271,property,0.4951,False,0.4897,0.4951,0.0152,1.5,NYC,uncertain
40.59,-73.93,2,204,other,0.09803921568627451,1.0131361255488012,property,0.7633,False,0.2241,0.7633,0.0126,1.3,NYC,medium
40.59,-73.93,3,215,other,0.1813953488372093,1.031005128392894,other,0.636,True,0.636,0.3484,0.0156,1.6,NYC,medium
40.59,-73.92,0,23,property,0.0,1.0660493483542606,other,0.8686,False,0.8686,0.1177,0.0137,1.4,NYC,high
40.59,-73.92,1,46,property,0.1956521739130435,0.9399347717127466,property,0.6525,True,0.3338,0.6525,0.0137,1.4,NYC,medium
40.59,-73.92,2,47,other,0.1702127659574468,1.0559649508743427,other,0.8706,True,0.8706,0.1162,0.0131,1.3,NYC,high
40.59,-73.92,3,46,other,0.2826086956521739,0.9661148165120145,other,0.8751,True,0.8751,0.1118,0.0131,1.3,NYC,high
40.59,-73.9,1,3,other,0.3333333333333333,0.6365141893815645,other,0.8662,True,0.8662,0.1202,0.0135,1.4,NYC,high
40.59,-73.82000000000001,0,152,other,0.23026315789473684,1.0238246208748891,other,0.8645,True,0.8645,0.1196,0.0159,1.6,NYC,high
40.59,-73.82000000000001,1,241,other,0.33195020746887965,0.9945847213489314,other,0.8748,True,0.8748,0.1124,0.0128,1.3,NYC,high
40.59,-73.82000000000001,2,400,other,0.405,0.941714431803027,other,0.8777,True,0.8777,0.1098,0.0125,1.3,NYC,high
40.59,-73.82000000000001,3,278,other,0.35251798561151076,0.9710429516775583,other,0.877,True,0.877,0.1101,0.0129,1.3,NYC,high
40.59,-73.81,0,254,other,0.27165354330708663,0.9917186934426088,other,0.6933,True,0.6933,0.1796,0.1271,12.7,NYC,medium
40.59,-73.81,1,338,other,0.28106508875739644,1.0104657138059492,other,0.8747,True,0.8747,0.1125,0.0129,1.3,NYC,high
40.59,-73.81,2,563,other,0.20781527531083482,1.02923332615533,other,0.8762,True,0.8762,0.1109,0.0129,1.3,NYC,high
40.59,-73.81,3,471,other,0.21868365180467092,1.0484667537655783,other,0.8648,True,0.8648,0.1195,0.0157,1.6,NYC,high
40.59,-73.8,0,159,other,0.16352201257861634,1.0709061626955714,other,0.8654,True,0.8654,0.118,0.0166,1.7,NYC,high
40.59,-73.8,1,301,other,0.12624584717607973,1.0587305874431818,other,0.8757,True,0.8757,0.1115,0.0128,1.3,NYC,high
40.59,-73.8,2,450,other,0.14,1.049752626915223,other,0.8767,True,0.8767,0.1104,0.0129,1.3,NYC,high
40.59,-73.8,3,346,other,0.23699421965317918,1.0390438640264588,other,0.8681,True,0.8681,0.117,0.0149,1.5,NYC,high
40.59,-73.79,0,257,other,0.17898832684824903,1.0282148548713703,other,0.7506,True,0.7506,0.173,0.0764,7.6,NYC,medium
40.59,-73.79,1,366,other,0.2786885245901639,1.0130432916937937,other,0.8753,True,0.8753,0.1117,0.0129,1.3,NYC,high
40.59,-73.79,2,560,other,0.21071428571428572,1.0431108603725834,other,0.8703,True,0.8703,0.1161,0.0136,1.4,NYC,high
40.59,-73.79,3,500,other,0.28,0.9846798913618966,other,0.8639,True,0.8639,0.1201,0.016,1.6,NYC,high
40.59,-73.78,0,96,other,0.14583333333333334,0.9710642689990219,other,0.8095,True,0.8095,0.1512,0.0393,3.9,NYC,high
40.59,-73.78,1,113,other,0.34513274336283184,0.9847886604373433,other,0.8714,True,0.8714,0.1149,0.0137,1.4,NYC,high
40.59,-73.78,2,202,other,0.3564356435643564,0.9770650734970302,other,0.8763,True,0.8763,0.1108,0.0129,1.3,NYC,high
40.59,-73.78,3,184,other,0.22826086956521738,0.9596359026103153,other,0.8712,True,0.8712,0.115,0.0138,1.4,NYC,high
40.59,-73.77,0,20,other,0.1,1.0486537893593546,other,0.8414,True,0.8414,0.1367,0.0219,2.2,NYC,high
40.59,-73.77,1,37,other,0.43243243243243246,0.8823769984831464,other,0.8682,True,0.8682,0.118,0.0138,1.4,NYC,high
40.59,-73.77,2,66,other,0.3939393939393939,0.9423689757138942,other,0.8679,True,0.8679,0.1181,0.014,1.4,NYC,high
40.59,-73.77,3,42,other,0.5714285714285714,0.7467136224046471,other,0.8715,True,0.8715,0.1148,0.0137,1.4,NYC,high
40.59,-73.76,0,69,other,0.014492753623188406,0.9714245173169278,other,0.7927,True,0.7927,0.1589,0.0484,4.8,NYC,medium
40.59,-73.76,1,132,other,0.3939393939393939,0.9423689757138942,other,0.874,True,0.874,0.1128,0.0132,1.3,NYC,high
40.59,-73.76,2,230,other,0.3173913043478261,0.9975745563052275,other,0.8747,True,0.8747,0.1124,0.0129,1.3,NYC,high
40.59,-73.76,3,188,other,0.2765957446808511,0.9649982991317809,other,0.8501,True,0.8501,0.1296,0.0203,2.0,NYC,high
40.59,-73.75,0,21,other,0.42857142857142855,0.9285845074396561,other,0.7992,True,0.7992,0.1564,0.0443,4.4,NYC,medium
40.59,-73.75,1,67,other,0.26865671641791045,1.0222663206205436,other,0.8742,True,0.8742,0.1128,0.013,1.3,NYC,high
40.59,-73.75,2,75,other,0.41333333333333333,0.9350206486077086,other,0.8745,True,0.8745,0.1125,0.013,1.3,NYC,high
40.59,-73.75,3,54,other,0.07407407407407407,1.0067173956876894,other,0.852,True,0.852,0.1292,0.0188,1.9,NYC,high
40.6,-74.19,0,16,other,0.6875,0.6019239717322894,other,0.8718,True,0.8718,0.1149,0.0133,1.3,NYC,high
40.6,-74.19,1,59,property,0.3559322033898305,0.7505562540361082,property,0.7597,True,0.2274,0.7597,0.0129,1.3,NYC,medium
40.6,-74.19,2,62,property,0.25806451612903225,0.9066201258375414,property,0.7378,True,0.2487,0.7378,0.0134,1.3,NYC,medium
40.6,-74.19,3,27,other,0.14814814814814814,1.0708078595494446,property,0.7454,False,0.2409,0.7454,0.0137,1.4,NYC,medium
40.6,-74.18,0,21,other,0.09523809523809523,0.9989405268004005,other,0.8716,True,0.8716,0.1149,0.0136,1.4,NYC,high
40.6,-74.18,1,34,property,0.08823529411764706,0.8014356817142756,other,0.8327,False,0.8327,0.1534,0.0139,1.4,NYC,high
40.6,-74.18,2,39,other,0.10256410256410256,1.066536269412169,other,0.8688,True,0.8688,0.1173,0.0139,1.4,NYC,high
40.6,-74.18,3,26,other,0.23076923076923078,1.0382400185693474,other,0.8746,True,0.8746,0.1122,0.0132,1.3,NYC,high
40.6,-74.17,0,32,property,0.4375,0.8688134127978941,other,0.867,False,0.867,0.1186,0.0144,1.4,NYC,high
40.6,-74.17,1,44,other,0.1590909090909091,1.041989747490273,other,0.7535,True,0.7535,0.2315,0.015,1.5,NYC,medium
40.6,-74.17,2,61,other,0.01639344262295082,1.0524465306075452,other,0.8714,True,0.8714,0.1156,0.013,1.3,NYC,high
40.6,-74.17,3,58,other,0.22413793103448276,1.0370405920560017,other,0.8744,True,0.8744,0.1124,0.0132,1.3,NYC,high
40.6,-74.16,0,30,other,0.06666666666666667,0.990835386443849,other,0.875,True,0.875,0.1119,0.0131,1.3,NYC,high
40.6,-74.16,1,47,other,0.06382978723404255,0.8374974425257508,other,0.8697,True,0.8697,0.1174,0.013,1.3,NYC,high
40.6,-74.16,2,78,other,0.15384615384615385,0.9735965782356992,other,0.8753,True,0.8753,0.1117,0.013,1.3,NYC,high
40.6,-74.16,3,39,other,0.5897435897435898,0.6624440344790888,other,0.8763,True,0.8763,0.1108,0.0129,1.3,NYC,high
40.6,-74.15,1,4,other,0.5,0.5623351657797391,other,0.8629,True,0.8629,0.1232,0.0139,1.4,NYC,high
40.6,-74.14,0,42,other,0.023809523809523808,0.9753310037961341,other,0.8756,True,0.8756,0.1114,0.013,1.3,NYC,high
40.6,-74.14,1,41,property,0.0,0.7909064339687069,other,0.6621,False,0.6621,0.3219,0.016,1.6,NYC,medium
40.6,-74.14,2,53,other,0.1320754716981132,1.002548839473639,other,0.7841,True,0.7841,0.201,0.0148,1.5,NYC,medium
40.6,-74.14,3,67,other,0.11940298507462686,0.986309539598058,other,0.8713,True,0.8713,0.1151,0.0136,1.4,NYC,high
40.6,-74.13,0,63,property,0.1111111111111111,1.0403824590749184,other,0.8694,False,0.8694,0.1164,0.0142,1.4,NYC,high
40.6,-74.13,1,88,property,0.03409090909090909,0.9516578371997376,other,0.8729,False,0.8729,0.1139,0.0132,1.3,NYC,high
40.6,-74.13,2,122,other,0.13934426229508196,1.0345250093812943,other,0.8783,True,0.8783,0.1091,0.0126,1.3,NYC,high
40.6,-74.13,3,112,other,0.22321428571428573,1.0147005201140404,other,0.8743,True,0.8743,0.1125,0.0132,1.3,NYC,high
40.6,-74.12,0,33,property,0.2727272727272727,0.935435774236711,other,0.8705,False,0.8705,0.1153,0.0142,1.4,NYC,high
40.6,-74.12,1,41,other,0.024390243902439025,1.051094536503555,other,0.7462,True,0.7462,0.2386,0.0152,1.5,NYC,medium
40.6,-74.12,2,73,other,0.0547945205479452,1.0108268850006696,other,0.8753,True,0.8753,0.1117,0.0129,1.3,NYC,high
40.6,-74.12,3,74,property,0.14864864864864866,0.823143295221121,other,0.8726,False,0.8726,0.1143,0.0131,1.3,NYC,high
40.6,-74.11,0,22,property,0.36363636363636365,0.6254913808233473,property,0.5083,True,0.4758,0.5083,0.0159,1.6,NYC,uncertain
40.6,-74.11,1,24,property,0.20833333333333334,0.8146445049046291,property,0.7543,True,0.2326,0.7543,0.0131,1.3,NYC,medium
40.6,-74.11,2,29,property,0.3793103448275862,0.816738336927131,property,0.6421,True,0.3436,0.6421,0.0143,1.4,NYC,medium
40.6,-74.11,3,25,property,0.2,0.6730116880595106,other,0.7929,False,0.7929,0.1924,0.0147,1.5,NYC,medium
40.6,-74.10000000000001,0,45,property,0.15555555555555556,0.8314428981046336,property,0.7163,True,0.2703,0.7163,0.0135,1.3,NYC,medium
40.6,-74.10000000000001,1,41,property,0.0975609756097561,0.8990492640908472,property,0.5214,True,0.4634,0.5214,0.0152,1.5,NYC,uncertain
40.6,-74.10000000000001,2,64,other,0.0625,0.8085295996233987,property,0.5167,False,0.4682,0.5167,0.0152,1.5,NYC,uncertain
40.6,-74.10000000000001,3,43,other,0.046511627906976744,1.0597319204844127,other,0.5393,True,0.5393,0.4454,0.0153,1.5,NYC,uncertain
40.6,-74.09,0,104,property,0.16346153846153846,0.9129137830235791,other,0.8648,False,0.8648,0.1219,0.0133,1.3,NYC,high
40.6,-74.09,1,124,property,0.10483870967741936,0.8284277433939317,property,0.5293,True,0.4556,0.5293,0.0151,1.5,NYC,uncertain
40.6,-74.09,2,206,property,0.0825242718446602,0.9480181372556129,property,0.624,True,0.362,0.624,0.014,1.4,NYC,medium
40.6,-74.09,3,134,other,0.029850746268656716,1.0603162272521636,other,0.8693,True,0.8693,0.1176,0.0131,1.3,NYC,high
40.6,-74.08,0,142,other,0.07746478873239436,1.0540170701974294,other,0.8784,True,0.8784,0.109,0.0127,1.3,NYC,high
40.6,-74.08,1,327,other,0.09785932721712538,0.9356435003051768,other,0.8746,True,0.8746,0.1125,0.0129,1.3,NYC,high
40.6,-74.08,2,389,property,0.16452442159383032,0.9488652170335656,other,0.8749,False,0.8749,0.1122,0.0129,1.3,NYC,high
40.6,-74.08,3,271,property,0.02214022140221402,1.0459910863008852,other,0.8785,False,0.8785,0.1088,0.0126,1.3,NYC,high
40.6,-74.07000000000001,0,82,other,0.15853658536585366,1.0266762403958691,other,0.875,True,0.875,0.112,0.013,1.3,NYC,high
40.6,-74.07000000000001,1,145,other,0.4896551724137931,0.7056120084974173,other,0.8736,True,0.8736,0.1134,0.013,1.3,NYC,high
40.6,-74.07000000000001,2,186,other,0.1881720430107527,0.9322589007085043,other,0.8781,True,0.8781,0.1092,0.0127,1.3,NYC,high
40.6,-74.07000000000001,3,151,other,0.33112582781456956,0.9596254701567134,other,0.8784,True,0.8784,0.1089,0.0126,1.3,NYC,high
40.6,-74.06,0,44,other,0.4318181818181818,0.8586300984246542,other,0.8729,True,0.8729,0.1137,0.0133,1.3,NYC,high
40.6,-74.06,1,71,other,0.4788732394366197,0.8466309709255639,other,0.8722,True,0.8722,0.1146,0.0133,1.3,NYC,high
40.6,-74.06,2,96,other,0.2916666666666667,0.8750028956866314,other,0.8746,True,0.8746,0.1124,0.013,1.3,NYC,high
40.6,-74.06,3,98,other,0.5510204081632653,0.793386189928249,other,0.8757,True,0.8757,0.1112,0.0131,1.3,NYC,high
40.6,-74.02,0,12,other,0.4166666666666667,0.8239592165010823,other,0.8655,True,0.8655,0.1203,0.0142,1.4,NYC,high
40.6,-74.02,1,20,other,0.55,0.6874357505033554,other,0.8708,True,0.8708,0.1158,0.0133,1.3,NYC,high
40.6,-74.02,2,25,property,0.08,0.9732531211321691,other,0.8638,False,0.8638,0.1227,0.0135,1.4,NYC,high
40.6,-74.02,3,16,other,0.25,0.9470571522825082,other,0.8693,True,0.8693,0.1169,0.0137,1.4,NYC,high
40.6,-74.01,0,92,other,0.05434782608695652,1.0802246789642793,other,0.8656,True,0.8656,0.1211,0.0133,1.3,NYC,high
40.6,-74.01,1,130,property,0.08461538461538462,0.9667428031830136,other,0.8684,False,0.8684,0.1186,0.0129,1.3,NYC,high
40.6,-74.01,2,177,property,0.0847457627118644,1.0360319234963251,other,0.8651,False,0.8651,0.1217,0.0131,1.3,NYC,high
40.6,-74.01,3,174,property,0.05172413793103448,1.0035786158234092,other,0.8764,False,0.8764,0.1109,0.0127,1.3,NYC,high
40.6,-74.0,0,460,other,0.1956521739130435,1.0571700810769253,other,0.872,True,0.872,0.1148,0.0132,1.3,NYC,high
40.6,-74.0,1,627,other,0.1291866028708134,0.9986196886191232,other,0.8715,True,0.8715,0.1155,0.013,1.3,NYC,high
40.6,-74.0,2,1034,other,0.13249516441005801,1.0199121761969412,other,0.8636,True,0.8636,0.1232,0.0132,1.3,NYC,high
40.6,-74.0,3,980,other,0.3153061224489796,0.9996372656077457,other,0.8741,True,0.8741,0.113,0.0129,1.3,NYC,high
40.6,-73.99,0,318,property,0.09433962264150944,1.0502028510209045,other,0.8685,False,0.8685,0.1182,0.0133,1.3,NYC,high
40.6,-73.99,1,568,property,0.26936619718309857,0.9411310920679612,property,0.7457,True,0.2416,0.7457,0.0126,1.3,NYC,medium
40.6,-73.99,2,942,property,0.16666666666666666,0.9951121446735502,property,0.6825,True,0.3036,0.6825,0.0139,1.4,NYC,medium
40.6,-73.99,3,680,other,0.01764705882352941,1.0461345677057108,other,0.8734,True,0.8734,0.1135,0.013,1.3,NYC,high
40.6,-73.98,0,249,property,0.10441767068273092,1.087162455018832,other,0.8474,False,0.8474,0.1388,0.0138,1.4,NYC,high
40.6,-73.98,1,302,property,0.052980132450331126,1.025485066541168,other,0.8623,False,0.8623,0.1246,0.0131,1.3,NYC,high
40.6,-73.98,2,531,property,0.07532956685499058,1.0256302238835913,other,0.8741,False,0.8741,0.1133,0.0126,1.3,NYC,high
40.6,-73.98,3,455,other,0.17582417582417584,1.0551939339058465,other,0.8763,True,0.8763,0.1109,0.0127,1.3,NYC,high
40.6,-73.97,0,205,property,0.16585365853658537,1.0697730577335793,other,0.7461,False,0.7461,0.23,0.0239,2.4,NYC,medium
40.6,-73.97,1,228,property,0.04824561403508772,0.948935521890343,property,0.5606,True,0.4244,0.5606,0.015,1.5,NYC,medium
40.6,-73.97,2,335,other,0.005970149253731343,1.05064763571539,property,0.754,False,0.2333,0.754,0.0127,1.3,NYC,medium
40.6,-73.97,3,275,other,0.007272727272727273,1.038234038359503,property,0.7477,False,0.2395,0.7477,0.0128,1.3,NYC,medium
40.6,-73.96000000000001,0,218,property,0.10091743119266056,1.0837149342797994,other,0.8362,False,0.8362,0.1457,0.0181,1.8,NYC,high
40.6,-73.96000000000001,1,286,other,0.05244755244755245,0.9388045741833935,property,0.7539,False,0.2338,0.7539,0.0123,1.2,NYC,medium
40.6,-73.96000000000001,2,453,property,0.052980132450331126,1.053772248278452,property,0.7655,True,0.2224,0.7655,0.0121,1.2,NYC,medium
40.6,-73.96000000000001,3,372,property,0.013440860215053764,1.0879280610959619,other,0.8671,False,0.8671,0.1197,0.0132,1.3,NYC,high
40.6,-73.95,0,243,property,0.20987654320987653,1.0196624409646,other,0.8074,False,0.8074,0.1767,0.0159,1.6,NYC,high
40.6,-73.95,1,374,property,0.2967914438502674,0.9195007111915043,property,0.7647,True,0.2228,0.7647,0.0125,1.3,NYC,medium
40.6,-73.95,2,585,property,0.35384615384615387,0.9262439667933431,property,0.7626,True,0.2249,0.7626,0.0125,1.3,NYC,medium
40.6,-73.95,3,451,property,0.24168514412416853,0.9863207704785426,property,0.503,True,0.4799,0.503,0.0171,1.7,NYC,uncertain
40.6,-73.94,0,331,other,0.09667673716012085,1.0870849468257966,other,0.7124,True,0.7124,0.2099,0.0777,7.8,NYC,medium
40.6,-73.94,1,528,other,0.06060606060606061,1.032695213711456,other,0.867,True,0.867,0.1202,0.0129,1.3,NYC,high
40.6,-73.94,2,729,other,0.07544581618655692,1.0496377406790283,other,0.8588,True,0.8588,0.1275,0.0137,1.4,NYC,high
40.6,-73.94,3,673,other,0.1976225854383358,1.0557114639110452,other,0.8675,True,0.8675,0.1183,0.0142,1.4,NYC,high
40.6,-73.93,0,77,property,0.33766233766233766,0.9595392622325575,other,0.8406,False,0.8406,0.1452,0.0142,1.4,NYC,high
40.6,-73.93,1,73,property,0.0684931506849315,0.9602041543616402,property,0.7265,True,0.2609,0.7265,0.0126,1.3,NYC,medium
40.6,-73.93,2,136,property,0.03676470588235294,1.0156036349029356,other,0.8098,False,0.8098,0.176,0.0142,1.4,NYC,high
40.6,-73.93,3,137,other,0.051094890510948905,1.0458941189286342,other,0.8765,True,0.8765,0.1107,0.0128,1.3,NYC,high
40.6,-73.91,0,40,other,0.375,0.9471373499198397,other,0.8684,True,0.8684,0.118,0.0136,1.4,NYC,high
40.6,-73.91,1,46,other,0.17391304347826086,1.0465634069578553,property,0.7382,False,0.249,0.7382,0.0128,1.3,NYC,medium
40.6,-73.91,2,72,other,0.041666666666666664,1.0391706846973716,property,0.7662,False,0.2212,0.7662,0.0126,1.3,NYC,medium
40.6,-73.91,3,93,other,0.21505376344086022,0.9181560151763586,other,0.5223,True,0.5223,0.4625,0.0152,1.5,NYC,uncertain
40.6,-73.82000000000001,0,23,other,0.08695652173913043,1.061208440905252,other,0.8673,True,0.8673,0.1179,0.0148,1.5,NYC,high
40.6,-73.82000000000001,1,14,other,0.6428571428571429,0.6559757323365467,property,0.7372,False,0.2492,0.7372,0.0135,1.4,NYC,medium
40.6,-73.82000000000001,2,25,other,0.2,1.0512435186197397,other,0.8549,True,0.8549,0.1311,0.014,1.4,NYC,high
40.6,-73.82000000000001,3,16,other,0.25,0.9470571522825082,other,0.8654,True,0.8654,0.1202,0.0144,1.4,NYC,high
40.6,-73.8,0,120,other,0.3416666666666667,0.9842749514837363,other,0.8663,True,0.8663,0.1189,0.0149,1.5,NYC,high
40.6,-73.8,1,124,other,0.43548387096774194,0.9043709088495568,other,0.8717,True,0.8717,0.1148,0.0135,1.4,NYC,high
40.6,-73.8,2,196,other,0.1989795918367347,1.0142498303248508,other,0.8723,True,0.8723,0.1144,0.0134,1.3,NYC,high
40.6,-73.8,3,160,other,0.3125,0.95306975419366,other,0.8706,True,0.8706,0.1156,0.0138,1.4,NYC,high
40.6,-73.79,0,92,violent,0.03260869565217391,1.0714060575166744,other,0.6984,False,0.6984,0.183,0.1186,11.9,NYC,medium
40.6,-73.79,1,108,other,0.26851851851851855,1.0166496019589835,other,0.8716,True,0.8716,0.1149,0.0135,1.3,NYC,high
40.6,-73.79,2,137,other,0.0948905109489051,1.061196017334961,other,0.8724,True,0.8724,0.1141,0.0134,1.3,NYC,high
40.6,-73.79,3,189,other,0.30158730158730157,0.9745650867611106,other,0.8703,True,0.8703,0.1156,0.0141,1.4,NYC,high
40.6,-73.78,0,124,other,0.03225806451612903,1.0496717767488781,other,0.805,True,0.805,0.1557,0.0393,3.9,NYC,high
40.6,-73.78,1,157,other,0.3630573248407643,0.9640314570011371,other,0.8737,True,0.8737,0.1132,0.0131,1.3,NYC,high
40.6,-73.78,2,271,other,0.33210332103321033,0.9934573069901695,other,0.8763,True,0.8763,0.1108,0.0129,1.3,NYC,high
40.6,-73.78,3,246,other,0.2967479674796748,0.9870156163667672,other,0.8715,True,0.8715,0.1144,0.0142,1.4,NYC,high
40.6,-73.77,0,168,other,0.06547619047619048,1.0768479189045694,other,0.8359,True,0.8359,0.1367,0.0274,2.7,NYC,high
40.6,-73.77,1,245,other,0.33877551020408164,0.9783949046041118,other,0.8733,True,0.8733,0.1137,0.0131,1.3,NYC,high
40.6,-73.77,2,341,other,0.25806451612903225,1.0209033526924682,other,0.8741,True,0.8741,0.1129,0.013,1.3,NYC,high
40.6,-73.77,3,329,other,0.21580547112462006,1.0080723970496992,other,0.8749,True,0.8749,0.112,0.0132,1.3,NYC,high
40.6,-73.76,0,384,other,0.109375,1.064782441972303,other,0.8657,True,0.8657,0.1185,0.0159,1.6,NYC,high
40.6,-73.76,1,599,other,0.24874791318864775,1.0113952069044299,other,0.8746,True,0.8746,0.1124,0.0129,1.3,NYC,high
40.6,-73.76,2,1077,other,0.1745589600742804,1.0316355068267489,other,0.8765,True,0.8765,0.1107,0.0128,1.3,NYC,high
40.6,-73.76,3,859,other,0.23864959254947612,1.01097970864,other,0.8754,True,0.8754,0.1113,0.0133,1.3,NYC,high
40.6,-73.75,0,537,other,0.17690875232774675,1.0100907315389624,other,0.8532,True,0.8532,0.1267,0.0201,2.0,NYC,high
40.6,-73.75,1,878,other,0.29157175398633256,0.9964441937416424,other,0.8751,True,0.8751,0.1121,0.0128,1.3,NYC,high
40.6,-73.75,2,1286,other,0.2527216174183515,1.0250947398625754,other,0.8748,True,0.8748,0.1123,0.0129,1.3,NYC,high
40.6,-73.75,3,1054,other,0.2476280834914611,1.0083568312328568,other,0.873,True,0.873,0.1134,0.0135,1.4,NYC,high
40.6,-73.74,0,127,property,0.3228346456692913,0.9989274620651378,property,0.6888,True,0.2975,0.6888,0.0137,1.4,NYC,medium
40.6,-73.74,1,120,other,0.05,1.073054027222466,other,0.8237,True,0.8237,0.1621,0.0143,1.4,NYC,high
40.6,-73.74,2,182,property,0.027472527472527472,1.020826597452559,other,0.7452,False,0.7452,0.2399,0.0149,1.5,NYC,medium
40.6,-73.74,3,200,other,0.105,1.0445084353703131,other,0.5928,True,0.5928,0.3909,0.0163,1.6,NYC,medium
40.61,-74.19,0,4,property,0.5,0.562335165779739,property,0.5053,True,0.4788,0.5053,0.0159,1.6,NYC,uncertain
40.61,-74.19,1,3,other,0.3333333333333333,0.6365141893815645,property,0.6368,False,0.3486,0.6368,0.0146,1.5,NYC,medium
40.61,-74.19,2,6,property,0.0,0.6931472015900639,other,0.8124,False,0.8124,0.1724,0.0153,1.5,NYC,high
40.61,-74.18,1,13,other,0.6153846153846154,0.6870920273799715,other,0.6965,True,0.6965,0.2868,0.0168,1.7,NYC,medium
40.61,-74.18,2,14,other,0.5,0.7589367727620595,other,0.8647,True,0.8647,0.1208,0.0145,1.4,NYC,high
40.61,-74.18,3,7,property,0.14285714285714285,1.0789922078775833,other,0.8632,False,0.8632,0.1218,0.0151,1.5,NYC,high
40.61,-74.17,0,53,property,0.03773584905660377,0.8706760874594133,other,0.8743,False,0.8743,0.1125,0.0131,1.3,NYC,high
40.61,-74.17,1,57,other,0.12280701754385964,0.890464147471135,property,0.508,False,0.4769,0.508,0.015,1.5,NYC,uncertain
40.61,-74.17,2,91,other,0.2087912087912088,0.9663101015196922,other,0.8757,True,0.8757,0.1114,0.0129,1.3,NYC,high
40.61,-74.17,3,61,other,0.19672131147540983,1.0386287045176457,other,0.8743,True,0.8743,0.1125,0.0133,1.3,NYC,high
40.61,-74.16,0,119,other,0.008403361344537815,0.9946764326828625,other,0.8768,True,0.8768,0.1104,0.0129,1.3,NYC,high
40.61,-74.16,1,163,other,0.08588957055214724,0.9120210972813391,other,0.776,True,0.776,0.2094,0.0147,1.5,NYC,medium
40.61,-74.16,2,242,other,0.028925619834710745,0.9866329763343235,other,0.878,True,0.878,0.1095,0.0125,1.3,NYC,high
40.61,-74.16,3,176,other,0.1590909090909091,1.0162531032014988,other,0.876,True,0.876,0.111,0.013,1.3,NYC,high
40.61,-74.15,0,55,other,0.41818181818181815,0.9002132891774859,other,0.8765,True,0.8765,0.1105,0.013,1.3,NYC,high
40.61,-74.15,1,57,other,0.3508771929824561,0.908326597447711,other,0.8013,True,0.8013,0.1844,0.0143,1.4,NYC,high
40.61,-74.15,2,103,other,0.23300970873786409,0.9750785359258226,other,0.868,True,0.868,0.1189,0.0131,1.3,NYC,high
40.61,-74.15,3,90,other,0.2111111111111111,0.9796589009948595,other,0.8711,True,0.8711,0.1152,0.0137,1.4,NYC,high
40.61,-74.14,0,55,property,0.10909090909090909,0.9792615921834534,other,0.873,False,0.873,0.1138,0.0132,1.3,NYC,high
40.61,-74.14,1,71,other,0.19718309859154928,0.8184561167174023,other,0.8008,True,0.8008,0.1848,0.0144,1.4,NYC,high
40.61,-74.14,2,81,other,0.04938271604938271,0.9635904743936965,other,0.8723,True,0.8723,0.1146,0.0131,1.3,NYC,high
40.61,-74.14,3,93,other,0.15053763440860216,0.987588434489099,other,0.8764,True,0.8764,0.1108,0.0128,1.3,NYC,high
40.61,-74.13,0,120,property,0.06666666666666667,1.009267125196299,other,0.876,False,0.876,0.1111,0.0129,1.3,NYC,high
40.61,-74.13,1,172,other,0.06395348837209303,0.9063868294542354,other,0.8702,True,0.8702,0.1168,0.013,1.3,NYC,high
40.61,-74.13,2,211,other,0.2985781990521327,0.917285427485858,other,0.8787,True,0.8787,0.1088,0.0125,1.3,NYC,high
40.61,-74.13,3,170,other,0.12352941176470589,1.0116697348599228,other,0.8764,True,0.8764,0.1108,0.0128,1.3,NYC,high
40.61,-74.12,0,136,other,0.27941176470588236,1.0166832691480363,other,0.8751,True,0.8751,0.112,0.0129,1.3,NYC,high
40.61,-74.12,1,250,other,0.108,0.9300803356805637,other,0.8766,True,0.8766,0.1107,0.0127,1.3,NYC,high
40.61,-74.12,2,360,property,0.12222222222222222,0.9640277162682973,other,0.878,False,0.878,0.1095,0.0125,1.3,NYC,high
40.61,-74.12,3,307,other,0.08794788273615635,1.0514069804996553,other,0.8764,True,0.8764,0.1108,0.0128,1.3,NYC,high
40.61,-74.11,0,24,other,0.08333333333333333,0.9184277849930977,other,0.8666,True,0.8666,0.1194,0.014,1.4,NYC,high
40.61,-74.11,1,23,other,0.08695652173913043,0.9855939523286115,other,0.524,True,0.524,0.4609,0.0151,1.5,NYC,uncertain
40.61,-74.11,2,25,property,0.0,0.9768945101654615,other,0.5064,False,0.5064,0.4782,0.0154,1.5,NYC,uncertain
40.61,-74.11,3,42,property,0.0,1.0042424730540764,other,0.8728,False,0.8728,0.114,0.0131,1.3,NYC,high
40.61,-74.10000000000001,0,64,other,0.125,0.930645552649247,other,0.8722,True,0.8722,0.1146,0.0132,1.3,NYC,high
40.61,-74.10000000000001,1,70,other,0.24285714285714285,1.0075959579648432,other,0.8437,True,0.8437,0.1425,0.0138,1.4,NYC,high
40.61,-74.10000000000001,2,126,other,0.16666666666666666,1.0463837060427545,other,0.8554,True,0.8554,0.1312,0.0134,1.3,NYC,high
40.61,-74.10000000000001,3,99,other,0.15151515151515152,1.0418356921442484,other,0.8717,True,0.8717,0.1151,0.0132,1.3,NYC,high
40.61,-74.09,0,133,other,0.21052631578947367,0.9781219338689797,other,0.8753,True,0.8753,0.1117,0.013,1.3,NYC,high
40.61,-74.09,1,180,other,0.3277777777777778,0.9572072949199544,other,0.8742,True,0.8742,0.1131,0.0128,1.3,NYC,high
40.61,-74.09,2,274,other,0.0948905109489051,1.0099346395332904,other,0.8779,True,0.8779,0.1096,0.0126,1.3,NYC,high
40.61,-74.09,3,235,other,0.23829787234042554,1.0188845877119286,other,0.8789,True,0.8789,0.1085,0.0125,1.3,NYC,high
40.61,-74.08,0,145,other,0.16551724137931034,1.0463422652073688,other,0.8744,True,0.8744,0.1121,0.0135,1.4,NYC,high
40.61,-74.08,1,332,other,0.14457831325301204,1.0001454995299206,other,0.876,True,0.876,0.1112,0.0127,1.3,NYC,high
40.61,-74.08,2,502,other,0.24701195219123506,0.991595335194296,other,0.8764,True,0.8764,0.111,0.0126,1.3,NYC,high
40.61,-74.08,3,331,other,0.3021148036253776,1.0106006444133089,other,0.8753,True,0.8753,0.1118,0.0129,1.3,NYC,high
40.61,-74.07000000000001,0,133,property,0.007518796992481203,1.0516940912195598,other,0.8753,False,0.8753,0.1116,0.0131,1.3,NYC,high
40.61,-74.07000000000001,1,172,other,0.12790697674418605,0.9910053111582544,other,0.8724,True,0.8724,0.1148,0.0128,1.3,NYC,high
40.61,-74.07000000000001,2,262,other,0.19083969465648856,1.0404710039722895,other,0.8783,True,0.8783,0.1091,0.0125,1.3,NYC,high
40.61,-74.07000000000001,3,218,other,0.23853211009174313,0.9837874641760522,other,0.8762,True,0.8762,0.111,0.0129,1.3,NYC,high
40.61,-74.06,0,48,property,0.020833333333333332,1.0072221003524973,other,0.8743,False,0.8743,0.1125,0.0132,1.3,NYC,high
40.61,-74.06,1,54,other,0.2037037037037037,0.9649166066545354,other,0.8651,True,0.8651,0.1215,0.0134,1.3,NYC,high
40.61,-74.06,2,102,property,0.0196078431372549,0.9457316343629221,other,0.8786,False,0.8786,0.1088,0.0126,1.3,NYC,high
40.61,-74.06,3,68,other,0.3088235294117647,1.0050057148789604,other,0.8755,True,0.8755,0.1114,0.0131,1.3,NYC,high
40.61,-74.04,0,14,property,0.21428571428571427,0.8760057656431737,other,0.8692,False,0.8692,0.1174,0.0134,1.3,NYC,high
40.61,-74.04,1,20,other,0.15,0.8451132568429528,property,0.7633,False,0.2238,0.7633,0.0129,1.3,NYC,medium
40.61,-74.04,2,34,property,0.29411764705882354,0.923840705630872,other,0.6319,False,0.6319,0.3528,0.0153,1.5,NYC,medium
40.61,-74.04,3,32,other,0.1875,1.0585075732372948,property,0.652,False,0.3337,0.652,0.0142,1.4,NYC,medium
40.61,-74.03,0,56,other,0.017857142857142856,1.0738829976445277,other,0.8728,True,0.8728,0.1138,0.0133,1.3,NYC,high
40.61,-74.03,1,78,other,0.08974358974358974,1.0233421279584676,other,0.722,True,0.722,0.2628,0.0153,1.5,NYC,medium
40.61,-74.03,2,97,property,0.08247422680412371,0.9642708807692484,other,0.86,False,0.86,0.1268,0.0132,1.3,NYC,high
40.61,-74.03,3,75,other,0.24,1.0442528605208299,other,0.872,True,0.872,0.1149,0.0131,1.3,NYC,high
40.61,-74.02,0,23,other,0.08695652173913043,1.061208440905252,other,0.8716,True,0.8716,0.115,0.0133,1.3,NYC,high
40.61,-74.02,1,31,property,0.0,0.8132934614830074,property,0.5859,True,0.3997,0.5859,0.0144,1.4,NYC,medium
40.61,-74.02,2,35,other,0.22857142857142856,0.9733943995718437,other,0.592,True,0.592,0.3926,0.0154,1.5,NYC,medium
40.61,-74.02,3,57,other,0.17543859649122806,1.0659866615024767,other,0.619,True,0.619,0.3645,0.0165,1.6,NYC,medium
40.61,-74.01,0,195,property,0.041025641025641026,1.0464388317423252,other,0.8577,False,0.8577,0.1289,0.0134,1.3,NYC,high
40.61,-74.01,1,270,property,0.16296296296296298,0.9779891323626804,other,0.7502,False,0.7502,0.235,0.0148,1.5,NYC,medium
40.61,-74.01,2,455,property,0.36043956043956044,0.885244084882397,other,0.7923,False,0.7923,0.1935,0.0142,1.4,NYC,medium
40.61,-74.01,3,389,property,0.09511568123393316,1.0594055326718774,other,0.875,False,0.875,0.1121,0.0128,1.3,NYC,high
40.61,-74.0,0,346,property,0.005780346820809248,1.098048930292478,other,0.8711,False,0.8711,0.1157,0.0132,1.3,NYC,high
40.61,-74.0,1,620,property,0.19032258064516128,0.9747945657054506,other,0.6914,False,0.6914,0.2929,0.0157,1.6,NYC,medium
40.61,-74.0,2,999,property,0.1931931931931932,0.9958359629543545,property,0.6952,True,0.2916,0.6952,0.0131,1.3,NYC,medium
40.61,-74.0,3,819,property,0.020757020757020756,1.0400924812438632,other,0.8611,False,0.8611,0.1256,0.0133,1.3,NYC,high
40.61,-73.99,0,262,property,0.030534351145038167,1.0791692830560478,other,0.7742,False,0.7742,0.2067,0.0191,1.9,NYC,medium
40.61,-73.99,1,320,property,0.03125,0.9903654573554357,other,0.6707,False,0.6707,0.3143,0.015,1.5,NYC,medium
40.61,-73.99,2,596,other,0.08557046979865772,1.0402740750504869,other,0.853,True,0.853,0.1336,0.0134,1.3,NYC,high
40.61,-73.99,3,559,other,0.1413237924865832,1.078654912184013,other,0.8727,True,0.8727,0.1142,0.0132,1.3,NYC,high
40.61,-73.98,0,419,other,0.007159904534606206,1.0953661932149419,other,0.7207,True,0.7207,0.2524,0.0268,2.7,NYC,medium
40.61,-73.98,1,729,property,0.24828532235939643,0.8998417478273291,property,0.7424,True,0.245,0.7424,0.0126,1.3,NYC,medium
40.61,-73.98,2,1097,property,0.19143117593436645,0.9551600749990703,other,0.8198,False,0.8198,0.1661,0.014,1.4,NYC,high
40.61,-73.98,3,968,other,0.012396694214876033,1.041165815572237,other,0.8736,True,0.8736,0.1134,0.013,1.3,NYC,high
40.61,-73.97,0,257,property,0.03501945525291829,1.069929575850681,other,0.7656,False,0.7656,0.2167,0.0177,1.8,NYC,medium
40.61,-73.97,1,294,other,0.013605442176870748,0.9884121724246864,property,0.7665,False,0.2212,0.7665,0.0124,1.2,NYC,medium
40.61,-73.97,2,458,other,0.03711790393013101,1.0399340249399618,property,0.764,False,0.2234,0.764,0.0126,1.3,NYC,medium
40.61,-73.97,3,424,other,0.11320754716981132,1.0754175996404138,property,0.7465,False,0.2409,0.7465,0.0126,1.3,NYC,medium
40.61,-73.96000000000001,0,362,property,0.024861878453038673,1.0882071247125327,other,0.8098,False,0.8098,0.1735,0.0167,1.7,NYC,high
40.61,-73.96000000000001,1,709,property,0.3526093088857546,0.9232807530361361,property,0.7649,True,0.2225,0.7649,0.0126,1.3,NYC,medium
40.61,-73.96000000000001,2,1315,property,0.33307984790874523,0.9461099303473717,property,0.7678,True,0.2199,0.7678,0.0122,1.2,NYC,medium
40.61,-73.96000000000001,3,856,property,0.2675233644859813,1.0148288951781457,property,0.7614,True,0.2261,0.7614,0.0125,1.3,NYC,medium
40.61,-73.95,0,213,property,0.10328638497652583,1.0196138125041352,other,0.7515,False,0.7515,0.2333,0.0152,1.5,NYC,medium
40.61,-73.95,1,305,property,0.04590163934426229,1.0212890037752334,property,0.7636,True,0.2239,0.7636,0.0125,1.2,NYC,medium
40.61,-73.95,2,447,property,0.013422818791946308,1.0572482519094015,property,0.7588,True,0.2286,0.7588,0.0126,1.3,NYC,medium
40.61,-73.95,3,398,other,0.0728643216080402,1.0661719578134266,property,0.763,False,0.2249,0.763,0.0122,1.2,NYC,medium
40.61,-73.94,0,103,property,0.34951456310679613,0.9336261253375255,other,0.8661,False,0.8661,0.1208,0.0131,1.3,NYC,high
40.61,-73.94,1,157,property,0.19745222929936307,0.9783389404614622,other,0.6797,False,0.6797,0.3049,0.0154,1.5,NYC,medium
40.61,-73.94,2,247,property,0.1214574898785425,1.0387426328068297,other,0.5031,False,0.5031,0.4815,0.0154,1.5,NYC,uncertain
40.61,-73.94,3,196,other,0.015306122448979591,1.0465961246484152,other,0.6184,True,0.6184,0.366,0.0156,1.6,NYC,medium
40.61,-73.93,0,123,property,0.23577235772357724,0.8881335735205856,other,0.8644,False,0.8644,0.1223,0.0133,1.3,NYC,high
40.61,-73.93,1,257,property,0.2723735408560311,0.81869110664762,property,0.7565,True,0.2312,0.7565,0.0123,1.2,NYC,medium
40.61,-73.93,2,322,property,0.062111801242236024,0.9549941175876677,other,0.6116,False,0.6116,0.3729,0.0155,1.6,NYC,medium
40.61,-73.93,3,273,property,0.15018315018315018,0.9291028907338421,other,0.8609,False,0.8609,0.1257,0.0134,1.3,NYC,high
40.61,-73.92,0,107,other,0.07476635514018691,1.0174991504315043,other,0.8707,True,0.8707,0.1162,0.0131,1.3,NYC,high
40.61,-73.92,1,448,property,0.40401785714285715,0.8288611877508514,property,0.7683,True,0.2196,0.7683,0.0122,1.2,NYC,medium
40.61,-73.92,2,1623,property,0.6038200862600123,0.690722905972686,property,0.7656,True,0.2219,0.7656,0.0125,1.3,NYC,medium
40.61,-73.92,3,885,property,0.46779661016949153,0.815755397060545,property,0.7642,True,0.2232,0.7642,0.0126,1.3,NYC,medium
40.61,-73.91,0,57,property,0.40350877192982454,0.8080652234377892,property,0.7556,True,0.2315,0.7556,0.0128,1.3,NYC,medium
40.61,-73.91,1,80,property,0.0875,0.9625582061154637,property,0.7656,True,0.2218,0.7656,0.0126,1.3,NYC,medium
40.61,-73.91,2,125,other,0.096,0.9911701444554173,property,0.6433,False,0.343,0.6433,0.0137,1.4,NYC,medium
40.61,-73.91,3,99,property,0.04040404040404041,0.9900631994119538,property,0.5994,True,0.3863,0.5994,0.0143,1.4,NYC,medium
40.61,-73.9,0,14,property,0.14285714285714285,0.6829081257408294,property,0.7573,True,0.2298,0.7573,0.0129,1.3,NYC,medium
40.61,-73.9,1,10,property,0.4,0.610864323167295,property,0.5125,True,0.4726,0.5125,0.0148,1.5,NYC,uncertain
40.61,-73.9,2,26,property,0.0,0.9110175397125628,property,0.7616,True,0.2255,0.7616,0.0129,1.3,NYC,medium
40.61,-73.9,3,30,other,0.06666666666666667,0.6909233303461606,property,0.5852,False,0.3998,0.5852,0.015,1.5,NYC,medium
40.61,-73.82000000000001,0,45,property,0.1111111111111111,0.9862598755879429,other,0.8726,False,0.8726,0.1138,0.0135,1.4,NYC,high
40.61,-73.82000000000001,1,51,other,0.2549019607843137,1.0110364380837187,other,0.8472,True,0.8472,0.1392,0.0135,1.4,NYC,high
40.61,-73.82000000000001,2,78,other,0.20512820512820512,0.990718696509622,other,0.8712,True,0.8712,0.1155,0.0134,1.3,NYC,high
40.61,-73.82000000000001,3,98,other,0.3877551020408163,0.9132687511648978,other,0.8759,True,0.8759,0.1109,0.0132,1.3,NYC,high
40.61,-73.77,0,18,other,0.16666666666666666,0.8544149816001841,other,0.5982,True,0.5982,0.3849,0.0169,1.7,NYC,medium
40.61,-73.77,1,32,other,0.09375,1.0130227035447372,other,0.8023,True,0.8023,0.1822,0.0154,1.5,NYC,high
40.61,-73.77,2,54,property,0.05555555555555555,0.9872025532499196,property,0.6422,True,0.343,0.6422,0.0148,1.5,NYC,medium
40.61,-73.77,3,56,property,0.07142857142857142,0.9565209913805839,other,0.867,False,0.867,0.1193,0.0137,1.4,NYC,high
40.61,-73.76,0,147,other,0.17006802721088435,1.047588859753493,other,0.8158,True,0.8158,0.1466,0.0376,3.8,NYC,high
40.61,-73.76,1,221,other,0.416289592760181,0.9326339092671501,other,0.8778,True,0.8778,0.1096,0.0126,1.3,NYC,high
40.61,-73.76,2,339,other,0.1976401179941003,1.0550136076792196,other,0.8748,True,0.8748,0.1123,0.0129,1.3,NYC,high
40.61,-73.76,3,346,other,0.24855491329479767,1.000875119925903,other,0.8743,True,0.8743,0.112,0.0137,1.4,NYC,high
40.61,-73.75,0,224,other,0.16071428571428573,1.0071179749298984,other,0.7379,True,0.7379,0.1742,0.0879,8.8,NYC,medium
40.61,-73.75,1,430,other,0.21395348837209302,1.0440764169607912,other,0.8769,True,0.8769,0.1105,0.0125,1.3,NYC,high
40.61,-73.75,2,620,other,0.16612903225806452,1.055252443937,other,0.8723,True,0.8723,0.1147,0.0131,1.3,NYC,high
40.61,-73.75,3,549,other,0.12750455373406194,1.0385252139386396,other,0.8687,True,0.8687,0.1167,0.0145,1.5,NYC,high
40.61,-73.74,0,4,property,1.0,4.3446531758480495e-08,other,0.8625,False,0.8625,0.1224,0.015,1.5,NYC,high
40.61,-73.74,1,4,property,0.5,0.5623351657797391,property,0.5187,True,0.4651,0.5187,0.0162,1.6,NYC,uncertain
40.61,-73.74,2,10,property,0.5,0.8018185525433373,property,0.6277,True,0.3573,0.6277,0.015,1.5,NYC,medium
40.61,-73.74,3,13,property,0.6153846153846154,0.6870920273799715,property,0.7463,True,0.2401,0.7463,0.0136,1.4,NYC,medium
40.62,-74.18,0,29,other,0.034482758620689655,0.9980406958852484,other,0.8702,True,0.8702,0.1162,0.0136,1.4,NYC,high
40.62,-74.18,1,34,property,0.11764705882352941,1.0283941667143721,property,0.7526,True,0.2338,0.7526,0.0136,1.4,NYC,medium
40.62,-74.18,2,41,other,0.2926829268292683,0.8571800146382267,other,0.8677,True,0.8677,0.1184,0.0139,1.4,NYC,high
40.62,-74.18,3,46,other,0.06521739130434782,0.9591965238757076,other,0.858,True,0.858,0.1249,0.0171,1.7,NYC,high
40.62,-74.17,0,63,property,0.07936507936507936,1.044135154189435,other,0.8756,False,0.8756,0.1115,0.0129,1.3,NYC,high
40.62,-74.17,1,92,other,0.2826086956521739,0.8456345232838083,other,0.872,True,0.872,0.1153,0.0127,1.3,NYC,high
40.62,-74.17,2,134,other,0.17164179104477612,0.9686141949301386,other,0.8759,True,0.8759,0.1113,0.0128,1.3,NYC,high
40.62,-74.17,3,108,other,0.24074074074074073,1.007851865303028,other,0.8765,True,0.8765,0.1106,0.0128,1.3,NYC,high
40.62,-74.16,0,107,other,0.16822429906542055,1.0204270197464453,other,0.8785,True,0.8785,0.1089,0.0126,1.3,NYC,high
40.62,-74.16,1,165,other,0.21212121212121213,0.9925564455506319,other,0.8751,True,0.8751,0.112,0.0129,1.3,NYC,high
40.62,-74.16,2,225,other,0.29777777777777775,0.967967685401296,other,0.8753,True,0.8753,0.1118,0.0129,1.3,NYC,high
40.62,-74.16,3,235,other,0.3276595744680851,0.997161585021936,other,0.8758,True,0.8758,0.1113,0.0129,1.3,NYC,high
40.62,-74.15,0,233,other,0.04721030042918455,0.9758501972174192,other,0.8755,True,0.8755,0.1116,0.0129,1.3,NYC,high
40.62,-74.15,1,277,other,0.20938628158844766,0.8975889249345794,other,0.8507,True,0.8507,0.136,0.0132,1.3,NYC,high
40.62,-74.15,2,425,other,0.36470588235294116,0.9315969900245373,other,0.8455,True,0.8455,0.1411,0.0135,1.3,NYC,high
40.62,-74.15,3,322,other,0.37577639751552794,0.92204587212632,other,0.8792,True,0.8792,0.1082,0.0126,1.3,NYC,high
40.62,-74.14,0,91,property,0.054945054945054944,0.8888205282795953,other,0.8768,False,0.8768,0.1104,0.0129,1.3,NYC,high
40.62,-74.14,1,241,property,0.17427385892116182,0.8828497301898985,other,0.5028,False,0.5028,0.4822,0.015,1.5,NYC,uncertain
40.62,-74.14,2,539,property,0.45083487940630795,0.791522589139745,property,0.744,True,0.243,0.744,0.013,1.3,NYC,medium
40.62,-74.14,3,300,property,0.23333333333333334,0.9537968969305306,other,0.8682,False,0.8682,0.1184,0.0133,1.3,NYC,high
40.62,-74.13,0,84,property,0.08333333333333333,0.9865694691560115,other,0.8727,False,0.8727,0.1145,0.0128,1.3,NYC,high
40.62,-74.13,1,71,other,0.08450704225352113,0.981369942986651,other,0.8716,True,0.8716,0.1153,0.013,1.3,NYC,high
40.62,-74.13,2,108,property,0.0,0.937462336894758,other,0.8688,False,0.8688,0.1181,0.0131,1.3,NYC,high
40.62,-74.13,3,113,other,0.22123893805309736,1.0071611594338736,other,0.8729,True,0.8729,0.1137,0.0134,1.3,NYC,high
40.62,-74.12,0,42,property,0.23809523809523808,0.9707347271229219,other,0.8671,False,0.8671,0.1199,0.013,1.3,NYC,high
40.62,-74.12,1,40,property,0.2,1.0296530140645737,other,0.8729,False,0.8729,0.114,0.0132,1.3,NYC,high
40.62,-74.12,2,56,other,0.21428571428571427,0.8760057656431737,other,0.5938,True,0.5938,0.3905,0.0157,1.6,NYC,medium
40.62,-74.12,3,57,other,0.10526315789473684,1.0430161194061216,other,0.8752,True,0.8752,0.1118,0.0129,1.3,NYC,high
40.62,-74.11,0,30,property,0.16666666666666666,0.9333939009080585,other,0.8179,False,0.8179,0.1678,0.0143,1.4,NYC,high
40.62,-74.11,1,39,other,0.07692307692307693,0.8567522440487392,other,0.8676,True,0.8676,0.1193,0.0131,1.3,NYC,high
40.62,-74.11,2,54,other,0.37037037037037035,0.8853985416210997,other,0.8702,True,0.8702,0.117,0.0128,1.3,NYC,high
40.62,-74.11,3,58,other,0.22413793103448276,0.9489040357681294,other,0.8752,True,0.8752,0.1119,0.0129,1.3,NYC,high
40.62,-74.10000000000001,0,46,property,0.0,0.9283127045572835,other,0.8524,False,0.8524,0.1339,0.0138,1.4,NYC,high
40.62,-74.10000000000001,1,69,other,0.11594202898550725,1.0133312415410138,other,0.863,True,0.863,0.124,0.013,1.3,NYC,high
40.62,-74.10000000000001,2,98,other,0.20408163265306123,1.0312387118531408,property,0.5835,False,0.4019,0.5835,0.0145,1.5,NYC,medium
40.62,-74.10000000000001,3,92,property,0.07608695652173914,0.999151311763789,other,0.8749,False,0.8749,0.1122,0.0129,1.3,NYC,high
40.62,-74.09,0,63,other,0.2698412698412698,1.0021860837984984,other,0.8717,True,0.8717,0.1149,0.0134,1.3,NYC,high
40.62,-74.09,1,99,other,0.3434343434343434,0.9593257754982395,other,0.8776,True,0.8776,0.1099,0.0125,1.3,NYC,high
40.62,-74.09,2,141,other,0.24822695035460993,0.9507640330772523,other,0.8759,True,0.8759,0.1114,0.0127,1.3,NYC,high
40.62,-74.09,3,116,other,0.27586206896551724,1.0105596285976488,other,0.8767,True,0.8767,0.1105,0.0128,1.3,NYC,high
40.62,-74.08,0,559,other,0.33273703041144903,0.953475872733742,other,0.7988,True,0.7988,0.1538,0.0474,4.7,NYC,medium
40.62,-74.08,1,679,other,0.4212076583210604,0.9270140674993768,other,0.876,True,0.876,0.1113,0.0127,1.3,NYC,high
40.62,-74.08,2,1134,other,0.2716049382716049,1.0107157148347479,other,0.8733,True,0.8733,0.1137,0.013,1.3,NYC,high
40.62,-74.08,3,1066,other,0.2954971857410882,0.9470093765331922,other,0.873,True,0.873,0.1134,0.0136,1.4,NYC,high
40.62,-74.07000000000001,0,126,other,0.03968253968253968,1.096179818281389,other,0.875,True,0.875,0.112,0.013,1.3,NYC,high
40.62,-74.07000000000001,1,182,property,0.12087912087912088,0.9696962591420305,other,0.8247,False,0.8247,0.1612,0.0141,1.4,NYC,high
40.62,-74.07000000000001,2,290,property,0.19310344827586207,0.9607276813590453,other,0.7605,False,0.7605,0.2242,0.0153,1.5,NYC,medium
40.62,-74.07000000000001,3,256,property,0.07421875,1.0110502763181208,other,0.8749,False,0.8749,0.112,0.0131,1.3,NYC,high
40.62,-74.04,0,83,property,0.08433734939759036,1.0019570790483634,other,0.8417,False,0.8417,0.1446,0.0137,1.4,NYC,high
40.62,-74.04,1,124,property,0.10483870967741936,0.865271751469248,property,0.5301,True,0.4549,0.5301,0.0151,1.5,NYC,uncertain
40.62,-74.04,2,229,property,0.1572052401746725,0.858618369263366,other,0.4955,False,0.4955,0.4897,0.0148,1.5,NYC,uncertain
40.62,-74.04,3,162,property,0.09259259259259259,0.9684652347133961,other,0.8608,False,0.8608,0.1258,0.0134,1.3,NYC,high
40.62,-74.03,0,442,property,0.00904977375565611,1.079762238310705,other,0.8719,False,0.8719,0.1147,0.0135,1.3,NYC,high
40.62,-74.03,1,816,property,0.40808823529411764,0.8053468129060248,property,0.686,True,0.3008,0.686,0.0132,1.3,NYC,medium
40.62,-74.03,2,1441,property,0.3337959750173491,0.8772921094521094,property,0.7665,True,0.2211,0.7665,0.0124,1.2,NYC,medium
40.62,-74.03,3,1042,property,0.1746641074856046,0.9812088733383721,property,0.76,True,0.2274,0.76,0.0125,1.3,NYC,medium
40.62,-74.02,0,175,other,0.04,1.031500236044447,other,0.8714,True,0.8714,0.1157,0.0129,1.3,NYC,high
40.62,-74.02,1,170,property,0.12352941176470589,0.9404111067817409,other,0.6378,False,0.6378,0.3472,0.015,1.5,NYC,medium
40.62,-74.02,2,349,other,0.034383954154727794,0.9803413680926443,other,0.7621,True,0.7621,0.2232,0.0147,1.5,NYC,medium
40.62,-74.02,3,337,other,0.17804154302670624,1.0003013427700858,other,0.7913,True,0.7913,0.194,0.0147,1.5,NYC,medium
40.62,-74.01,0,160,property,0.16875,1.0128288303945152,other,0.8603,False,0.8603,0.1265,0.0132,1.3,NYC,high
40.62,-74.01,1,190,property,0.19473684210526315,0.9811182735099988,other,0.8517,False,0.8517,0.1348,0.0135,1.3,NYC,high
40.62,-74.01,2,302,property,0.26158940397350994,0.9825357134094536,other,0.5391,False,0.5391,0.4457,0.0152,1.5,NYC,uncertain
40.62,-74.01,3,259,other,0.09652509652509653,1.0254703098528182,other,0.8745,True,0.8745,0.1126,0.0129,1.3,NYC,high
40.62,-74.0,0,395,violent,0.03291139240506329,1.0973502241393018,other,0.8562,False,0.8562,0.1278,0.016,1.6,NYC,high
40.62,-74.0,1,436,property,0.11238532110091744,1.0081695951901983,property,0.6059,True,0.3797,0.6059,0.0143,1.4,NYC,medium
40.62,-74.0,2,659,property,0.11229135053110774,1.0077726370452242,other,0.6263,False,0.6263,0.3579,0.0158,1.6,NYC,medium
40.62,-74.0,3,602,other,0.15946843853820597,1.0683815598836688,other,0.8733,True,0.8733,0.1136,0.0131,1.3,NYC,high
40.62,-73.99,0,293,property,0.010238907849829351,1.0704242086055709,other,0.843,False,0.843,0.1432,0.0138,1.4,NYC,high
40.62,-73.99,1,461,property,0.351409978308026,0.8871728636187319,property,0.7669,True,0.2209,0.7669,0.0121,1.2,NYC,medium
40.62,-73.99,2,778,property,0.2300771208226221,0.9358075580687587,property,0.7532,True,0.2342,0.7532,0.0126,1.3,NYC,medium
40.62,-73.99,3,600,property,0.02666666666666667,1.0393404940729214,other,0.8553,False,0.8553,0.1313,0.0134,1.3,NYC,high
40.62,-73.98,0,187,property,0.0427807486631016,1.03571465824125,property,0.6009,True,0.3844,0.6009,0.0147,1.5,NYC,medium
40.62,-73.98,1,348,property,0.41379310344827586,0.8298794369487623,property,0.7605,True,0.2272,0.7605,0.0122,1.2,NYC,medium
40.62,-73.98,2,545,property,0.3467889908256881,0.920696647877294,property,0.5164,True,0.4663,0.5164,0.0173,1.7,NYC,uncertain
40.62,-73.98,3,370,property,0.24324324324324326,0.9929437862978747,other,0.5399,False,0.5399,0.4445,0.0157,1.6,NYC,uncertain
40.62,-73.97,0,124,property,0.20967741935483872,0.9966628380780012,property,0.6962,True,0.2893,0.6962,0.0145,1.4,NYC,medium
40.62,-73.97,1,149,property,0.1610738255033557,0.9354197385010715,property,0.7639,True,0.2235,0.7639,0.0126,1.3,NYC,medium
40.62,-73.97,2,245,property,0.02857142857142857,0.9992157454225972,property,0.765,True,0.2225,0.765,0.0125,1.2,NYC,medium
40.62,-73.97,3,261,other,0.034482758620689655,1.0588032571034944,property,0.7615,False,0.2261,0.7615,0.0124,1.2,NYC,medium
40.62,-73.96000000000001,0,272,property,0.16911764705882354,1.0494041091522497,other,0.7697,False,0.7697,0.2152,0.0151,1.5,NYC,medium
40.62,-73.96000000000001,1,416,property,0.07692307692307693,1.0170862076562939,property,0.754,True,0.2333,0.754,0.0127,1.3,NYC,medium
40.62,-73.96000000000001,2,676,property,0.01775147928994083,1.057539864692737,property,0.7508,True,0.2362,0.7508,0.013,1.3,NYC,medium
40.62,-73.96000000000001,3,573,other,0.03664921465968586,1.089976338935218,property,0.5534,False,0.4288,0.5534,0.0178,1.8,NYC,medium
40.62,-73.95,0,109,property,0.3211009174311927,0.9042864500251104,property,0.7609,True,0.2265,0.7609,0.0126,1.3,NYC,medium
40.62,-73.95,1,165,property,0.030303030303030304,0.9437976096113313,property,0.7675,True,0.2202,0.7675,0.0123,1.2,NYC,medium
40.62,-73.95,2,267,property,0.299625468164794,0.9540261045880261,property,0.7681,True,0.2197,0.7681,0.0122,1.2,NYC,medium
40.62,-73.95,3,206,property,0.11165048543689321,0.9715387759663027,property,0.7659,True,0.2217,0.7659,0.0124,1.2,NYC,medium
40.62,-73.94,0,202,other,0.0297029702970297,1.0291555900330571,other,0.8241,True,0.8241,0.1615,0.0144,1.4,NYC,high
40.62,-73.94,1,224,other,0.013392857142857142,0.9655483700140207,other,0.6185,True,0.6185,0.3662,0.0153,1.5,NYC,medium
40.62,-73.94,2,424,other,0.06367924528301887,1.01288356874836,property,0.7043,False,0.2823,0.7043,0.0134,1.3,NYC,medium
40.62,-73.94,3,334,other,0.0688622754491018,1.0178143140858258,other,0.8498,True,0.8498,0.1364,0.0138,1.4,NYC,high
40.62,-73.93,0,194,property,0.16494845360824742,1.0418260109067186,other,0.8748,False,0.8748,0.1122,0.0129,1.3,NYC,high
40.62,-73.93,1,305,other,0.04918032786885246,1.0412170263323075,property,0.5025,False,0.4826,0.5025,0.0149,1.5,NYC,uncertain
40.62,-73.93,2,486,other,0.08024691358024691,1.016563437197299,other,0.8232,True,0.8232,0.1627,0.0141,1.4,NYC,high
40.62,-73.93,3,420,other,0.15476190476190477,1.0313780383201003,other,0.8719,True,0.8719,0.1148,0.0133,1.3,NYC,high
40.62,-73.92,0,189,other,0.010582010582010581,1.0256675304313978,other,0.8646,True,0.8646,0.1221,0.0133,1.3,NYC,high
40.62,-73.92,1,298,other,0.17785234899328858,0.9272013577754648,property,0.7429,False,0.2445,0.7429,0.0126,1.3,NYC,medium
40.62,-73.92,2,423,other,0.16312056737588654,0.9768577157955376,other,0.4949,True,0.4949,0.4893,0.0158,1.6,NYC,uncertain
40.62,-73.92,3,357,other,0.20168067226890757,1.0418786065158794,other,0.757,True,0.757,0.2256,0.0174,1.7,NYC,medium
40.62,-73.91,0,111,property,0.2972972972972973,0.9102433337484248,other,0.8168,False,0.8168,0.1687,0.0145,1.4,NYC,high
40.62,-73.91,1,181,property,0.0,0.939565631264206,property,0.6462,True,0.3403,0.6462,0.0136,1.4,NYC,medium
40.62,-73.91,2,300,other,0.04,0.9924786187905841,other,0.6796,True,0.6796,0.3046,0.0157,1.6,NYC,medium
40.62,-73.91,3,242,other,0.24380165289256198,0.9620497458383424,other,0.8623,True,0.8623,0.1242,0.0135,1.4,NYC,high
40.62,-73.9,0,36,property,0.3055555555555556,0.8703073039930723,property,0.7626,True,0.2249,0.7626,0.0125,1.2,NYC,medium
40.62,-73.9,1,23,property,0.13043478260869565,0.9189639831203728,property,0.764,True,0.2232,0.764,0.0129,1.3,NYC,medium
40.62,-73.9,2,63,property,0.1746031746031746,1.049054334825808,property,0.7627,True,0.2246,0.7627,0.0127,1.3,NYC,medium
40.62,-73.9,3,38,property,0.07894736842105263,0.9877273644412643,property,0.7632,True,0.2246,0.7632,0.0123,1.2,NYC,medium
40.63,-74.19,0,3,other,1.0,4.34465315364359e-08,other,0.8635,True,0.8635,0.1216,0.0149,1.5,NYC,high
40.63,-74.18,0,13,property,0.0,1.0733942812811266,other,0.8704,False,0.8704,0.1157,0.0138,1.4,NYC,high
40.63,-74.18,1,35,property,0.37142857142857144,0.7973905684199625,property,0.7544,True,0.2323,0.7544,0.0133,1.3,NYC,medium
40.63,-74.18,2,64,property,0.453125,0.8416990422217969,property,0.7533,True,0.2334,0.7533,0.0133,1.3,NYC,medium
40.63,-74.18,3,32,property,0.03125,1.091649996728975,property,0.7425,True,0.2432,0.7425,0.0143,1.4,NYC,medium
40.63,-74.17,0,70,other,0.21428571428571427,0.9231585681808718,other,0.8714,True,0.8714,0.115,0.0136,1.4,NYC,high
40.63,-74.17,1,87,other,0.14942528735632185,0.9575263731465826,other,0.8753,True,0.8753,0.1118,0.0129,1.3,NYC,high
40.63,-74.17,2,164,other,0.2621951219512195,1.025406406254597,other,0.8779,True,0.8779,0.1096,0.0125,1.3,NYC,high
40.63,-74.17,3,124,other,0.4435483870967742,0.8781402884600228,other,0.8722,True,0.8722,0.1143,0.0135,1.3,NYC,high
40.63,-74.16,0,247,other,0.2550607287449393,0.9767855927674983,other,0.8763,True,0.8763,0.1109,0.0128,1.3,NYC,high
40.63,-74.16,1,432,other,0.11574074074074074,1.0357041237699476,other,0.8717,True,0.8717,0.1154,0.013,1.3,NYC,high
40.63,-74.16,2,678,other,0.19321533923303835,1.0287656700455798,other,0.871,True,0.871,0.1159,0.0131,1.3,NYC,high
40.63,-74.16,3,545,other,0.3155963302752294,0.9952385261844718,other,0.8748,True,0.8748,0.1119,0.0133,1.3,NYC,high
40.63,-74.15,0,149,other,0.12751677852348994,1.0614744142694659,other,0.8744,True,0.8744,0.1124,0.0132,1.3,NYC,high
40.63,-74.15,1,219,other,0.1278538812785388,1.0482930839513678,other,0.8748,True,0.8748,0.1123,0.0129,1.3,NYC,high
40.63,-74.15,2,400,other,0.2775,1.0207203928404165,other,0.8772,True,0.8772,0.1101,0.0126,1.3,NYC,high
40.63,-74.15,3,335,other,0.3283582089552239,0.9596123350806085,other,0.8773,True,0.8773,0.1099,0.0129,1.3,NYC,high
40.63,-74.14,0,224,other,0.05803571428571429,1.0876257219270156,other,0.8736,True,0.8736,0.1131,0.0133,1.3,NYC,high
40.63,-74.14,1,244,other,0.10245901639344263,1.0833267844656482,other,0.879,True,0.879,0.1085,0.0124,1.2,NYC,high
40.63,-74.14,2,384,other,0.3177083333333333,0.9976994827026768,other,0.8751,True,0.8751,0.112,0.0128,1.3,NYC,high
40.63,-74.14,3,344,other,0.30523255813953487,1.0052349767260154,other,0.8773,True,0.8773,0.1101,0.0127,1.3,NYC,high
40.63,-74.13,0,177,other,0.13559322033898305,1.0669897862037512,other,0.8776,True,0.8776,0.1097,0.0127,1.3,NYC,high
40.63,-74.13,1,308,property,0.17532467532467533,0.9714830095499382,other,0.8754,False,0.8754,0.1118,0.0128,1.3,NYC,high
40.63,-74.13,2,412,property,0.07524271844660194,1.0298339180313902,other,0.6816,False,0.6816,0.303,0.0155,1.5,NYC,medium
40.63,-74.13,3,411,other,0.0705596107055961,1.0327074892123111,other,0.8759,True,0.8759,0.1112,0.0129,1.3,NYC,high
40.63,-74.12,0,186,other,0.27956989247311825,1.023858927224513,other,0.87,True,0.87,0.1157,0.0143,1.4,NYC,high
40.63,-74.12,1,354,other,0.3107344632768362,0.9949909773819693,other,0.8757,True,0.8757,0.1115,0.0128,1.3,NYC,high
40.63,-74.12,2,543,other,0.20257826887661143,1.031845681689798,other,0.8734,True,0.8734,0.1136,0.0129,1.3,NYC,high
40.63,-74.12,3,433,other,0.2586605080831409,1.0068163486539357,other,0.8741,True,0.8741,0.1124,0.0135,1.3,NYC,high
40.63,-74.11,0,104,other,0.09615384615384616,1.010357068734513,other,0.8733,True,0.8733,0.1138,0.0129,1.3,NYC,high
40.63,-74.11,1,154,other,0.11688311688311688,0.905372456672316,other,0.7436,True,0.7436,0.2411,0.0153,1.5,NYC,medium
40.63,-74.11,2,256,other,0.17578125,1.0173514434307616,other,0.7069,True,0.7069,0.2782,0.0149,1.5,NYC,medium
40.63,-74.11,3,197,property,0.015228426395939087,1.079361487168585,other,0.6409,False,0.6409,0.3436,0.0155,1.5,NYC,medium
40.63,-74.10000000000001,0,82,other,0.24390243902439024,1.0139217899833977,other,0.8464,True,0.8464,0.1385,0.0152,1.5,NYC,high
40.63,-74.10000000000001,1,104,other,0.375,0.9526309044939834,other,0.8704,True,0.8704,0.1162,0.0134,1.3,NYC,high
40.63,-74.10000000000001,2,127,other,0.10236220472440945,0.9578450341067214,other,0.8697,True,0.8697,0.1171,0.0133,1.3,NYC,high
40.63,-74.10000000000001,3,94,other,0.1595744680851064,1.006260322839183,other,0.876,True,0.876,0.111,0.013,1.3,NYC,high
40.63,-74.09,0,95,other,0.25263157894736843,0.9993997389688232,other,0.8736,True,0.8736,0.1132,0.0132,1.3,NYC,high
40.63,-74.09,1,131,other,0.2595419847328244,1.015822312884684,other,0.8713,True,0.8713,0.1159,0.0129,1.3,NYC,high
40.63,-74.09,2,197,other,0.28426395939086296,0.9260551453949344,other,0.8753,True,0.8753,0.1119,0.0127,1.3,NYC,high
40.63,-74.09,3,182,other,0.34615384615384615,0.9727696382494827,other,0.8761,True,0.8761,0.1111,0.0128,1.3,NYC,high
40.63,-74.08,0,344,other,0.2005813953488372,1.0491087524010674,other,0.8692,True,0.8692,0.1154,0.0154,1.5,NYC,high
40.63,-74.08,1,432,other,0.3055555555555556,0.9884627215545427,other,0.871,True,0.871,0.1159,0.013,1.3,NYC,high
40.63,-74.08,2,719,other,0.24339360222531292,1.0420990151570053,other,0.8739,True,0.8739,0.1133,0.0128,1.3,NYC,high
40.63,-74.08,3,610,other,0.3819672131147541,0.9626008015838061,other,0.875,True,0.875,0.1121,0.0129,1.3,NYC,high
40.63,-74.07000000000001,0,86,violent,0.09302325581395349,0.8931661044838358,other,0.8638,False,0.8638,0.1208,0.0154,1.5,NYC,high
40.63,-74.07000000000001,1,54,other,0.24074074074074073,0.9552447994863572,other,0.8565,True,0.8565,0.1301,0.0135,1.3,NYC,high
40.63,-74.07000000000001,2,96,other,0.2916666666666667,1.0054668293254954,other,0.8701,True,0.8701,0.1162,0.0137,1.4,NYC,high
40.63,-74.07000000000001,3,92,other,0.2391304347826087,0.9995254298167132,other,0.876,True,0.876,0.1109,0.0131,1.3,NYC,high
40.63,-74.04,0,19,property,0.2631578947368421,0.9174021803627407,other,0.5255,False,0.5255,0.4591,0.0153,1.5,NYC,uncertain
40.63,-74.04,1,64,other,0.015625,1.0327119369306486,other,0.8568,True,0.8568,0.1295,0.0136,1.4,NYC,high
40.63,-74.04,2,97,other,0.020618556701030927,1.0913034011478535,other,0.8128,True,0.8128,0.1723,0.0149,1.5,NYC,high
40.63,-74.04,3,53,property,0.03773584905660377,1.030171925729701,other,0.75,False,0.75,0.2349,0.015,1.5,NYC,medium
40.63,-74.03,0,253,property,0.03557312252964427,1.0792884390649187,other,0.8694,False,0.8694,0.1165,0.0141,1.4,NYC,high
40.63,-74.03,1,440,property,0.32727272727272727,0.8599945871532684,other,0.6427,False,0.6427,0.3422,0.0151,1.5,NYC,medium
40.63,-74.03,2,715,property,0.34545454545454546,0.8857957494375039,other,0.7479,False,0.7479,0.2376,0.0146,1.5,NYC,medium
40.63,-74.03,3,580,property,0.20517241379310344,0.9641870525569741,other,0.874,False,0.874,0.1131,0.0129,1.3,NYC,high
40.63,-74.02,0,277,other,0.08664259927797834,1.054085005704513,other,0.8553,True,0.8553,0.131,0.0137,1.4,NYC,high
40.63,-74.02,1,522,property,0.31417624521072796,0.9227294589952151,other,0.7786,False,0.7786,0.2068,0.0146,1.5,NYC,medium
40.63,-74.02,2,929,property,0.30355220667384286,0.9380556430271351,other,0.8244,False,0.8244,0.1616,0.014,1.4,NYC,high
40.63,-74.02,3,835,property,0.1437125748502994,0.9993688108642994,other,0.8728,False,0.8728,0.1142,0.013,1.3,NYC,high
40.63,-74.01,0,460,property,0.05652173913043478,1.0586933957378313,other,0.8252,False,0.8252,0.1559,0.0189,1.9,NYC,high
40.63,-74.01,1,610,property,0.4491803278688525,0.8381900763944929,property,0.7614,True,0.2261,0.7614,0.0125,1.3,NYC,medium
40.63,-74.01,2,986,property,0.4817444219066937,0.8288973363529052,property,0.7616,True,0.2259,0.7616,0.0125,1.3,NYC,medium
40.63,-74.01,3,813,property,0.13530135301353013,1.0209718083084804,other,0.7317,False,0.7317,0.2515,0.0169,1.7,NYC,medium
40.63,-74.0,0,348,property,0.05747126436781609,1.0852302288343756,other,0.8636,False,0.8636,0.123,0.0133,1.3,NYC,high
40.63,-74.0,1,292,property,0.1541095890410959,0.9446278507563028,property,0.7514,True,0.2359,0.7514,0.0127,1.3,NYC,medium
40.63,-74.0,2,434,property,0.14055299539170507,0.9951447254715352,property,0.7165,True,0.2707,0.7165,0.0128,1.3,NYC,medium
40.63,-74.0,3,427,other,0.08665105386416862,1.0572629926291635,property,0.6996,False,0.2872,0.6996,0.0132,1.3,NYC,medium
40.63,-73.99,0,224,other,0.19642857142857142,0.9994000495250654,other,0.8736,True,0.8736,0.1135,0.0129,1.3,NYC,high
40.63,-73.99,1,229,other,0.056768558951965066,0.927174795141729,other,0.8465,True,0.8465,0.14,0.0136,1.4,NYC,high
40.63,-73.99,2,407,other,0.12776412776412777,0.9480833016990444,other,0.766,True,0.766,0.2194,0.0146,1.5,NYC,medium
40.63,-73.99,3,339,other,0.35988200589970504,0.9157299006095352,other,0.8678,True,0.8678,0.1189,0.0133,1.3,NYC,high
40.63,-73.98,0,202,property,0.0594059405940594,1.0579864679813449,other,0.5708,False,0.5708,0.4096,0.0196,2.0,NYC,medium
40.63,-73.98,1,261,property,0.19540229885057472,0.9763913013492719,property,0.7657,True,0.2222,0.7657,0.0121,1.2,NYC,medium
40.63,-73.98,2,450,property,0.09555555555555556,1.0377555328129486,property,0.7674,True,0.2205,0.7674,0.012,1.2,NYC,medium
40.63,-73.98,3,395,property,0.012658227848101266,1.0565545387395876,property,0.7528,True,0.2347,0.7528,0.0125,1.3,NYC,medium
40.63,-73.97,0,441,other,0.18820861678004536,1.0458214678163487,other,0.8724,True,0.8724,0.1144,0.0132,1.3,NYC,high
40.63,-73.97,1,489,other,0.18404907975460122,0.9779048122700686,other,0.8634,True,0.8634,0.1234,0.0133,1.3,NYC,high
40.63,-73.97,2,783,other,0.17879948914431673,1.0071287912480933,other,0.8695,True,0.8695,0.1173,0.0132,1.3,NYC,high
40.63,-73.97,3,760,other,0.3013157894736842,1.0063729213125074,other,0.8713,True,0.8713,0.1155,0.0132,1.3,NYC,high
40.63,-73.96000000000001,0,230,property,0.021739130434782608,1.0844092249595552,property,0.5179,True,0.4641,0.5179,0.018,1.8,NYC,uncertain
40.63,-73.96000000000001,1,301,property,0.08305647840531562,1.0350702138510586,property,0.533,True,0.4518,0.533,0.0152,1.5,NYC,uncertain
40.63,-73.96000000000001,2,492,property,0.0040650406504065045,1.048458279662012,property,0.7157,True,0.2706,0.7157,0.0137,1.4,NYC,medium
40.63,-73.96000000000001,3,423,other,0.17257683215130024,1.0671672601463804,other,0.6711,True,0.6711,0.308,0.0209,2.1,NYC,medium
40.63,-73.95,0,392,other,0.007653061224489796,1.0656850819006816,property,0.5615,False,0.4208,0.5615,0.0177,1.8,NYC,medium
40.63,-73.95,1,867,property,0.3102652825836217,0.9265370245812008,property,0.7641,True,0.2234,0.7641,0.0125,1.3,NYC,medium
40.63,-73.95,2,1577,property,0.3151553582752061,0.9414364321039776,property,0.769,True,0.2189,0.769,0.0121,1.2,NYC,medium
40.63,-73.95,3,1112,property,0.20503597122302158,1.0269123554165143,property,0.7641,True,0.2234,0.7641,0.0125,1.2,NYC,medium
40.63,-73.94,0,319,other,0.2413793103448276,1.0429261262311178,other,0.8692,True,0.8692,0.1173,0.0135,1.3,NYC,high
40.63,-73.94,1,420,other,0.1595238095238095,1.0492643862538373,other,0.8755,True,0.8755,0.1119,0.0126,1.3,NYC,high
40.63,-73.94,2,639,other,0.26604068857589985,0.9958021131116481,other,0.8738,True,0.8738,0.1134,0.0128,1.3,NYC,high
40.63,-73.94,3,606,other,0.2722772277227723,1.0277126464535715,other,0.8746,True,0.8746,0.1124,0.0129,1.3,NYC,high
40.63,-73.93,0,271,property,0.03690036900369004,1.019815426717074,other,0.873,False,0.873,0.114,0.013,1.3,NYC,high
40.63,-73.93,1,392,property,0.10204081632653061,0.9804592112512605,property,0.7118,True,0.2751,0.7118,0.013,1.3,NYC,medium
40.63,-73.93,2,681,property,0.01762114537444934,1.024585786001591,other,0.5002,False,0.5002,0.4837,0.0161,1.6,NYC,uncertain
40.63,-73.93,3,552,other,0.1721014492753623,1.0210552463510973,other,0.8667,True,0.8667,0.1201,0.0132,1.3,NYC,high
40.63,-73.92,0,222,other,0.04054054054054054,1.0669188774753298,other,0.8704,True,0.8704,0.1162,0.0135,1.3,NYC,high
40.63,-73.92,1,436,other,0.23623853211009174,1.0096508657841843,other,0.6374,True,0.6374,0.3446,0.018,1.8,NYC,medium
40.63,-73.92,2,720,other,0.12916666666666668,1.050763909311945,other,0.6718,True,0.6718,0.309,0.0192,1.9,NYC,medium
40.63,-73.92,3,584,other,0.2842465753424658,1.0205200453064902,other,0.873,True,0.873,0.1138,0.0132,1.3,NYC,high
40.63,-73.91,0,149,other,0.18120805369127516,1.0661063270769402,other,0.8616,True,0.8616,0.1246,0.0138,1.4,NYC,high
40.63,-73.91,1,243,other,0.1440329218106996,0.9977066891042221,other,0.8686,True,0.8686,0.1188,0.0127,1.3,NYC,high
40.63,-73.91,2,355,other,0.19154929577464788,1.0317639108104473,other,0.8629,True,0.8629,0.1242,0.0129,1.3,NYC,high
40.63,-73.91,3,360,other,0.2916666666666667,1.0085314279857676,other,0.8778,True,0.8778,0.1096,0.0126,1.3,NYC,high
40.63,-73.9,0,141,other,0.20567375886524822,1.027241298018306,other,0.8645,True,0.8645,0.1222,0.0132,1.3,NYC,high
40.63,-73.9,1,263,other,0.30038022813688214,0.9441521285482166,other,0.834,True,0.834,0.1521,0.0139,1.4,NYC,high
40.63,-73.9,2,389,other,0.2853470437017995,1.0032133455617693,other,0.8696,True,0.8696,0.1176,0.0128,1.3,NYC,high
40.63,-73.9,3,330,other,0.3303030303030303,0.9608920269931392,other,0.8736,True,0.8736,0.1132,0.0132,1.3,NYC,high
40.63,-73.89,0,175,other,0.29714285714285715,0.9516530457515545,other,0.8632,True,0.8632,0.1201,0.0168,1.7,NYC,high
40.63,-73.89,1,269,other,0.10037174721189591,1.0884560456546502,property,0.4998,False,0.4827,0.4998,0.0175,1.7,NYC,uncertain
40.63,-73.89,2,440,other,0.12272727272727273,1.0568395470212397,other,0.8681,True,0.8681,0.1189,0.0129,1.3,NYC,high
40.63,-73.89,3,471,other,0.21443736730360935,1.0512997926764749,other,0.8752,True,0.8752,0.1116,0.0131,1.3,NYC,high
40.63,-73.88,0,110,other,0.03636363636363636,0.9853398464786045,other,0.7238,True,0.7238,0.1782,0.098,9.8,NYC,medium
40.63,-73.88,1,169,other,0.14201183431952663,1.0602099983547166,other,0.8755,True,0.8755,0.1117,0.0128,1.3,NYC,high
40.63,-73.88,2,223,other,0.3004484304932735,1.0008426374523092,other,0.8727,True,0.8727,0.1143,0.013,1.3,NYC,high
40.63,-73.88,3,216,other,0.28703703703703703,0.9177773685554234,other,0.8412,True,0.8412,0.1343,0.0245,2.5,NYC,high
40.64,-74.18,0,3,other,0.3333333333333333,0.6365141893815645,other,0.8608,True,0.8608,0.1238,0.0153,1.5,NYC,high
40.64,-74.18,2,3,violent,0.3333333333333333,0.6365141893815645,other,0.8566,False,0.8566,0.1289,0.0145,1.5,NYC,high
40.64,-74.18,3,4,property,0.0,0.6931472015900639,other,0.8673,False,0.8673,0.1184,0.0143,1.4,NYC,high
40.64,-74.17,0,140,other,0.30714285714285716,0.9797498672448781,other,0.8062,True,0.8062,0.1515,0.0423,4.2,NYC,high
40.64,-74.17,1,226,other,0.28761061946902655,1.0068118709342353,other,0.8758,True,0.8758,0.1115,0.0127,1.3,NYC,high
40.64,-74.17,2,328,other,0.2926829268292683,1.0166884729973225,other,0.876,True,0.876,0.1112,0.0127,1.3,NYC,high
40.64,-74.17,3,249,other,0.43373493975903615,0.8610297321516769,other,0.8755,True,0.8755,0.1112,0.0133,1.3,NYC,high
40.64,-74.16,0,94,other,0.1702127659574468,1.0709209105144877,other,0.872,True,0.872,0.1138,0.0142,1.4,NYC,high
40.64,-74.16,1,131,other,0.3816793893129771,0.9546102209996333,other,0.8763,True,0.8763,0.1108,0.0128,1.3,NYC,high
40.64,-74.16,2,174,other,0.28735632183908044,1.0125516675612034,other,0.8731,True,0.8731,0.1138,0.013,1.3,NYC,high
40.64,-74.16,3,150,other,0.4,0.9108426184681704,other,0.8747,True,0.8747,0.1124,0.0129,1.3,NYC,high
40.64,-74.15,0,52,other,0.09615384615384616,1.076014824930685,other,0.8753,True,0.8753,0.1114,0.0133,1.3,NYC,high
40.64,-74.15,1,54,other,0.24074074074074073,1.0204779854120347,other,0.8776,True,0.8776,0.1096,0.0128,1.3,NYC,high
40.64,-74.15,2,113,other,0.36283185840707965,0.9403009959139059,other,0.8741,True,0.8741,0.1128,0.0131,1.3,NYC,high
40.64,-74.15,3,89,other,0.2247191011235955,1.0424273021709483,other,0.8736,True,0.8736,0.1128,0.0136,1.4,NYC,high
40.64,-74.14,0,140,other,0.17142857142857143,1.0364096074001297,other,0.87,True,0.87,0.1157,0.0143,1.4,NYC,high
40.64,-74.14,1,198,other,0.3686868686868687,0.9648984885621227,other,0.8765,True,0.8765,0.1108,0.0127,1.3,NYC,high
40.64,-74.14,2,293,other,0.3174061433447099,0.9637689734971377,other,0.8769,True,0.8769,0.1104,0.0127,1.3,NYC,high
40.64,-74.14,3,279,other,0.32616487455197135,0.9776384288779022,other,0.8673,True,0.8673,0.1178,0.0149,1.5,NYC,high
40.64,-74.13,0,207,other,0.09178743961352658,1.0015636497654878,other,0.7863,True,0.7863,0.1589,0.0548,5.5,NYC,medium
40.64,-74.13,1,285,other,0.23157894736842105,1.0209176221931728,other,0.8747,True,0.8747,0.1125,0.0129,1.3,NYC,high
40.64,-74.13,2,426,other,0.28169014084507044,1.0024558848162206,other,0.8767,True,0.8767,0.1105,0.0127,1.3,NYC,high
40.64,-74.13,3,357,other,0.24649859943977592,1.003738657945733,other,0.8699,True,0.8699,0.1158,0.0142,1.4,NYC,high
40.64,-74.12,0,170,other,0.31176470588235294,0.9716638024806186,other,0.8131,True,0.8131,0.1476,0.0393,3.9,NYC,high
40.64,-74.12,1,236,other,0.2796610169491525,1.0119956004467134,other,0.8777,True,0.8777,0.1097,0.0126,1.3,NYC,high
40.64,-74.12,2,342,other,0.24561403508771928,1.0034120182600073,other,0.8725,True,0.8725,0.1144,0.0131,1.3,NYC,high
40.64,-74.12,3,381,other,0.25196850393700787,0.9971606077105721,other,0.8723,True,0.8723,0.114,0.0137,1.4,NYC,high
40.64,-74.11,0,98,other,0.04081632653061224,1.0957210284269405,other,0.8765,True,0.8765,0.1107,0.0127,1.3,NYC,high
40.64,-74.11,1,169,other,0.21301775147928995,1.0486860684790276,other,0.8702,True,0.8702,0.1169,0.0128,1.3,NYC,high
40.64,-74.11,2,193,other,0.20725388601036268,1.0506997144909582,other,0.8763,True,0.8763,0.1111,0.0126,1.3,NYC,high
40.64,-74.11,3,180,other,0.3277777777777778,0.9889943012418494,other,0.875,True,0.875,0.1122,0.0128,1.3,NYC,high
40.64,-74.10000000000001,0,59,other,0.15254237288135594,1.0612477890097622,other,0.8694,True,0.8694,0.1169,0.0138,1.4,NYC,high
40.64,-74.10000000000001,1,89,other,0.3146067415730337,0.9237575490495606,other,0.8537,True,0.8537,0.1329,0.0134,1.3,NYC,high
40.64,-74.10000000000001,2,106,other,0.3113207547169811,0.9449988680843636,other,0.871,True,0.871,0.1157,0.0133,1.3,NYC,high
40.64,-74.10000000000001,3,99,other,0.32323232323232326,0.950302096429701,other,0.8767,True,0.8767,0.1104,0.0129,1.3,NYC,high
40.64,-74.09,0,308,other,0.2987012987012987,0.9441965701932322,other,0.8656,True,0.8656,0.1186,0.0158,1.6,NYC,high
40.64,-74.09,1,475,other,0.35368421052631577,0.9660550034387888,other,0.8755,True,0.8755,0.1118,0.0127,1.3,NYC,high
40.64,-74.09,2,738,other,0.2886178861788618,1.018306698468003,other,0.8746,True,0.8746,0.1125,0.0129,1.3,NYC,high
40.64,-74.09,3,660,other,0.27121212121212124,0.9765054046953232,other,0.8777,True,0.8777,0.1095,0.0128,1.3,NYC,high
40.64,-74.08,0,644,other,0.2406832298136646,1.0052217751172852,other,0.8673,True,0.8673,0.1166,0.016,1.6,NYC,high
40.64,-74.08,1,983,other,0.24211597151576805,1.0003194494179501,other,0.8737,True,0.8737,0.1133,0.013,1.3,NYC,high
40.64,-74.08,2,1826,other,0.0700985761226725,1.0260621841365187,other,0.8734,True,0.8734,0.1136,0.013,1.3,NYC,high
40.64,-74.08,3,1172,other,0.31399317406143346,1.0034166126600572,other,0.8743,True,0.8743,0.1126,0.0131,1.3,NYC,high
40.64,-74.07000000000001,0,75,violent,0.06666666666666667,1.060787262502382,other,0.799,False,0.799,0.159,0.042,4.2,NYC,medium
40.64,-74.07000000000001,1,99,other,0.15151515151515152,1.0271492471638468,other,0.8741,True,0.8741,0.1129,0.0131,1.3,NYC,high
40.64,-74.07000000000001,2,305,other,0.5180327868852459,0.8347745313886383,other,0.8733,True,0.8733,0.1134,0.0133,1.3,NYC,high
40.64,-74.07000000000001,3,152,other,0.17763157894736842,1.037621589816534,other,0.8774,True,0.8774,0.1097,0.0129,1.3,NYC,high
40.64,-74.04,0,26,other,0.038461538461538464,0.96995943555062,other,0.5202,True,0.5202,0.4646,0.0152,1.5,NYC,uncertain
40.64,-74.04,1,31,property,0.2903225806451613,0.8418424981876392,property,0.5233,True,0.4619,0.5233,0.0149,1.5,NYC,uncertain
40.64,-74.04,2,38,property,0.15789473684210525,0.9426749615639383,property,0.7225,True,0.2647,0.7225,0.0128,1.3,NYC,medium
40.64,-74.04,3,45,other,0.06666666666666667,1.0352223863597825,property,0.5198,False,0.4651,0.5198,0.0151,1.5,NYC,uncertain
40.64,-74.03,0,114,other,0.07017543859649122,1.0468457447700068,other,0.8757,True,0.8757,0.1115,0.0127,1.3,NYC,high
40.64,-74.03,1,156,property,0.10897435897435898,1.0150698868304158,property,0.5534,True,0.4315,0.5534,0.015,1.5,NYC,medium
40.64,-74.03,2,233,property,0.017167381974248927,1.043268828016756,other,0.8549,False,0.8549,0.1319,0.0132,1.3,NYC,high
40.64,-74.03,3,209,other,0.07177033492822966,1.0523530418083709,other,0.8715,True,0.8715,0.1157,0.0128,1.3,NYC,high
40.64,-74.02,0,676,other,0.21597633136094674,1.0382652393971545,other,0.8719,True,0.8719,0.115,0.0131,1.3,NYC,high
40.64,-74.02,1,761,property,0.16031537450722733,0.9715212122140555,other,0.8778,False,0.8778,0.1098,0.0124,1.2,NYC,high
40.64,-74.02,2,1197,property,0.04427736006683375,1.0162221568526777,other,0.8738,False,0.8738,0.1134,0.0128,1.3,NYC,high
40.64,-74.02,3,1127,other,0.18012422360248448,1.0393758963671642,other,0.8741,True,0.8741,0.1128,0.0131,1.3,NYC,high
40.64,-74.01,0,922,property,0.005422993492407809,1.0954081588774232,violent,0.4798,False,0.3614,0.1588,0.4798,48.0,NYC,uncertain
40.64,-74.01,1,1178,property,0.40152801358234297,0.9036598724046967,property,0.7126,True,0.2739,0.7126,0.0135,1.3,NYC,medium
40.64,-74.01,2,1794,property,0.3049052396878484,0.9632581094087845,property,0.7364,True,0.2505,0.7364,0.0131,1.3,NYC,medium
40.64,-74.01,3,1333,other,0.08402100525131283,1.089650732982034,other,0.7277,True,0.7277,0.2431,0.0293,2.9,NYC,medium
40.64,-74.0,0,560,property,0.025,1.09370069710842,other,0.6936,False,0.6936,0.2448,0.0616,6.2,NYC,medium
40.64,-74.0,1,652,property,0.17638036809815952,1.0042360418712428,property,0.7629,True,0.2246,0.7629,0.0125,1.2,NYC,medium
40.64,-74.0,2,965,property,0.2,1.0103343186877323,property,0.7346,True,0.2525,0.7346,0.013,1.3,NYC,medium
40.64,-74.0,3,891,other,0.10325476992143659,1.0785030215416094,other,0.7858,True,0.7858,0.1968,0.0174,1.7,NYC,medium
40.64,-73.99,0,416,other,0.04807692307692308,1.096335388310696,other,0.6536,True,0.6536,0.2221,0.1242,12.4,NYC,medium
40.64,-73.99,1,385,property,0.12987012987012986,1.0103394280414653,property,0.7521,True,0.2353,0.7521,0.0127,1.3,NYC,medium
40.64,-73.99,2,598,other,0.03678929765886288,0.9970234319846221,property,0.7482,False,0.2395,0.7482,0.0123,1.2,NYC,medium
40.64,-73.99,3,547,other,0.0712979890310786,1.0734424627380497,other,0.8536,True,0.8536,0.133,0.0134,1.3,NYC,high
40.64,-73.98,0,283,other,0.02120141342756184,1.072543752398905,other,0.7515,True,0.7515,0.22,0.0285,2.8,NYC,medium
40.64,-73.98,1,352,property,0.21306818181818182,0.9535599631677145,property,0.7547,True,0.2327,0.7547,0.0126,1.3,NYC,medium
40.64,-73.98,2,670,property,0.28059701492537314,0.9778547425628383,other,0.7565,False,0.7565,0.2287,0.0148,1.5,NYC,medium
40.64,-73.98,3,564,other,0.04964539007092199,1.078330275185742,other,0.8427,True,0.8427,0.1429,0.0144,1.4,NYC,high
40.64,-73.97,0,322,property,0.043478260869565216,1.0933308907679797,other,0.7187,False,0.7187,0.2499,0.0314,3.1,NYC,medium
40.64,-73.97,1,349,property,0.05157593123209169,1.006237934659436,property,0.7422,True,0.2449,0.7422,0.0129,1.3,NYC,medium
40.64,-73.97,2,642,other,0.03115264797507788,1.037163649344148,property,0.7406,False,0.2464,0.7406,0.013,1.3,NYC,medium
40.64,-73.97,3,601,other,0.10815307820299501,1.0559431647534674,property,0.5711,False,0.412,0.5711,0.0169,1.7,NYC,medium
40.64,-73.96000000000001,0,514,other,0.05058365758754864,1.0749579111981946,other,0.6865,True,0.6865,0.2031,0.1104,11.0,NYC,medium
40.64,-73.96000000000001,1,941,property,0.07226354941551541,1.0430004893241998,other,0.5927,False,0.5927,0.3898,0.0175,1.7,NYC,medium
40.64,-73.96000000000001,2,1307,property,0.06962509563886764,1.0433230858469658,other,0.5659,False,0.5659,0.415,0.0191,1.9,NYC,medium
40.64,-73.96000000000001,3,1160,other,0.1456896551724138,1.0772167552160132,other,0.805,True,0.805,0.1769,0.0181,1.8,NYC,high
40.64,-73.95,0,758,other,0.1424802110817942,1.0750145650228013,other,0.6438,True,0.6438,0.1849,0.1713,17.1,NYC,medium
40.64,-73.95,1,1039,other,0.21174205967276227,1.0396870409817476,other,0.8524,True,0.8524,0.1341,0.0135,1.3,NYC,high
40.64,-73.95,2,1709,other,0.18665886483323582,1.0403687813895148,other,0.8522,True,0.8522,0.1328,0.0149,1.5,NYC,high
40.64,-73.95,3,1705,other,0.23401759530791788,1.0099822108495307,other,0.8485,True,0.8485,0.1302,0.0214,2.1,NYC,high
40.64,-73.94,0,350,other,0.05714285714285714,1.0567224107186448,other,0.8585,True,0.8585,0.127,0.0145,1.5,NYC,high
40.64,-73.94,1,397,other,0.12090680100755667,1.0415124485892306,other,0.77,True,0.77,0.2147,0.0153,1.5,NYC,medium
40.64,-73.94,2,673,other,0.2362555720653789,1.0169597685637204,other,0.6795,True,0.6795,0.3013,0.0192,1.9,NYC,medium
40.64,-73.94,3,625,other,0.2768,1.0208447715734232,other,0.8652,True,0.8652,0.1212,0.0135,1.4,NYC,high
40.64,-73.93,0,296,other,0.06756756756756757,1.0933680803123336,other,0.8767,True,0.8767,0.1106,0.0127,1.3,NYC,high
40.64,-73.93,1,571,property,0.3502626970227671,0.9295265160390751,property,0.7148,True,0.2723,0.7148,0.0129,1.3,NYC,medium
40.64,-73.93,2,959,property,0.28258602711157454,0.9156666802893958,other,0.6915,False,0.6915,0.2902,0.0183,1.8,NYC,medium
40.64,-73.93,3,773,property,0.1759379042690815,1.0096633535762913,other,0.8707,False,0.8707,0.1163,0.013,1.3,NYC,high
40.64,-73.92,0,241,other,0.16597510373443983,1.0701418752972633,other,0.8713,True,0.8713,0.1148,0.0139,1.4,NYC,high
40.64,-73.92,1,354,other,0.1977401129943503,1.0481030751716536,other,0.8773,True,0.8773,0.1102,0.0124,1.2,NYC,high
40.64,-73.92,2,514,other,0.32490272373540857,0.9938063924245688,other,0.8774,True,0.8774,0.11,0.0125,1.3,NYC,high
40.64,-73.92,3,433,other,0.23556581986143188,1.0398743447128718,other,0.8772,True,0.8772,0.1101,0.0127,1.3,NYC,high
40.64,-73.91,0,359,other,0.15877437325905291,1.0694157984978008,other,0.8736,True,0.8736,0.1132,0.0132,1.3,NYC,high
40.64,-73.91,1,461,other,0.2472885032537961,1.0248683257902278,other,0.8752,True,0.8752,0.1122,0.0127,1.3,NYC,high
40.64,-73.91,2,721,other,0.19972260748959778,1.048855746816521,other,0.8664,True,0.8664,0.1204,0.0133,1.3,NYC,high
40.64,-73.91,3,654,other,0.3287461773700306,0.9939221038288061,other,0.8758,True,0.8758,0.1114,0.0128,1.3,NYC,high
40.64,-73.9,0,256,other,0.16015625,1.060110612900445,other,0.8738,True,0.8738,0.1127,0.0135,1.3,NYC,high
40.64,-73.9,1,374,other,0.1711229946524064,1.0482261895411833,other,0.8737,True,0.8737,0.1136,0.0127,1.3,NYC,high
40.64,-73.9,2,594,other,0.23063973063973064,1.042620354439373,other,0.8738,True,0.8738,0.1133,0.0129,1.3,NYC,high
40.64,-73.9,3,535,other,0.36074766355140186,0.9694799705398021,other,0.8769,True,0.8769,0.1102,0.0129,1.3,NYC,high
40.64,-73.89,0,205,other,0.05365853658536585,1.090724130803958,other,0.7546,True,0.7546,0.2243,0.0211,2.1,NYC,medium
40.64,-73.89,1,245,other,0.30612244897959184,0.9255154307720613,property,0.5781,False,0.4059,0.5781,0.016,1.6,NYC,medium
40.64,-73.89,2,375,other,0.23466666666666666,0.9911329173065688,other,0.8725,True,0.8725,0.115,0.0125,1.3,NYC,high
40.64,-73.89,3,435,other,0.28045977011494255,1.0196405385262262,other,0.8781,True,0.8781,0.1092,0.0126,1.3,NYC,high
40.64,-73.88,0,60,other,0.06666666666666667,1.0928879086777044,other,0.8718,True,0.8718,0.115,0.0132,1.3,NYC,high
40.64,-73.88,1,88,other,0.03409090909090909,0.8712689428696708,other,0.8443,True,0.8443,0.1418,0.0138,1.4,NYC,high
40.64,-73.88,2,139,property,0.0,1.0130035045474775,other,0.6863,False,0.6863,0.2981,0.0155,1.6,NYC,medium
40.64,-73.88,3,145,property,0.06206896551724138,1.0654818253833507,other,0.8451,False,0.8451,0.1415,0.0134,1.3,NYC,high
40.64,-73.79,3,3,property,1.0,4.3446531758480495e-08,other,0.8692,False,0.8692,0.1175,0.0133,1.3,NYC,high
40.64,-73.75,0,3,other,1.0,4.34465315364359e-08,other,0.6914,True,0.6914,0.1985,0.11,11.0,NYC,medium
40.64,-73.75,1,7,property,0.0,1.0042424730540764,other,0.8702,False,0.8702,0.1169,0.0129,1.3,NYC,high
40.64,-73.75,2,9,other,0.2222222222222222,0.9368883075390159,property,0.5576,False,0.426,0.5576,0.0164,1.6,NYC,medium
40.64,-73.75,3,5,other,0.6,0.5004024447610513,property,0.5196,False,0.4635,0.5196,0.0168,1.7,NYC,uncertain
40.64,-73.74,0,47,other,0.06382978723404255,1.0606768942637619,other,0.4729,True,0.4729,0.1972,0.33,33.0,NYC,uncertain
40.64,-73.74,1,59,other,0.2033898305084746,1.0192414931806737,property,0.5211,False,0.4589,0.5211,0.02,2.0,NYC,uncertain
40.64,-73.74,2,82,other,0.15853658536585366,1.0675457608206083,property,0.7531,False,0.2336,0.7531,0.0133,1.3,NYC,medium
40.64,-73.74,3,46,other,0.15217391304347827,1.0763951189873606,property,0.7435,False,0.2431,0.7435,0.0135,1.3,NYC,medium
40.65,-74.11,1,3,property,0.3333333333333333,0.6365141893815645,other,0.4291,False,0.4291,0.2555,0.3154,31.5,NYC,uncertain
40.65,-74.11,3,3,other,1.0,4.34465315364359e-08,property,0.5553,False,0.4266,0.5553,0.0181,1.8,NYC,medium
40.65,-74.10000000000001,0,4,other,0.5,0.5623351657797391,property,0.5753,False,0.4084,0.5753,0.0163,1.6,NYC,medium
40.65,-74.10000000000001,1,7,other,0.14285714285714285,0.6829081257408294,property,0.5221,False,0.4619,0.5221,0.016,1.6,NYC,uncertain
40.65,-74.10000000000001,2,10,property,0.1,1.0888999753452238,property,0.7563,True,0.2306,0.7563,0.0131,1.3,NYC,medium
40.65,-74.10000000000001,3,15,property,0.13333333333333333,1.0437570363314084,other,0.8576,False,0.8576,0.1282,0.0142,1.4,NYC,high
40.65,-74.09,0,65,other,0.27692307692307694,0.868832424458428,other,0.8714,True,0.8714,0.1144,0.0142,1.4,NYC,high
40.65,-74.09,1,105,other,0.3238095238095238,0.997814126286919,other,0.8731,True,0.8731,0.1137,0.0132,1.3,NYC,high
40.65,-74.09,2,150,other,0.15333333333333332,1.0650999690330827,other,0.8712,True,0.8712,0.1153,0.0135,1.4,NYC,high
40.65,-74.09,3,158,other,0.2911392405063291,0.9940736247504474,other,0.8784,True,0.8784,0.1089,0.0127,1.3,NYC,high
40.65,-74.08,0,71,other,0.11267605633802817,1.0863204199428433,other,0.8738,True,0.8738,0.1128,0.0134,1.3,NYC,high
40.65,-74.08,1,173,other,0.37572254335260113,0.9538181335333489,other,0.8683,True,0.8683,0.1179,0.0138,1.4,NYC,high
40.65,-74.08,2,224,other,0.36607142857142855,0.9709557334563663,other,0.874,True,0.874,0.1131,0.013,1.3,NYC,high
40.65,-74.08,3,172,other,0.26744186046511625,0.9811036303345124,other,0.8739,True,0.8739,0.1129,0.0132,1.3,NYC,high
40.65,-74.02,0,198,other,0.15656565656565657,1.0716759531242626,other,0.8728,True,0.8728,0.1141,0.0131,1.3,NYC,high
40.65,-74.02,1,258,other,0.23255813953488372,1.016477025379222,other,0.8335,True,0.8335,0.1529,0.0137,1.4,NYC,high
40.65,-74.02,2,298,property,0.026845637583892617,1.055393673733904,other,0.8751,False,0.8751,0.1124,0.0125,1.3,NYC,high
40.65,-74.02,3,280,other,0.11071428571428571,1.0694567887060877,other,0.8771,True,0.8771,0.1103,0.0125,1.3,NYC,high
40.65,-74.01,0,689,other,0.04499274310595065,1.0698072813800539,other,0.755,True,0.755,0.1688,0.0762,7.6,NYC,medium
40.65,-74.01,1,653,property,0.010719754977029096,1.0695030863161703,other,0.8497,False,0.8497,0.1371,0.0132,1.3,NYC,high
40.65,-74.01,2,1299,property,0.15550423402617397,1.0316174164887377,other,0.8736,False,0.8736,0.1136,0.0128,1.3,NYC,high
40.65,-74.01,3,984,other,0.07723577235772358,1.0820042387827806,other,0.8778,True,0.8778,0.1096,0.0126,1.3,NYC,high
40.65,-74.0,0,373,violent,0.0777479892761394,1.0693540688161531,violent,0.5037,True,0.3432,0.1532,0.5037,50.4,NYC,uncertain
40.65,-74.0,1,364,property,0.0,1.0786712940722607,other,0.7809,False,0.7809,0.2043,0.0148,1.5,NYC,medium
40.65,-74.0,2,533,other,0.0525328330206379,1.069651203445283,other,0.8754,True,0.8754,0.1121,0.0125,1.3,NYC,high
40.65,-74.0,3,586,violent,0.006825938566552901,1.0722787448490885,other,0.8472,False,0.8472,0.1347,0.0181,1.8,NYC,high
40.65,-73.99,0,48,property,0.125,1.0835291213181606,property,0.5207,True,0.4588,0.5207,0.0204,2.0,NYC,uncertain
40.65,-73.99,1,25,property,0.32,0.9173573878312139,property,0.7113,True,0.2754,0.7113,0.0133,1.3,NYC,medium
40.65,-73.99,2,27,property,0.037037037037037035,1.067938505038001,property,0.7549,True,0.2319,0.7549,0.0132,1.3,NYC,medium
40.65,-73.99,3,35,property,0.14285714285714285,1.0200891054385564,property,0.747,True,0.2399,0.747,0.013,1.3,NYC,medium
40.65,-73.98,0,97,property,0.07216494845360824,1.0234766876159984,property,0.6392,True,0.345,0.6392,0.0158,1.6,NYC,medium
40.65,-73.98,1,150,property,0.13333333333333333,0.9667544928625191,property,0.7644,True,0.223,0.7644,0.0126,1.3,NYC,medium
40.65,-73.98,2,228,property,0.17543859649122806,0.9734772189762331,property,0.7345,True,0.253,0.7345,0.0125,1.3,NYC,medium
40.65,-73.98,3,237,property,0.012658227848101266,1.0137530782543718,other,0.6751,False,0.6751,0.3091,0.0158,1.6,NYC,medium
40.65,-73.97,0,141,property,0.0070921985815602835,1.063235483861722,other,0.7147,False,0.7147,0.2642,0.0211,2.1,NYC,medium
40.65,-73.97,1,212,property,0.0330188679245283,0.9320904630388789,property,0.7645,True,0.223,0.7645,0.0125,1.2,NYC,medium
40.65,-73.97,2,344,property,0.0377906976744186,1.0316772002907997,property,0.7656,True,0.2222,0.7656,0.0123,1.2,NYC,medium
40.65,-73.97,3,357,other,0.12324929971988796,1.0365087568956048,property,0.5764,False,0.4068,0.5764,0.0168,1.7,NYC,medium
40.65,-73.96000000000001,0,894,other,0.04138702460850112,1.0703570084524199,other,0.5004,True,0.5004,0.187,0.3127,31.3,NYC,uncertain
40.65,-73.96000000000001,1,1531,property,0.07184846505551927,1.0464792907499147,other,0.7407,False,0.7407,0.2401,0.0192,1.9,NYC,medium
40.65,-73.96000000000001,2,2457,property,0.07285307285307285,1.064949793182158,other,0.6648,False,0.6648,0.3127,0.0226,2.3,NYC,medium
40.65,-73.96000000000001,3,2214,other,0.08310749774164408,1.0869981520195364,other,0.8527,True,0.8527,0.1285,0.0188,1.9,NYC,high
40.65,-73.95,0,966,other,0.17701863354037267,1.066465288899494,other,0.7903,True,0.7903,0.1556,0.0541,5.4,NYC,medium
40.65,-73.95,1,1319,other,0.21455648218347234,1.033376398377998,other,0.866,True,0.866,0.1208,0.0132,1.3,NYC,high
40.65,-73.95,2,2107,other,0.2178452776459421,1.0331919432519245,other,0.8654,True,0.8654,0.1207,0.0139,1.4,NYC,high
40.65,-73.95,3,1897,other,0.2635740643120717,1.0156920865011734,other,0.8645,True,0.8645,0.1195,0.016,1.6,NYC,high
40.65,-73.94,0,322,other,0.059006211180124224,1.0915934593182675,other,0.874,True,0.874,0.1126,0.0135,1.3,NYC,high
40.65,-73.94,1,403,other,0.12158808933002481,1.0624908259960617,other,0.7491,True,0.7491,0.235,0.0159,1.6,NYC,medium
40.65,-73.94,2,597,other,0.10217755443886097,1.0490623548924105,other,0.8361,True,0.8361,0.1499,0.0141,1.4,NYC,high
40.65,-73.94,3,624,other,0.21314102564102563,1.0395165312007029,other,0.8733,True,0.8733,0.1134,0.0132,1.3,NYC,high
40.65,-73.93,0,449,other,0.053452115812917596,1.0752090360486668,other,0.8491,True,0.8491,0.1283,0.0227,2.3,NYC,high
40.65,-73.93,1,682,other,0.20087976539589442,1.057274568779819,other,0.6906,True,0.6906,0.289,0.0204,2.0,NYC,medium
40.65,-73.93,2,1020,other,0.18235294117647058,1.062250064046682,other,0.7515,True,0.7515,0.2279,0.0206,2.1,NYC,medium
40.65,-73.93,3,1075,other,0.2297674418604651,1.0288582282610221,other,0.8722,True,0.8722,0.1145,0.0134,1.3,NYC,high
40.65,-73.92,0,310,other,0.09032258064516129,1.0856942308230502,other,0.8758,True,0.8758,0.1114,0.0128,1.3,NYC,high
40.65,-73.92,1,423,other,0.1867612293144208,1.0486176772462314,other,0.8623,True,0.8623,0.1244,0.0133,1.3,NYC,high
40.65,-73.92,2,683,other,0.22840409956076135,1.0469882244783097,other,0.7322,True,0.7322,0.2057,0.0621,6.2,NYC,medium
40.65,-73.92,3,605,other,0.2578512396694215,1.0240452401020057,other,0.8654,True,0.8654,0.1205,0.0141,1.4,NYC,high
40.65,-73.91,0,432,other,0.18981481481481483,1.047809260087915,other,0.8745,True,0.8745,0.112,0.0136,1.4,NYC,high
40.65,-73.91,1,608,other,0.20230263157894737,1.0113264185940374,other,0.8752,True,0.8752,0.1121,0.0127,1.3,NYC,high
40.65,-73.91,2,826,other,0.162227602905569,1.0390049590382264,other,0.8628,True,0.8628,0.124,0.0133,1.3,NYC,high
40.65,-73.91,3,778,other,0.2455012853470437,1.0307589925073333,other,0.8738,True,0.8738,0.1131,0.0131,1.3,NYC,high
40.65,-73.9,0,342,other,0.19883040935672514,1.0431219484699628,other,0.8737,True,0.8737,0.1127,0.0135,1.4,NYC,high
40.65,-73.9,1,568,other,0.1426056338028169,1.043791369662532,other,0.8577,True,0.8577,0.1291,0.0132,1.3,NYC,high
40.65,-73.9,2,781,other,0.30089628681177977,0.9935062281348543,other,0.8751,True,0.8751,0.1121,0.0128,1.3,NYC,high
40.65,-73.9,3,714,other,0.3081232492997199,0.9798923822048445,other,0.8759,True,0.8759,0.1109,0.0132,1.3,NYC,high
40.65,-73.89,0,313,other,0.24281150159744408,1.0293668635195092,other,0.7794,True,0.7794,0.181,0.0396,4.0,NYC,medium
40.65,-73.89,1,545,property,0.27339449541284405,0.9395633786004703,property,0.7437,True,0.2434,0.7437,0.0129,1.3,NYC,medium
40.65,-73.89,2,768,property,0.1328125,1.038723551565069,property,0.7421,True,0.2452,0.7421,0.0127,1.3,NYC,medium
40.65,-73.89,3,625,other,0.0752,1.0678704181304026,other,0.7637,True,0.7637,0.2158,0.0204,2.0,NYC,medium
40.65,-73.88,0,177,property,0.15819209039548024,1.0450069723939253,other,0.7478,False,0.7478,0.2351,0.0171,1.7,NYC,medium
40.65,-73.88,1,700,property,0.54,0.7558981014764148,property,0.6309,True,0.3549,0.6309,0.0142,1.4,NYC,medium
40.65,-73.88,2,1180,property,0.5033898305084745,0.8145129542307927,property,0.691,True,0.2945,0.691,0.0145,1.5,NYC,medium
40.65,-73.88,3,817,property,0.39412484700122397,0.9004957907431808,other,0.6981,False,0.6981,0.2808,0.021,2.1,NYC,medium
40.65,-73.87,0,54,violent,0.018518518518518517,1.0975829522078113,other,0.8683,False,0.8683,0.118,0.0137,1.4,NYC,high
40.65,-73.87,1,521,property,0.5930902111324377,0.6857062934878848,property,0.765,True,0.2225,0.765,0.0124,1.2,NYC,medium
40.65,-73.87,2,1089,property,0.6639118457300276,0.6201847764351136,property,0.7629,True,0.2244,0.7629,0.0126,1.3,NYC,medium
40.65,-73.87,3,664,property,0.6189759036144579,0.7292997780419765,property,0.7618,True,0.2255,0.7618,0.0126,1.3,NYC,medium
40.65,-73.86,0,12,other,0.16666666666666666,1.0114042647073518,other,0.8715,True,0.8715,0.1154,0.0131,1.3,NYC,high
40.65,-73.86,1,11,violent,0.0,1.0900596587107838,property,0.5303,False,0.4046,0.5303,0.0651,6.5,NYC,uncertain
40.65,-73.86,2,27,other,0.14814814814814814,1.0708078595494446,other,0.8692,True,0.8692,0.1178,0.013,1.3,NYC,high
40.65,-73.86,3,34,property,0.029411764705882353,1.0583453685867263,other,0.8746,False,0.8746,0.1129,0.0125,1.3,NYC,high
40.65,-73.85000000000001,0,20,property,0.25,0.9745701894462542,other,0.8649,False,0.8649,0.1213,0.0138,1.4,NYC,high
40.65,-73.85000000000001,1,11,property,0.0,0.9347698978582792,property,0.5908,True,0.3945,0.5908,0.0147,1.5,NYC,medium
40.65,-73.85000000000001,2,29,property,0.10344827586206896,0.9925086555080169,property,0.5264,True,0.4584,0.5264,0.0152,1.5,NYC,uncertain
40.65,-73.85000000000001,3,23,other,0.13043478260869565,1.074721225116281,other,0.8641,True,0.8641,0.1219,0.014,1.4,NYC,high
40.65,-73.84,0,67,property,0.34328358208955223,0.9398320829215097,other,0.8663,False,0.8663,0.1203,0.0133,1.3,NYC,high
40.65,-73.84,1,55,other,0.07272727272727272,1.0726959267318747,property,0.5303,False,0.4549,0.5303,0.0148,1.5,NYC,uncertain
40.65,-73.84,2,108,property,0.0,1.057444709313763,property,0.7678,True,0.2201,0.7678,0.0121,1.2,NYC,medium
40.65,-73.84,3,92,other,0.021739130434782608,1.0923286127544831,other,0.556,True,0.556,0.4289,0.0151,1.5,NYC,medium
40.65,-73.83,0,31,property,0.0967741935483871,0.9828642929216391,other,0.8625,False,0.8625,0.1237,0.0138,1.4,NYC,high
40.65,-73.83,1,38,other,0.42105263157894735,0.7659373365785205,other,0.8651,True,0.8651,0.1217,0.0132,1.3,NYC,high
40.65,-73.83,2,55,other,0.07272727272727272,1.0516098143195147,other,0.8677,True,0.8677,0.1192,0.013,1.3,NYC,high
40.65,-73.83,3,51,other,0.13725490196078433,1.0775023071355077,other,0.8698,True,0.8698,0.1165,0.0136,1.4,NYC,high
40.65,-73.79,1,4,property,0.0,0.6931472015900639,other,0.8646,False,0.8646,0.1217,0.0137,1.4,NYC,high
40.65,-73.79,2,17,other,0.7058823529411765,0.5783252866601273,other,0.8681,True,0.8681,0.1188,0.0131,1.3,NYC,high
40.65,-73.79,3,10,other,0.8,0.3250829947896311,property,0.7552,False,0.2314,0.7552,0.0134,1.3,NYC,medium
40.65,-73.77,2,4,property,0.0,0.6931472015900639,other,0.8639,False,0.8639,0.1223,0.0138,1.4,NYC,high
40.65,-73.76,0,3,property,1.0,4.3446531758480495e-08,other,0.87,False,0.87,0.117,0.013,1.3,NYC,high
40.65,-73.76,1,7,other,0.2857142857142857,0.9556998911125343,other,0.8649,True,0.8649,0.1211,0.014,1.4,NYC,high
40.65,-73.76,2,6,other,0.3333333333333333,0.6365141893815645,other,0.8635,True,0.8635,0.1222,0.0143,1.4,NYC,high
40.65,-73.76,3,6,violent,0.0,1.0986122886681096,other,0.4943,False,0.4943,0.2044,0.3013,30.1,NYC,uncertain
40.65,-73.75,0,11,other,0.18181818181818182,1.0670895187820832,other,0.7855,True,0.7855,0.1851,0.0293,2.9,NYC,medium
40.65,-73.75,1,13,other,0.3076923076923077,0.8587409130062869,other,0.8696,True,0.8696,0.1166,0.0137,1.4,NYC,high
40.65,-73.75,2,24,other,0.3333333333333333,0.9596147939120492,other,0.5594,True,0.5594,0.1962,0.2444,24.4,NYC,medium
40.65,-73.75,3,29,other,0.41379310344827586,0.9250738293082051,other,0.8613,True,0.8613,0.1238,0.0149,1.5,NYC,high
40.65,-73.74,0,62,property,0.0967741935483871,1.0647252045786013,other,0.7385,False,0.7385,0.2319,0.0296,3.0,NYC,medium
40.65,-73.74,1,100,other,0.32,0.9173573878312138,property,0.6064,False,0.3792,0.6064,0.0145,1.4,NYC,medium
40.65,-73.74,2,135,other,0.2962962962962963,0.9644455084920455,other,0.8761,True,0.8761,0.1111,0.0128,1.3,NYC,high
40.65,-73.74,3,127,other,0.2755905511811024,0.9872202906360121,other,0.8743,True,0.8743,0.1126,0.0131,1.3,NYC,high
40.65,-73.73,0,85,property,0.047058823529411764,1.0535352856318827,other,0.8687,False,0.8687,0.1177,0.0136,1.4,NYC,high
40.65,-73.73,1,91,other,0.4175824175824176,0.8747438099958456,other,0.8536,True,0.8536,0.1328,0.0136,1.4,NYC,high
40.65,-73.73,2,117,other,0.23931623931623933,0.989532819251103,other,0.8715,True,0.8715,0.1151,0.0133,1.3,NYC,high
40.65,-73.73,3,153,other,0.27450980392156865,1.0084787071488686,other,0.8755,True,0.8755,0.1116,0.0129,1.3,NYC,high
40.660000000000004,-74.01,0,58,property,0.22413793103448276,1.0370405920560017,other,0.869,False,0.869,0.1177,0.0133,1.3,NYC,high
40.660000000000004,-74.01,1,56,property,0.05357142857142857,1.0722203677985376,property,0.6369,True,0.3487,0.6369,0.0143,1.4,NYC,medium
40.660000000000004,-74.01,2,85,property,0.03529411764705882,1.0618580484450022,property,0.762,True,0.2254,0.762,0.0126,1.3,NYC,medium
40.660000000000004,-74.01,3,77,other,0.05194805194805195,1.0285259292067472,other,0.6272,True,0.6272,0.3575,0.0152,1.5,NYC,medium
40.660000000000004,-74.0,0,393,other,0.25699745547073793,1.028822035773245,other,0.8694,True,0.8694,0.1166,0.014,1.4,NYC,high
40.660000000000004,-74.0,1,377,other,0.2546419098143236,1.0057719923383355,other,0.8756,True,0.8756,0.1118,0.0126,1.3,NYC,high
40.660000000000004,-74.0,2,575,other,0.17391304347826086,1.0117014084050142,other,0.8765,True,0.8765,0.1109,0.0126,1.3,NYC,high
40.660000000000004,-74.0,3,552,other,0.22644927536231885,1.0424899558025773,other,0.8749,True,0.8749,0.1122,0.0129,1.3,NYC,high
40.660000000000004,-73.99,0,129,other,0.031007751937984496,1.0773810253821923,other,0.7705,True,0.7705,0.2095,0.02,2.0,NYC,medium
40.660000000000004,-73.99,1,176,property,0.09090909090909091,1.01610946359316,property,0.7477,True,0.2396,0.7477,0.0127,1.3,NYC,medium
40.660000000000004,-73.99,2,391,property,0.17391304347826086,0.9948762651479087,other,0.867,False,0.867,0.1202,0.0128,1.3,NYC,high
40.660000000000004,-73.99,3,368,other,0.019021739130434784,1.0412386541271705,other,0.8688,True,0.8688,0.1181,0.0132,1.3,NYC,high
40.660000000000004,-73.98,0,195,property,0.24102564102564103,1.0372691769373108,property,0.6786,True,0.307,0.6786,0.0145,1.4,NYC,medium
40.660000000000004,-73.98,1,271,property,0.0036900369003690036,1.024163874297153,property,0.7649,True,0.2226,0.7649,0.0124,1.2,NYC,medium
40.660000000000004,-73.98,2,442,property,0.13574660633484162,1.0048962144081521,property,0.7661,True,0.2215,0.7661,0.0124,1.2,NYC,medium
40.660000000000004,-73.98,3,419,other,0.04295942720763723,1.0588681915229776,property,0.7224,False,0.2646,0.7224,0.013,1.3,NYC,medium
40.660000000000004,-73.97,0,18,property,0.16666666666666666,1.072043343575071,property,0.5044,True,0.4759,0.5044,0.0197,2.0,NYC,uncertain
40.660000000000004,-73.97,1,23,property,0.2608695652173913,0.9502094526077802,property,0.7402,True,0.2466,0.7402,0.0132,1.3,NYC,medium
40.660000000000004,-73.97,2,32,property,0.21875,0.9895587983913944,property,0.76,True,0.2269,0.76,0.0131,1.3,NYC,medium
40.660000000000004,-73.97,3,34,violent,0.20588235294117646,1.031894382784299,other,0.5019,False,0.5019,0.4589,0.0392,3.9,NYC,uncertain
40.660000000000004,-73.96000000000001,0,417,other,0.17266187050359713,1.0628129428306492,other,0.7676,True,0.7676,0.1877,0.0447,4.5,NYC,medium
40.660000000000004,-73.96000000000001,1,839,property,0.08462455303933254,1.0218714759604202,property,0.6194,True,0.3647,0.6194,0.016,1.6,NYC,medium
40.660000000000004,-73.96000000000001,2,1239,other,0.10492332526230831,1.031705292248382,other,0.7348,True,0.7348,0.2472,0.018,1.8,NYC,medium
40.660000000000004,-73.96000000000001,3,991,other,0.2058526740665994,1.0561145457706949,other,0.8648,True,0.8648,0.1214,0.0139,1.4,NYC,high
40.660000000000004,-73.95,0,740,other,0.17027027027027028,1.06604326035831,other,0.8446,True,0.8446,0.1338,0.0216,2.2,NYC,high
40.660000000000004,-73.95,1,1166,other,0.10120068610634649,1.0119994328484216,other,0.8494,True,0.8494,0.1374,0.0132,1.3,NYC,high
40.660000000000004,-73.95,2,1741,other,0.13785180930499713,1.0359740399367383,other,0.8642,True,0.8642,0.1226,0.0132,1.3,NYC,high
40.660000000000004,-73.95,3,1368,other,0.3172514619883041,1.0028712777895652,other,0.8733,True,0.8733,0.1136,0.0132,1.3,NYC,high
40.660000000000004,-73.94,0,645,other,0.05581395348837209,1.0714886752854773,other,0.8578,True,0.8578,0.1274,0.0148,1.5,NYC,high
40.660000000000004,-73.94,1,1010,other,0.16237623762376238,1.061910825212331,other,0.7535,True,0.7535,0.2296,0.0169,1.7,NYC,medium
40.660000000000004,-73.94,2,1425,other,0.17403508771929824,1.0485553638065093,other,0.7756,True,0.7756,0.2045,0.02,2.0,NYC,medium
40.660000000000004,-73.94,3,1106,other,0.22603978300180833,1.0446847908850696,other,0.7965,True,0.7965,0.1822,0.0213,2.1,NYC,medium
40.660000000000004,-73.93,0,635,other,0.2062992125984252,1.0552564418583426,other,0.8545,True,0.8545,0.1266,0.019,1.9,NYC,high
40.660000000000004,-73.93,1,967,other,0.16132368148914167,1.0542011297925868,other,0.724,True,0.724,0.2581,0.0178,1.8,NYC,medium
40.660000000000004,-73.93,2,1514,other,0.19220607661822986,1.0559043264255032,other,0.7759,True,0.7759,0.202,0.0221,2.2,NYC,medium
40.660000000000004,-73.93,3,1484,other,0.25067385444743934,1.0053482400025788,other,0.8585,True,0.8585,0.1239,0.0176,1.8,NYC,high
40.660000000000004,-73.92,0,1023,other,0.08797653958944282,1.0489906863565388,other,0.7567,True,0.7567,0.1651,0.0782,7.8,NYC,medium
40.660000000000004,-73.92,1,1331,other,0.19083395942900075,1.0501328360291713,other,0.8054,True,0.8054,0.1769,0.0176,1.8,NYC,high
40.660000000000004,-73.92,2,2073,other,0.16546068499758804,1.0614496321096347,other,0.8128,True,0.8128,0.1628,0.0244,2.4,NYC,high
40.660000000000004,-73.92,3,2107,other,0.19031798766018035,1.013135762712675,other,0.8647,True,0.8647,0.1191,0.0162,1.6,NYC,high
40.660000000000004,-73.91,0,1006,other,0.14314115308151093,1.0196447748734565,other,0.7582,True,0.7582,0.1672,0.0745,7.5,NYC,medium
40.660000000000004,-73.91,1,1310,other,0.26106870229007634,1.0266900200870919,other,0.8701,True,0.8701,0.1159,0.014,1.4,NYC,high
40.660000000000004,-73.91,2,1943,other,0.2609366958311889,1.0276903879875534,other,0.8565,True,0.8565,0.1254,0.0181,1.8,NYC,high
40.660000000000004,-73.91,3,1809,other,0.22277501381978995,0.9992495276106558,other,0.8361,True,0.8361,0.1387,0.0253,2.5,NYC,high
40.660000000000004,-73.9,0,654,other,0.1743119266055046,1.0583836024657192,other,0.4266,True,0.4266,0.1674,0.406,40.6,NYC,uncertain
40.660000000000004,-73.9,1,1026,other,0.20955165692007796,1.051251316893427,other,0.7955,True,0.7955,0.1833,0.0211,2.1,NYC,medium
40.660000000000004,-73.9,2,1463,other,0.20369104579630895,1.0534852554223741,other,0.8108,True,0.8108,0.1673,0.0219,2.2,NYC,high
40.660000000000004,-73.9,3,1372,other,0.2303206997084548,1.0256843142061465,other,0.8012,True,0.8012,0.1552,0.0436,4.4,NYC,high
40.660000000000004,-73.89,0,943,other,0.1792152704135737,1.0410177142396908,other,0.511,True,0.511,0.1735,0.3155,31.6,NYC,uncertain
40.660000000000004,-73.89,1,1127,other,0.23425022182786157,1.0367096555744768,other,0.8536,True,0.8536,0.131,0.0154,1.5,NYC,high
40.660000000000004,-73.89,2,1592,other,0.1871859296482412,1.0511702978999253,other,0.8484,True,0.8484,0.1338,0.0178,1.8,NYC,high
40.660000000000004,-73.89,3,1705,other,0.19472140762463344,1.0294107005206283,other,0.8456,True,0.8456,0.1314,0.0231,2.3,NYC,high
40.660000000000004,-73.88,0,494,other,0.20040485829959515,1.053158292812006,other,0.5249,True,0.5249,0.1822,0.2929,29.3,NYC,uncertain
40.660000000000004,-73.88,1,692,other,0.21676300578034682,1.0248037919799993,other,0.857,True,0.857,0.1297,0.0133,1.3,NYC,high
40.660000000000004,-73.88,2,1059,other,0.18413597733711048,1.0429985215236788,other,0.87,True,0.87,0.116,0.0139,1.4,NYC,high
40.660000000000004,-73.88,3,1062,other,0.23069679849340866,1.0390926773262301,other,0.8614,True,0.8614,0.1215,0.017,1.7,NYC,high
40.660000000000004,-73.87,0,181,property,0.03314917127071823,1.076017591941388,other,0.6689,False,0.6689,0.3099,0.0212,2.1,NYC,medium
40.660000000000004,-73.87,1,340,property,0.008823529411764706,0.9921974458603396,property,0.7585,True,0.2289,0.7585,0.0127,1.3,NYC,medium
40.660000000000004,-73.87,2,516,property,0.0,1.0559873177063492,property,0.7495,True,0.2375,0.7495,0.0129,1.3,NYC,medium
40.660000000000004,-73.87,3,375,property,0.013333333333333334,1.0801272501500856,other,0.8152,False,0.8152,0.1683,0.0165,1.6,NYC,high
40.660000000000004,-73.86,0,64,property,0.140625,1.062211559028098,other,0.8685,False,0.8685,0.118,0.0135,1.4,NYC,high
40.660000000000004,-73.86,1,72,property,0.06944444444444445,1.0728821756754254,other,0.8754,False,0.8754,0.1117,0.0128,1.3,NYC,high
40.660000000000004,-73.86,2,111,other,0.06306306306306306,1.021607256372141,other,0.8694,True,0.8694,0.1177,0.0129,1.3,NYC,high
40.660000000000004,-73.86,3,96,other,0.09375,1.0861979723945263,other,0.8742,True,0.8742,0.1127,0.0131,1.3,NYC,high
40.660000000000004,-73.85000000000001,0,87,property,0.3218390804597701,0.7645603274812689,other,0.552,False,0.552,0.4325,0.0156,1.6,NYC,medium
40.660000000000004,-73.85000000000001,1,93,other,0.043010752688172046,0.9429807484974826,other,0.7431,True,0.7431,0.2416,0.0152,1.5,NYC,medium
40.660000000000004,-73.85000000000001,2,137,property,0.145985401459854,0.9871569548150301,property,0.5191,True,0.4659,0.5191,0.015,1.5,NYC,uncertain
40.660000000000004,-73.85000000000001,3,151,property,0.019867549668874173,0.9574653908096827,other,0.6927,False,0.6927,0.2917,0.0156,1.6,NYC,medium
40.660000000000004,-73.84,0,104,property,0.20192307692307693,0.9051151436071938,property,0.7112,True,0.2758,0.7112,0.0129,1.3,NYC,medium
40.660000000000004,-73.84,1,167,property,0.18562874251497005,0.923321307134145,property,0.7647,True,0.2227,0.7647,0.0125,1.3,NYC,medium
40.660000000000004,-73.84,2,392,property,0.2857142857142857,0.905707611410394,property,0.7643,True,0.2231,0.7643,0.0126,1.3,NYC,medium
40.660000000000004,-73.84,3,265,property,0.1509433962264151,1.0172311055008865,property,0.7428,True,0.2445,0.7428,0.0127,1.3,NYC,medium
40.660000000000004,-73.83,0,53,property,0.20754716981132076,1.0198227462333702,property,0.7487,True,0.2385,0.7487,0.0128,1.3,NYC,medium
40.660000000000004,-73.83,1,53,property,0.11320754716981132,0.9845083946271116,property,0.7649,True,0.2227,0.7649,0.0123,1.2,NYC,medium
40.660000000000004,-73.83,2,93,other,0.021505376344086023,1.0417662263161787,property,0.6177,False,0.3682,0.6177,0.014,1.4,NYC,medium
40.660000000000004,-73.83,3,60,other,0.06666666666666667,1.025514340914971,other,0.8704,True,0.8704,0.1162,0.0134,1.3,NYC,high
40.660000000000004,-73.82000000000001,0,16,other,0.3125,0.9840865030829146,other,0.7836,True,0.7836,0.2005,0.0159,1.6,NYC,medium
40.660000000000004,-73.82000000000001,1,16,other,0.1875,0.8647400965276372,property,0.7458,False,0.2405,0.7458,0.0137,1.4,NYC,medium
40.660000000000004,-73.82000000000001,2,19,other,0.21052631578947367,1.0565758044102838,other,0.8611,True,0.8611,0.1247,0.0142,1.4,NYC,high
40.660000000000004,-73.82000000000001,3,20,other,0.25,0.9745701894462542,other,0.862,True,0.862,0.1239,0.014,1.4,NYC,high
40.660000000000004,-73.81,0,14,property,0.21428571428571427,1.034601232910181,other,0.8669,False,0.8669,0.1195,0.0136,1.4,NYC,high
40.660000000000004,-73.81,1,15,property,0.13333333333333333,0.8823109245150756,property,0.7628,True,0.2243,0.7628,0.0129,1.3,NYC,medium
40.660000000000004,-73.81,2,22,property,0.13636363636363635,0.9861234897117208,property,0.7659,True,0.2215,0.7659,0.0126,1.3,NYC,medium
40.660000000000004,-73.81,3,16,other,0.0625,1.0433534269422904,property,0.7573,False,0.2298,0.7573,0.0129,1.3,NYC,medium
40.660000000000004,-73.78,0,22,property,0.18181818181818182,0.9164648855394713,other,0.8657,False,0.8657,0.1201,0.0141,1.4,NYC,high
40.660000000000004,-73.78,1,47,other,0.48936170212765956,0.7872587101608274,property,0.6398,False,0.3461,0.6398,0.0141,1.4,NYC,medium
40.660000000000004,-73.78,2,73,other,0.2191780821917808,0.8693659682904389,other,0.8713,True,0.8713,0.1153,0.0133,1.3,NYC,high
40.660000000000004,-73.78,3,45,property,0.1111111111111111,1.0608569471580214,other,0.8301,False,0.8301,0.1555,0.0144,1.4,NYC,high
40.660000000000004,-73.77,0,177,other,0.10734463276836158,1.0690263649900582,other,0.5898,True,0.5898,0.2065,0.2037,20.4,NYC,medium
40.660000000000004,-73.77,1,273,other,0.2673992673992674,1.0030282767973515,other,0.6019,True,0.6019,0.3824,0.0157,1.6,NYC,medium
40.660000000000004,-73.77,2,409,other,0.2176039119804401,1.0532562257922287,other,0.8707,True,0.8707,0.1161,0.0132,1.3,NYC,high
40.660000000000004,-73.77,3,331,other,0.23564954682779457,1.0212403496235813,other,0.8649,True,0.8649,0.1196,0.0156,1.6,NYC,high
40.660000000000004,-73.76,0,130,property,0.15384615384615385,1.0496768601913185,other,0.7433,False,0.7433,0.2366,0.0201,2.0,NYC,medium
40.660000000000004,-73.76,1,179,other,0.24022346368715083,1.003103532333063,other,0.8306,True,0.8306,0.1556,0.0138,1.4,NYC,high
40.660000000000004,-73.76,2,234,other,0.20085470085470086,1.011051871457895,other,0.7534,True,0.7534,0.2001,0.0466,4.7,NYC,medium
40.660000000000004,-73.76,3,246,other,0.12601626016260162,1.0634894918322415,other,0.8744,True,0.8744,0.1127,0.0129,1.3,NYC,high
40.660000000000004,-73.75,0,172,property,0.11627906976744186,0.9926664514285226,other,0.8702,False,0.8702,0.1156,0.0143,1.4,NYC,high
40.660000000000004,-73.75,1,191,other,0.17801047120418848,1.0376903586605226,other,0.4956,True,0.4956,0.4865,0.0179,1.8,NYC,uncertain
40.660000000000004,-73.75,2,286,other,0.2062937062937063,1.050045175456916,other,0.8748,True,0.8748,0.1124,0.0128,1.3,NYC,high
40.660000000000004,-73.75,3,273,other,0.23076923076923078,1.0482785060259725,other,0.8717,True,0.8717,0.1148,0.0135,1.4,NYC,high
40.660000000000004,-73.74,0,150,property,0.0,1.0549201679861442,other,0.8711,False,0.8711,0.1149,0.0141,1.4,NYC,high
40.660000000000004,-73.74,1,162,other,0.2962962962962963,0.9794386416968146,other,0.8161,True,0.8161,0.17,0.014,1.4,NYC,high
40.660000000000004,-73.74,2,262,other,0.2099236641221374,1.0121186902363974,other,0.865,True,0.865,0.1217,0.0133,1.3,NYC,high
40.660000000000004,-73.74,3,248,other,0.2661290322580645,1.0310265710515178,other,0.8722,True,0.8722,0.1144,0.0134,1.3,NYC,high
40.660000000000004,-73.73,0,158,property,0.15822784810126583,1.0641405896814924,other,0.733,False,0.733,0.2033,0.0636,6.4,NYC,medium
40.660000000000004,-73.73,1,204,property,0.049019607843137254,1.0267412735472365,other,0.7367,False,0.7367,0.2457,0.0176,1.8,NYC,medium
40.660000000000004,-73.73,2,343,other,0.0641399416909621,1.0252684156217147,other,0.8732,True,0.8732,0.1138,0.013,1.3,NYC,high
40.660000000000004,-73.73,3,370,other,0.0945945945945946,1.0697065499328913,other,0.8722,True,0.8722,0.1142,0.0136,1.4,NYC,high
40.67,-74.02,0,3,property,1.0,4.3446531758480495e-08,other,0.862,False,0.862,0.1232,0.0148,1.5,NYC,high
40.67,-74.02,1,10,property,0.6,0.5004024447610513,property,0.7548,True,0.2318,0.7548,0.0133,1.3,NYC,medium
40.67,-74.02,2,15,property,0.4666666666666667,0.8608513906312316,property,0.7628,True,0.2244,0.7628,0.0128,1.3,NYC,medium
40.67,-74.02,3,8,property,0.75,0.3767701826029325,property,0.7521,True,0.2344,0.7521,0.0135,1.3,NYC,medium
40.67,-74.01,0,66,property,0.045454545454545456,1.0965754342577216,other,0.8443,False,0.8443,0.1329,0.0228,2.3,NYC,high
40.67,-74.01,1,137,other,0.18248175182481752,1.0153751985437083,other,0.8737,True,0.8737,0.1135,0.0128,1.3,NYC,high
40.67,-74.01,2,242,property,0.05371900826446281,1.0213039185925403,property,0.6162,True,0.3671,0.6162,0.0167,1.7,NYC,medium
40.67,-74.01,3,222,other,0.22522522522522523,1.0085834480585865,other,0.8719,True,0.8719,0.1149,0.0133,1.3,NYC,high
40.67,-74.0,0,162,other,0.15432098765432098,1.0748334491330251,other,0.8712,True,0.8712,0.1149,0.0139,1.4,NYC,high
40.67,-74.0,1,329,property,0.16717325227963525,0.97045576201706,property,0.7608,True,0.2265,0.7608,0.0127,1.3,NYC,medium
40.67,-74.0,2,497,property,0.23742454728370221,0.9527788753544543,property,0.7617,True,0.2256,0.7617,0.0127,1.3,NYC,medium
40.67,-74.0,3,398,other,0.10552763819095477,1.0414899699200144,property,0.5753,False,0.4079,0.5753,0.0168,1.7,NYC,medium
40.67,-73.99,0,444,property,0.14414414414414414,1.019640532949849,other,0.8543,False,0.8543,0.1323,0.0133,1.3,NYC,high
40.67,-73.99,1,756,property,0.3187830687830688,0.9047553759870082,property,0.7661,True,0.2214,0.7661,0.0125,1.3,NYC,medium
40.67,-73.99,2,1122,property,0.23707664884135474,0.9345578778856709,property,0.7658,True,0.2218,0.7658,0.0125,1.2,NYC,medium
40.67,-73.99,3,747,property,0.05622489959839357,1.0316622474972328,property,0.756,True,0.2316,0.756,0.0124,1.2,NYC,medium
40.67,-73.98,0,263,property,0.21673003802281368,0.9933518308517707,property,0.7114,True,0.275,0.7114,0.0136,1.4,NYC,medium
40.67,-73.98,1,416,property,0.12980769230769232,0.9736097190368331,property,0.768,True,0.2196,0.768,0.0124,1.2,NYC,medium
40.67,-73.98,2,718,property,0.1935933147632312,0.9767530948258817,property,0.7691,True,0.2187,0.7691,0.0122,1.2,NYC,medium
40.67,-73.98,3,480,property,0.12708333333333333,0.9957544367355411,property,0.7666,True,0.2212,0.7666,0.0121,1.2,NYC,medium
40.67,-73.97,0,74,property,0.08108108108108109,0.9917054695328495,other,0.6004,False,0.6004,0.3804,0.0192,1.9,NYC,medium
40.67,-73.97,1,171,property,0.2222222222222222,0.9203316977800852,property,0.7682,True,0.2195,0.7682,0.0123,1.2,NYC,medium
40.67,-73.97,2,264,property,0.3068181818181818,0.9602802956711494,property,0.7696,True,0.2181,0.7696,0.0123,1.2,NYC,medium
40.67,-73.97,3,188,property,0.15425531914893617,1.0448025221994028,property,0.7614,True,0.226,0.7614,0.0126,1.3,NYC,medium
40.67,-73.96000000000001,0,496,other,0.08266129032258064,1.0863004664404976,other,0.7458,True,0.7458,0.2004,0.0538,5.4,NYC,medium
40.67,-73.96000000000001,1,980,other,0.09795918367346938,1.0211690421702628,other,0.6962,True,0.6962,0.2865,0.0172,1.7,NYC,medium
40.67,-73.96000000000001,2,1564,property,0.005754475703324808,1.0601178361815378,other,0.755,False,0.755,0.2252,0.0198,2.0,NYC,medium
40.67,-73.96000000000001,3,1157,other,0.16421780466724287,1.0633197640303658,other,0.8501,True,0.8501,0.1359,0.0141,1.4,NYC,high
40.67,-73.95,0,523,other,0.12810707456978968,1.0827814886020515,other,0.6888,True,0.6888,0.2021,0.1091,10.9,NYC,medium
40.67,-73.95,1,887,other,0.11386696730552424,1.051698298302464,other,0.6028,True,0.6028,0.3809,0.0163,1.6,NYC,medium
40.67,-73.95,2,1327,other,0.14845516201959308,1.0382639433838814,other,0.8564,True,0.8564,0.1302,0.0135,1.3,NYC,high
40.67,-73.95,3,1096,other,0.27007299270072993,1.0245812659792113,other,0.8718,True,0.8718,0.1149,0.0133,1.3,NYC,high
40.67,-73.94,0,604,other,0.09105960264900662,1.0877058774184252,other,0.8271,True,0.8271,0.1549,0.018,1.8,NYC,high
40.67,-73.94,1,944,other,0.13983050847457626,1.0375909012405045,other,0.8383,True,0.8383,0.1482,0.0135,1.4,NYC,high
40.67,-73.94,2,1452,other,0.0709366391184573,1.0592468784940414,other,0.8245,True,0.8245,0.1609,0.0146,1.5,NYC,high
40.67,-73.94,3,1259,other,0.1675933280381255,1.0714991698434253,other,0.8668,True,0.8668,0.1197,0.0134,1.3,NYC,high
40.67,-73.93,0,1004,other,0.23904382470119523,0.9973933571981031,other,0.7649,True,0.7649,0.1653,0.0698,7.0,NYC,medium
40.67,-73.93,1,1534,other,0.33116036505867014,0.9891898417291982,other,0.8732,True,0.8732,0.1137,0.0131,1.3,NYC,high
40.67,-73.93,2,2346,other,0.26427962489343565,1.0300861065678748,other,0.8715,True,0.8715,0.1152,0.0133,1.3,NYC,high
40.67,-73.93,3,2097,other,0.25226514067715783,1.0019926714941532,other,0.8642,True,0.8642,0.12,0.0158,1.6,NYC,high
40.67,-73.92,0,811,other,0.093711467324291,1.0448889685891656,other,0.7986,True,0.7986,0.1528,0.0486,4.9,NYC,medium
40.67,-73.92,1,1233,other,0.275750202757502,1.0208077755248364,other,0.8718,True,0.8718,0.115,0.0132,1.3,NYC,high
40.67,-73.92,2,1879,other,0.24960085151676423,1.037173255073191,other,0.8267,True,0.8267,0.1574,0.0159,1.6,NYC,high
40.67,-73.92,3,1604,other,0.24251870324189526,1.0005527126929703,other,0.851,True,0.851,0.1288,0.0202,2.0,NYC,high
40.67,-73.91,0,1160,other,0.1629310344827586,1.020811534403164,other,0.8177,True,0.8177,0.1444,0.038,3.8,NYC,high
40.67,-73.91,1,1632,other,0.24571078431372548,1.0262281681338343,other,0.8699,True,0.8699,0.1165,0.0136,1.4,NYC,high
40.67,-73.91,2,2746,other,0.19118718135469775,1.053867027413926,other,0.8613,True,0.8613,0.1242,0.0145,1.5,NYC,high
40.67,-73.91,3,2219,other,0.20054078413699863,1.020061035195902,other,0.8573,True,0.8573,0.124,0.0186,1.9,NYC,high
40.67,-73.9,0,1034,other,0.08027079303675048,1.063161124494695,other,0.5891,True,0.5891,0.1833,0.2276,22.8,NYC,medium
40.67,-73.9,1,1299,other,0.16936104695919937,1.0635563820524696,other,0.8712,True,0.8712,0.1153,0.0134,1.3,NYC,high
40.67,-73.9,2,1891,other,0.2014806980433633,1.0542563168682473,other,0.8672,True,0.8672,0.1181,0.0147,1.5,NYC,high
40.67,-73.9,3,1856,other,0.19935344827586207,1.0315064843359818,other,0.8241,True,0.8241,0.1458,0.0301,3.0,NYC,high
40.67,-73.89,0,750,other,0.13333333333333333,1.0752114355455544,violent,0.4983,False,0.3476,0.1541,0.4983,49.8,NYC,uncertain
40.67,-73.89,1,954,other,0.18343815513626835,1.057283034248899,other,0.8533,True,0.8533,0.1321,0.0146,1.5,NYC,high
40.67,-73.89,2,1496,other,0.21524064171122995,1.0488544890932416,other,0.8501,True,0.8501,0.13,0.0199,2.0,NYC,high
40.67,-73.89,3,1419,other,0.2029598308668076,1.048741025373883,other,0.8637,True,0.8637,0.1197,0.0166,1.7,NYC,high
40.67,-73.88,0,1002,other,0.1596806387225549,1.0188857574847505,other,0.8023,True,0.8023,0.1531,0.0446,4.5,NYC,high
40.67,-73.88,1,1191,other,0.33837111670864817,0.9883803385294959,other,0.8734,True,0.8734,0.1134,0.0132,1.3,NYC,high
40.67,-73.88,2,1783,other,0.29220415030846886,1.0102673967040336,other,0.8744,True,0.8744,0.1124,0.0132,1.3,NYC,high
40.67,-73.88,3,1692,other,0.2511820330969267,1.0026849902159563,other,0.8592,True,0.8592,0.1234,0.0175,1.7,NYC,high
40.67,-73.87,0,642,other,0.09190031152647975,1.0729441285767938,other,0.6739,True,0.6739,0.1767,0.1494,14.9,NYC,medium
40.67,-73.87,1,894,other,0.16890380313199105,1.0571721747378517,other,0.8741,True,0.8741,0.1129,0.0129,1.3,NYC,high
40.67,-73.87,2,1438,other,0.19680111265646733,1.0593044345005218,other,0.8715,True,0.8715,0.1147,0.0138,1.4,NYC,high
40.67,-73.87,3,1338,other,0.14947683109118087,1.0468649719496936,other,0.8421,True,0.8421,0.1338,0.0241,2.4,NYC,high
40.67,-73.86,0,398,other,0.10050251256281408,1.0717466186456992,other,0.5612,True,0.5612,0.1998,0.2389,23.9,NYC,medium
40.67,-73.86,1,660,other,0.1803030303030303,1.0510980670595989,other,0.8483,True,0.8483,0.1383,0.0134,1.3,NYC,high
40.67,-73.86,2,908,other,0.10352422907488987,1.0608211801774925,other,0.8696,True,0.8696,0.1174,0.013,1.3,NYC,high
40.67,-73.86,3,929,other,0.13885898815931108,1.075713806606978,other,0.8483,True,0.8483,0.136,0.0157,1.6,NYC,high
40.67,-73.85000000000001,0,186,property,0.21505376344086022,1.0284180601785033,other,0.8701,False,0.8701,0.1169,0.013,1.3,NYC,high
40.67,-73.85000000000001,1,228,property,0.021929824561403508,0.9745583742198556,other,0.715,False,0.715,0.2701,0.0149,1.5,NYC,medium
40.67,-73.85000000000001,2,387,property,0.06459948320413436,1.0196258004616965,other,0.8492,False,0.8492,0.1377,0.0132,1.3,NYC,high
40.67,-73.85000000000001,3,315,other,0.09523809523809523,1.0297252972366078,other,0.8611,True,0.8611,0.1255,0.0134,1.3,NYC,high
40.67,-73.84,0,210,property,0.19523809523809524,1.0573550012256632,other,0.8236,False,0.8236,0.1623,0.0141,1.4,NYC,high
40.67,-73.84,1,169,property,0.05917159763313609,1.0574757883308774,property,0.7592,True,0.2286,0.7592,0.0122,1.2,NYC,medium
40.67,-73.84,2,251,other,0.05179282868525897,1.0197002821081487,property,0.7446,False,0.2429,0.7446,0.0124,1.2,NYC,medium
40.67,-73.84,3,265,property,0.018867924528301886,1.0783244824677787,other,0.5922,False,0.5922,0.3921,0.0156,1.6,NYC,medium
40.67,-73.83,0,55,property,0.32727272727272727,0.9595991361373647,property,0.7556,True,0.2316,0.7556,0.0128,1.3,NYC,medium
40.67,-73.83,1,40,property,0.225,1.0044989032880594,property,0.761,True,0.2265,0.761,0.0125,1.2,NYC,medium
40.67,-73.83,2,62,property,0.03225806451612903,1.02253209579086,other,0.8595,False,0.8595,0.1273,0.0132,1.3,NYC,high
40.67,-73.83,3,69,other,0.043478260869565216,1.0727290920980241,other,0.8504,True,0.8504,0.1352,0.0144,1.4,NYC,high
40.67,-73.82000000000001,0,243,property,0.17695473251028807,0.973292225346019,property,0.557,True,0.4256,0.557,0.0174,1.7,NYC,medium
40.67,-73.82000000000001,1,185,other,0.07027027027027027,1.030831574915276,property,0.6032,False,0.3827,0.6032,0.0141,1.4,NYC,medium
40.67,-73.82000000000001,2,339,other,0.08849557522123894,1.0524082133819406,other,0.8008,True,0.8008,0.1848,0.0143,1.4,NYC,high
40.67,-73.82000000000001,3,344,other,0.13953488372093023,1.0794868075782977,other,0.7581,True,0.7581,0.2266,0.0153,1.5,NYC,medium
40.67,-73.81,0,281,other,0.09252669039145907,1.0878948424087964,other,0.8484,True,0.8484,0.138,0.0136,1.4,NYC,high
40.67,-73.81,1,260,other,0.10384615384615385,1.0556492300067406,other,0.8167,True,0.8167,0.1694,0.014,1.4,NYC,high
40.67,-73.81,2,449,other,0.1915367483296214,1.0624478683311107,other,0.8515,True,0.8515,0.1352,0.0134,1.3,NYC,high
40.67,-73.81,3,468,other,0.23504273504273504,1.0454810397784824,other,0.8735,True,0.8735,0.1136,0.0129,1.3,NYC,high
40.67,-73.8,0,291,other,0.10652920962199312,1.0860038635385285,other,0.8259,True,0.8259,0.1566,0.0176,1.8,NYC,high
40.67,-73.8,1,338,other,0.17455621301775148,1.0622474965261168,property,0.7607,False,0.2268,0.7607,0.0125,1.3,NYC,medium
40.67,-73.8,2,434,other,0.18663594470046083,1.0390921040016703,other,0.718,True,0.718,0.2644,0.0177,1.8,NYC,medium
40.67,-73.8,3,573,other,0.2024432809773124,1.0590120370550695,other,0.7334,True,0.7334,0.2466,0.0201,2.0,NYC,medium
40.67,-73.79,0,186,other,0.15591397849462366,1.0576854117820496,other,0.8562,True,0.8562,0.1291,0.0147,1.5,NYC,high
40.67,-73.79,1,241,other,0.23236514522821577,1.0403095943394771,property,0.5933,False,0.3909,0.5933,0.0158,1.6,NYC,medium
40.67,-73.79,2,355,other,0.18309859154929578,1.05411315446066,other,0.7697,True,0.7697,0.2139,0.0165,1.6,NYC,medium
40.67,-73.79,3,432,other,0.28935185185185186,1.0147889152494274,other,0.855,True,0.855,0.1311,0.0139,1.4,NYC,high
40.67,-73.78,0,367,other,0.04632152588555858,1.0763593806689518,other,0.8725,True,0.8725,0.1146,0.0129,1.3,NYC,high
40.67,-73.78,1,381,other,0.2440944881889764,1.0385589899426222,other,0.6532,True,0.6532,0.3256,0.0212,2.1,NYC,medium
40.67,-73.78,2,480,other,0.23958333333333334,1.0439705269775845,other,0.8605,True,0.8605,0.1254,0.014,1.4,NYC,high
40.67,-73.78,3,546,other,0.1813186813186813,1.0471643993087965,other,0.7796,True,0.7796,0.1948,0.0256,2.6,NYC,medium
40.67,-73.77,0,216,other,0.11574074074074074,1.071350029124657,other,0.874,True,0.874,0.1131,0.0129,1.3,NYC,high
40.67,-73.77,1,291,other,0.13402061855670103,1.0559532983677378,other,0.846,True,0.846,0.1405,0.0135,1.3,NYC,high
40.67,-73.77,2,446,other,0.10986547085201794,1.0470450699049472,other,0.877,True,0.877,0.1104,0.0126,1.3,NYC,high
40.67,-73.77,3,435,other,0.29195402298850576,1.0141144910821556,other,0.8756,True,0.8756,0.1114,0.013,1.3,NYC,high
40.67,-73.76,0,176,other,0.056818181818181816,1.084274648928609,other,0.8702,True,0.8702,0.1156,0.0142,1.4,NYC,high
40.67,-73.76,1,246,other,0.22764227642276422,1.0188287726244227,other,0.8634,True,0.8634,0.1237,0.0129,1.3,NYC,high
40.67,-73.76,2,426,other,0.17136150234741784,1.059150203011253,other,0.7163,True,0.7163,0.2027,0.081,8.1,NYC,medium
40.67,-73.76,3,355,other,0.24788732394366197,1.0121529293843086,other,0.8638,True,0.8638,0.1198,0.0164,1.6,NYC,high
40.67,-73.75,0,148,property,0.10135135135135136,1.0354582821941516,other,0.8729,False,0.8729,0.1139,0.0132,1.3,NYC,high
40.67,-73.75,1,139,other,0.22302158273381295,1.0403360066817364,property,0.7421,False,0.2451,0.7421,0.0128,1.3,NYC,medium
40.67,-73.75,2,229,other,0.16593886462882096,1.0220936770712947,other,0.8371,True,0.8371,0.1493,0.0136,1.4,NYC,high
40.67,-73.75,3,223,other,0.17488789237668162,1.0451230819400381,other,0.8549,True,0.8549,0.1311,0.014,1.4,NYC,high
40.67,-73.74,0,137,other,0.08759124087591241,1.0732075799990406,other,0.8748,True,0.8748,0.1121,0.0131,1.3,NYC,high
40.67,-73.74,1,179,other,0.26256983240223464,1.0293607494380872,other,0.867,True,0.867,0.1201,0.0129,1.3,NYC,high
40.67,-73.74,2,275,other,0.28,1.0113385456243105,other,0.7773,True,0.7773,0.205,0.0177,1.8,NYC,medium
40.67,-73.74,3,253,other,0.3241106719367589,0.9968718643607977,other,0.8722,True,0.8722,0.1145,0.0133,1.3,NYC,high
40.67,-73.73,0,81,property,0.06172839506172839,1.0508130663041593,other,0.8442,False,0.8442,0.1422,0.0136,1.4,NYC,high
40.67,-73.73,1,100,other,0.4,0.9043636125515853,other,0.8013,True,0.8013,0.184,0.0147,1.5,NYC,high
40.67,-73.73,2,173,other,0.2138728323699422,1.0062149286142472,other,0.522,True,0.522,0.4618,0.0162,1.6,NYC,uncertain
40.67,-73.73,3,167,other,0.0718562874251497,1.058006887538842,other,0.8736,True,0.8736,0.1134,0.0129,1.3,NYC,high
40.68,-74.02,0,20,property,0.4,0.8568409950394724,other,0.7052,False,0.7052,0.2641,0.0306,3.1,NYC,medium
40.68,-74.02,1,24,other,0.125,1.0835291213181606,property,0.612,False,0.3734,0.612,0.0146,1.5,NYC,medium
40.68,-74.02,2,20,other,0.25,0.9745701894462542,property,0.7603,False,0.2268,0.7603,0.013,1.3,NYC,medium
40.68,-74.02,3,26,other,0.038461538461538464,1.088010262277112,property,0.6713,False,0.3135,0.6713,0.0153,1.5,NYC,medium
40.68,-74.01,0,225,other,0.09777777777777778,1.0547793161556644,other,0.8558,True,0.8558,0.1265,0.0176,1.8,NYC,high
40.68,-74.01,1,330,other,0.2606060606060606,1.0189468389619816,other,0.8696,True,0.8696,0.1172,0.0132,1.3,NYC,high
40.68,-74.01,2,545,other,0.1688073394495413,1.041727413381691,other,0.8709,True,0.8709,0.116,0.0131,1.3,NYC,high
40.68,-74.01,3,544,other,0.20955882352941177,1.02617658665333,other,0.8541,True,0.8541,0.1279,0.0179,1.8,NYC,high
40.68,-74.0,0,302,other,0.1357615894039735,0.9777561706418918,other,0.8714,True,0.8714,0.1155,0.0131,1.3,NYC,high
40.68,-74.0,1,395,other,0.017721518987341773,0.9506357322758056,property,0.5862,False,0.3995,0.5862,0.0143,1.4,NYC,medium
40.68,-74.0,2,666,property,0.12762762762762764,0.9807825607050538,property,0.6713,True,0.3153,0.6713,0.0135,1.3,NYC,medium
40.68,-74.0,3,518,other,0.13127413127413126,0.9763583533268281,other,0.8661,True,0.8661,0.1208,0.0131,1.3,NYC,high
40.68,-73.99,0,284,other,0.10211267605633803,1.0778800007291236,other,0.8548,True,0.8548,0.1295,0.0157,1.6,NYC,high
40.68,-73.99,1,598,property,0.27424749163879597,0.985500827873449,property,0.6668,True,0.3196,0.6668,0.0136,1.4,NYC,medium
40.68,-73.99,2,779,property,0.13093709884467267,1.01688342170183,property,0.7298,True,0.2569,0.7298,0.0133,1.3,NYC,medium
40.68,-73.99,3,673,other,0.08915304606240713,1.056194290997941,other,0.8488,True,0.8488,0.1374,0.0138,1.4,NYC,high
40.68,-73.98,0,719,other,0.13351877607788595,1.0780716213943504,other,0.7321,True,0.7321,0.2424,0.0255,2.5,NYC,medium
40.68,-73.98,1,1526,property,0.2221494102228047,0.9565507098997903,property,0.7687,True,0.219,0.7687,0.0123,1.2,NYC,medium
40.68,-73.98,2,2597,property,0.2668463611859838,0.9632113369475546,property,0.771,True,0.2168,0.771,0.0122,1.2,NYC,medium
40.68,-73.98,3,1777,property,0.08441193021947102,1.0404167666740496,property,0.7675,True,0.2201,0.7675,0.0124,1.2,NYC,medium
40.68,-73.97,0,537,other,0.10614525139664804,1.0534913646087682,other,0.777,True,0.777,0.2033,0.0197,2.0,NYC,medium
40.68,-73.97,1,1004,property,0.06772908366533864,0.9837337886237882,property,0.7663,True,0.2212,0.7663,0.0125,1.2,NYC,medium
40.68,-73.97,2,1712,property,0.13901869158878505,0.9873814784212515,property,0.769,True,0.2188,0.769,0.0122,1.2,NYC,medium
40.68,-73.97,3,1292,other,0.014705882352941176,1.0631806865648947,property,0.7654,False,0.2222,0.7654,0.0124,1.2,NYC,medium
40.68,-73.96000000000001,0,519,property,0.12716763005780346,1.0692152867773255,other,0.6461,False,0.6461,0.2162,0.1377,13.8,NYC,medium
40.68,-73.96000000000001,1,791,other,0.051833122629582805,1.0334828623432761,property,0.7475,False,0.2396,0.7475,0.0129,1.3,NYC,medium
40.68,-73.96000000000001,2,1169,property,0.006843455945252352,1.0251122936665664,property,0.7064,True,0.2802,0.7064,0.0134,1.3,NYC,medium
40.68,-73.96000000000001,3,1081,other,0.032377428307123035,1.0680315874713318,other,0.6604,True,0.6604,0.3191,0.0205,2.0,NYC,medium
40.68,-73.95,0,815,property,0.044171779141104296,1.0824616767185207,other,0.7201,False,0.7201,0.2048,0.0751,7.5,NYC,medium
40.68,-73.95,1,1259,other,0.03971405877680699,1.05125038960634,property,0.5171,False,0.4657,0.5171,0.0172,1.7,NYC,uncertain
40.68,-73.95,2,1940,other,0.013402061855670102,1.0465412869451622,other,0.5931,True,0.5931,0.3894,0.0175,1.7,NYC,medium
40.68,-73.95,3,1683,other,0.11586452762923351,1.0730340216563024,other,0.8403,True,0.8403,0.1446,0.015,1.5,NYC,high
40.68,-73.94,0,700,other,0.06142857142857143,1.0946341973597598,other,0.6003,True,0.6003,0.1849,0.2148,21.5,NYC,medium
40.68,-73.94,1,952,other,0.12710084033613445,1.0592107011850813,other,0.856,True,0.856,0.1309,0.0131,1.3,NYC,high
40.68,-73.94,2,1656,other,0.08876811594202899,1.0776430011979699,other,0.8582,True,0.8582,0.1284,0.0134,1.3,NYC,high
40.68,-73.94,3,1373,other,0.1638747268754552,1.072095974218744,other,0.8654,True,0.8654,0.119,0.0156,1.6,NYC,high
40.68,-73.93,0,582,other,0.1254295532646048,1.0832186472979375,other,0.6838,True,0.6838,0.193,0.1233,12.3,NYC,medium
40.68,-73.93,1,941,other,0.2507970244420829,1.025391953183068,other,0.8639,True,0.8639,0.1227,0.0133,1.3,NYC,high
40.68,-73.93,2,1436,other,0.17270194986072424,1.0526822339331983,other,0.8219,True,0.8219,0.1621,0.0161,1.6,NYC,high
40.68,-73.93,3,1282,other,0.24024960998439937,1.0366999258902259,other,0.8441,True,0.8441,0.1358,0.0202,2.0,NYC,high
40.68,-73.92,0,747,other,0.14457831325301204,1.0767160213009221,other,0.7816,True,0.7816,0.1576,0.0608,6.1,NYC,medium
40.68,-73.92,1,1155,other,0.022510822510822513,1.0443962901417885,other,0.8673,True,0.8673,0.1196,0.0131,1.3,NYC,high
40.68,-73.92,2,1744,other,0.08944954128440367,1.0638063606069725,other,0.863,True,0.863,0.1231,0.0139,1.4,NYC,high
40.68,-73.92,3,1678,other,0.20023837902264602,1.0524844628391166,other,0.8499,True,0.8499,0.1297,0.0204,2.0,NYC,high
40.68,-73.91,0,957,other,0.13897596656217345,1.0603315597201353,other,0.823,True,0.823,0.1409,0.036,3.6,NYC,high
40.68,-73.91,1,1351,other,0.29311621021465584,1.0138711787411956,other,0.8758,True,0.8758,0.1114,0.0128,1.3,NYC,high
40.68,-73.91,2,1886,other,0.33457051961823964,0.9839518974311782,other,0.8619,True,0.8619,0.1234,0.0147,1.5,NYC,high
40.68,-73.91,3,1784,other,0.29876681614349776,1.0018334020015898,other,0.8606,True,0.8606,0.1222,0.0171,1.7,NYC,high
40.68,-73.9,0,659,other,0.19423368740515934,1.0414718461098642,other,0.7912,True,0.7912,0.1548,0.0541,5.4,NYC,medium
40.68,-73.9,1,707,other,0.24893917963224893,1.0347718358357163,other,0.7196,True,0.7196,0.262,0.0184,1.8,NYC,medium
40.68,-73.9,2,1237,other,0.38156831042845596,0.9608389932061756,other,0.8653,True,0.8653,0.1215,0.0132,1.3,NYC,high
40.68,-73.9,3,1025,other,0.24780487804878049,1.0050766577338308,other,0.854,True,0.854,0.1278,0.0182,1.8,NYC,high
40.68,-73.89,0,729,other,0.05761316872427984,1.0951030090276916,violent,0.5017,False,0.3448,0.1535,0.5017,50.2,NYC,uncertain
40.68,-73.89,1,619,other,0.03231017770597738,1.0694375065730246,other,0.6656,True,0.6656,0.3126,0.0218,2.2,NYC,medium
40.68,-73.89,2,904,other,0.07300884955752213,1.0660670210195806,other,0.7615,True,0.7615,0.2165,0.022,2.2,NYC,medium
40.68,-73.89,3,925,other,0.08,1.0852584960508327,other,0.7132,True,0.7132,0.2039,0.0829,8.3,NYC,medium
40.68,-73.88,0,634,other,0.06309148264984227,1.0931726479459738,other,0.4484,True,0.4484,0.1753,0.3763,37.6,NYC,uncertain
40.68,-73.88,1,711,other,0.16736990154711673,1.0699093545187026,other,0.8148,True,0.8148,0.1669,0.0184,1.8,NYC,high
40.68,-73.88,2,1031,other,0.11445198836081474,1.0804227255583405,other,0.8506,True,0.8506,0.1335,0.0159,1.6,NYC,high
40.68,-73.88,3,1078,other,0.150278293135436,1.069261248162514,other,0.8067,True,0.8067,0.1544,0.0389,3.9,NYC,high
40.68,-73.87,0,758,violent,0.0158311345646438,1.0967348564107753,violent,0.4892,True,0.3539,0.1569,0.4892,48.9,NYC,uncertain
40.68,-73.87,1,896,other,0.08482142857142858,1.0682728346980213,other,0.6996,True,0.6996,0.2823,0.0181,1.8,NYC,medium
40.68,-73.87,2,1361,other,0.1109478324761205,1.063074572565148,other,0.7504,True,0.7504,0.2247,0.0249,2.5,NYC,medium
40.68,-73.87,3,1259,other,0.08657664813343924,1.0863030075656976,other,0.8169,True,0.8169,0.1509,0.0322,3.2,NYC,high
40.68,-73.86,0,357,property,0.008403361344537815,1.0919983668264852,other,0.7643,False,0.7643,0.195,0.0407,4.1,NYC,medium
40.68,-73.86,1,370,property,0.051351351351351354,1.043350833211392,property,0.761,True,0.2268,0.761,0.0122,1.2,NYC,medium
40.68,-73.86,2,567,property,0.026455026455026454,1.0621271408985467,other,0.4942,False,0.4942,0.4874,0.0184,1.8,NYC,uncertain
40.68,-73.86,3,610,other,0.07868852459016394,1.0896221529762005,other,0.7782,True,0.7782,0.2018,0.02,2.0,NYC,medium
40.68,-73.85000000000001,0,310,other,0.06451612903225806,1.0866872245717785,other,0.877,True,0.877,0.1104,0.0126,1.3,NYC,high
40.68,-73.85000000000001,1,360,other,0.005555555555555556,1.0798398047787021,property,0.6467,False,0.3395,0.6467,0.0138,1.4,NYC,medium
40.68,-73.85000000000001,2,620,property,0.014516129032258065,1.036134266830925,property,0.7194,True,0.267,0.7194,0.0136,1.4,NYC,medium
40.68,-73.85000000000001,3,554,other,0.0812274368231047,1.083297425463664,other,0.8602,True,0.8602,0.1263,0.0135,1.3,NYC,high
40.68,-73.84,0,502,other,0.18127490039840638,1.05101167309712,other,0.8669,True,0.8669,0.1168,0.0163,1.6,NYC,high
40.68,-73.84,1,748,other,0.07219251336898395,1.0166293469029373,other,0.8727,True,0.8727,0.1144,0.0129,1.3,NYC,high
40.68,-73.84,2,1043,other,0.1361457334611697,1.059494677807324,other,0.8768,True,0.8768,0.1106,0.0126,1.3,NYC,high
40.68,-73.84,3,931,other,0.21697099892588614,1.0228368304758548,other,0.8748,True,0.8748,0.1124,0.0128,1.3,NYC,high
40.68,-73.83,0,637,other,0.04395604395604396,1.091667992144049,other,0.8737,True,0.8737,0.1134,0.0129,1.3,NYC,high
40.68,-73.83,1,588,property,0.25170068027210885,1.0105985439254694,other,0.6695,False,0.6695,0.3151,0.0154,1.5,NYC,medium
40.68,-73.83,2,998,property,0.18236472945891782,0.9944933491643067,property,0.7298,True,0.2571,0.7298,0.013,1.3,NYC,medium
40.68,-73.83,3,948,other,0.1729957805907173,1.0660900571629535,other,0.8761,True,0.8761,0.1112,0.0127,1.3,NYC,high
40.68,-73.82000000000001,0,478,property,0.07112970711297072,1.0904573394442916,other,0.8087,False,0.8087,0.1518,0.0396,4.0,NYC,high
40.68,-73.82000000000001,1,422,property,0.08056872037914692,1.0145355755142742,other,0.8724,False,0.8724,0.1148,0.0128,1.3,NYC,high
40.68,-73.82000000000001,2,687,property,0.046579330422125184,1.0551568289337117,other,0.8729,False,0.8729,0.1142,0.013,1.3,NYC,high
40.68,-73.82000000000001,3,644,other,0.12111801242236025,1.0792155018452845,other,0.8731,True,0.8731,0.1138,0.0131,1.3,NYC,high
40.68,-73.81,0,372,other,0.07795698924731183,1.0914725984532792,other,0.8523,True,0.8523,0.1306,0.017,1.7,NYC,high
40.68,-73.81,1,258,other,0.06976744186046512,1.0811880497928081,other,0.8712,True,0.8712,0.1162,0.0126,1.3,NYC,high
40.68,-73.81,2,484,other,0.18388429752066116,1.046263088313375,other,0.8694,True,0.8694,0.1178,0.0128,1.3,NYC,high
40.68,-73.81,3,485,other,0.23917525773195877,1.0237304685458317,other,0.8778,True,0.8778,0.1096,0.0126,1.3,NYC,high
40.68,-73.8,0,239,other,0.012552301255230125,1.082511549837613,other,0.8666,True,0.8666,0.119,0.0144,1.4,NYC,high
40.68,-73.8,1,268,other,0.1828358208955224,1.0270759639986469,other,0.7144,True,0.7144,0.2683,0.0173,1.7,NYC,medium
40.68,-73.8,2,435,other,0.167816091954023,1.0255617953831473,other,0.8574,True,0.8574,0.1292,0.0135,1.3,NYC,high
40.68,-73.8,3,502,other,0.1593625498007968,1.0528523855654122,other,0.856,True,0.856,0.1285,0.0155,1.5,NYC,high
40.68,-73.79,0,268,other,0.23134328358208955,1.0383271833639396,other,0.8386,True,0.8386,0.1382,0.0233,2.3,NYC,high
40.68,-73.79,1,396,other,0.19444444444444445,1.0236620999088881,other,0.6425,True,0.6425,0.3391,0.0185,1.8,NYC,medium
40.68,-73.79,2,551,other,0.20326678765880218,1.0273595431448106,other,0.776,True,0.776,0.2033,0.0207,2.1,NYC,medium
40.68,-73.79,3,564,other,0.2393617021276596,1.032865114558746,other,0.8727,True,0.8727,0.1138,0.0136,1.4,NYC,high
40.68,-73.78,0,688,other,0.33430232558139533,0.9865685920445793,other,0.8635,True,0.8635,0.1235,0.013,1.3,NYC,high
40.68,-73.78,1,1102,other,0.36388384754990927,0.897992408645824,other,0.7462,True,0.7462,0.2387,0.0151,1.5,NYC,medium
40.68,-73.78,2,1509,other,0.2829688535453943,0.9860059162953877,other,0.8623,True,0.8623,0.1246,0.0131,1.3,NYC,high
40.68,-73.78,3,1411,other,0.39475549255846915,0.9530499848119989,other,0.8356,True,0.8356,0.1507,0.0137,1.4,NYC,high
40.68,-73.77,0,249,other,0.1566265060240964,1.0682804863285544,other,0.8685,True,0.8685,0.1169,0.0146,1.5,NYC,high
40.68,-73.77,1,293,other,0.10238907849829351,1.0618523432518914,other,0.8679,True,0.8679,0.1192,0.0129,1.3,NYC,high
40.68,-73.77,2,446,other,0.15246636771300448,1.0472029583800915,other,0.8688,True,0.8688,0.1182,0.013,1.3,NYC,high
40.68,-73.77,3,428,other,0.2967289719626168,1.0083126873937363,other,0.8684,True,0.8684,0.117,0.0145,1.5,NYC,high
40.68,-73.76,0,196,other,0.20408163265306123,1.0478129544941108,other,0.8724,True,0.8724,0.1143,0.0133,1.3,NYC,high
40.68,-73.76,1,278,property,0.12589928057553956,1.0609319940676945,property,0.7381,True,0.249,0.7381,0.0129,1.3,NYC,medium
40.68,-73.76,2,429,other,0.04195804195804196,1.0491700152957024,property,0.7301,False,0.2565,0.7301,0.0134,1.3,NYC,medium
40.68,-73.76,3,360,other,0.1638888888888889,1.067132672823884,other,0.8579,True,0.8579,0.1282,0.0139,1.4,NYC,high
40.68,-73.75,0,214,other,0.2336448598130841,1.0460026483452314,other,0.8523,True,0.8523,0.1329,0.0148,1.5,NYC,high
40.68,-73.75,1,251,other,0.099601593625498,1.0424533034875143,property,0.7338,False,0.2526,0.7338,0.0136,1.4,NYC,medium
40.68,-73.75,2,491,other,0.109979633401222,1.0511335381481646,other,0.6793,True,0.6793,0.3002,0.0204,2.0,NYC,medium
40.68,-73.75,3,417,other,0.22062350119904076,1.032314029847297,other,0.7176,True,0.7176,0.2596,0.0228,2.3,NYC,medium
40.68,-73.74,0,173,other,0.16184971098265896,1.0471639669950283,other,0.8763,True,0.8763,0.1109,0.0129,1.3,NYC,high
40.68,-73.74,1,164,other,0.17073170731707318,1.0648013682906772,other,0.8235,True,0.8235,0.1625,0.0141,1.4,NYC,high
40.68,-73.74,2,267,other,0.18726591760299627,0.9789461405618123,other,0.8721,True,0.8721,0.115,0.013,1.3,NYC,high
40.68,-73.74,3,295,other,0.19322033898305085,1.033565602411333,other,0.8541,True,0.8541,0.1324,0.0134,1.3,NYC,high
40.68,-73.73,0,86,property,0.08139534883720931,1.0491553862814393,other,0.8605,False,0.8605,0.1256,0.0139,1.4,NYC,high
40.68,-73.73,1,82,other,0.07317073170731707,1.0048814087685225,property,0.7235,False,0.2635,0.7235,0.013,1.3,NYC,medium
40.68,-73.73,2,97,other,0.16494845360824742,0.9784042799945502,other,0.8688,True,0.8688,0.1183,0.0128,1.3,NYC,high
40.68,-73.73,3,117,other,0.1623931623931624,1.0600880634173628,other,0.8008,True,0.8008,0.1849,0.0143,1.4,NYC,high
40.69,-74.02,2,6,other,0.6666666666666666,0.4505612301390093,other,0.871,True,0.871,0.1162,0.0128,1.3,NYC,high
40.69,-74.0,0,144,property,0.13194444444444445,0.9816898788011339,other,0.7883,False,0.7883,0.197,0.0147,1.5,NYC,medium
40.69,-74.0,1,207,property,0.22705314009661837,0.9149233208698502,property,0.7662,True,0.2216,0.7662,0.0122,1.2,NYC,medium
40.69,-74.0,2,317,property,0.1892744479495268,0.9158297730889263,property,0.7684,True,0.2194,0.7684,0.0123,1.2,NYC,medium
40.69,-74.0,3,349,property,0.06303724928366762,1.0227034156252304,property,0.7653,True,0.2225,0.7653,0.0122,1.2,NYC,medium
40.69,-73.99,0,670,property,0.058208955223880594,1.068366243595023,other,0.605,False,0.605,0.3735,0.0215,2.2,NYC,medium
40.69,-73.99,1,2068,property,0.1286266924564797,1.0143637476687175,property,0.7663,True,0.2212,0.7663,0.0125,1.3,NYC,medium
40.69,-73.99,2,4287,property,0.27571728481455565,0.9592382751803629,property,0.7686,True,0.2192,0.7686,0.0122,1.2,NYC,medium
40.69,-73.99,3,2028,property,0.27218934911242604,0.9803291206383884,property,0.7677,True,0.2202,0.7677,0.0122,1.2,NYC,medium
40.69,-73.98,0,842,other,0.09263657957244656,1.069956632925552,other,0.7547,True,0.7547,0.2183,0.0271,2.7,NYC,medium
40.69,-73.98,1,2342,property,0.33603757472245943,0.9230686537897669,property,0.7658,True,0.2217,0.7658,0.0124,1.2,NYC,medium
40.69,-73.98,2,3673,property,0.32534712768853796,0.9350293371078846,property,0.7657,True,0.2218,0.7657,0.0125,1.2,NYC,medium
40.69,-73.98,3,2452,property,0.19371941272430668,1.0340379411230682,property,0.6885,True,0.2969,0.6885,0.0146,1.5,NYC,medium
40.69,-73.97,0,414,other,0.024154589371980676,1.0597246249054644,other,0.6291,True,0.6291,0.3457,0.0252,2.5,NYC,medium
40.69,-73.97,1,629,property,0.07313195548489666,0.9261800633189415,property,0.7652,True,0.2223,0.7652,0.0125,1.2,NYC,medium
40.69,-73.97,2,1141,property,0.12971078001752848,0.9740317831683072,property,0.7653,True,0.2222,0.7653,0.0125,1.2,NYC,medium
40.69,-73.97,3,901,other,0.06437291897891231,1.0304915363166856,property,0.7508,False,0.2363,0.7508,0.0129,1.3,NYC,medium
40.69,-73.96000000000001,0,683,other,0.0746705710102489,1.060326559279805,other,0.7084,True,0.7084,0.2016,0.09,9.0,NYC,medium
40.69,-73.96000000000001,1,928,other,0.1584051724137931,1.0401417949671086,property,0.7238,False,0.2629,0.7238,0.0133,1.3,NYC,medium
40.69,-73.96000000000001,2,1424,other,0.08216292134831461,1.0536292863525223,other,0.578,True,0.578,0.4045,0.0175,1.7,NYC,medium
40.69,-73.96000000000001,3,1284,other,0.1705607476635514,1.0637850804227185,other,0.698,True,0.698,0.2794,0.0226,2.3,NYC,medium
40.69,-73.95,0,881,other,0.2122587968217934,1.0516418499260822,other,0.8311,True,0.8311,0.1398,0.0291,2.9,NYC,high
40.69,-73.95,1,988,other,0.18319838056680163,1.0007420799783266,other,0.8592,True,0.8592,0.1278,0.013,1.3,NYC,high
40.69,-73.95,2,1601,other,0.1155527795128045,1.0438548905089569,other,0.8555,True,0.8555,0.1312,0.0134,1.3,NYC,high
40.69,-73.95,3,1481,other,0.2579338284942606,1.0302711879430166,other,0.8696,True,0.8696,0.1163,0.0141,1.4,NYC,high
40.69,-73.94,0,834,other,0.11390887290167866,1.0853631347825041,other,0.688,True,0.688,0.1723,0.1396,14.0,NYC,medium
40.69,-73.94,1,1097,other,0.16773017319963537,1.0161089805268988,other,0.8647,True,0.8647,0.1221,0.0132,1.3,NYC,high
40.69,-73.94,2,1800,other,0.11555555555555555,1.04654522304864,other,0.8754,True,0.8754,0.1118,0.0128,1.3,NYC,high
40.69,-73.94,3,1754,other,0.22976054732041049,1.045286142171027,other,0.8629,True,0.8629,0.121,0.0162,1.6,NYC,high
40.69,-73.93,0,838,other,0.11813842482100238,1.0784947686912538,other,0.7403,True,0.7403,0.1713,0.0884,8.8,NYC,medium
40.69,-73.93,1,1064,other,0.12593984962406016,1.0623132671730207,other,0.8586,True,0.8586,0.128,0.0134,1.3,NYC,high
40.69,-73.93,2,1625,other,0.06892307692307692,1.066404841807917,other,0.8509,True,0.8509,0.1354,0.0137,1.4,NYC,high
40.69,-73.93,3,1571,other,0.17759388924252067,1.06808082767601,other,0.8684,True,0.8684,0.1174,0.0142,1.4,NYC,high
40.69,-73.92,0,867,other,0.13610149942329874,1.0761334975358061,other,0.8231,True,0.8231,0.141,0.0359,3.6,NYC,high
40.69,-73.92,1,1010,property,0.01881188118811881,1.0321277163911162,other,0.814,False,0.814,0.1711,0.0149,1.5,NYC,high
40.69,-73.92,2,1756,other,0.05353075170842825,1.0587310693594296,other,0.8664,True,0.8664,0.1203,0.0133,1.3,NYC,high
40.69,-73.92,3,1499,other,0.12141427618412275,1.0718630113937697,other,0.8433,True,0.8433,0.1361,0.0206,2.1,NYC,high
40.69,-73.91,0,688,other,0.10755813953488372,1.0844200182433197,violent,0.5057,False,0.3409,0.1534,0.5057,50.6,NYC,uncertain
40.69,-73.91,1,670,other,0.12835820895522387,1.0264885972266207,other,0.8001,True,0.8001,0.1839,0.016,1.6,NYC,high
40.69,-73.91,2,1097,other,0.020966271649954422,1.0384049295286988,other,0.8655,True,0.8655,0.1203,0.0142,1.4,NYC,high
40.69,-73.91,3,1142,other,0.0989492119089317,1.0845995242757402,other,0.851,True,0.851,0.129,0.0201,2.0,NYC,high
40.69,-73.9,0,100,other,0.08,1.0736534486560747,other,0.8731,True,0.8731,0.1135,0.0134,1.3,NYC,high
40.69,-73.9,1,102,property,0.00980392156862745,1.0087306379532923,other,0.8728,False,0.8728,0.1145,0.0127,1.3,NYC,high
40.69,-73.9,2,168,property,0.17857142857142858,1.019025461146272,other,0.7844,False,0.7844,0.201,0.0146,1.5,NYC,medium
40.69,-73.9,3,211,other,0.02843601895734597,1.026973043206684,other,0.8734,True,0.8734,0.1138,0.0128,1.3,NYC,high
40.69,-73.89,0,26,other,0.2692307692307692,0.9291687604839372,other,0.8675,True,0.8675,0.1189,0.0137,1.4,NYC,high
40.69,-73.89,1,11,violent,0.0,1.0900596587107838,other,0.8727,False,0.8727,0.1139,0.0134,1.3,NYC,high
40.69,-73.89,2,20,other,0.15,0.9985793315873921,other,0.8673,True,0.8673,0.119,0.0137,1.4,NYC,high
40.69,-73.89,3,41,other,0.4146341463414634,0.9393535230803469,other,0.8691,True,0.8691,0.1171,0.0138,1.4,NYC,high
40.69,-73.88,0,87,property,0.022988505747126436,1.097025615312467,other,0.8742,False,0.8742,0.1125,0.0133,1.3,NYC,high
40.69,-73.88,1,82,other,0.024390243902439025,1.066901631293956,other,0.7807,True,0.7807,0.2042,0.0152,1.5,NYC,medium
40.69,-73.88,2,127,other,0.015748031496062992,1.0719793867373801,other,0.8739,True,0.8739,0.1132,0.0129,1.3,NYC,high
40.69,-73.88,3,156,other,0.08333333333333333,1.0860723982181457,other,0.8567,True,0.8567,0.1302,0.0132,1.3,NYC,high
40.69,-73.87,0,375,other,0.05333333333333334,1.0886455650825286,other,0.8512,True,0.8512,0.1273,0.0215,2.1,NYC,high
40.69,-73.87,1,484,other,0.1859504132231405,1.0489788062142997,other,0.8775,True,0.8775,0.11,0.0125,1.3,NYC,high
40.69,-73.87,2,715,other,0.193006993006993,1.0626537126725293,other,0.874,True,0.874,0.1131,0.0129,1.3,NYC,high
40.69,-73.87,3,689,other,0.16400580551523947,1.0689745600878096,other,0.8711,True,0.8711,0.115,0.0139,1.4,NYC,high
40.69,-73.86,0,409,property,0.0,1.098227129759958,other,0.7695,False,0.7695,0.2026,0.0279,2.8,NYC,medium
40.69,-73.86,1,603,property,0.373134328358209,0.8776223687629813,property,0.7518,True,0.2354,0.7518,0.0128,1.3,NYC,medium
40.69,-73.86,2,887,property,0.2762119503945885,0.9482709975372168,property,0.7569,True,0.2309,0.7569,0.0122,1.2,NYC,medium
40.69,-73.86,3,840,property,0.055952380952380955,1.0487389529772333,other,0.844,False,0.844,0.1425,0.0135,1.3,NYC,high
40.69,-73.85000000000001,0,311,other,0.003215434083601286,1.0798222693495008,other,0.8767,True,0.8767,0.1106,0.0127,1.3,NYC,high
40.69,-73.85000000000001,1,366,other,0.09289617486338798,1.0391187142741467,property,0.7624,False,0.2251,0.7624,0.0125,1.3,NYC,medium
40.69,-73.85000000000001,2,624,other,0.017628205128205128,1.0527010685600793,property,0.7553,False,0.2325,0.7553,0.0122,1.2,NYC,medium
40.69,-73.85000000000001,3,578,other,0.14878892733564014,1.0757781708220708,other,0.552,True,0.552,0.4301,0.0179,1.8,NYC,medium
40.69,-73.84,0,329,other,0.05167173252279635,1.095438811011594,other,0.8688,True,0.8688,0.1165,0.0147,1.5,NYC,high
40.69,-73.84,1,385,property,0.0025974025974025974,1.0229081630074195,other,0.8702,False,0.8702,0.1172,0.0126,1.3,NYC,high
40.69,-73.84,2,605,other,0.001652892561983471,1.06043564680837,other,0.859,True,0.859,0.1276,0.0133,1.3,NYC,high
40.69,-73.84,3,623,other,0.1476725521669342,1.076971966109817,other,0.8744,True,0.8744,0.1128,0.0129,1.3,NYC,high
40.69,-73.83,0,563,violent,0.04085257548845471,1.0624385086630967,other,0.8246,False,0.8246,0.1413,0.0341,3.4,NYC,high
40.69,-73.83,1,514,other,0.009727626459143969,1.0495647200517284,other,0.8709,True,0.8709,0.1163,0.0128,1.3,NYC,high
40.69,-73.83,2,960,property,0.042708333333333334,1.053055685758936,other,0.8553,False,0.8553,0.1312,0.0135,1.3,NYC,high
40.69,-73.83,3,1106,other,0.06690777576853527,1.0923227237899824,other,0.8699,True,0.8699,0.116,0.0141,1.4,NYC,high
40.69,-73.82000000000001,0,615,violent,0.06666666666666667,1.0818764027400998,other,0.5293,False,0.5293,0.1778,0.2929,29.3,NYC,uncertain
40.69,-73.82000000000001,1,722,property,0.3171745152354571,0.9351129357889914,other,0.866,False,0.866,0.1209,0.0131,1.3,NYC,high
40.69,-73.82000000000001,2,989,property,0.17290192113245703,1.0320534773059762,other,0.8622,False,0.8622,0.1246,0.0132,1.3,NYC,high
40.69,-73.82000000000001,3,982,other,0.07637474541751528,1.08980635638693,other,0.8713,True,0.8713,0.1147,0.014,1.4,NYC,high
40.69,-73.81,0,431,other,0.03248259860788863,1.097295963014526,other,0.8485,True,0.8485,0.1308,0.0207,2.1,NYC,high
40.69,-73.81,1,385,other,0.05714285714285714,1.0786813212321964,other,0.8674,True,0.8674,0.1195,0.013,1.3,NYC,high
40.69,-73.81,2,567,other,0.08818342151675485,1.0764674979267588,other,0.8776,True,0.8776,0.1099,0.0125,1.3,NYC,high
40.69,-73.81,3,667,other,0.136431784107946,1.0680688612706102,other,0.8742,True,0.8742,0.1125,0.0133,1.3,NYC,high
40.69,-73.8,0,365,other,0.07397260273972603,1.0930572542267445,other,0.8085,True,0.8085,0.1479,0.0436,4.4,NYC,high
40.69,-73.8,1,429,other,0.10023310023310024,1.084951962485002,other,0.8666,True,0.8666,0.1204,0.013,1.3,NYC,high
40.69,-73.8,2,676,other,0.10502958579881656,1.080089563943282,other,0.8731,True,0.8731,0.1139,0.013,1.3,NYC,high
40.69,-73.8,3,682,other,0.09824046920821114,1.0710519936073337,other,0.8699,True,0.8699,0.1157,0.0143,1.4,NYC,high
40.69,-73.79,0,381,other,0.1889763779527559,1.0597836773768363,other,0.8701,True,0.8701,0.1155,0.0143,1.4,NYC,high
40.69,-73.79,1,479,other,0.1336116910229645,1.0622061765881954,other,0.8637,True,0.8637,0.1232,0.0131,1.3,NYC,high
40.69,-73.79,2,676,other,0.22041420118343194,1.0277346397391636,other,0.87,True,0.87,0.1161,0.0139,1.4,NYC,high
40.69,-73.79,3,718,other,0.2381615598885794,1.044443056682694,other,0.8603,True,0.8603,0.1223,0.0174,1.7,NYC,high
40.69,-73.78,0,246,other,0.15447154471544716,1.074472335018354,other,0.8704,True,0.8704,0.1143,0.0153,1.5,NYC,high
40.69,-73.78,1,494,property,0.1417004048582996,1.0190786609056133,other,0.8308,False,0.8308,0.1553,0.014,1.4,NYC,high
40.69,-73.78,2,647,property,0.09119010819165378,1.0234187171047509,other,0.8555,False,0.8555,0.1309,0.0136,1.4,NYC,high
40.69,-73.78,3,545,other,0.23853211009174313,1.0315434176218263,other,0.8666,True,0.8666,0.1186,0.0149,1.5,NYC,high
40.69,-73.77,0,74,other,0.28378378378378377,1.0193323541481853,other,0.8733,True,0.8733,0.1133,0.0134,1.3,NYC,high
40.69,-73.77,1,66,other,0.030303030303030304,1.0622866568986145,other,0.7268,True,0.7268,0.2581,0.0151,1.5,NYC,medium
40.69,-73.77,2,137,other,0.20437956204379562,1.0159759146378942,other,0.7598,True,0.7598,0.2168,0.0233,2.3,NYC,medium
40.69,-73.77,3,136,other,0.22058823529411764,1.006919459756929,other,0.575,True,0.575,0.202,0.223,22.3,NYC,medium
40.69,-73.76,0,239,other,0.14225941422594143,1.0673801474055944,other,0.8718,True,0.8718,0.1148,0.0134,1.3,NYC,high
40.69,-73.76,1,284,other,0.14084507042253522,1.070223011672319,other,0.8672,True,0.8672,0.12,0.0128,1.3,NYC,high
40.69,-73.76,2,519,other,0.16184971098265896,1.0640367240431057,other,0.774,True,0.774,0.2076,0.0185,1.8,NYC,medium
40.69,-73.76,3,408,other,0.2622549019607843,1.0241339830070049,other,0.8608,True,0.8608,0.1217,0.0175,1.8,NYC,high
40.69,-73.75,0,125,other,0.176,1.0661069057255597,other,0.8701,True,0.8701,0.1157,0.0142,1.4,NYC,high
40.69,-73.75,1,175,other,0.25142857142857145,0.9668183627532534,other,0.8419,True,0.8419,0.1446,0.0135,1.3,NYC,high
40.69,-73.75,2,296,other,0.26013513513513514,1.0069327009007574,other,0.8001,True,0.8001,0.1823,0.0176,1.8,NYC,high
40.69,-73.75,3,276,other,0.32971014492753625,0.9799179822689945,other,0.8647,True,0.8647,0.12,0.0153,1.5,NYC,high
40.69,-73.74,0,91,property,0.10989010989010989,1.0822672430419777,other,0.8506,False,0.8506,0.1357,0.0137,1.4,NYC,high
40.69,-73.74,1,122,other,0.05737704918032787,1.031094430085425,other,0.5801,True,0.5801,0.4007,0.0192,1.9,NYC,medium
40.69,-73.74,2,194,other,0.22164948453608246,0.9595389458661596,property,0.494,False,0.4882,0.494,0.0178,1.8,NYC,uncertain
40.69,-73.74,3,191,other,0.10471204188481675,1.068602903180407,other,0.7781,True,0.7781,0.2025,0.0194,1.9,NYC,medium
40.69,-73.73,0,113,other,0.07964601769911504,1.059001405435094,other,0.8213,True,0.8213,0.1624,0.0163,1.6,NYC,high
40.69,-73.73,1,99,other,0.2727272727272727,0.9949236325717752,property,0.73,False,0.2572,0.73,0.0129,1.3,NYC,medium
40.69,-73.73,2,173,other,0.13872832369942195,1.027325796945209,other,0.8683,True,0.8683,0.1188,0.0129,1.3,NYC,high
40.69,-73.73,3,150,other,0.22,0.9404383103130517,other,0.8587,True,0.8587,0.1269,0.0144,1.4,NYC,high
40.7,-74.02,1,14,other,0.14285714285714285,1.0789922078775833,property,0.7152,False,0.2714,0.7152,0.0134,1.3,NYC,medium
40.7,-74.02,2,24,other,0.041666666666666664,1.05938459334224,other,0.7678,True,0.7678,0.2164,0.0158,1.6,NYC,medium
40.7,-74.02,3,6,violent,0.5,0.8675632284814613,property,0.7572,False,0.2296,0.7572,0.0132,1.3,NYC,medium
40.7,-74.01,0,237,property,0.029535864978902954,1.0959917512960917,other,0.6358,False,0.6358,0.3421,0.0221,2.2,NYC,medium
40.7,-74.01,1,497,property,0.3702213279678068,0.9044468480546619,property,0.766,True,0.2214,0.766,0.0126,1.3,NYC,medium
40.7,-74.01,2,668,property,0.19910179640718562,0.9895553861287749,property,0.7651,True,0.2224,0.7651,0.0125,1.2,NYC,medium
40.7,-74.01,3,328,property,0.07317073170731707,1.0884143046536057,property,0.7649,True,0.2227,0.7649,0.0123,1.2,NYC,medium
40.7,-74.0,0,37,property,0.05405405405405406,1.0774012677912757,property,0.6082,True,0.3759,0.6082,0.0159,1.6,NYC,medium
40.7,-74.0,1,62,property,0.1935483870967742,0.9665657873995365,property,0.7661,True,0.2216,0.7661,0.0122,1.2,NYC,medium
40.7,-74.0,2,108,property,0.3333333333333333,0.900908873225472,property,0.7679,True,0.2198,0.7679,0.0123,1.2,NYC,medium
40.7,-74.0,3,113,property,0.19469026548672566,1.0436712670496435,property,0.7672,True,0.2206,0.7672,0.0123,1.2,NYC,medium
40.7,-73.99,0,364,property,0.027472527472527472,1.03581924371233,other,0.8751,False,0.8751,0.1121,0.0128,1.3,NYC,high
40.7,-73.99,1,637,property,0.11930926216640503,0.9889111651309657,property,0.7652,True,0.2223,0.7652,0.0125,1.2,NYC,medium
40.7,-73.99,2,976,property,0.15368852459016394,1.0204829470898757,property,0.766,True,0.2216,0.766,0.0125,1.2,NYC,medium
40.7,-73.99,3,760,property,0.06578947368421052,1.0405249020918697,property,0.7631,True,0.2246,0.7631,0.0123,1.2,NYC,medium
40.7,-73.98,0,711,other,0.1828410689170183,1.0287962843396272,other,0.8652,True,0.8652,0.1201,0.0147,1.5,NYC,high
40.7,-73.98,1,1033,other,0.2749273959341723,1.0159152954282713,other,0.8722,True,0.8722,0.1149,0.0129,1.3,NYC,high
40.7,-73.98,2,1382,other,0.2785817655571635,1.0065551993266937,other,0.8752,True,0.8752,0.1121,0.0127,1.3,NYC,high
40.7,-73.98,3,1428,other,0.226890756302521,1.0340220260139783,other,0.8541,True,0.8541,0.1267,0.0192,1.9,NYC,high
40.7,-73.97,0,258,other,0.10465116279069768,1.0866776711094028,other,0.8632,True,0.8632,0.1216,0.0152,1.5,NYC,high
40.7,-73.97,1,280,other,0.1357142857142857,1.0602577666641764,other,0.8328,True,0.8328,0.1534,0.0137,1.4,NYC,high
40.7,-73.97,2,472,other,0.1716101694915254,1.0598711208752127,other,0.8644,True,0.8644,0.1226,0.013,1.3,NYC,high
40.7,-73.97,3,433,other,0.27251732101616627,1.027064874933066,other,0.8743,True,0.8743,0.1129,0.0128,1.3,NYC,high
40.7,-73.96000000000001,0,313,property,0.11182108626198083,0.9632163696693755,other,0.8711,False,0.8711,0.1159,0.0129,1.3,NYC,high
40.7,-73.96000000000001,1,359,property,0.2116991643454039,0.9884351405349341,property,0.7565,True,0.2312,0.7565,0.0122,1.2,NYC,medium
40.7,-73.96000000000001,2,518,property,0.20656370656370657,0.9811536034307611,property,0.7662,True,0.2217,0.7662,0.0121,1.2,NYC,medium
40.7,-73.96000000000001,3,434,other,0.013824884792626729,1.0273634006414176,property,0.684,False,0.3025,0.684,0.0134,1.3,NYC,medium
40.7,-73.95,0,629,other,0.06200317965023847,1.0647507761383106,other,0.7063,True,0.7063,0.2161,0.0776,7.8,NYC,medium
40.7,-73.95,1,1327,property,0.35870384325546345,0.8958241906639322,other,0.6816,False,0.6816,0.2969,0.0215,2.2,NYC,medium
40.7,-73.95,2,1766,property,0.28482446206115514,0.9643898419534414,other,0.7278,False,0.7278,0.2515,0.0207,2.1,NYC,medium
40.7,-73.95,3,1319,other,0.10007581501137225,1.05974772076381,other,0.8519,True,0.8519,0.1313,0.0168,1.7,NYC,high
40.7,-73.94,0,1401,other,0.1206281227694504,1.0634292314544196,other,0.4245,True,0.4245,0.1727,0.4029,40.3,NYC,uncertain
40.7,-73.94,1,1823,other,0.17059791552386178,1.057712763937449,other,0.5156,True,0.5156,0.467,0.0175,1.7,NYC,uncertain
40.7,-73.94,2,2936,other,0.14237057220708446,1.069635135356494,property,0.5459,False,0.4369,0.5459,0.0171,1.7,NYC,uncertain
40.7,-73.94,3,2623,other,0.22531452535264965,1.0347408316732727,other,0.8074,True,0.8074,0.1719,0.0207,2.1,NYC,high
40.7,-73.93,0,980,other,0.027551020408163266,1.096245723117094,other,0.5678,True,0.5678,0.2038,0.2284,22.8,NYC,medium
40.7,-73.93,1,752,property,0.061170212765957445,1.042424606928369,property,0.7596,True,0.2278,0.7596,0.0126,1.3,NYC,medium
40.7,-73.93,2,1281,property,0.03434816549570648,1.0354078567913194,property,0.6615,True,0.3237,0.6615,0.0148,1.5,NYC,medium
40.7,-73.93,3,1341,other,0.058165548098434,1.078003827782312,other,0.6909,True,0.6909,0.2843,0.0248,2.5,NYC,medium
40.7,-73.92,0,1296,other,0.047839506172839504,1.0812849716461668,other,0.5429,True,0.5429,0.1794,0.2778,27.8,NYC,uncertain
40.7,-73.92,1,1166,other,0.03430531732418525,1.0432798607749627,other,0.7316,True,0.7316,0.2519,0.0165,1.7,NYC,medium
40.7,-73.92,2,1992,other,0.013052208835341365,1.047384481725751,other,0.8324,True,0.8324,0.1533,0.0143,1.4,NYC,high
40.7,-73.92,3,1999,other,0.09904952476238119,1.0795526232328319,other,0.8547,True,0.8547,0.1277,0.0176,1.8,NYC,high
40.7,-73.91,0,1242,violent,0.1457326892109501,1.0749826804211198,violent,0.4961,True,0.3489,0.155,0.4961,49.6,NYC,uncertain
40.7,-73.91,1,1119,property,0.09830205540661305,1.0243858795882046,other,0.8238,False,0.8238,0.1626,0.0136,1.4,NYC,high
40.7,-73.91,2,1711,property,0.11279953243717125,1.0384325953229405,property,0.5961,True,0.3874,0.5961,0.0166,1.7,NYC,medium
40.7,-73.91,3,1674,other,0.03106332138590203,1.0893023591272246,other,0.7968,True,0.7968,0.1832,0.02,2.0,NYC,medium
40.7,-73.9,0,412,property,0.0048543689320388345,1.0974267463102074,other,0.8662,False,0.8662,0.1182,0.0156,1.6,NYC,high
40.7,-73.9,1,518,property,0.15444015444015444,1.0022481032641433,other,0.8747,False,0.8747,0.1124,0.0128,1.3,NYC,high
40.7,-73.9,2,934,property,0.15738758029978586,1.018243154969944,other,0.6349,False,0.6349,0.3497,0.0154,1.5,NYC,medium
40.7,-73.9,3,773,property,0.007761966364812419,1.0787018461345368,other,0.8754,False,0.8754,0.1117,0.0129,1.3,NYC,high
40.7,-73.89,0,459,other,0.18736383442265794,1.063127625041899,other,0.8768,True,0.8768,0.1105,0.0127,1.3,NYC,high
40.7,-73.89,1,363,other,0.2534435261707989,0.9948308935415707,other,0.8736,True,0.8736,0.1135,0.0129,1.3,NYC,high
40.7,-73.89,2,670,other,0.11641791044776119,1.0257382765706633,other,0.8759,True,0.8759,0.1114,0.0127,1.3,NYC,high
40.7,-73.89,3,759,other,0.2977602108036891,1.0152592407502234,other,0.8767,True,0.8767,0.1106,0.0127,1.3,NYC,high
40.7,-73.88,0,128,property,0.109375,1.059161095745412,other,0.8722,False,0.8722,0.1142,0.0136,1.4,NYC,high
40.7,-73.88,1,128,other,0.0234375,1.0254445627773359,other,0.8739,True,0.8739,0.1132,0.0128,1.3,NYC,high
40.7,-73.88,2,210,other,0.03333333333333333,1.0508576453011527,other,0.8711,True,0.8711,0.1161,0.0128,1.3,NYC,high
40.7,-73.88,3,239,other,0.04602510460251046,1.0596986742060843,other,0.8762,True,0.8762,0.111,0.0128,1.3,NYC,high
40.7,-73.87,0,67,property,0.208955223880597,0.9691010230576991,other,0.8757,False,0.8757,0.1114,0.0129,1.3,NYC,high
40.7,-73.87,1,63,property,0.15873015873015872,1.0198740512802074,other,0.8671,False,0.8671,0.1197,0.0131,1.3,NYC,high
40.7,-73.87,2,103,other,0.14563106796116504,0.9840936605725081,other,0.8687,True,0.8687,0.1183,0.013,1.3,NYC,high
40.7,-73.87,3,101,property,0.15841584158415842,1.055448164506777,other,0.878,False,0.878,0.1095,0.0125,1.2,NYC,high
40.7,-73.86,0,109,property,0.027522935779816515,1.0970190398399173,other,0.8722,False,0.8722,0.1146,0.0132,1.3,NYC,high
40.7,-73.86,1,102,other,0.1568627450980392,0.959793264425891,property,0.5631,False,0.4222,0.5631,0.0146,1.5,NYC,medium
40.7,-73.86,2,167,property,0.059880239520958084,1.0322398405500768,property,0.734,True,0.2536,0.734,0.0125,1.2,NYC,medium
40.7,-73.86,3,207,other,0.12560386473429952,1.0366987914111772,property,0.7564,False,0.2313,0.7564,0.0123,1.2,NYC,medium
40.7,-73.85000000000001,0,131,other,0.07633587786259542,1.0724741127699315,other,0.8758,True,0.8758,0.1114,0.0127,1.3,NYC,high
40.7,-73.85000000000001,1,149,property,0.013422818791946308,1.0020158932067018,property,0.7493,True,0.2382,0.7493,0.0125,1.2,NYC,medium
40.7,-73.85000000000001,2,251,property,0.05179282868525897,1.040784214899165,property,0.5507,True,0.4349,0.5507,0.0144,1.4,NYC,medium
40.7,-73.85000000000001,3,283,other,0.038869257950530034,1.047351255200506,other,0.8659,True,0.8659,0.1209,0.0132,1.3,NYC,high
40.7,-73.84,0,330,other,0.11818181818181818,1.0826998466475821,other,0.7835,True,0.7835,0.1691,0.0475,4.7,NYC,medium
40.7,-73.84,1,217,property,0.11981566820276497,1.0507719323108682,other,0.7608,False,0.7608,0.2247,0.0145,1.5,NYC,medium
40.7,-73.84,2,359,property,0.08356545961002786,1.0766846721806345,other,0.8663,False,0.8663,0.1207,0.013,1.3,NYC,high
40.7,-73.84,3,429,other,0.12121212121212122,1.0589099359349727,other,0.8659,True,0.8659,0.1208,0.0133,1.3,NYC,high
40.7,-73.83,0,523,other,0.2676864244741874,1.0097424571818117,other,0.85,True,0.85,0.1275,0.0225,2.2,NYC,high
40.7,-73.83,1,482,other,0.3132780082987552,0.9756181106007757,other,0.8735,True,0.8735,0.1137,0.0128,1.3,NYC,high
40.7,-73.83,2,730,other,0.2232876712328767,0.9842591756471497,other,0.8736,True,0.8736,0.1136,0.0128,1.3,NYC,high
40.7,-73.83,3,801,other,0.3258426966292135,0.9817335623728363,other,0.8738,True,0.8738,0.1131,0.0131,1.3,NYC,high
40.7,-73.82000000000001,0,402,other,0.007462686567164179,1.0845770695548542,other,0.6892,True,0.6892,0.2004,0.1104,11.0,NYC,medium
40.7,-73.82000000000001,1,508,property,0.20078740157480315,1.0349382032021115,other,0.7704,False,0.7704,0.2149,0.0147,1.5,NYC,medium
40.7,-73.82000000000001,2,592,property,0.1891891891891892,1.0055132603300172,other,0.5047,False,0.5047,0.4789,0.0163,1.6,NYC,uncertain
40.7,-73.82000000000001,3,646,property,0.0696594427244582,1.0616338586221779,other,0.8544,False,0.8544,0.1321,0.0135,1.3,NYC,high
40.7,-73.81,0,981,violent,0.03669724770642202,1.0786128492935378,violent,0.4897,True,0.3545,0.1558,0.4897,49.0,NYC,uncertain
40.7,-73.81,1,1132,other,0.1687279151943463,1.0616778751476634,other,0.6241,True,0.6241,0.3601,0.0159,1.6,NYC,medium
40.7,-73.81,2,1858,other,0.22766415500538212,1.048306323409007,other,0.7084,True,0.7084,0.2751,0.0165,1.6,NYC,medium
40.7,-73.81,3,1777,other,0.12324141812042769,1.0687081992624872,other,0.8534,True,0.8534,0.1311,0.0155,1.5,NYC,high
40.7,-73.8,0,572,violent,0.024475524475524476,1.0966801564025346,other,0.469,False,0.469,0.185,0.346,34.6,NYC,uncertain
40.7,-73.8,1,1252,property,0.34185303514376997,0.9366530498812027,other,0.5654,False,0.5654,0.4183,0.0162,1.6,NYC,medium
40.7,-73.8,2,2514,property,0.14041368337311058,1.0310035404769096,property,0.7533,True,0.2337,0.7533,0.013,1.3,NYC,medium
40.7,-73.8,3,1700,property,0.06764705882352941,1.0656202550902127,other,0.7836,False,0.7836,0.1997,0.0166,1.7,NYC,medium
40.7,-73.79,0,355,other,0.056338028169014086,1.0845190474365984,other,0.8131,True,0.8131,0.147,0.0399,4.0,NYC,high
40.7,-73.79,1,470,other,0.15319148936170213,1.05755335236649,other,0.8615,True,0.8615,0.1254,0.0131,1.3,NYC,high
40.7,-73.79,2,798,other,0.12531328320802004,1.0817895929771055,other,0.8685,True,0.8685,0.1186,0.0129,1.3,NYC,high
40.7,-73.79,3,754,other,0.11273209549071618,1.0759476369822638,other,0.8689,True,0.8689,0.1166,0.0145,1.4,NYC,high
40.7,-73.78,0,216,other,0.09722222222222222,1.0879232824093528,other,0.8386,True,0.8386,0.1368,0.0246,2.5,NYC,high
40.7,-73.78,1,302,other,0.24503311258278146,1.0419940311564568,other,0.8734,True,0.8734,0.1136,0.013,1.3,NYC,high
40.7,-73.78,2,445,other,0.11685393258426967,1.0776924110796693,other,0.8742,True,0.8742,0.1129,0.0129,1.3,NYC,high
40.7,-73.78,3,460,other,0.11739130434782609,1.0401033609544308,other,0.8675,True,0.8675,0.1178,0.0147,1.5,NYC,high
40.7,-73.77,0,109,property,0.03669724770642202,1.0717935915991808,other,0.6034,False,0.6034,0.1986,0.198,19.8,NYC,medium
40.7,-73.77,1,139,other,0.16546762589928057,1.0712400472209467,other,0.6119,True,0.6119,0.371,0.0171,1.7,NYC,medium
40.7,-73.77,2,202,other,0.12871287128712872,1.0701128709644012,other,0.8701,True,0.8701,0.1169,0.013,1.3,NYC,high
40.7,-73.77,3,191,other,0.24083769633507854,1.0323693591534782,other,0.847,True,0.847,0.1333,0.0197,2.0,NYC,high
40.7,-73.76,0,180,other,0.07777777777777778,1.0897964792083383,other,0.7914,True,0.7914,0.1544,0.0542,5.4,NYC,medium
40.7,-73.76,1,204,other,0.28431372549019607,1.017194371102445,other,0.7447,True,0.7447,0.2382,0.0171,1.7,NYC,medium
40.7,-73.76,2,352,other,0.19886363636363635,1.0533282525092755,other,0.863,True,0.863,0.1233,0.0138,1.4,NYC,high
40.7,-73.76,3,324,other,0.1882716049382716,1.0643001652278097,other,0.8707,True,0.8707,0.1151,0.0142,1.4,NYC,high
40.7,-73.75,0,176,property,0.11931818181818182,1.0785880614582264,other,0.8721,False,0.8721,0.114,0.0139,1.4,NYC,high
40.7,-73.75,1,267,other,0.12734082397003746,1.0616449792758331,property,0.5801,False,0.4037,0.5801,0.0161,1.6,NYC,medium
40.7,-73.75,2,471,other,0.1740976645435244,1.064282031871179,other,0.8574,True,0.8574,0.1289,0.0137,1.4,NYC,high
40.7,-73.75,3,382,other,0.23036649214659685,1.0405392709227743,other,0.8721,True,0.8721,0.1144,0.0134,1.3,NYC,high
40.7,-73.74,0,192,other,0.010416666666666666,1.0821231897499446,other,0.8694,True,0.8694,0.1169,0.0137,1.4,NYC,high
40.7,-73.74,1,240,other,0.30416666666666664,0.9929970688953578,other,0.7709,True,0.7709,0.2142,0.0148,1.5,NYC,medium
40.7,-73.74,2,474,other,0.32489451476793246,0.9932317477149026,other,0.8704,True,0.8704,0.1167,0.0129,1.3,NYC,high
40.7,-73.74,3,361,other,0.33240997229916897,0.9938612037809795,other,0.8728,True,0.8728,0.1139,0.0133,1.3,NYC,high
40.7,-73.73,0,82,property,0.14634146341463414,1.0534817387241047,other,0.7074,False,0.7074,0.2706,0.022,2.2,NYC,medium
40.7,-73.73,1,83,other,0.3253012048192771,0.9646307002016068,property,0.6797,False,0.3056,0.6797,0.0148,1.5,NYC,medium
40.7,-73.73,2,142,other,0.15492957746478872,0.9535248757760544,other,0.8759,True,0.8759,0.1114,0.0127,1.3,NYC,high
40.7,-73.73,3,138,other,0.12318840579710146,1.0734170122566344,other,0.861,True,0.861,0.1256,0.0134,1.3,NYC,high
40.71,-74.02,0,99,other,0.010101010101010102,1.0789023878538864,property,0.5709,False,0.4115,0.5709,0.0176,1.8,NYC,medium
40.71,-74.02,1,190,property,0.12105263157894737,0.9066380087835455,property,0.7657,True,0.2218,0.7657,0.0125,1.2,NYC,medium
40.71,-74.02,2,394,property,0.4213197969543147,0.7723981659618167,property,0.7681,True,0.2196,0.7681,0.0123,1.2,NYC,medium
40.71,-74.02,3,213,property,0.19718309859154928,1.0517569170837804,property,0.7558,True,0.2318,0.7558,0.0125,1.2,NYC,medium
40.71,-74.01,0,1387,property,0.24441240086517663,0.9960136240439017,property,0.7348,True,0.2521,0.7348,0.0131,1.3,NYC,medium
40.71,-74.01,1,4191,property,0.5592937246480554,0.7287809309413029,property,0.7675,True,0.2202,0.7675,0.0123,1.2,NYC,medium
40.71,-74.01,2,5451,property,0.5237571087873785,0.7679878119387911,property,0.7703,True,0.2174,0.7703,0.0123,1.2,NYC,medium
40.71,-74.01,3,2960,property,0.4222972972972973,0.878494702015429,property,0.7693,True,0.2184,0.7693,0.0123,1.2,NYC,medium
40.71,-74.0,0,498,other,0.12449799196787148,1.0783209207021967,other,0.7275,True,0.7275,0.2083,0.0642,6.4,NYC,medium
40.71,-74.0,1,1098,property,0.22495446265938068,0.9685858988238951,other,0.8615,False,0.8615,0.1251,0.0134,1.3,NYC,high
40.71,-74.0,2,1636,property,0.1528117359413203,1.0103687117628553,other,0.8368,False,0.8368,0.1494,0.0138,1.4,NYC,high
40.71,-74.0,3,1116,other,0.07078853046594982,1.0890776447067945,other,0.854,True,0.854,0.132,0.0141,1.4,NYC,high
40.71,-73.99,0,580,other,0.07758620689655173,1.0920067775183144,other,0.6536,True,0.6536,0.2051,0.1413,14.1,NYC,medium
40.71,-73.99,1,793,other,0.09457755359394704,1.0505180453234615,other,0.8657,True,0.8657,0.1213,0.013,1.3,NYC,high
40.71,-73.99,2,1489,other,0.052384150436534584,1.0546744920285718,other,0.8351,True,0.8351,0.1514,0.0135,1.4,NYC,high
40.71,-73.99,3,1130,other,0.1920353982300885,1.04841199652655,other,0.8643,True,0.8643,0.1223,0.0134,1.3,NYC,high
40.71,-73.98,0,245,other,0.1510204081632653,1.06485272900961,other,0.8698,True,0.8698,0.1159,0.0143,1.4,NYC,high
40.71,-73.98,1,442,other,0.08144796380090498,1.0532162883983536,other,0.8745,True,0.8745,0.1128,0.0127,1.3,NYC,high
40.71,-73.98,2,710,property,0.01971830985915493,1.0275197043722903,other,0.8751,False,0.8751,0.1122,0.0127,1.3,NYC,high
40.71,-73.98,3,501,other,0.12574850299401197,1.0653727654362277,other,0.8757,True,0.8757,0.1114,0.0129,1.3,NYC,high
40.71,-73.97,0,205,property,0.16097560975609757,1.0694275557558717,other,0.5747,False,0.5747,0.4061,0.0192,1.9,NYC,medium
40.71,-73.97,1,220,other,0.00909090909090909,0.9620951735955285,property,0.5877,False,0.3977,0.5877,0.0147,1.5,NYC,medium
40.71,-73.97,2,327,property,0.1529051987767584,0.9978992782747405,property,0.7567,True,0.2307,0.7567,0.0126,1.3,NYC,medium
40.71,-73.97,3,338,property,0.05621301775147929,1.0666041188084558,other,0.8667,False,0.8667,0.1203,0.0129,1.3,NYC,high
40.71,-73.96000000000001,0,709,other,0.04231311706629055,1.0605069601111554,other,0.7118,True,0.7118,0.2613,0.0269,2.7,NYC,medium
40.71,-73.96000000000001,1,786,property,0.08524173027989822,1.0116297129305794,property,0.7667,True,0.2213,0.7667,0.012,1.2,NYC,medium
40.71,-73.96000000000001,2,1438,property,0.12447844228094576,1.0158768122256614,property,0.767,True,0.221,0.767,0.012,1.2,NYC,medium
40.71,-73.96000000000001,3,1206,other,0.03565505804311774,1.062665250987421,property,0.6944,False,0.2914,0.6944,0.0142,1.4,NYC,medium
40.71,-73.95,0,922,other,0.05422993492407809,1.0833347236770534,other,0.807,True,0.807,0.17,0.023,2.3,NYC,high
40.71,-73.95,1,952,property,0.07773109243697479,0.9887557381165218,property,0.7663,True,0.2217,0.7663,0.012,1.2,NYC,medium
40.71,-73.95,2,1558,property,0.10975609756097561,0.9797339718100999,property,0.6112,True,0.3724,0.6112,0.0164,1.6,NYC,medium
40.71,-73.95,3,1310,other,0.06564885496183206,1.0511631391951664,other,0.7328,True,0.7328,0.25,0.0171,1.7,NYC,medium
40.71,-73.94,0,746,property,0.020107238605898123,1.0799663777040234,other,0.6548,False,0.6548,0.2324,0.1129,11.3,NYC,medium
40.71,-73.94,1,738,other,0.04878048780487805,1.0327880385494694,property,0.7652,False,0.2224,0.7652,0.0124,1.2,NYC,medium
40.71,-73.94,2,1270,other,0.002362204724409449,1.0413143539609435,property,0.6234,False,0.3613,0.6234,0.0153,1.5,NYC,medium
40.71,-73.94,3,1062,other,0.0480225988700565,1.0678597739333013,property,0.5541,False,0.4276,0.5541,0.0183,1.8,NYC,medium
40.71,-73.93,0,499,property,0.16432865731462926,1.044582460017493,other,0.5493,False,0.5493,0.4312,0.0195,2.0,NYC,uncertain
40.71,-73.93,1,278,other,0.03597122302158273,1.0446152446884847,property,0.7676,False,0.2202,0.7676,0.0122,1.2,NYC,medium
40.71,-73.93,2,365,other,0.021917808219178082,1.017872061529701,property,0.768,False,0.22,0.768,0.0121,1.2,NYC,medium
40.71,-73.93,3,501,other,0.043912175648702596,1.0297334460092673,property,0.7616,False,0.2259,0.7616,0.0125,1.2,NYC,medium
40.71,-73.92,0,645,property,0.2527131782945736,1.0259563235532743,other,0.8575,False,0.8575,0.1276,0.0148,1.5,NYC,high
40.71,-73.92,1,301,property,0.14950166112956811,1.0308208762739228,property,0.6013,True,0.3837,0.6013,0.0149,1.5,NYC,medium
40.71,-73.92,2,468,property,0.00641025641025641,1.0179519016159633,property,0.6804,True,0.3058,0.6804,0.0138,1.4,NYC,medium
40.71,-73.92,3,605,property,0.06115702479338843,1.0729178746572081,other,0.7574,False,0.7574,0.2255,0.0171,1.7,NYC,medium
40.71,-73.91,0,456,property,0.07675438596491228,1.0851356720215481,other,0.807,False,0.807,0.1478,0.0452,4.5,NYC,high
40.71,-73.91,1,403,property,0.18362282878411912,0.9828880056753657,other,0.8726,False,0.8726,0.1145,0.0128,1.3,NYC,high
40.71,-73.91,2,607,property,0.20757825370675453,1.0203811546622048,other,0.8711,False,0.8711,0.1159,0.013,1.3,NYC,high
40.71,-73.91,3,589,other,0.05263157894736842,1.0733503755469849,other,0.8766,True,0.8766,0.1108,0.0126,1.3,NYC,high
40.71,-73.9,0,264,property,0.045454545454545456,1.0615576341006716,other,0.8728,False,0.8728,0.114,0.0132,1.3,NYC,high
40.71,-73.9,1,357,property,0.1876750700280112,0.9865053886223235,other,0.8689,False,0.8689,0.1183,0.0128,1.3,NYC,high
40.71,-73.9,2,679,property,0.10014727540500737,1.0640411776155956,other,0.8185,False,0.8185,0.1676,0.0139,1.4,NYC,high
40.71,-73.9,3,542,other,0.055350553505535055,1.080520471623862,other,0.8762,True,0.8762,0.1112,0.0126,1.3,NYC,high
40.71,-73.89,0,67,other,0.1044776119402985,0.9699046813254276,other,0.8775,True,0.8775,0.1098,0.0127,1.3,NYC,high
40.71,-73.89,1,90,property,0.0,1.037928058202386,property,0.6521,True,0.3342,0.6521,0.0137,1.4,NYC,medium
40.71,-73.89,2,157,property,0.12101910828025478,1.0183998614951224,property,0.7649,True,0.2226,0.7649,0.0125,1.3,NYC,medium
40.71,-73.89,3,151,other,0.0728476821192053,1.0593734795481795,property,0.7623,False,0.2252,0.7623,0.0124,1.2,NYC,medium
40.71,-73.88,0,102,property,0.058823529411764705,0.9959512973052222,other,0.8718,False,0.8718,0.1148,0.0134,1.3,NYC,high
40.71,-73.88,1,121,property,0.09090909090909091,1.0057234534711321,other,0.8712,False,0.8712,0.1159,0.0129,1.3,NYC,high
40.71,-73.88,2,178,property,0.0449438202247191,0.9655474579694968,other,0.8629,False,0.8629,0.1241,0.0129,1.3,NYC,high
40.71,-73.88,3,170,other,0.01764705882352941,1.078203404866219,other,0.8738,True,0.8738,0.1133,0.0129,1.3,NYC,high
40.71,-73.87,0,216,property,0.2777777777777778,1.0079612746197661,other,0.8753,False,0.8753,0.1118,0.0128,1.3,NYC,high
40.71,-73.87,1,210,property,0.14285714285714285,1.0115033267725424,other,0.8656,False,0.8656,0.1211,0.0133,1.3,NYC,high
40.71,-73.87,2,400,property,0.185,1.0059816214150072,other,0.7385,False,0.7385,0.2468,0.0147,1.5,NYC,medium
40.71,-73.87,3,365,property,0.13424657534246576,1.0747301350315468,other,0.8694,False,0.8694,0.1177,0.0129,1.3,NYC,high
40.71,-73.86,0,97,property,0.0,1.0166319837993993,other,0.8741,False,0.8741,0.1128,0.013,1.3,NYC,high
40.71,-73.86,1,209,property,0.4449760765550239,0.8409475992396516,property,0.7675,True,0.2203,0.7675,0.0121,1.2,NYC,medium
40.71,-73.86,2,412,property,0.4077669902912621,0.8858469828986186,property,0.7697,True,0.2181,0.7697,0.0121,1.2,NYC,medium
40.71,-73.86,3,239,property,0.20502092050209206,0.9596691904820089,property,0.765,True,0.2228,0.765,0.0122,1.2,NYC,medium
40.71,-73.85000000000001,0,90,property,0.1111111111111111,1.0102190356877023,other,0.8652,False,0.8652,0.1217,0.0131,1.3,NYC,high
40.71,-73.85000000000001,1,98,property,0.3673469387755102,0.874572654269606,property,0.768,True,0.2198,0.768,0.0122,1.2,NYC,medium
40.71,-73.85000000000001,2,210,property,0.20952380952380953,0.9312058320918628,property,0.7693,True,0.2186,0.7693,0.0121,1.2,NYC,medium
40.71,-73.85000000000001,3,160,property,0.14375,1.0059364986852766,property,0.7652,True,0.2224,0.7652,0.0123,1.2,NYC,medium
40.71,-73.84,0,61,property,0.19672131147540983,0.8346544218043892,other,0.8722,False,0.8722,0.1147,0.0131,1.3,NYC,high
40.71,-73.84,1,81,property,0.16049382716049382,1.018034634162711,property,0.7628,True,0.2247,0.7628,0.0125,1.3,NYC,medium
40.71,-73.84,2,134,property,0.1791044776119403,0.8894232469773566,property,0.768,True,0.2198,0.768,0.0122,1.2,NYC,medium
40.71,-73.84,3,124,property,0.0967741935483871,1.0319213375395797,property,0.7623,True,0.2253,0.7623,0.0124,1.2,NYC,medium
40.71,-73.83,0,266,other,0.07518796992481203,1.0582888119960092,other,0.8203,True,0.8203,0.165,0.0147,1.5,NYC,high
40.71,-73.83,1,577,property,0.30849220103986136,0.9294943519690804,property,0.7516,True,0.2359,0.7516,0.0125,1.2,NYC,medium
40.71,-73.83,2,664,property,0.0963855421686747,1.0038907611302466,property,0.7435,True,0.2439,0.7435,0.0127,1.3,NYC,medium
40.71,-73.83,3,530,property,0.12830188679245283,1.0243526341384988,other,0.6224,False,0.6224,0.3614,0.0162,1.6,NYC,medium
40.71,-73.82000000000001,0,247,other,0.032388663967611336,1.0409162162999106,other,0.8421,True,0.8421,0.1442,0.0137,1.4,NYC,high
40.71,-73.82000000000001,1,275,property,0.09454545454545454,1.0200186875706767,property,0.7455,True,0.2418,0.7455,0.0127,1.3,NYC,medium
40.71,-73.82000000000001,2,449,property,0.060133630289532294,1.001782203218495,property,0.6584,True,0.3277,0.6584,0.0138,1.4,NYC,medium
40.71,-73.82000000000001,3,544,other,0.007352941176470588,1.048524695432468,other,0.8238,True,0.8238,0.1621,0.0142,1.4,NYC,high
40.71,-73.81,0,397,property,0.012594458438287154,1.0924294660742522,other,0.6589,False,0.6589,0.2132,0.1279,12.8,NYC,medium
40.71,-73.81,1,382,other,0.10471204188481675,1.027002562854142,other,0.7604,True,0.7604,0.2237,0.0159,1.6,NYC,medium
40.71,-73.81,2,608,other,0.011513157894736841,1.0667577174621485,other,0.8652,True,0.8652,0.1219,0.0129,1.3,NYC,high
40.71,-73.81,3,654,other,0.14984709480122324,1.0636943230736566,other,0.8641,True,0.8641,0.122,0.0139,1.4,NYC,high
40.71,-73.8,0,565,other,0.019469026548672566,1.0978409230233197,other,0.4744,True,0.4744,0.1825,0.343,34.3,NYC,uncertain
40.71,-73.8,1,777,other,0.08622908622908623,1.0702653664185973,other,0.8691,True,0.8691,0.1175,0.0134,1.3,NYC,high
40.71,-73.8,2,1371,other,0.09409190371991247,1.0875099624772764,other,0.8717,True,0.8717,0.1153,0.0131,1.3,NYC,high
40.71,-73.8,3,1100,other,0.09181818181818181,1.0839918200330674,other,0.8693,True,0.8693,0.1165,0.0141,1.4,NYC,high
40.71,-73.79,0,925,other,0.1372972972972973,1.0423431799892917,other,0.608,True,0.608,0.1906,0.2014,20.1,NYC,medium
40.71,-73.79,1,1253,other,0.15003990422984836,1.0010455062935701,other,0.8715,True,0.8715,0.1154,0.0131,1.3,NYC,high
40.71,-73.79,2,2160,other,0.10277777777777777,1.0437283558205626,other,0.8217,True,0.8217,0.164,0.0143,1.4,NYC,high
40.71,-73.79,3,1924,other,0.2312889812889813,1.0427976054770913,other,0.8639,True,0.8639,0.1205,0.0156,1.6,NYC,high
40.71,-73.78,0,509,property,0.015717092337917484,1.0977735391182355,other,0.6339,False,0.6339,0.1868,0.1794,17.9,NYC,medium
40.71,-73.78,1,442,other,0.12895927601809956,1.0565488717300817,other,0.8506,True,0.8506,0.1361,0.0133,1.3,NYC,high
40.71,-73.78,2,751,other,0.14913448735019974,1.0668813723225838,other,0.7829,True,0.7829,0.1991,0.018,1.8,NYC,medium
40.71,-73.78,3,660,other,0.07878787878787878,1.069115999478598,other,0.8204,True,0.8204,0.1567,0.0229,2.3,NYC,high
40.71,-73.77,0,248,other,0.020161290322580645,1.096134969857635,other,0.8234,True,0.8234,0.1425,0.0341,3.4,NYC,high
40.71,-73.77,1,284,other,0.24647887323943662,1.0270565180767908,other,0.8753,True,0.8753,0.112,0.0127,1.3,NYC,high
40.71,-73.77,2,470,other,0.14893617021276595,1.0677156811004442,other,0.8739,True,0.8739,0.1133,0.0128,1.3,NYC,high
40.71,-73.77,3,497,other,0.09456740442655935,1.080461094099507,other,0.8735,True,0.8735,0.1127,0.0138,1.4,NYC,high
40.71,-73.76,0,222,other,0.0045045045045045045,1.0963228257294122,other,0.8768,True,0.8768,0.1105,0.0126,1.3,NYC,high
40.71,-73.76,1,276,other,0.21014492753623187,1.0536423960723504,other,0.875,True,0.875,0.1123,0.0127,1.3,NYC,high
40.71,-73.76,2,438,other,0.15753424657534246,1.0632531388321946,other,0.8725,True,0.8725,0.1145,0.0131,1.3,NYC,high
40.71,-73.76,3,458,other,0.028384279475982533,1.0868717872550868,other,0.8693,True,0.8693,0.1163,0.0144,1.4,NYC,high
40.71,-73.75,0,202,property,0.0594059405940594,1.0744474486852158,other,0.7467,False,0.7467,0.2054,0.0479,4.8,NYC,medium
40.71,-73.75,1,261,other,0.2260536398467433,1.0168231689228602,other,0.8455,True,0.8455,0.1409,0.0136,1.4,NYC,high
40.71,-73.75,2,472,other,0.2288135593220339,1.0336812050691582,other,0.8289,True,0.8289,0.1569,0.0142,1.4,NYC,high
40.71,-73.75,3,423,other,0.1536643026004728,1.0728225291024542,other,0.86,True,0.86,0.1257,0.0142,1.4,NYC,high
40.71,-73.74,0,238,property,0.12184873949579832,1.0495049402920298,other,0.8718,False,0.8718,0.1143,0.0139,1.4,NYC,high
40.71,-73.74,1,263,other,0.1482889733840304,1.0493137983571788,other,0.7389,True,0.7389,0.2448,0.0163,1.6,NYC,medium
40.71,-73.74,2,463,other,0.13822894168466524,1.0435013941411473,other,0.8762,True,0.8762,0.1111,0.0127,1.3,NYC,high
40.71,-73.74,3,407,other,0.09336609336609336,1.0521092168101656,other,0.8756,True,0.8756,0.1113,0.0131,1.3,NYC,high
40.71,-73.73,0,120,property,0.041666666666666664,1.0192629048986825,other,0.8755,False,0.8755,0.1115,0.0131,1.3,NYC,high
40.71,-73.73,1,118,other,0.2288135593220339,1.0183462302462418,other,0.8673,True,0.8673,0.1194,0.0134,1.3,NYC,high
40.71,-73.73,2,213,other,0.2676056338028169,1.0133162873616959,other,0.8641,True,0.8641,0.1226,0.0133,1.3,NYC,high
40.71,-73.73,3,228,other,0.25,1.0327814062481329,other,0.8744,True,0.8744,0.1125,0.0131,1.3,NYC,high
40.72,-74.02,0,18,property,0.2777777777777778,0.9809896824453153,other,0.8556,False,0.8556,0.1295,0.0149,1.5,NYC,high
40.72,-74.02,1,27,property,0.0,0.8258856328932196,property,0.7652,True,0.2224,0.7652,0.0124,1.2,NYC,medium
40.72,-74.02,2,46,property,0.06521739130434782,0.9591965238757076,property,0.7642,True,0.2229,0.7642,0.0129,1.3,NYC,medium
40.72,-74.02,3,27,property,0.0,1.0857230547721772,property,0.4993,True,0.4855,0.4993,0.0152,1.5,NYC,uncertain
40.72,-74.01,0,463,other,0.13822894168466524,1.0490804097637088,other,0.8715,True,0.8715,0.1154,0.0131,1.3,NYC,high
40.72,-74.01,1,1004,property,0.26095617529880477,0.9040261275300945,property,0.7593,True,0.2281,0.7593,0.0126,1.3,NYC,medium
40.72,-74.01,2,1530,property,0.24248366013071895,0.8870202097716495,property,0.7706,True,0.2173,0.7706,0.0121,1.2,NYC,medium
40.72,-74.01,3,1070,property,0.056074766355140186,1.0260107135916223,property,0.7626,True,0.225,0.7626,0.0125,1.2,NYC,medium
40.72,-74.0,0,1462,property,0.07387140902872777,1.0593503945462484,other,0.652,False,0.652,0.3266,0.0214,2.1,NYC,medium
40.72,-74.0,1,2772,property,0.37481962481962483,0.8589372922173414,property,0.6821,True,0.3045,0.6821,0.0134,1.3,NYC,medium
40.72,-74.0,2,6494,property,0.3587927317523868,0.8467752303143267,property,0.5511,True,0.4338,0.5511,0.015,1.5,NYC,medium
40.72,-74.0,3,3011,property,0.24676187313184988,0.9695599552832179,property,0.7661,True,0.2214,0.7661,0.0124,1.2,NYC,medium
40.72,-73.99,0,3319,property,0.21120819523952997,1.0483152945105838,other,0.6314,False,0.6314,0.3446,0.024,2.4,NYC,medium
40.72,-73.99,1,3282,property,0.42199878123095674,0.8660393739211003,property,0.7649,True,0.2226,0.7649,0.0125,1.2,NYC,medium
40.72,-73.99,2,4913,property,0.3728882556482801,0.9087252890228936,property,0.7665,True,0.2211,0.7665,0.0124,1.2,NYC,medium
40.72,-73.99,3,4222,property,0.2446707721459024,0.994043288698415,property,0.7638,True,0.2237,0.7638,0.0125,1.2,NYC,medium
40.72,-73.98,0,1291,other,0.10302091402013942,1.078881491392559,other,0.8699,True,0.8699,0.1168,0.0133,1.3,NYC,high
40.72,-73.98,1,1970,other,0.02233502538071066,1.0340672913100815,other,0.8712,True,0.8712,0.1159,0.0129,1.3,NYC,high
40.72,-73.98,2,3194,property,0.001878522229179712,1.0455454158412356,other,0.8756,False,0.8756,0.1119,0.0125,1.3,NYC,high
40.72,-73.98,3,2522,other,0.1534496431403648,1.0528410451314576,other,0.874,True,0.874,0.113,0.0129,1.3,NYC,high
40.72,-73.97,0,107,other,0.17757009345794392,1.0582002026955006,other,0.8581,True,0.8581,0.1247,0.0172,1.7,NYC,high
40.72,-73.97,1,230,other,0.3521739130434783,0.9603676204947805,other,0.8744,True,0.8744,0.1128,0.0128,1.3,NYC,high
40.72,-73.97,2,374,other,0.15240641711229946,1.029078723587393,other,0.8706,True,0.8706,0.1164,0.013,1.3,NYC,high
40.72,-73.97,3,296,other,0.0945945945945946,1.085043957174982,other,0.8712,True,0.8712,0.1155,0.0134,1.3,NYC,high
40.72,-73.96000000000001,0,687,property,0.08296943231441048,1.0727483802742743,property,0.5068,True,0.4746,0.5068,0.0187,1.9,NYC,uncertain
40.72,-73.96000000000001,1,896,property,0.48325892857142855,0.7921306403744414,property,0.7656,True,0.222,0.7656,0.0124,1.2,NYC,medium
40.72,-73.96000000000001,2,1840,property,0.5065217391304347,0.7873601948996245,property,0.7672,True,0.2205,0.7672,0.0122,1.2,NYC,medium
40.72,-73.96000000000001,3,1205,property,0.26473029045643154,0.9803836583194431,property,0.7644,True,0.2231,0.7644,0.0124,1.2,NYC,medium
40.72,-73.95,0,398,property,0.15577889447236182,1.040329949339428,other,0.6802,False,0.6802,0.2988,0.0209,2.1,NYC,medium
40.72,-73.95,1,388,property,0.16237113402061856,0.949656813173879,property,0.7695,True,0.2184,0.7695,0.0121,1.2,NYC,medium
40.72,-73.95,2,747,property,0.11914323962516733,1.0006459478829675,property,0.7652,True,0.2223,0.7652,0.0125,1.2,NYC,medium
40.72,-73.95,3,649,property,0.05546995377503852,1.0157952617733141,property,0.7639,True,0.2237,0.7639,0.0124,1.2,NYC,medium
40.72,-73.94,0,465,other,0.015053763440860216,1.069471092519993,other,0.7084,True,0.7084,0.2656,0.0259,2.6,NYC,medium
40.72,-73.94,1,522,other,0.028735632183908046,0.9773186990180053,property,0.7627,False,0.2252,0.7627,0.0121,1.2,NYC,medium
40.72,-73.94,2,874,property,0.010297482837528604,0.9939689117418515,other,0.5766,False,0.5766,0.4068,0.0165,1.7,NYC,medium
40.72,-73.94,3,768,other,0.04296875,1.0394578087549842,other,0.6639,True,0.6639,0.3153,0.0207,2.1,NYC,medium
40.72,-73.93,0,31,property,0.06451612903225806,0.8111413280190133,property,0.7589,True,0.2282,0.7589,0.0128,1.3,NYC,medium
40.72,-73.93,1,27,property,0.3333333333333333,0.9429491606819862,property,0.7674,True,0.2201,0.7674,0.0125,1.2,NYC,medium
40.72,-73.93,2,38,property,0.2894736842105263,0.990686339581135,property,0.7665,True,0.2208,0.7665,0.0127,1.3,NYC,medium
40.72,-73.93,3,40,property,0.225,0.9540178245376006,property,0.7652,True,0.2222,0.7652,0.0126,1.3,NYC,medium
40.72,-73.92,0,44,property,0.3409090909090909,0.9825358214711827,property,0.7606,True,0.2266,0.7606,0.0128,1.3,NYC,medium
40.72,-73.92,1,58,property,0.3793103448275862,0.9430744807348692,property,0.7684,True,0.2195,0.7684,0.0121,1.2,NYC,medium
40.72,-73.92,2,63,property,0.2698412698412698,1.0021860837984984,property,0.7682,True,0.2195,0.7682,0.0123,1.2,NYC,medium
40.72,-73.92,3,39,property,0.1794871794871795,0.9346654601992601,property,0.7639,True,0.2234,0.7639,0.0126,1.3,NYC,medium
40.72,-73.91,0,186,other,0.15053763440860216,1.0501343421113534,other,0.8758,True,0.8758,0.1115,0.0127,1.3,NYC,high
40.72,-73.91,1,201,other,0.014925373134328358,1.0388985676823304,other,0.8655,True,0.8655,0.1212,0.0133,1.3,NYC,high
40.72,-73.91,2,282,property,0.08156028368794327,1.0304712370527531,other,0.865,False,0.865,0.122,0.0131,1.3,NYC,high
40.72,-73.91,3,274,other,0.072992700729927,1.063558803397225,other,0.8761,True,0.8761,0.1111,0.0127,1.3,NYC,high
40.72,-73.9,0,156,property,0.16025641025641027,1.006774882110078,other,0.8727,False,0.8727,0.1141,0.0133,1.3,NYC,high
40.72,-73.9,1,161,property,0.006211180124223602,0.9972369753288792,other,0.8723,False,0.8723,0.1148,0.0129,1.3,NYC,high
40.72,-73.9,2,250,property,0.14,1.0063280395264635,other,0.6217,False,0.6217,0.3635,0.0147,1.5,NYC,medium
40.72,-73.9,3,243,other,0.04938271604938271,1.080980672019244,other,0.8735,True,0.8735,0.1139,0.0127,1.3,NYC,high
40.72,-73.89,0,107,property,0.18691588785046728,1.0163266199237504,other,0.8687,False,0.8687,0.1176,0.0138,1.4,NYC,high
40.72,-73.89,1,115,property,0.13043478260869565,0.945819668534581,property,0.6553,True,0.3314,0.6553,0.0133,1.3,NYC,medium
40.72,-73.89,2,219,property,0.182648401826484,0.937562866185875,other,0.7756,False,0.7756,0.2096,0.0147,1.5,NYC,medium
40.72,-73.89,3,203,other,0.009852216748768473,1.0492007762110416,other,0.7418,True,0.7418,0.2432,0.0149,1.5,NYC,medium
40.72,-73.88,0,70,property,0.24285714285714285,0.868824724543676,property,0.504,True,0.4806,0.504,0.0153,1.5,NYC,uncertain
40.72,-73.88,1,94,property,0.11702127659574468,0.9348199685738227,property,0.539,True,0.4463,0.539,0.0147,1.5,NYC,uncertain
40.72,-73.88,2,163,property,0.22699386503067484,0.9172514656402955,property,0.5063,True,0.4789,0.5063,0.0147,1.5,NYC,uncertain
40.72,-73.88,3,159,property,0.15723270440251572,1.021416867723651,other,0.8677,False,0.8677,0.1191,0.0132,1.3,NYC,high
40.72,-73.87,0,116,property,0.15517241379310345,1.018698191652008,other,0.871,False,0.871,0.1157,0.0133,1.3,NYC,high
40.72,-73.87,1,120,property,0.225,0.9730911306005898,property,0.5308,True,0.4543,0.5308,0.0148,1.5,NYC,uncertain
40.72,-73.87,2,170,property,0.17647058823529413,0.9560443809671457,property,0.7669,True,0.221,0.7669,0.0121,1.2,NYC,medium
40.72,-73.87,3,165,property,0.15757575757575756,0.9858807909860285,property,0.5175,True,0.4672,0.5175,0.0153,1.5,NYC,uncertain
40.72,-73.86,0,120,property,0.16666666666666666,1.0253538480872408,other,0.8727,False,0.8727,0.1142,0.0131,1.3,NYC,high
40.72,-73.86,1,156,other,0.14102564102564102,0.9905873076544123,property,0.754,False,0.2337,0.754,0.0122,1.2,NYC,medium
40.72,-73.86,2,243,property,0.01646090534979424,0.9863107051547129,property,0.7458,True,0.2419,0.7458,0.0123,1.2,NYC,medium
40.72,-73.86,3,212,other,0.05188679245283019,1.0413323368605245,property,0.7609,False,0.2266,0.7609,0.0124,1.2,NYC,medium
40.72,-73.85000000000001,0,249,other,0.24497991967871485,1.0062174374693955,other,0.8726,True,0.8726,0.1143,0.0131,1.3,NYC,high
40.72,-73.85000000000001,1,561,property,0.2709447415329768,0.8136543038882211,other,0.5544,False,0.5544,0.4304,0.0152,1.5,NYC,medium
40.72,-73.85000000000001,2,940,property,0.2712765957446808,0.8994804383208346,property,0.6659,True,0.3208,0.6659,0.0133,1.3,NYC,medium
40.72,-73.85000000000001,3,626,property,0.21405750798722045,0.9169902850580594,other,0.8595,False,0.8595,0.1269,0.0136,1.4,NYC,high
40.72,-73.84,0,344,other,0.2558139534883721,0.9555179728859529,other,0.7301,True,0.7301,0.2507,0.0192,1.9,NYC,medium
40.72,-73.84,1,544,property,0.4025735294117647,0.8412068254323284,property,0.7695,True,0.2184,0.7695,0.0121,1.2,NYC,medium
40.72,-73.84,2,834,property,0.37290167865707435,0.9049639524446049,property,0.7677,True,0.22,0.7677,0.0123,1.2,NYC,medium
40.72,-73.84,3,598,property,0.16220735785953178,0.9880249190930874,property,0.7639,True,0.2236,0.7639,0.0125,1.2,NYC,medium
40.72,-73.83,0,87,other,0.1839080459770115,0.9350395920403509,other,0.8652,True,0.8652,0.1215,0.0133,1.3,NYC,high
40.72,-73.83,1,63,property,0.15873015873015872,0.9507142892780172,property,0.7648,True,0.2229,0.7648,0.0124,1.2,NYC,medium
40.72,-73.83,2,111,property,0.10810810810810811,1.0251681100064418,property,0.7659,True,0.2216,0.7659,0.0125,1.3,NYC,medium
40.72,-73.83,3,92,property,0.1956521739130435,0.907186521279767,property,0.6815,True,0.3052,0.6815,0.0133,1.3,NYC,medium
40.72,-73.82000000000001,0,195,property,0.1282051282051282,1.006082158074664,other,0.7276,False,0.7276,0.2574,0.015,1.5,NYC,medium
40.72,-73.82000000000001,1,207,property,0.1111111111111111,1.0092591415036454,property,0.6837,True,0.3031,0.6837,0.0131,1.3,NYC,medium
40.72,-73.82000000000001,2,305,property,0.11475409836065574,0.9580362176010492,property,0.7621,True,0.2255,0.7621,0.0125,1.2,NYC,medium
40.72,-73.82000000000001,3,300,property,0.02,1.0150761515470388,property,0.7541,True,0.2332,0.7541,0.0126,1.3,NYC,medium
40.72,-73.81,0,262,property,0.03816793893129771,1.0715405186843128,other,0.7629,False,0.7629,0.2223,0.0148,1.5,NYC,medium
40.72,-73.81,1,418,property,0.24162679425837322,0.9458051590411773,property,0.7643,True,0.2232,0.7643,0.0125,1.3,NYC,medium
40.72,-73.81,2,504,property,0.1111111111111111,0.9926296125690162,other,0.6997,False,0.6997,0.285,0.0153,1.5,NYC,medium
40.72,-73.81,3,444,property,0.018018018018018018,1.0595501654487482,other,0.8474,False,0.8474,0.139,0.0135,1.4,NYC,high
40.72,-73.8,0,135,property,0.014814814814814815,1.0313961530997204,other,0.8755,False,0.8755,0.1116,0.0129,1.3,NYC,high
40.72,-73.8,1,176,property,0.022727272727272728,1.0409440363440896,property,0.5887,True,0.3962,0.5887,0.0151,1.5,NYC,medium
40.72,-73.8,2,247,property,0.004048582995951417,1.056575266407541,property,0.5527,True,0.4301,0.5527,0.0172,1.7,NYC,medium
40.72,-73.8,3,249,property,0.01606425702811245,1.0465657951339862,other,0.8244,False,0.8244,0.1614,0.0143,1.4,NYC,high
40.72,-73.79,0,93,property,0.0,0.9080341061313897,other,0.7815,False,0.7815,0.2035,0.015,1.5,NYC,medium
40.72,-73.79,1,87,property,0.25287356321839083,0.917886305409308,property,0.7664,True,0.2213,0.7664,0.0124,1.2,NYC,medium
40.72,-73.79,2,127,property,0.2283464566929134,0.9543245570556917,property,0.7668,True,0.2208,0.7668,0.0124,1.2,NYC,medium
40.72,-73.79,3,117,property,0.1794871794871795,0.9785850165501839,property,0.7502,True,0.2373,0.7502,0.0125,1.3,NYC,medium
40.72,-73.78,0,96,property,0.17708333333333334,0.9775748430636579,property,0.7293,True,0.2578,0.7293,0.0129,1.3,NYC,medium
40.72,-73.78,1,64,property,0.09375,0.9782419693880586,property,0.6171,True,0.3689,0.6171,0.014,1.4,NYC,medium
40.72,-73.78,2,136,other,0.0661764705882353,0.9807690815319301,property,0.6371,False,0.3491,0.6371,0.0138,1.4,NYC,medium
40.72,-73.78,3,99,property,0.08080808080808081,1.0450656452761473,property,0.7587,True,0.2286,0.7587,0.0127,1.3,NYC,medium
40.72,-73.77,0,111,property,0.22522522522522523,1.0325338954694638,property,0.7425,True,0.2447,0.7425,0.0129,1.3,NYC,medium
40.72,-73.77,1,130,other,0.046153846153846156,1.042194935986918,other,0.841,True,0.841,0.1452,0.0138,1.4,NYC,high
40.72,-73.77,2,183,other,0.07103825136612021,0.974307151781638,other,0.6509,True,0.6509,0.3327,0.0164,1.6,NYC,medium
40.72,-73.77,3,181,property,0.10497237569060773,1.0101544939072507,other,0.668,False,0.668,0.3151,0.0169,1.7,NYC,medium
40.72,-73.76,0,240,property,0.2125,1.0044035533637712,other,0.7704,False,0.7704,0.2054,0.0242,2.4,NYC,medium
40.72,-73.76,1,236,other,0.09322033898305085,1.0177014915474294,property,0.7422,False,0.2448,0.7422,0.013,1.3,NYC,medium
40.72,-73.76,2,387,other,0.06459948320413436,1.0497723299065895,other,0.7663,True,0.7663,0.2176,0.0161,1.6,NYC,medium
40.72,-73.76,3,369,other,0.06233062330623306,1.063219131958328,other,0.8724,True,0.8724,0.1143,0.0132,1.3,NYC,high
40.72,-73.75,0,236,property,0.05084745762711865,1.0291861238231865,other,0.8546,False,0.8546,0.1321,0.0133,1.3,NYC,high
40.72,-73.75,1,191,other,0.18324607329842932,1.008645963768017,other,0.8662,True,0.8662,0.1207,0.013,1.3,NYC,high
40.72,-73.75,2,382,other,0.18848167539267016,0.9926612186455894,other,0.8763,True,0.8763,0.1111,0.0126,1.3,NYC,high
40.72,-73.75,3,401,other,0.20448877805486285,1.0264914413869093,other,0.8749,True,0.8749,0.1122,0.0129,1.3,NYC,high
40.72,-73.74,0,279,other,0.03225806451612903,1.0720093563456592,other,0.8721,True,0.8721,0.1148,0.0131,1.3,NYC,high
40.72,-73.74,1,220,other,0.11363636363636363,1.02177756170039,other,0.868,True,0.868,0.119,0.013,1.3,NYC,high
40.72,-73.74,2,449,other,0.17371937639198218,1.0215527781318816,other,0.8195,True,0.8195,0.1667,0.0138,1.4,NYC,high
40.72,-73.74,3,442,other,0.22624434389140272,1.0436056889762297,other,0.8765,True,0.8765,0.1106,0.0128,1.3,NYC,high
40.72,-73.73,0,121,other,0.19008264462809918,1.0499673799047782,other,0.8676,True,0.8676,0.1173,0.0151,1.5,NYC,high
40.72,-73.73,1,122,other,0.1721311475409836,1.0394728571779686,property,0.5699,False,0.4152,0.5699,0.0149,1.5,NYC,medium
40.72,-73.73,2,211,other,0.3222748815165877,0.9711941988632493,other,0.8715,True,0.8715,0.1156,0.013,1.3,NYC,high
40.72,-73.73,3,223,other,0.28699551569506726,1.017624545135635,other,0.8733,True,0.8733,0.1135,0.0132,1.3,NYC,high
40.72,-73.72,0,8,other,0.75,0.3767701826029325,other,0.8578,True,0.8578,0.1268,0.0154,1.5,NYC,high
40.72,-73.72,1,4,other,0.5,0.5623351657797391,other,0.852,True,0.852,0.1338,0.0142,1.4,NYC,high
40.72,-73.72,2,7,other,0.42857142857142855,0.5982696097102536,other,0.8662,True,0.8662,0.1199,0.0139,1.4,NYC,high
40.72,-73.72,3,4,other,0.5,0.5623351657797391,other,0.6908,True,0.6908,0.2919,0.0173,1.7,NYC,medium
40.730000000000004,-74.01,0,553,other,0.009041591320072333,1.096036716109543,other,0.8661,True,0.8661,0.1201,0.0138,1.4,NYC,high
40.730000000000004,-74.01,1,551,property,0.2250453720508167,0.9306211580706065,property,0.7677,True,0.2199,0.7677,0.0124,1.2,NYC,medium
40.730000000000004,-74.01,2,1029,property,0.23615160349854228,0.9478785843030433,property,0.7668,True,0.2207,0.7668,0.0125,1.2,NYC,medium
40.730000000000004,-74.01,3,1034,property,0.2804642166344294,0.9577889710644167,property,0.7643,True,0.2232,0.7643,0.0125,1.3,NYC,medium
40.730000000000004,-74.0,0,2380,property,0.2735294117647059,1.026149230280981,property,0.6754,True,0.308,0.6754,0.0166,1.7,NYC,medium
40.730000000000004,-74.0,1,2542,property,0.5106215578284815,0.7990390465056482,property,0.7706,True,0.2171,0.7706,0.0123,1.2,NYC,medium
40.730000000000004,-74.0,2,4256,property,0.4431390977443609,0.8497255795150187,property,0.7712,True,0.2165,0.7712,0.0123,1.2,NYC,medium
40.730000000000004,-74.0,3,3600,property,0.3338888888888889,0.965603258487489,property,0.7666,True,0.2209,0.7666,0.0125,1.3,NYC,medium
40.730000000000004,-73.99,0,1824,property,0.12006578947368421,1.0752053198999483,property,0.7281,True,0.2583,0.7281,0.0136,1.4,NYC,medium
40.730000000000004,-73.99,1,2748,property,0.4395924308588064,0.8525374372107153,property,0.7698,True,0.218,0.7698,0.0122,1.2,NYC,medium
40.730000000000004,-73.99,2,4600,property,0.4082608695652174,0.8716458717623177,property,0.771,True,0.2167,0.771,0.0122,1.2,NYC,medium
40.730000000000004,-73.99,3,3335,property,0.28695652173913044,0.9798188095530181,property,0.767,True,0.2206,0.767,0.0124,1.2,NYC,medium
40.730000000000004,-73.98,0,1148,property,0.23867595818815332,1.0432407969791073,other,0.5773,False,0.5773,0.4023,0.0204,2.0,NYC,medium
40.730000000000004,-73.98,1,1477,property,0.3595125253893026,0.8969174966112379,property,0.767,True,0.2206,0.767,0.0124,1.2,NYC,medium
40.730000000000004,-73.98,2,2519,property,0.389043271139341,0.9130845398829466,property,0.7674,True,0.2202,0.7674,0.0124,1.2,NYC,medium
40.730000000000004,-73.98,3,1837,property,0.2520413718018508,1.0213231301503374,property,0.7649,True,0.2229,0.7649,0.0122,1.2,NYC,medium
40.730000000000004,-73.97,0,79,other,0.1518987341772152,1.0628109623792616,other,0.8733,True,0.8733,0.1137,0.013,1.3,NYC,high
40.730000000000004,-73.97,1,100,other,0.26,0.9379061319574424,other,0.8594,True,0.8594,0.1274,0.0132,1.3,NYC,high
40.730000000000004,-73.97,2,202,other,0.01485148514851485,1.0339433546810308,property,0.5021,False,0.4803,0.5021,0.0177,1.8,NYC,uncertain
40.730000000000004,-73.97,3,168,other,0.23214285714285715,1.047689049490669,other,0.8724,True,0.8724,0.1145,0.0131,1.3,NYC,high
40.730000000000004,-73.96000000000001,0,196,property,0.18877551020408162,1.0317547467447499,other,0.7622,False,0.7622,0.2212,0.0166,1.7,NYC,medium
40.730000000000004,-73.96000000000001,1,231,property,0.11255411255411256,0.8816830190248663,property,0.7642,True,0.2233,0.7642,0.0125,1.3,NYC,medium
40.730000000000004,-73.96000000000001,2,379,property,0.20844327176781002,0.8818370842580034,property,0.5453,True,0.4398,0.5453,0.0149,1.5,NYC,uncertain
40.730000000000004,-73.96000000000001,3,337,property,0.03857566765578635,1.032163952801612,other,0.813,False,0.813,0.1728,0.0142,1.4,NYC,high
40.730000000000004,-73.95,0,477,other,0.07756813417190776,1.0491061411353757,other,0.8698,True,0.8698,0.1168,0.0134,1.3,NYC,high
40.730000000000004,-73.95,1,579,property,0.11917098445595854,0.9907360000960685,property,0.7656,True,0.222,0.7656,0.0124,1.2,NYC,medium
40.730000000000004,-73.95,2,883,property,0.16987542468856173,0.9405405595754335,property,0.7686,True,0.2194,0.7686,0.012,1.2,NYC,medium
40.730000000000004,-73.95,3,728,other,0.04807692307692308,1.0185628521211623,other,0.6374,True,0.6374,0.3469,0.0157,1.6,NYC,medium
40.730000000000004,-73.94,0,110,other,0.14545454545454545,0.9946290117680652,other,0.8311,True,0.8311,0.1542,0.0147,1.5,NYC,high
40.730000000000004,-73.94,1,122,property,0.09016393442622951,0.9290923235302946,property,0.766,True,0.2214,0.766,0.0126,1.3,NYC,medium
40.730000000000004,-73.94,2,171,property,0.14035087719298245,0.8986988650451857,property,0.7657,True,0.2219,0.7657,0.0124,1.2,NYC,medium
40.730000000000004,-73.94,3,188,property,0.0,1.0107718147835303,property,0.7538,True,0.2338,0.7538,0.0124,1.2,NYC,medium
40.730000000000004,-73.93,0,37,property,0.05405405405405406,1.0935522258103947,other,0.8668,False,0.8668,0.1194,0.0138,1.4,NYC,high
40.730000000000004,-73.93,1,40,property,0.275,0.9888506286626308,property,0.7648,True,0.2226,0.7648,0.0126,1.3,NYC,medium
40.730000000000004,-73.93,2,51,property,0.4117647058823529,0.818379026284541,property,0.7675,True,0.22,0.7675,0.0125,1.3,NYC,medium
40.730000000000004,-73.93,3,44,other,0.09090909090909091,1.0361987848192837,property,0.7575,False,0.2298,0.7575,0.0126,1.3,NYC,medium
40.730000000000004,-73.92,0,67,property,0.23880597014925373,0.9612007513901576,other,0.8724,False,0.8724,0.1144,0.0131,1.3,NYC,high
40.730000000000004,-73.92,1,92,property,0.5108695652173914,0.7209598756094202,property,0.7672,True,0.2204,0.7672,0.0124,1.2,NYC,medium
40.730000000000004,-73.92,2,85,property,0.18823529411764706,0.8571408214863103,property,0.7679,True,0.2199,0.7679,0.0121,1.2,NYC,medium
40.730000000000004,-73.92,3,74,other,0.10810810810810811,1.0578750296104484,other,0.8608,True,0.8608,0.1258,0.0134,1.3,NYC,high
40.730000000000004,-73.91,0,57,other,0.03508771929824561,1.0191340084643494,other,0.8755,True,0.8755,0.1114,0.013,1.3,NYC,high
40.730000000000004,-73.91,1,111,property,0.5585585585585585,0.7822043989425913,property,0.7523,True,0.2353,0.7523,0.0123,1.2,NYC,medium
40.730000000000004,-73.91,2,144,property,0.3125,0.9489626989226225,property,0.7645,True,0.2228,0.7645,0.0127,1.3,NYC,medium
40.730000000000004,-73.91,3,100,property,0.29,0.940154032705091,property,0.4996,True,0.4854,0.4996,0.0151,1.5,NYC,uncertain
40.730000000000004,-73.9,0,176,property,0.17045454545454544,1.0036369928705176,other,0.8755,False,0.8755,0.1119,0.0126,1.3,NYC,high
40.730000000000004,-73.9,1,180,property,0.16111111111111112,0.9577354438413843,property,0.7198,True,0.2675,0.7198,0.0128,1.3,NYC,medium
40.730000000000004,-73.9,2,291,property,0.16494845360824742,1.0004357501286643,property,0.7445,True,0.2431,0.7445,0.0123,1.2,NYC,medium
40.730000000000004,-73.9,3,259,property,0.21235521235521235,1.0100542478894405,other,0.7665,False,0.7665,0.2188,0.0147,1.5,NYC,medium
40.730000000000004,-73.89,0,201,property,0.26865671641791045,1.0113914183050308,other,0.7329,False,0.7329,0.2401,0.027,2.7,NYC,medium
40.730000000000004,-73.89,1,292,property,0.20205479452054795,1.0102927869381024,property,0.683,True,0.3039,0.683,0.0132,1.3,NYC,medium
40.730000000000004,-73.89,2,417,property,0.2517985611510791,1.005767234679445,property,0.7659,True,0.2221,0.7659,0.012,1.2,NYC,medium
40.730000000000004,-73.89,3,356,property,0.08426966292134831,1.0440372132462783,property,0.5466,True,0.4385,0.5466,0.0148,1.5,NYC,uncertain
40.730000000000004,-73.88,0,181,property,0.23756906077348067,1.025230858866584,other,0.8502,False,0.8502,0.1362,0.0137,1.4,NYC,high
40.730000000000004,-73.88,1,227,property,0.3436123348017621,0.9268632361248825,property,0.7689,True,0.2189,0.7689,0.0122,1.2,NYC,medium
40.730000000000004,-73.88,2,273,property,0.336996336996337,0.9026213243869343,property,0.6721,True,0.3145,0.6721,0.0134,1.3,NYC,medium
40.730000000000004,-73.88,3,333,property,0.14714714714714713,1.0216826568458102,other,0.823,False,0.823,0.1629,0.0141,1.4,NYC,high
40.730000000000004,-73.87,0,275,property,0.03636363636363636,1.0635106667844463,other,0.8739,False,0.8739,0.1134,0.0127,1.3,NYC,high
40.730000000000004,-73.87,1,1219,property,0.660377358490566,0.6118506798713931,property,0.7694,True,0.2183,0.7694,0.0122,1.2,NYC,medium
40.730000000000004,-73.87,2,3790,property,0.7200527704485488,0.5694083132650489,property,0.7689,True,0.2187,0.7689,0.0123,1.2,NYC,medium
40.730000000000004,-73.87,3,2093,property,0.6134734830387004,0.700993355844441,property,0.7663,True,0.2212,0.7663,0.0125,1.3,NYC,medium
40.730000000000004,-73.86,0,338,other,0.16272189349112426,1.0370522245951115,other,0.8727,True,0.8727,0.1143,0.013,1.3,NYC,high
40.730000000000004,-73.86,1,733,property,0.40109140518417463,0.8355663843599307,property,0.7657,True,0.2218,0.7657,0.0124,1.2,NYC,medium
40.730000000000004,-73.86,2,1741,property,0.5301550832854681,0.754520674425893,property,0.7693,True,0.2184,0.7693,0.0123,1.2,NYC,medium
40.730000000000004,-73.86,3,1139,property,0.3880597014925373,0.8844176437410365,property,0.7654,True,0.2222,0.7654,0.0124,1.2,NYC,medium
40.730000000000004,-73.85000000000001,0,419,property,0.3914081145584726,0.8771117276357772,other,0.8135,False,0.8135,0.1724,0.0141,1.4,NYC,high
40.730000000000004,-73.85000000000001,1,495,property,0.24444444444444444,0.9584568219550538,property,0.7678,True,0.2202,0.7678,0.012,1.2,NYC,medium
40.730000000000004,-73.85000000000001,2,876,property,0.2910958904109589,0.9247972413795562,property,0.754,True,0.2333,0.754,0.0127,1.3,NYC,medium
40.730000000000004,-73.85000000000001,3,720,property,0.275,0.9217178741535599,property,0.7534,True,0.234,0.7534,0.0126,1.3,NYC,medium
40.730000000000004,-73.84,0,74,other,0.4189189189189189,0.8399129676239148,other,0.5022,True,0.5022,0.4827,0.0151,1.5,NYC,uncertain
40.730000000000004,-73.84,1,48,other,0.10416666666666667,0.94901721726865,property,0.7676,False,0.2201,0.7676,0.0123,1.2,NYC,medium
40.730000000000004,-73.84,2,76,property,0.013157894736842105,0.9365910898591449,property,0.765,True,0.2225,0.765,0.0125,1.3,NYC,medium
40.730000000000004,-73.84,3,92,property,0.2391304347826087,0.956641119048993,property,0.765,True,0.2226,0.765,0.0124,1.2,NYC,medium
40.730000000000004,-73.83,0,67,property,0.2537313432835821,0.9726857661244499,property,0.5576,True,0.424,0.5576,0.0185,1.8,NYC,medium
40.730000000000004,-73.83,1,77,property,0.05194805194805195,1.0026673245556177,other,0.7627,False,0.7627,0.2225,0.0148,1.5,NYC,medium
40.730000000000004,-73.83,2,167,other,0.04790419161676647,0.9828959831225249,property,0.6012,False,0.3846,0.6012,0.0142,1.4,NYC,medium
40.730000000000004,-73.83,3,210,property,0.23333333333333334,0.9770342021497143,property,0.7625,True,0.225,0.7625,0.0125,1.3,NYC,medium
40.730000000000004,-73.82000000000001,0,163,property,0.18404907975460122,0.995187960076614,property,0.7527,True,0.2346,0.7527,0.0127,1.3,NYC,medium
40.730000000000004,-73.82000000000001,1,254,property,0.2992125984251969,0.9412569641713142,property,0.6986,True,0.2883,0.6986,0.0131,1.3,NYC,medium
40.730000000000004,-73.82000000000001,2,417,property,0.15827338129496402,0.9771878790660649,property,0.7642,True,0.2233,0.7642,0.0124,1.2,NYC,medium
40.730000000000004,-73.82000000000001,3,328,property,0.08841463414634146,1.0244064498344585,other,0.8544,False,0.8544,0.1323,0.0133,1.3,NYC,high
40.730000000000004,-73.81,0,461,other,0.31670281995661603,0.9940562409880038,other,0.8733,True,0.8733,0.1138,0.013,1.3,NYC,high
40.730000000000004,-73.81,1,719,other,0.23504867872044508,0.9734794387444534,other,0.8705,True,0.8705,0.1163,0.0132,1.3,NYC,high
40.730000000000004,-73.81,2,1174,other,0.16780238500851788,1.009120152153554,other,0.8705,True,0.8705,0.1164,0.0131,1.3,NYC,high
40.730000000000004,-73.81,3,1024,other,0.2587890625,1.009889028316574,other,0.874,True,0.874,0.113,0.013,1.3,NYC,high
40.730000000000004,-73.8,0,135,property,0.26666666666666666,0.9430962668342373,property,0.6671,True,0.3194,0.6671,0.0135,1.4,NYC,medium
40.730000000000004,-73.8,1,128,property,0.3203125,0.8692841513002467,property,0.545,True,0.4401,0.545,0.0149,1.5,NYC,uncertain
40.730000000000004,-73.8,2,236,property,0.1483050847457627,0.9195222343277143,property,0.7474,True,0.2401,0.7474,0.0125,1.2,NYC,medium
40.730000000000004,-73.8,3,196,property,0.1377551020408163,0.9487118006067027,property,0.7642,True,0.2233,0.7642,0.0125,1.2,NYC,medium
40.730000000000004,-73.79,0,129,property,0.2713178294573643,0.9393384458190265,other,0.8402,False,0.8402,0.1453,0.0144,1.4,NYC,high
40.730000000000004,-73.79,1,126,property,0.30158730158730157,0.8903859725957651,property,0.7678,True,0.2199,0.7678,0.0123,1.2,NYC,medium
40.730000000000004,-73.79,2,232,property,0.41810344827586204,0.869142590391994,property,0.7649,True,0.2225,0.7649,0.0126,1.3,NYC,medium
40.730000000000004,-73.79,3,189,property,0.2804232804232804,0.8213247882821539,property,0.7625,True,0.2249,0.7625,0.0126,1.3,NYC,medium
40.730000000000004,-73.78,0,111,property,0.45045045045045046,0.7718546706074896,property,0.5943,True,0.3911,0.5943,0.0146,1.5,NYC,medium
40.730000000000004,-73.78,1,157,property,0.5477707006369427,0.6774833491704297,property,0.7676,True,0.2201,0.7676,0.0123,1.2,NYC,medium
40.730000000000004,-73.78,2,235,property,0.2936170212765957,0.9361819726961036,property,0.7685,True,0.2192,0.7685,0.0122,1.2,NYC,medium
40.730000000000004,-73.78,3,189,property,0.2328042328042328,1.0019509155444501,property,0.7646,True,0.2229,0.7646,0.0125,1.2,NYC,medium
40.730000000000004,-73.77,0,34,other,0.11764705882352941,1.066562484888105,other,0.8447,True,0.8447,0.1415,0.0138,1.4,NYC,high
40.730000000000004,-73.77,1,40,other,0.125,0.7846904335429707,other,0.5575,True,0.5575,0.4272,0.0153,1.5,NYC,medium
40.730000000000004,-73.77,2,73,property,0.1917808219178082,0.990755139795851,property,0.7685,True,0.2191,0.7685,0.0124,1.2,NYC,medium
40.730000000000004,-73.77,3,42,other,0.023809523809523808,1.0969101592798742,property,0.5996,False,0.386,0.5996,0.0144,1.4,NYC,medium
40.730000000000004,-73.76,0,64,property,0.375,0.7360355842955244,property,0.6729,True,0.3135,0.6729,0.0136,1.4,NYC,medium
40.730000000000004,-73.76,1,45,other,0.06666666666666667,0.8418334498020941,property,0.7648,False,0.2228,0.7648,0.0124,1.2,NYC,medium
40.730000000000004,-73.76,2,91,property,0.26373626373626374,0.8305944725718397,property,0.6436,True,0.3426,0.6436,0.0137,1.4,NYC,medium
40.730000000000004,-73.76,3,89,property,0.2696629213483146,0.9393380478013582,property,0.7598,True,0.2276,0.7598,0.0126,1.3,NYC,medium
40.730000000000004,-73.75,0,124,property,0.22580645161290322,1.0062326197587814,other,0.8681,False,0.8681,0.1179,0.014,1.4,NYC,high
40.730000000000004,-73.75,1,106,other,0.11320754716981132,0.9845083946271115,property,0.7612,False,0.226,0.7612,0.0128,1.3,NYC,medium
40.730000000000004,-73.75,2,190,other,0.06842105263157895,1.0621116499745944,other,0.8705,True,0.8705,0.1163,0.0132,1.3,NYC,high
40.730000000000004,-73.75,3,215,other,0.10697674418604651,1.0444959565330545,other,0.7246,True,0.7246,0.2575,0.018,1.8,NYC,medium
40.730000000000004,-73.74,0,201,property,0.15422885572139303,0.9970473926646131,other,0.8727,False,0.8727,0.1142,0.013,1.3,NYC,high
40.730000000000004,-73.74,1,238,other,0.09663865546218488,1.0411978107691342,other,0.8723,True,0.8723,0.1147,0.013,1.3,NYC,high
40.730000000000004,-73.74,2,437,other,0.06407322654462243,1.0517174172198014,other,0.8564,True,0.8564,0.1304,0.0132,1.3,NYC,high
40.730000000000004,-73.74,3,417,property,0.03117505995203837,1.041018282493052,other,0.8717,False,0.8717,0.115,0.0133,1.3,NYC,high
40.730000000000004,-73.73,0,299,other,0.26755852842809363,0.9820303472947218,other,0.849,True,0.849,0.1296,0.0214,2.1,NYC,high
40.730000000000004,-73.73,1,298,other,0.4899328859060403,0.8333053820076446,other,0.8722,True,0.8722,0.1148,0.013,1.3,NYC,high
40.730000000000004,-73.73,2,468,other,0.5235042735042735,0.8328285643323883,other,0.8721,True,0.8721,0.1148,0.0131,1.3,NYC,high
40.730000000000004,-73.73,3,452,other,0.5597345132743363,0.8026719757628131,other,0.8734,True,0.8734,0.1136,0.013,1.3,NYC,high
40.730000000000004,-73.72,0,112,property,0.14285714285714285,0.9479033500714356,other,0.862,False,0.862,0.1243,0.0137,1.4,NYC,high
40.730000000000004,-73.72,1,93,other,0.10752688172043011,0.9680722455865849,property,0.7607,False,0.2265,0.7607,0.0128,1.3,NYC,medium
40.730000000000004,-73.72,2,169,other,0.10059171597633136,1.04092096281863,other,0.5895,True,0.5895,0.3951,0.0155,1.5,NYC,medium
40.730000000000004,-73.72,3,159,property,0.031446540880503145,1.0246754214605558,other,0.8641,False,0.8641,0.1228,0.0131,1.3,NYC,high
40.730000000000004,-73.71000000000001,0,72,property,0.2638888888888889,0.9428548703384784,property,0.7511,True,0.2354,0.7511,0.0135,1.4,NYC,medium
40.730000000000004,-73.71000000000001,1,63,other,0.047619047619047616,1.0193335702557995,property,0.6009,False,0.3848,0.6009,0.0143,1.4,NYC,medium
40.730000000000004,-73.71000000000001,2,134,property,0.04477611940298507,0.9934120197681588,property,0.7483,True,0.2385,0.7483,0.0132,1.3,NYC,medium
40.730000000000004,-73.71000000000001,3,123,property,0.12195121951219512,1.0297434321171455,other,0.7844,False,0.7844,0.2007,0.015,1.5,NYC,medium
40.74,-74.01,0,578,property,0.2698961937716263,1.0131196766271031,property,0.749,True,0.2373,0.749,0.0137,1.4,NYC,medium
40.74,-74.01,1,416,property,0.2764423076923077,0.9105976349991955,property,0.7682,True,0.2194,0.7682,0.0124,1.2,NYC,medium
40.74,-74.01,2,989,property,0.43377148634984836,0.8048411925937153,property,0.7685,True,0.2191,0.7685,0.0123,1.2,NYC,medium
40.74,-74.01,3,736,property,0.19293478260869565,1.022632395849166,property,0.7651,True,0.2223,0.7651,0.0126,1.3,NYC,medium
40.74,-74.0,0,1631,property,0.02145922746781116,1.0765881895776643,property,0.5016,True,0.4794,0.5016,0.0191,1.9,NYC,uncertain
40.74,-74.0,1,2020,property,0.31336633663366337,0.9330465533339023,property,0.7687,True,0.2189,0.7687,0.0124,1.2,NYC,medium
40.74,-74.0,2,3309,property,0.300090661831369,0.9564631899810464,property,0.7692,True,0.2185,0.7692,0.0123,1.2,NYC,medium
40.74,-74.0,3,2523,property,0.12445501387237416,1.0431204181361968,property,0.7656,True,0.2218,0.7656,0.0126,1.3,NYC,medium
40.74,-73.99,0,1355,property,0.12250922509225093,1.0807510197406751,property,0.6956,True,0.2883,0.6956,0.0161,1.6,NYC,medium
40.74,-73.99,1,2507,property,0.44834463502193855,0.845760606880565,property,0.77,True,0.2177,0.77,0.0123,1.2,NYC,medium
40.74,-73.99,2,5187,property,0.5056872951609793,0.8120612592273967,property,0.771,True,0.2167,0.771,0.0123,1.2,NYC,medium
40.74,-73.99,3,3167,property,0.36880328386485633,0.9413956326512125,property,0.7677,True,0.2198,0.7677,0.0125,1.3,NYC,medium
40.74,-73.98,0,1303,other,0.013814274750575594,1.0764123535813326,other,0.64,True,0.64,0.3365,0.0235,2.3,NYC,medium
40.74,-73.98,1,2068,property,0.26547388781431336,0.9483575109408408,property,0.7665,True,0.221,0.7665,0.0125,1.3,NYC,medium
40.74,-73.98,2,3346,property,0.2319187089061566,0.9506161168831607,property,0.7679,True,0.2196,0.7679,0.0125,1.3,NYC,medium
40.74,-73.98,3,2408,property,0.14285714285714285,1.0496489025184448,property,0.7652,True,0.2224,0.7652,0.0125,1.2,NYC,medium
40.74,-73.97,0,192,violent,0.005208333333333333,1.0799930957081916,property,0.5362,False,0.4444,0.5362,0.0194,1.9,NYC,uncertain
40.74,-73.97,1,254,other,0.09448818897637795,1.0062133631431016,property,0.7678,False,0.22,0.7678,0.0122,1.2,NYC,medium
40.74,-73.97,2,286,other,0.017482517482517484,1.0120679828823709,property,0.7686,False,0.2191,0.7686,0.0123,1.2,NYC,medium
40.74,-73.97,3,290,other,0.22758620689655173,1.0488893024437833,property,0.7312,False,0.2555,0.7312,0.0133,1.3,NYC,medium
40.74,-73.96000000000001,0,324,other,0.2654320987654321,1.0226058187606226,other,0.8719,True,0.8719,0.1151,0.013,1.3,NYC,high
40.74,-73.96000000000001,1,406,other,0.1206896551724138,0.998373896414962,other,0.8701,True,0.8701,0.1166,0.0133,1.3,NYC,high
40.74,-73.96000000000001,2,634,other,0.1861198738170347,0.9829018189866908,other,0.8703,True,0.8703,0.1164,0.0132,1.3,NYC,high
40.74,-73.96000000000001,3,599,other,0.27545909849749584,1.0145450447283877,other,0.8725,True,0.8725,0.1145,0.013,1.3,NYC,high
40.74,-73.95,0,250,other,0.016,1.021761120903711,other,0.8728,True,0.8728,0.1142,0.013,1.3,NYC,high
40.74,-73.95,1,363,other,0.0743801652892562,1.0333260724835167,other,0.7674,True,0.7674,0.2179,0.0147,1.5,NYC,medium
40.74,-73.95,2,500,other,0.092,0.9961397010089914,other,0.8006,True,0.8006,0.185,0.0144,1.4,NYC,high
40.74,-73.95,3,497,other,0.18108651911468812,1.0280922400355816,other,0.8746,True,0.8746,0.1125,0.0129,1.3,NYC,high
40.74,-73.94,0,110,other,0.045454545454545456,1.0323567830418314,other,0.8712,True,0.8712,0.1155,0.0133,1.3,NYC,high
40.74,-73.94,1,212,property,0.009433962264150943,0.9677968902679801,property,0.7661,True,0.2217,0.7661,0.0122,1.2,NYC,medium
40.74,-73.94,2,255,other,0.12941176470588237,1.016307976497906,property,0.7509,False,0.2367,0.7509,0.0125,1.2,NYC,medium
40.74,-73.94,3,182,other,0.06593406593406594,1.0506689528542164,property,0.661,False,0.3255,0.661,0.0135,1.4,NYC,medium
40.74,-73.93,0,246,property,0.06097560975609756,1.046168236516475,other,0.8605,False,0.8605,0.1257,0.0137,1.4,NYC,high
40.74,-73.93,1,341,other,0.07331378299120235,1.0379706561055966,property,0.5376,False,0.4478,0.5376,0.0146,1.5,NYC,uncertain
40.74,-73.93,2,570,property,0.0017543859649122807,1.0485948672393925,property,0.755,True,0.2328,0.755,0.0122,1.2,NYC,medium
40.74,-73.93,3,492,other,0.11991869918699187,1.0520014713769072,property,0.6129,False,0.3729,0.6129,0.0143,1.4,NYC,medium
40.74,-73.92,0,604,property,0.11258278145695365,1.0861595450464099,other,0.7861,False,0.7861,0.1611,0.0528,5.3,NYC,medium
40.74,-73.92,1,693,property,0.29148629148629146,0.9704281705405197,property,0.7639,True,0.2236,0.7639,0.0124,1.2,NYC,medium
40.74,-73.92,2,1152,property,0.1640625,1.0310181653724537,other,0.7152,False,0.7152,0.2695,0.0152,1.5,NYC,medium
40.74,-73.92,3,1014,property,0.02465483234714004,1.065987379367483,other,0.8726,False,0.8726,0.1144,0.0131,1.3,NYC,high
40.74,-73.91,0,219,property,0.1004566210045662,1.0579506763442443,other,0.87,False,0.87,0.1161,0.0139,1.4,NYC,high
40.74,-73.91,1,404,property,0.4430693069306931,0.8369713030062311,property,0.7635,True,0.224,0.7635,0.0125,1.3,NYC,medium
40.74,-73.91,2,501,property,0.34530938123752497,0.8969589679457934,property,0.7197,True,0.2676,0.7197,0.0127,1.3,NYC,medium
40.74,-73.91,3,481,property,0.16632016632016633,0.9973003671150286,other,0.8673,False,0.8673,0.1197,0.013,1.3,NYC,high
40.74,-73.9,0,370,violent,0.03783783783783784,1.095439477252835,other,0.8636,False,0.8636,0.1222,0.0142,1.4,NYC,high
40.74,-73.9,1,580,property,0.42586206896551726,0.846374937639469,property,0.7547,True,0.2328,0.7547,0.0125,1.2,NYC,medium
40.74,-73.9,2,780,property,0.41794871794871796,0.844458184363307,property,0.7294,True,0.2581,0.7294,0.0125,1.3,NYC,medium
40.74,-73.9,3,851,property,0.23031727379553465,0.9864396608843404,other,0.869,False,0.869,0.1179,0.0131,1.3,NYC,high
40.74,-73.89,0,404,property,0.024752475247524754,1.0965797248047249,other,0.7006,False,0.7006,0.252,0.0474,4.7,NYC,medium
40.74,-73.89,1,403,property,0.08188585607940446,1.0563048588282715,property,0.7646,True,0.223,0.7646,0.0124,1.2,NYC,medium
40.74,-73.89,2,526,property,0.1444866920152091,1.0603164157363718,property,0.7645,True,0.223,0.7645,0.0124,1.2,NYC,medium
40.74,-73.89,3,588,other,0.05612244897959184,1.0955167795873997,property,0.5112,False,0.4711,0.5112,0.0176,1.8,NYC,uncertain
40.74,-73.88,0,636,property,0.03459119496855346,1.096930320683739,other,0.5574,False,0.5574,0.2059,0.2367,23.7,NYC,medium
40.74,-73.88,1,900,property,0.31222222222222223,0.946536430384145,property,0.7658,True,0.222,0.7658,0.0122,1.2,NYC,medium
40.74,-73.88,2,1232,property,0.15746753246753248,1.0322201845240682,property,0.7642,True,0.2234,0.7642,0.0124,1.2,NYC,medium
40.74,-73.88,3,1114,other,0.04488330341113106,1.0910763755079,other,0.6887,True,0.6887,0.2907,0.0207,2.1,NYC,medium
40.74,-73.87,0,850,other,0.1988235294117647,1.0444116441854863,other,0.7134,True,0.7134,0.177,0.1096,11.0,NYC,medium
40.74,-73.87,1,700,other,0.2642857142857143,0.9953100391627159,other,0.8711,True,0.8711,0.1159,0.013,1.3,NYC,high
40.74,-73.87,2,1030,other,0.16116504854368932,1.0385746800159508,other,0.8753,True,0.8753,0.1121,0.0126,1.3,NYC,high
40.74,-73.87,3,1291,other,0.2687838884585593,1.0116574938870362,other,0.8729,True,0.8729,0.114,0.0131,1.3,NYC,high
40.74,-73.86,0,795,violent,0.022641509433962263,1.0967987645195236,other,0.6412,False,0.6412,0.185,0.1739,17.4,NYC,medium
40.74,-73.86,1,918,other,0.002178649237472767,1.0777081452738158,other,0.7522,True,0.7522,0.2316,0.0162,1.6,NYC,medium
40.74,-73.86,2,1347,other,0.03192279138827023,1.0767628360858257,other,0.8624,True,0.8624,0.1246,0.013,1.3,NYC,high
40.74,-73.86,3,1446,other,0.06085753803596127,1.0912031620242986,other,0.8702,True,0.8702,0.1162,0.0137,1.4,NYC,high
40.74,-73.85000000000001,0,471,other,0.004246284501061571,1.08913479467393,other,0.786,True,0.786,0.1749,0.0391,3.9,NYC,medium
40.74,-73.85000000000001,1,403,other,0.02729528535980149,1.0741585977862211,property,0.7511,False,0.2364,0.7511,0.0125,1.3,NYC,medium
40.74,-73.85000000000001,2,679,property,0.011782032400589101,1.0750073467480743,other,0.5447,False,0.5447,0.4381,0.0172,1.7,NYC,uncertain
40.74,-73.85000000000001,3,790,other,0.08227848101265822,1.0829277151175978,other,0.8713,True,0.8713,0.1155,0.0133,1.3,NYC,high
40.74,-73.84,0,15,other,0.3333333333333333,0.9276173343271816,other,0.8661,True,0.8661,0.1198,0.0141,1.4,NYC,high
40.74,-73.84,1,11,other,0.18181818181818182,1.0670895187820832,property,0.7666,False,0.2208,0.7666,0.0125,1.3,NYC,medium
40.74,-73.84,2,13,other,0.15384615384615385,1.0579054247036734,other,0.8631,True,0.8631,0.1229,0.014,1.4,NYC,high
40.74,-73.84,3,19,violent,0.05263157894736842,1.0601189359398382,property,0.583,False,0.3974,0.583,0.0196,2.0,NYC,medium
40.74,-73.83,0,124,property,0.25,1.0162224849447876,property,0.5335,True,0.4512,0.5335,0.0154,1.5,NYC,uncertain
40.74,-73.83,1,173,other,0.08092485549132948,1.0141763394123946,other,0.7684,True,0.7684,0.216,0.0156,1.6,NYC,medium
40.74,-73.83,2,234,property,0.1581196581196581,1.05488371727909,other,0.6421,False,0.6421,0.3372,0.0207,2.1,NYC,medium
40.74,-73.83,3,214,property,0.16822429906542055,0.9740545797611128,property,0.7632,True,0.2244,0.7632,0.0124,1.2,NYC,medium
40.74,-73.82000000000001,0,128,property,0.1015625,1.0645077738758728,other,0.817,False,0.817,0.1687,0.0142,1.4,NYC,high
40.74,-73.82000000000001,1,128,property,0.0390625,1.050653476860269,property,0.7688,True,0.2191,0.7688,0.0121,1.2,NYC,medium
40.74,-73.82000000000001,2,201,property,0.029850746268656716,1.0156918668213124,property,0.7642,True,0.2232,0.7642,0.0126,1.3,NYC,medium
40.74,-73.82000000000001,3,219,property,0.091324200913242,1.0732691568240451,property,0.763,True,0.2246,0.763,0.0123,1.2,NYC,medium
40.74,-73.81,0,238,other,0.008403361344537815,1.0560320835963848,other,0.8715,True,0.8715,0.1154,0.0131,1.3,NYC,high
40.74,-73.81,1,264,other,0.03409090909090909,1.0309026185888281,property,0.7562,False,0.2313,0.7562,0.0125,1.2,NYC,medium
40.74,-73.81,2,448,other,0.03125,1.0084935349790132,property,0.7004,False,0.2863,0.7004,0.0133,1.3,NYC,medium
40.74,-73.81,3,463,property,0.004319654427645789,1.0317447397008261,other,0.7649,False,0.7649,0.2199,0.0151,1.5,NYC,medium
40.74,-73.8,0,75,property,0.21333333333333335,1.0261286327360604,other,0.511,False,0.511,0.4738,0.0152,1.5,NYC,uncertain
40.74,-73.8,1,69,property,0.10144927536231885,1.0283916595428786,property,0.6763,True,0.3105,0.6763,0.0132,1.3,NYC,medium
40.74,-73.8,2,160,property,0.29375,0.9089201897676655,property,0.6976,True,0.2895,0.6976,0.0128,1.3,NYC,medium
40.74,-73.8,3,132,property,0.10606060606060606,1.0214162076601785,property,0.7101,True,0.2768,0.7101,0.0131,1.3,NYC,medium
40.74,-73.79,0,137,property,0.23357664233576642,1.018398656841946,other,0.8127,False,0.8127,0.1729,0.0144,1.4,NYC,high
40.74,-73.79,1,226,property,0.2743362831858407,0.9152349432846452,property,0.763,True,0.2245,0.763,0.0125,1.3,NYC,medium
40.74,-73.79,2,493,property,0.4665314401622718,0.8552047474028336,property,0.7665,True,0.2212,0.7665,0.0124,1.2,NYC,medium
40.74,-73.79,3,372,property,0.33064516129032256,0.9437638803480564,property,0.7659,True,0.2217,0.7659,0.0124,1.2,NYC,medium
40.74,-73.78,0,120,property,0.11666666666666667,1.0341188042574396,other,0.8682,False,0.8682,0.1182,0.0136,1.4,NYC,high
40.74,-73.78,1,168,property,0.02976190476190476,0.9113563547834149,property,0.7665,True,0.221,0.7665,0.0125,1.2,NYC,medium
40.74,-73.78,2,254,property,0.17716535433070865,0.9711656715225946,property,0.7672,True,0.2207,0.7672,0.0122,1.2,NYC,medium
40.74,-73.78,3,269,other,0.055762081784386616,0.992189018700645,property,0.7367,False,0.2506,0.7367,0.0127,1.3,NYC,medium
40.74,-73.77,0,27,other,0.2222222222222222,1.013261884144225,other,0.8646,True,0.8646,0.1215,0.0139,1.4,NYC,high
40.74,-73.77,1,26,other,0.15384615384615385,0.8981370031878679,property,0.7641,False,0.2232,0.7641,0.0127,1.3,NYC,medium
40.74,-73.77,2,47,other,0.14893617021276595,1.0179493281856835,property,0.7626,False,0.2244,0.7626,0.013,1.3,NYC,medium
40.74,-73.77,3,34,other,0.029411764705882353,1.0583453685867263,property,0.7613,False,0.2257,0.7613,0.0131,1.3,NYC,medium
40.74,-73.76,0,62,property,0.3870967741935484,0.8991474568349618,other,0.8556,False,0.8556,0.1301,0.0143,1.4,NYC,high
40.74,-73.76,1,150,property,0.2866666666666667,0.8341101948165331,property,0.7428,True,0.2446,0.7428,0.0125,1.3,NYC,medium
40.74,-73.76,2,256,property,0.18359375,0.857596065298682,property,0.5305,True,0.4545,0.5305,0.015,1.5,NYC,uncertain
40.74,-73.76,3,194,property,0.15979381443298968,0.9153590891484262,other,0.7352,False,0.7352,0.2489,0.0159,1.6,NYC,medium
40.74,-73.75,0,90,property,0.4,0.8406251315497475,other,0.8641,False,0.8641,0.1222,0.0137,1.4,NYC,high
40.74,-73.75,1,73,property,0.1095890410958904,0.8889336181122567,property,0.7632,True,0.2241,0.7632,0.0128,1.3,NYC,medium
40.74,-73.75,2,147,property,0.1292517006802721,1.001668192484169,property,0.7464,True,0.2408,0.7464,0.0128,1.3,NYC,medium
40.74,-73.75,3,112,property,0.125,0.9235355727769134,other,0.5325,False,0.5325,0.4522,0.0153,1.5,NYC,uncertain
40.74,-73.74,0,24,property,0.3333333333333333,0.8602030628046027,property,0.7575,True,0.2297,0.7575,0.0128,1.3,NYC,medium
40.74,-73.74,1,26,property,0.3076923076923077,0.9585849416984087,other,0.8636,False,0.8636,0.1231,0.0134,1.3,NYC,high
40.74,-73.74,2,56,property,0.03571428571428571,0.95866671337305,property,0.5744,True,0.4097,0.5744,0.0159,1.6,NYC,medium
40.74,-73.74,3,54,property,0.07407407407407407,0.9028888652130356,property,0.5257,True,0.4588,0.5257,0.0155,1.6,NYC,uncertain
40.74,-73.73,0,56,other,0.16071428571428573,1.0571467177973959,other,0.8694,True,0.8694,0.1171,0.0136,1.4,NYC,high
40.74,-73.73,1,112,other,0.017857142857142856,1.0639925414483242,other,0.7837,True,0.7837,0.1971,0.0192,1.9,NYC,medium
40.74,-73.73,2,168,other,0.07738095238095238,1.056693770538449,other,0.6049,True,0.6049,0.226,0.1691,16.9,NYC,medium
40.74,-73.73,3,106,other,0.009433962264150943,1.0535456966128547,other,0.8326,True,0.8326,0.1426,0.0248,2.5,NYC,high
40.74,-73.72,0,115,property,0.30434782608695654,0.8121105618209838,other,0.8183,False,0.8183,0.1668,0.0148,1.5,NYC,high
40.74,-73.72,1,99,property,0.0707070707070707,1.0204783787699077,property,0.7648,True,0.2228,0.7648,0.0124,1.2,NYC,medium
40.74,-73.72,2,191,property,0.15706806282722513,0.9343583281771903,property,0.7577,True,0.2294,0.7577,0.0129,1.3,NYC,medium
40.74,-73.72,3,166,other,0.060240963855421686,0.9903591319962339,other,0.6426,True,0.6426,0.3414,0.016,1.6,NYC,medium
40.74,-73.71000000000001,0,114,property,0.43859649122807015,0.8196505203700131,other,0.8572,False,0.8572,0.1287,0.0141,1.4,NYC,high
40.74,-73.71000000000001,1,99,property,0.09090909090909091,0.9737518448811456,property,0.7627,True,0.2249,0.7627,0.0124,1.2,NYC,medium
40.74,-73.71000000000001,2,182,property,0.1043956043956044,0.9917490820603223,property,0.7544,True,0.2326,0.7544,0.013,1.3,NYC,medium
40.74,-73.71000000000001,3,182,property,0.06043956043956044,1.0191010353448728,property,0.6236,True,0.3611,0.6236,0.0153,1.5,NYC,medium
40.74,-73.7,0,46,property,0.4782608695652174,0.7965853690105891,other,0.8214,False,0.8214,0.164,0.0146,1.5,NYC,high
40.74,-73.7,1,43,property,0.2558139534883721,0.8142801769444561,property,0.7256,True,0.2614,0.7256,0.0131,1.3,NYC,medium
40.74,-73.7,2,61,property,0.18032786885245902,0.8722213683077459,property,0.5487,True,0.4365,0.5487,0.0148,1.5,NYC,uncertain
40.74,-73.7,3,73,property,0.0,0.7560298032190771,other,0.8642,False,0.8642,0.1217,0.014,1.4,NYC,high
40.75,-74.01,0,90,other,0.044444444444444446,1.0675501395823765,other,0.87,True,0.87,0.1167,0.0133,1.3,NYC,high
40.75,-74.01,1,132,other,0.030303030303030304,1.012911933213318,property,0.7699,False,0.2179,0.7699,0.0122,1.2,NYC,medium
40.75,-74.01,2,205,property,0.17560975609756097,0.9735926526043874,property,0.7686,True,0.219,0.7686,0.0124,1.2,NYC,medium
40.75,-74.01,3,172,other,0.03488372093023256,1.0673115794409136,property,0.7661,False,0.2215,0.7661,0.0124,1.2,NYC,medium
40.75,-74.0,0,935,other,0.022459893048128343,1.0844480284734201,other,0.6302,True,0.6302,0.3439,0.0259,2.6,NYC,medium
40.75,-74.0,1,1341,property,0.14168530947054436,0.9952250637639113,property,0.7665,True,0.221,0.7665,0.0125,1.2,NYC,medium
40.75,-74.0,2,2283,property,0.22470433639947437,0.9762260083252915,property,0.7669,True,0.2206,0.7669,0.0125,1.3,NYC,medium
40.75,-74.0,3,1904,property,0.009978991596638655,1.0512073289323585,property,0.7443,True,0.2428,0.7443,0.0129,1.3,NYC,medium
40.75,-73.99,0,3142,other,0.009229789942711649,1.09841364669931,property,0.6778,False,0.3065,0.6778,0.0157,1.6,NYC,medium
40.75,-73.99,1,4382,property,0.2884527612962118,0.9643244162840108,property,0.7696,True,0.2182,0.7696,0.0123,1.2,NYC,medium
40.75,-73.99,2,10603,property,0.41243044421390174,0.8692721133180811,property,0.77,True,0.2176,0.77,0.0124,1.2,NYC,medium
40.75,-73.99,3,7299,property,0.270859021783806,0.9978980836186006,property,0.7676,True,0.2199,0.7676,0.0125,1.3,NYC,medium
40.75,-73.98,0,1138,property,0.17311072056239016,1.0622016324479924,property,0.5647,True,0.4174,0.5647,0.0179,1.8,NYC,medium
40.75,-73.98,1,2120,property,0.33349056603773586,0.9529379195647365,property,0.7691,True,0.2185,0.7691,0.0123,1.2,NYC,medium
40.75,-73.98,2,3502,property,0.22929754426042262,0.9866384060955669,property,0.7704,True,0.2172,0.7704,0.0123,1.2,NYC,medium
40.75,-73.98,3,2304,property,0.11588541666666667,1.0505855051766655,property,0.7675,True,0.2199,0.7675,0.0126,1.3,NYC,medium
40.75,-73.97,0,531,property,0.21657250470809794,1.0401802206511919,other,0.7363,False,0.7363,0.2447,0.019,1.9,NYC,medium
40.75,-73.97,1,1391,property,0.507548526240115,0.7702484982961488,property,0.7694,True,0.2184,0.7694,0.0122,1.2,NYC,medium
40.75,-73.97,2,1841,property,0.40141227593699075,0.8335109048385777,property,0.7701,True,0.2177,0.7701,0.0122,1.2,NYC,medium
40.75,-73.97,3,1323,property,0.36961451247165533,0.9083678283073013,property,0.7658,True,0.2217,0.7658,0.0124,1.2,NYC,medium
40.75,-73.96000000000001,0,64,property,0.171875,1.067587808973822,other,0.5357,False,0.5357,0.3544,0.1099,11.0,NYC,uncertain
40.75,-73.96000000000001,1,184,property,0.532608695652174,0.6847628045060072,property,0.7677,True,0.2198,0.7677,0.0124,1.2,NYC,medium
40.75,-73.96000000000001,2,258,property,0.5387596899224806,0.7108291541476884,property,0.7688,True,0.219,0.7688,0.0122,1.2,NYC,medium
40.75,-73.96000000000001,3,216,property,0.4351851851851852,0.8286851419850736,property,0.7649,True,0.2227,0.7649,0.0124,1.2,NYC,medium
40.75,-73.95,0,329,property,0.18541033434650456,1.0647575520940662,other,0.7012,False,0.7012,0.2732,0.0256,2.6,NYC,medium
40.75,-73.95,1,338,other,0.03254437869822485,0.9993887007944716,property,0.7474,False,0.24,0.7474,0.0125,1.3,NYC,medium
40.75,-73.95,2,539,property,0.02040816326530612,0.9977584443798729,property,0.7442,True,0.243,0.7442,0.0129,1.3,NYC,medium
40.75,-73.95,3,533,other,0.01876172607879925,1.0098087987491002,other,0.5192,True,0.5192,0.4626,0.0182,1.8,NYC,uncertain
40.75,-73.94,0,792,other,0.0025252525252525255,1.0976796625305765,other,0.7177,True,0.7177,0.2548,0.0274,2.7,NYC,medium
40.75,-73.94,1,1441,property,0.24080499653018736,0.9865494315948701,property,0.749,True,0.2383,0.749,0.0127,1.3,NYC,medium
40.75,-73.94,2,1953,property,0.17511520737327188,1.0047361417503615,other,0.4954,False,0.4954,0.4889,0.0157,1.6,NYC,uncertain
40.75,-73.94,3,1513,property,0.013879709187045605,1.072877972455631,other,0.7629,False,0.7629,0.2206,0.0164,1.6,NYC,medium
40.75,-73.93,0,241,property,0.058091286307053944,1.0940717393844328,other,0.6438,False,0.6438,0.3346,0.0216,2.2,NYC,medium
40.75,-73.93,1,281,other,0.13523131672597866,1.0239124821044334,property,0.7646,False,0.2229,0.7646,0.0124,1.2,NYC,medium
40.75,-73.93,2,382,property,0.02356020942408377,1.0766806773217756,property,0.7525,True,0.2347,0.7525,0.0127,1.3,NYC,medium
40.75,-73.93,3,328,other,0.042682926829268296,1.0756540719507974,property,0.7646,False,0.2232,0.7646,0.0122,1.2,NYC,medium
40.75,-73.92,0,277,other,0.036101083032490974,1.0863164614000294,other,0.8206,True,0.8206,0.1635,0.0159,1.6,NYC,high
40.75,-73.92,1,254,property,0.12992125984251968,0.9973825779668213,property,0.7661,True,0.2215,0.7661,0.0124,1.2,NYC,medium
40.75,-73.92,2,408,property,0.07352941176470588,0.9641643550049805,property,0.7654,True,0.2222,0.7654,0.0125,1.2,NYC,medium
40.75,-73.92,3,466,other,0.019313304721030045,1.0513459506656728,property,0.7625,False,0.225,0.7625,0.0124,1.2,NYC,medium
40.75,-73.91,0,409,property,0.029339853300733496,1.0975936987229304,other,0.8233,False,0.8233,0.1583,0.0185,1.8,NYC,high
40.75,-73.91,1,712,property,0.3342696629213483,0.9348304019407765,property,0.7645,True,0.223,0.7645,0.0124,1.2,NYC,medium
40.75,-73.91,2,1355,property,0.4309963099630996,0.8652854144948934,property,0.7668,True,0.2209,0.7668,0.0123,1.2,NYC,medium
40.75,-73.91,3,1054,property,0.25426944971537,0.973170107305151,property,0.7618,True,0.2258,0.7618,0.0124,1.2,NYC,medium
40.75,-73.9,0,758,violent,0.11477572559366754,1.0842311728960001,other,0.4714,False,0.4714,0.183,0.3456,34.6,NYC,uncertain
40.75,-73.9,1,528,property,0.08333333333333333,1.0629306682327686,property,0.7654,True,0.2223,0.7654,0.0122,1.2,NYC,medium
40.75,-73.9,2,783,property,0.07279693486590039,1.054536537040715,property,0.7615,True,0.226,0.7615,0.0125,1.3,NYC,medium
40.75,-73.9,3,952,other,0.1722689075630252,1.0588615302635387,other,0.7571,True,0.7571,0.2263,0.0165,1.7,NYC,medium
40.75,-73.89,0,1671,violent,0.15140634350688212,1.0765291080592665,other,0.4277,False,0.4277,0.1786,0.3936,39.4,NYC,uncertain
40.75,-73.89,1,1198,property,0.2303839732888147,1.0286308493356502,property,0.7649,True,0.223,0.7649,0.0121,1.2,NYC,medium
40.75,-73.89,2,1746,property,0.09507445589919816,1.0211747330009244,property,0.753,True,0.2347,0.753,0.0123,1.2,NYC,medium
40.75,-73.89,3,1946,other,0.08478931140801645,1.0790845549138148,other,0.8136,True,0.8136,0.1713,0.0151,1.5,NYC,high
40.75,-73.88,0,1920,violent,0.19427083333333334,1.049070626686333,violent,0.4696,True,0.3697,0.1607,0.4696,47.0,NYC,uncertain
40.75,-73.88,1,1589,property,0.43108873505349277,0.9057193521795535,property,0.7216,True,0.2651,0.7216,0.0134,1.3,NYC,medium
40.75,-73.88,2,2619,property,0.4051164566628484,0.8886492380538296,property,0.5539,True,0.4303,0.5539,0.0159,1.6,NYC,medium
40.75,-73.88,3,2401,property,0.05872553102873802,1.0821112971608033,other,0.8669,False,0.8669,0.1196,0.0135,1.3,NYC,high
40.75,-73.87,0,1849,violent,0.21254732287723094,1.0478047157736299,violent,0.481,True,0.362,0.157,0.481,48.1,NYC,uncertain
40.75,-73.87,1,1199,property,0.2693911592994162,1.022630726914452,other,0.66,False,0.66,0.3185,0.0215,2.1,NYC,medium
40.75,-73.87,2,1664,property,0.0390625,1.0655168301348539,other,0.7952,False,0.7952,0.1899,0.0149,1.5,NYC,medium
40.75,-73.87,3,1996,other,0.050100200400801605,1.094651662909388,other,0.8383,True,0.8383,0.1371,0.0247,2.5,NYC,high
40.75,-73.86,0,1762,violent,0.32179341657207716,0.9827943443490619,violent,0.4998,True,0.3445,0.1557,0.4998,50.0,NYC,uncertain
40.75,-73.86,1,953,property,0.13746065057712487,1.0786094613001256,property,0.5701,True,0.4125,0.5701,0.0174,1.7,NYC,medium
40.75,-73.86,2,1365,property,0.035164835164835165,1.0944014652108391,other,0.7874,False,0.7874,0.1963,0.0163,1.6,NYC,medium
40.75,-73.86,3,1840,violent,0.1108695652173913,1.0410299576647977,other,0.4345,False,0.4345,0.1711,0.3944,39.4,NYC,uncertain
40.75,-73.85000000000001,0,269,violent,0.23048327137546468,1.0240791580358863,violent,0.5036,True,0.3431,0.1533,0.5036,50.4,NYC,uncertain
40.75,-73.85000000000001,1,212,other,0.0047169811320754715,1.096965856539194,property,0.765,False,0.2226,0.765,0.0125,1.2,NYC,medium
40.75,-73.85000000000001,2,370,other,0.05675675675675676,1.0906835830675565,property,0.7451,False,0.2419,0.7451,0.013,1.3,NYC,medium
40.75,-73.85000000000001,3,572,violent,0.057692307692307696,1.0940418797051905,other,0.7227,False,0.7227,0.2374,0.0399,4.0,NYC,medium
40.75,-73.84,0,62,other,0.06451612903225806,0.9416990906290992,other,0.8682,True,0.8682,0.1184,0.0134,1.3,NYC,high
40.75,-73.84,1,67,property,0.3283582089552239,0.9980438313177928,property,0.7678,True,0.22,0.7678,0.0123,1.2,NYC,medium
40.75,-73.84,2,160,property,0.225,0.981746879749079,property,0.7619,True,0.2254,0.7619,0.0127,1.3,NYC,medium
40.75,-73.84,3,341,property,0.39589442815249265,0.9372427895561479,property,0.7595,True,0.2277,0.7595,0.0127,1.3,NYC,medium
40.75,-73.83,0,386,other,0.010362694300518135,1.096791504365213,other,0.86,True,0.86,0.1254,0.0146,1.5,NYC,high
40.75,-73.83,1,497,property,0.24949698189134809,1.0173919159857485,property,0.7687,True,0.2191,0.7687,0.0122,1.2,NYC,medium
40.75,-73.83,2,752,property,0.2247340425531915,0.9873107259751163,property,0.7691,True,0.2187,0.7691,0.0122,1.2,NYC,medium
40.75,-73.83,3,694,property,0.024495677233429394,1.0777668701299916,property,0.7558,True,0.2314,0.7558,0.0128,1.3,NYC,medium
40.75,-73.82000000000001,0,233,property,0.034334763948497854,1.0752425958287237,other,0.7466,False,0.7466,0.2332,0.0202,2.0,NYC,medium
40.75,-73.82000000000001,1,322,property,0.17701863354037267,1.0277617914370032,property,0.6088,True,0.3755,0.6088,0.0158,1.6,NYC,medium
40.75,-73.82000000000001,2,601,property,0.23793677204658903,1.0165847537955055,property,0.6953,True,0.2902,0.6953,0.0145,1.4,NYC,medium
40.75,-73.82000000000001,3,518,other,0.021235521235521235,1.0916866964304641,other,0.6397,True,0.6397,0.3392,0.021,2.1,NYC,medium
40.75,-73.81,0,74,property,0.13513513513513514,1.035742385252168,other,0.8486,False,0.8486,0.1375,0.0139,1.4,NYC,high
40.75,-73.81,1,93,property,0.03225806451612903,1.032378412634651,property,0.7567,True,0.2304,0.7567,0.0129,1.3,NYC,medium
40.75,-73.81,2,136,property,0.13970588235294118,1.018606964997175,property,0.7668,True,0.2211,0.7668,0.0122,1.2,NYC,medium
40.75,-73.81,3,152,property,0.1118421052631579,1.030176539487585,property,0.7615,True,0.226,0.7615,0.0125,1.2,NYC,medium
40.75,-73.8,0,44,property,0.22727272727272727,0.8192299997020129,other,0.868,False,0.868,0.1186,0.0134,1.3,NYC,high
40.75,-73.8,1,51,property,0.23529411764705882,0.9148963095726802,other,0.5211,False,0.5211,0.4637,0.0151,1.5,NYC,uncertain
40.75,-73.8,2,102,property,0.21568627450980393,0.9471803396021746,property,0.7277,True,0.2596,0.7277,0.0127,1.3,NYC,medium
40.75,-73.8,3,74,property,0.05405405405405406,1.0634891705421032,property,0.7335,True,0.2535,0.7335,0.0129,1.3,NYC,medium
40.75,-73.79,0,76,property,0.618421052631579,0.705681844814468,other,0.6826,False,0.6826,0.3023,0.0151,1.5,NYC,medium
40.75,-73.79,1,111,property,0.4594594594594595,0.8365231721138657,property,0.7672,True,0.2204,0.7672,0.0124,1.2,NYC,medium
40.75,-73.79,2,189,property,0.3862433862433862,0.803531299046532,property,0.7644,True,0.223,0.7644,0.0127,1.3,NYC,medium
40.75,-73.79,3,165,property,0.2727272727272727,0.9852942883464144,property,0.7581,True,0.2294,0.7581,0.0125,1.2,NYC,medium
40.75,-73.78,0,91,property,0.31868131868131866,1.0004115182236741,other,0.8336,False,0.8336,0.1521,0.0143,1.4,NYC,high
40.75,-73.78,1,130,property,0.16923076923076924,0.8954166288610089,property,0.7573,True,0.2298,0.7573,0.0129,1.3,NYC,medium
40.75,-73.78,2,201,property,0.23383084577114427,0.8679028188580498,property,0.7637,True,0.2237,0.7637,0.0127,1.3,NYC,medium
40.75,-73.78,3,146,other,0.0273972602739726,0.9806871937037425,other,0.8627,True,0.8627,0.1239,0.0134,1.3,NYC,high
40.75,-73.77,0,101,property,0.48514851485148514,0.8096206251027698,other,0.5505,False,0.5505,0.4343,0.0152,1.5,NYC,medium
40.75,-73.77,1,104,property,0.4423076923076923,0.8005668681310159,property,0.7647,True,0.2228,0.7647,0.0125,1.3,NYC,medium
40.75,-73.77,2,158,property,0.2974683544303797,0.7967538331981958,property,0.7574,True,0.2298,0.7574,0.0128,1.3,NYC,medium
40.75,-73.77,3,153,property,0.2875816993464052,0.9175947748749329,property,0.7368,True,0.2504,0.7368,0.0128,1.3,NYC,medium
40.75,-73.76,0,88,property,0.2840909090909091,0.9819590922929275,property,0.5172,True,0.4674,0.5172,0.0154,1.5,NYC,uncertain
40.75,-73.76,1,198,property,0.1111111111111111,1.0550086146679867,property,0.6379,True,0.3482,0.6379,0.0139,1.4,NYC,medium
40.75,-73.76,2,281,property,0.2775800711743772,0.9753056165784311,property,0.7492,True,0.2376,0.7492,0.0132,1.3,NYC,medium
40.75,-73.76,3,180,property,0.10555555555555556,0.9933322625756045,property,0.7593,True,0.2281,0.7593,0.0126,1.3,NYC,medium
40.75,-73.75,0,94,property,0.3404255319148936,0.9594531683339098,property,0.739,True,0.2482,0.739,0.0129,1.3,NYC,medium
40.75,-73.75,1,124,property,0.18548387096774194,0.9947225924271499,property,0.7659,True,0.2218,0.7659,0.0123,1.2,NYC,medium
40.75,-73.75,2,183,property,0.19672131147540983,0.9328201608305438,property,0.7513,True,0.2357,0.7513,0.013,1.3,NYC,medium
40.75,-73.75,3,182,property,0.14835164835164835,1.0273380336864217,property,0.6994,True,0.2874,0.6994,0.0132,1.3,NYC,medium
40.75,-73.74,0,33,other,0.18181818181818182,0.993820761105624,other,0.8614,True,0.8614,0.1244,0.0142,1.4,NYC,high
40.75,-73.74,1,53,other,0.03773584905660377,0.939434325811632,property,0.7631,False,0.2244,0.7631,0.0125,1.2,NYC,medium
40.75,-73.74,2,73,property,0.1780821917808219,0.9791440901723892,property,0.6111,True,0.3747,0.6111,0.0143,1.4,NYC,medium
40.75,-73.74,3,71,other,0.19718309859154928,0.9630096348725925,other,0.8587,True,0.8587,0.1273,0.014,1.4,NYC,high
40.75,-73.73,0,20,property,0.15,0.9985793315873921,property,0.6308,True,0.3546,0.6308,0.0146,1.5,NYC,medium
40.75,-73.73,1,67,other,0.2537313432835821,1.0342104665291503,property,0.6018,False,0.3831,0.6018,0.0151,1.5,NYC,medium
40.75,-73.73,2,78,other,0.10256410256410256,1.066536269412169,other,0.6647,True,0.6647,0.3109,0.0244,2.4,NYC,medium
40.75,-73.73,3,36,other,0.1111111111111111,1.0207543464748883,property,0.7618,False,0.2256,0.7618,0.0126,1.3,NYC,medium
40.75,-73.72,0,53,other,0.018867924528301886,0.9082095551646637,property,0.7581,False,0.2291,0.7581,0.0128,1.3,NYC,medium
40.75,-73.72,1,85,property,0.09411764705882353,0.8713781360315641,other,0.7817,False,0.7817,0.2035,0.0148,1.5,NYC,medium
40.75,-73.72,2,125,property,0.336,0.8902774070473962,property,0.733,True,0.2542,0.733,0.0127,1.3,NYC,medium
40.75,-73.72,3,97,property,0.09278350515463918,0.9160521629836216,other,0.526,False,0.526,0.459,0.0151,1.5,NYC,uncertain
40.75,-73.71000000000001,0,66,other,0.15151515151515152,1.0741606311794394,other,0.7167,True,0.7167,0.2622,0.0211,2.1,NYC,medium
40.75,-73.71000000000001,1,114,other,0.08771929824561403,1.0569912522162896,property,0.7633,False,0.2243,0.7633,0.0125,1.2,NYC,medium
40.75,-73.71000000000001,2,218,other,0.17889908256880735,1.0444033792080945,property,0.765,False,0.2225,0.765,0.0125,1.2,NYC,medium
40.75,-73.71000000000001,3,164,other,0.10365853658536585,1.0860097628792302,property,0.6633,False,0.3216,0.6633,0.0151,1.5,NYC,medium
40.75,-73.7,0,33,property,0.18181818181818182,1.0417002424008999,other,0.8359,False,0.8359,0.1488,0.0153,1.5,NYC,high
40.75,-73.7,1,22,property,0.22727272727272727,0.9666748303197921,property,0.7549,True,0.232,0.7549,0.0131,1.3,NYC,medium
40.75,-73.7,2,36,other,0.027777777777777776,0.9217999587117628,property,0.7256,False,0.2614,0.7256,0.013,1.3,NYC,medium
40.75,-73.7,3,48,property,0.0625,1.0433534269422906,other,0.6742,False,0.6742,0.3093,0.0166,1.7,NYC,medium
40.76,-74.01,3,7,other,0.14285714285714285,1.0789922078775833,other,0.8653,True,0.8653,0.1204,0.0143,1.4,NYC,high
40.76,-74.0,0,710,property,0.04507042253521127,1.0871322100072385,other,0.6466,False,0.6466,0.328,0.0255,2.5,NYC,medium
40.76,-74.0,1,662,property,0.03625377643504532,1.018303144984631,property,0.7688,True,0.219,0.7688,0.0123,1.2,NYC,medium
40.76,-74.0,2,987,property,0.02634245187436677,1.043703558650001,property,0.7681,True,0.2196,0.7681,0.0123,1.2,NYC,medium
40.76,-74.0,3,1073,other,0.007455731593662628,1.0730642808797977,property,0.7611,False,0.2263,0.7611,0.0127,1.3,NYC,medium
40.76,-73.99,0,3822,property,0.007849293563579277,1.097247419059157,other,0.5932,False,0.5932,0.3825,0.0243,2.4,NYC,medium
40.76,-73.99,1,4386,property,0.27838577291381666,0.9747422235741694,property,0.7667,True,0.2208,0.7667,0.0125,1.2,NYC,medium
40.76,-73.99,2,6847,property,0.24331824156564918,0.9928788544871782,property,0.7689,True,0.2187,0.7689,0.0124,1.2,NYC,medium
40.76,-73.99,3,7182,property,0.1539961013645224,1.0506956441691258,property,0.7665,True,0.221,0.7665,0.0125,1.2,NYC,medium
40.76,-73.98,0,1211,property,0.14450867052023122,1.0755463861077301,property,0.7036,True,0.2813,0.7036,0.0151,1.5,NYC,medium
40.76,-73.98,1,2753,property,0.5176171449328005,0.741458698408292,property,0.7681,True,0.2195,0.7681,0.0124,1.2,NYC,medium
40.76,-73.98,2,5278,property,0.4871163319439181,0.7639564346949702,property,0.7708,True,0.2169,0.7708,0.0123,1.2,NYC,medium
40.76,-73.98,3,3490,property,0.260458452722063,0.9554782521750222,property,0.7676,True,0.2199,0.7676,0.0125,1.3,NYC,medium
40.76,-73.97,0,912,property,0.22916666666666666,1.0445808637213088,other,0.5835,False,0.5835,0.3954,0.0211,2.1,NYC,medium
40.76,-73.97,1,1714,property,0.36814469078179696,0.8837647654428777,property,0.7691,True,0.2185,0.7691,0.0123,1.2,NYC,medium
40.76,-73.97,2,3814,property,0.4929208180388044,0.7985886409532369,property,0.7701,True,0.2176,0.7701,0.0124,1.2,NYC,medium
40.76,-73.97,3,2044,property,0.29598825831702547,0.976236409284766,property,0.7677,True,0.2197,0.7677,0.0125,1.3,NYC,medium
40.76,-73.96000000000001,0,384,property,0.020833333333333332,1.0567834913706802,other,0.8701,False,0.8701,0.1166,0.0133,1.3,NYC,high
40.76,-73.96000000000001,1,791,property,0.3691529709228824,0.8671387525889529,property,0.7677,True,0.22,0.7677,0.0123,1.2,NYC,medium
40.76,-73.96000000000001,2,1301,property,0.35895465026902384,0.8816161657073851,property,0.7695,True,0.2183,0.7695,0.0122,1.2,NYC,medium
40.76,-73.96000000000001,3,871,property,0.16417910447761194,1.0362365318488362,property,0.7647,True,0.2228,0.7647,0.0124,1.2,NYC,medium
40.76,-73.95,0,171,other,0.18128654970760233,1.0474977108055135,other,0.8117,True,0.8117,0.1521,0.0362,3.6,NYC,high
40.76,-73.95,1,306,other,0.38235294117647056,0.9370970712438614,other,0.8696,True,0.8696,0.1172,0.0131,1.3,NYC,high
40.76,-73.95,2,437,other,0.2654462242562929,1.022474060309569,other,0.8703,True,0.8703,0.1164,0.0133,1.3,NYC,high
40.76,-73.95,3,372,other,0.10752688172043011,1.063298103195105,other,0.8193,True,0.8193,0.1494,0.0313,3.1,NYC,high
40.76,-73.94,0,607,other,0.09884678747940692,1.0764683456682334,other,0.8685,True,0.8685,0.1173,0.0142,1.4,NYC,high
40.76,-73.94,1,847,other,0.179456906729634,1.0619189250565564,other,0.8726,True,0.8726,0.1145,0.0129,1.3,NYC,high
40.76,-73.94,2,1193,other,0.20033528918692373,1.0531065409709708,other,0.8728,True,0.8728,0.1143,0.013,1.3,NYC,high
40.76,-73.94,3,1119,other,0.1805183199285076,1.0586127296801138,other,0.8758,True,0.8758,0.1114,0.0128,1.3,NYC,high
40.76,-73.93,0,541,property,0.024029574861367836,1.0639078892553435,other,0.732,False,0.732,0.2094,0.0586,5.9,NYC,medium
40.76,-73.93,1,779,property,0.25673940949935814,0.9246503684111173,property,0.7642,True,0.2237,0.7642,0.0121,1.2,NYC,medium
40.76,-73.93,2,1168,property,0.22517123287671234,0.9744462580582351,property,0.7199,True,0.2672,0.7199,0.0129,1.3,NYC,medium
40.76,-73.93,3,1078,property,0.08441558441558442,1.052595607739856,other,0.869,False,0.869,0.1182,0.0128,1.3,NYC,high
40.76,-73.92,0,709,violent,0.018335684062059238,1.098278090655363,other,0.6084,False,0.6084,0.1916,0.2,20.0,NYC,medium
40.76,-73.92,1,748,property,0.2580213903743315,0.9338121745449671,property,0.7642,True,0.2233,0.7642,0.0125,1.3,NYC,medium
40.76,-73.92,2,1415,property,0.3469964664310954,0.901526978250156,property,0.7667,True,0.2212,0.7667,0.0121,1.2,NYC,medium
40.76,-73.92,3,1092,property,0.13186813186813187,0.9960348512918895,property,0.7628,True,0.225,0.7628,0.0122,1.2,NYC,medium
40.76,-73.91,0,576,violent,0.008680555555555556,1.0955087245935722,other,0.8123,False,0.8123,0.1609,0.0268,2.7,NYC,high
40.76,-73.91,1,498,other,0.05421686746987952,1.0335321521610052,property,0.6918,False,0.2951,0.6918,0.0131,1.3,NYC,medium
40.76,-73.91,2,790,other,0.02531645569620253,1.049076877446074,property,0.4968,False,0.4854,0.4968,0.0178,1.8,NYC,uncertain
40.76,-73.91,3,733,other,0.16234652114597545,1.0539803105351748,other,0.8235,True,0.8235,0.1619,0.0146,1.5,NYC,high
40.76,-73.9,0,194,property,0.03608247422680412,1.0731500570458747,other,0.7128,False,0.7128,0.2652,0.022,2.2,NYC,medium
40.76,-73.9,1,239,property,0.23430962343096234,0.9362065767962505,property,0.767,True,0.2207,0.767,0.0123,1.2,NYC,medium
40.76,-73.9,2,339,property,0.27728613569321536,0.8926355789251768,property,0.7653,True,0.2222,0.7653,0.0125,1.2,NYC,medium
40.76,-73.9,3,295,property,0.17966101694915254,0.9986581613999284,property,0.7603,True,0.2272,0.7603,0.0125,1.2,NYC,medium
40.76,-73.89,0,317,property,0.08201892744479496,1.0773851237126915,other,0.7526,False,0.7526,0.2255,0.0219,2.2,NYC,medium
40.76,-73.89,1,367,property,0.2997275204359673,0.940689599191356,property,0.7636,True,0.224,0.7636,0.0125,1.2,NYC,medium
40.76,-73.89,2,475,property,0.15368421052631578,1.0077751775518888,property,0.7465,True,0.2408,0.7465,0.0127,1.3,NYC,medium
40.76,-73.89,3,533,property,0.00375234521575985,1.057969422997863,other,0.5773,False,0.5773,0.4048,0.0179,1.8,NYC,medium
40.76,-73.88,0,1314,other,0.1050228310502283,1.075852773556108,other,0.864,True,0.864,0.1196,0.0164,1.6,NYC,high
40.76,-73.88,1,1575,property,0.040634920634920635,0.9099478606387688,other,0.8759,False,0.8759,0.1115,0.0126,1.3,NYC,high
40.76,-73.88,2,1895,other,0.03905013192612137,0.9476710033617569,other,0.8766,True,0.8766,0.1108,0.0125,1.3,NYC,high
40.76,-73.88,3,1582,other,0.05815423514538559,1.0022681729650145,other,0.8771,True,0.8771,0.1102,0.0127,1.3,NYC,high
40.76,-73.87,0,654,violent,0.04128440366972477,1.0950320604193557,other,0.5364,False,0.5364,0.1811,0.2824,28.2,NYC,uncertain
40.76,-73.87,1,476,property,0.052521008403361345,1.0585137895047114,other,0.8004,False,0.8004,0.1848,0.0148,1.5,NYC,high
40.76,-73.87,2,732,other,0.10245901639344263,1.0592198056423994,other,0.8728,True,0.8728,0.1142,0.013,1.3,NYC,high
40.76,-73.87,3,861,other,0.12659698025551683,1.0805320172657618,other,0.8638,True,0.8638,0.1226,0.0136,1.4,NYC,high
40.76,-73.86,0,489,violent,0.06748466257668712,1.0919108777854154,violent,0.4605,True,0.3785,0.161,0.4605,46.1,NYC,uncertain
40.76,-73.86,1,378,property,0.03968253968253968,1.0837015620603008,property,0.5207,True,0.4613,0.5207,0.018,1.8,NYC,uncertain
40.76,-73.86,2,566,other,0.07597173144876325,1.0643364686397911,other,0.772,True,0.772,0.2123,0.0157,1.6,NYC,medium
40.76,-73.86,3,745,other,0.12080536912751678,1.0813158916726442,other,0.8343,True,0.8343,0.149,0.0168,1.7,NYC,high
40.76,-73.85000000000001,0,40,other,0.075,1.0321590615626535,other,0.8317,True,0.8317,0.1427,0.0256,2.6,NYC,high
40.76,-73.85000000000001,1,22,violent,0.0,1.0900596587107838,property,0.7637,False,0.2235,0.7637,0.0128,1.3,NYC,medium
40.76,-73.85000000000001,2,47,other,0.10638297872340426,1.0876381158932584,property,0.7262,False,0.2605,0.7262,0.0133,1.3,NYC,medium
40.76,-73.85000000000001,3,50,other,0.08,1.0875656525975472,property,0.7501,False,0.2369,0.7501,0.013,1.3,NYC,medium
40.76,-73.84,0,128,other,0.015625,1.0327119369306486,other,0.8706,True,0.8706,0.1161,0.0133,1.3,NYC,high
40.76,-73.84,1,171,property,0.0935672514619883,1.0354692658966753,property,0.7675,True,0.22,0.7675,0.0125,1.3,NYC,medium
40.76,-73.84,2,321,property,0.12461059190031153,1.0333046218989874,property,0.7666,True,0.2209,0.7666,0.0125,1.2,NYC,medium
40.76,-73.84,3,230,property,0.0,1.0346367542768466,property,0.7639,True,0.2236,0.7639,0.0125,1.2,NYC,medium
40.76,-73.83,0,1403,other,0.022095509622238062,1.0907852533070224,other,0.8509,True,0.8509,0.1296,0.0196,2.0,NYC,high
40.76,-73.83,1,2177,property,0.3247588424437299,0.9397405207336569,property,0.7539,True,0.2334,0.7539,0.0127,1.3,NYC,medium
40.76,-73.83,2,4932,property,0.4373479318734793,0.8671993867892521,property,0.7683,True,0.2195,0.7683,0.0122,1.2,NYC,medium
40.76,-73.83,3,3004,property,0.1674434087882823,1.0390741364589013,property,0.7588,True,0.2284,0.7588,0.0128,1.3,NYC,medium
40.76,-73.82000000000001,0,425,property,0.06823529411764706,1.0678190989459562,other,0.5312,False,0.5312,0.1966,0.2723,27.2,NYC,uncertain
40.76,-73.82000000000001,1,508,property,0.09055118110236221,1.05295919708204,other,0.5482,False,0.5482,0.4352,0.0166,1.7,NYC,uncertain
40.76,-73.82000000000001,2,846,property,0.17257683215130024,1.0335817466594628,other,0.6218,False,0.6218,0.3622,0.016,1.6,NYC,medium
40.76,-73.82000000000001,3,754,other,0.11007957559681697,1.0835330764232705,other,0.8312,True,0.8312,0.1521,0.0166,1.7,NYC,high
40.76,-73.81,0,256,property,0.0546875,1.0919890034261917,other,0.8256,False,0.8256,0.1468,0.0276,2.8,NYC,high
40.76,-73.81,1,227,other,0.022026431718061675,1.0564262431385245,property,0.7367,False,0.2502,0.7367,0.0131,1.3,NYC,medium
40.76,-73.81,2,364,property,0.1813186813186813,1.0066533262821031,property,0.7539,True,0.2337,0.7539,0.0123,1.2,NYC,medium
40.76,-73.81,3,371,other,0.15902964959568733,1.0664646576583663,other,0.6865,True,0.6865,0.2936,0.02,2.0,NYC,medium
40.76,-73.8,0,165,property,0.06666666666666667,1.0913294904044581,other,0.7033,False,0.7033,0.1869,0.1097,11.0,NYC,medium
40.76,-73.8,1,183,property,0.10382513661202186,0.984586722360731,other,0.8099,False,0.8099,0.1761,0.014,1.4,NYC,high
40.76,-73.8,2,272,property,0.14705882352941177,0.9881085890059829,other,0.6727,False,0.6727,0.3121,0.0151,1.5,NYC,medium
40.76,-73.8,3,259,property,0.023166023166023165,1.085156156194627,other,0.8714,False,0.8714,0.1155,0.0131,1.3,NYC,high
40.76,-73.79,0,125,property,0.224,0.9480692847533359,other,0.8722,False,0.8722,0.1146,0.0132,1.3,NYC,high
40.76,-73.79,1,176,property,0.11931818181818182,0.9678986747798064,property,0.6009,True,0.3851,0.6009,0.014,1.4,NYC,medium
40.76,-73.79,2,312,property,0.12179487179487179,1.0004584233091465,property,0.7179,True,0.2694,0.7179,0.0127,1.3,NYC,medium
40.76,-73.79,3,283,property,0.0636042402826855,1.0533580522908368,other,0.8685,False,0.8685,0.1183,0.0132,1.3,NYC,high
40.76,-73.78,0,117,property,0.2905982905982906,0.9378702185117913,other,0.8716,False,0.8716,0.1151,0.0133,1.3,NYC,high
40.76,-73.78,1,173,property,0.2658959537572254,0.8690410181901385,property,0.7375,True,0.25,0.7375,0.0125,1.3,NYC,medium
40.76,-73.78,2,281,property,0.1423487544483986,0.9797118511764114,property,0.6816,True,0.3053,0.6816,0.0131,1.3,NYC,medium
40.76,-73.78,3,231,property,0.047619047619047616,1.039873210639235,other,0.8279,False,0.8279,0.1578,0.0143,1.4,NYC,high
40.76,-73.77,0,326,violent,0.015337423312883436,1.0696143951657482,other,0.8697,False,0.8697,0.1168,0.0135,1.3,NYC,high
40.76,-73.77,1,289,property,0.04152249134948097,0.9585914834790936,other,0.7313,False,0.7313,0.2538,0.0149,1.5,NYC,medium
40.76,-73.77,2,574,other,0.013937282229965157,0.996273184636277,other,0.8024,True,0.8024,0.1832,0.0144,1.4,NYC,high
40.76,-73.77,3,503,other,0.10934393638170974,1.0248324442091623,other,0.8708,True,0.8708,0.1159,0.0133,1.3,NYC,high
40.76,-73.76,0,73,property,0.0684931506849315,1.046104004349463,other,0.869,False,0.869,0.1176,0.0134,1.3,NYC,high
40.76,-73.76,1,69,property,0.18840579710144928,0.9087336566744186,property,0.7666,True,0.221,0.7666,0.0124,1.2,NYC,medium
40.76,-73.76,2,140,property,0.34285714285714286,0.9011884147290127,property,0.7498,True,0.2376,0.7498,0.0126,1.3,NYC,medium
40.76,-73.76,3,121,other,0.01652892561983471,0.9818189348757643,other,0.4966,True,0.4966,0.4883,0.0151,1.5,NYC,uncertain
40.76,-73.75,0,12,property,0.5833333333333334,0.7214636866925115,other,0.866,False,0.866,0.12,0.014,1.4,NYC,high
40.76,-73.75,1,18,property,0.3333333333333333,0.6365141893815645,property,0.7634,True,0.2236,0.7634,0.0129,1.3,NYC,medium
40.76,-73.75,2,37,property,0.4864864864864865,0.6713877348565795,property,0.7649,True,0.2224,0.7649,0.0127,1.3,NYC,medium
40.76,-73.75,3,26,property,0.07692307692307693,0.6901856970518844,property,0.7582,True,0.2286,0.7582,0.0131,1.3,NYC,medium
40.76,-73.74,0,45,property,0.5555555555555556,0.6720497476793119,property,0.5096,True,0.4751,0.5096,0.0153,1.5,NYC,uncertain
40.76,-73.74,1,38,property,0.10526315789473684,0.8569977547780645,property,0.7645,True,0.2229,0.7645,0.0126,1.3,NYC,medium
40.76,-73.74,2,76,property,0.34210526315789475,0.7351973329063588,property,0.7662,True,0.2212,0.7662,0.0126,1.3,NYC,medium
40.76,-73.74,3,88,property,0.26136363636363635,0.8780456385778751,property,0.7629,True,0.2244,0.7629,0.0127,1.3,NYC,medium
40.76,-73.73,0,55,property,0.4727272727272727,0.743349863195007,property,0.5018,True,0.4827,0.5018,0.0155,1.6,NYC,uncertain
40.76,-73.73,1,122,property,0.22131147540983606,0.8786006093701066,property,0.7642,True,0.2231,0.7642,0.0127,1.3,NYC,medium
40.76,-73.73,2,191,property,0.29842931937172773,0.8734640515303354,property,0.7613,True,0.2259,0.7613,0.0128,1.3,NYC,medium
40.76,-73.73,3,124,property,0.4112903225806452,0.778388568229074,property,0.6465,True,0.3397,0.6465,0.0137,1.4,NYC,medium
40.76,-73.72,0,48,property,0.5833333333333334,0.511740094628935,property,0.5094,True,0.4751,0.5094,0.0155,1.5,NYC,uncertain
40.76,-73.72,1,61,property,0.39344262295081966,0.7712522502415633,property,0.7659,True,0.2215,0.7659,0.0126,1.3,NYC,medium
40.76,-73.72,2,88,property,0.18181818181818182,0.9164648855394713,property,0.7663,True,0.2212,0.7663,0.0125,1.3,NYC,medium
40.76,-73.72,3,63,other,0.031746031746031744,0.9643959090088053,property,0.7566,False,0.2305,0.7566,0.0128,1.3,NYC,medium
40.76,-73.71000000000001,1,7,property,0.42857142857142855,0.5982696097102536,other,0.8653,False,0.8653,0.121,0.0137,1.4,NYC,high
40.76,-73.71000000000001,2,5,property,0.6,0.5004024447610513,other,0.8606,False,0.8606,0.1252,0.0142,1.4,NYC,high
40.77,-74.0,0,54,property,0.05555555555555555,1.0761763386930652,other,0.6423,False,0.6423,0.2794,0.0783,7.8,NYC,medium
40.77,-74.0,1,22,other,0.13636363636363635,0.9861234897117208,property,0.7672,False,0.2202,0.7672,0.0126,1.3,NYC,medium
40.77,-74.0,2,35,property,0.2571428571428571,1.028569628015253,property,0.7681,True,0.2194,0.7681,0.0125,1.2,NYC,medium
40.77,-74.0,3,54,other,0.2222222222222222,1.036627968858607,property,0.7649,False,0.2225,0.7649,0.0126,1.3,NYC,medium
40.77,-73.99,0,699,other,0.05150214592274678,1.0848153395013478,other,0.7885,True,0.7885,0.1922,0.0192,1.9,NYC,medium
40.77,-73.99,1,1116,other,0.00985663082437276,1.0427077954602588,property,0.7535,False,0.234,0.7535,0.0125,1.3,NYC,medium
40.77,-73.99,2,1641,property,0.01218769043266301,1.0499504746812962,property,0.7639,True,0.2236,0.7639,0.0125,1.3,NYC,medium
40.77,-73.99,3,1469,other,0.08509189925119129,1.0723000184318727,other,0.7638,True,0.7638,0.2197,0.0165,1.6,NYC,medium
40.77,-73.98,0,675,other,0.19555555555555557,1.036415090536702,other,0.6383,True,0.6383,0.3384,0.0233,2.3,NYC,medium
40.77,-73.98,1,1542,property,0.39948119325551235,0.8357818634500376,property,0.7695,True,0.2183,0.7695,0.0123,1.2,NYC,medium
40.77,-73.98,2,3370,property,0.47418397626112757,0.7673754177360547,property,0.7705,True,0.2173,0.7705,0.0122,1.2,NYC,medium
40.77,-73.98,3,2465,property,0.1971602434077079,0.9356565679842805,property,0.7679,True,0.2197,0.7679,0.0124,1.2,NYC,medium
40.77,-73.97,0,153,property,0.1503267973856209,0.9772270773358742,property,0.7604,True,0.227,0.7604,0.0126,1.3,NYC,medium
40.77,-73.97,1,303,property,0.24752475247524752,0.9704527406429886,property,0.7686,True,0.2191,0.7686,0.0123,1.2,NYC,medium
40.77,-73.97,2,781,property,0.5044814340588989,0.8038006576164671,property,0.7694,True,0.2182,0.7694,0.0124,1.2,NYC,medium
40.77,-73.97,3,304,property,0.013157894736842105,1.0762797758368898,property,0.7652,True,0.2224,0.7652,0.0124,1.2,NYC,medium
40.77,-73.96000000000001,0,646,property,0.03869969040247678,1.055887677385744,property,0.5718,True,0.411,0.5718,0.0172,1.7,NYC,medium
40.77,-73.96000000000001,1,1971,property,0.5555555555555556,0.7155614684379735,property,0.7696,True,0.2182,0.7696,0.0122,1.2,NYC,medium
40.77,-73.96000000000001,2,3012,property,0.5561088977423638,0.7290684983386633,property,0.7703,True,0.2175,0.7703,0.0122,1.2,NYC,medium
40.77,-73.96000000000001,3,1683,property,0.39215686274509803,0.8912531613478158,property,0.7669,True,0.2208,0.7669,0.0123,1.2,NYC,medium
40.77,-73.95,0,387,property,0.27906976744186046,0.9676043490617594,property,0.691,True,0.2944,0.691,0.0146,1.5,NYC,medium
40.77,-73.95,1,1144,property,0.5541958041958042,0.7215208257861664,property,0.7696,True,0.2182,0.7696,0.0122,1.2,NYC,medium
40.77,-73.95,2,1473,property,0.5213849287169042,0.7823845536947978,property,0.771,True,0.2169,0.771,0.0121,1.2,NYC,medium
40.77,-73.95,3,770,property,0.23896103896103896,1.0038363183228969,property,0.7671,True,0.2208,0.7671,0.0121,1.2,NYC,medium
40.77,-73.94,0,109,other,0.06422018348623854,1.0820815249342308,other,0.7433,True,0.7433,0.1709,0.0858,8.6,NYC,medium
40.77,-73.94,1,143,other,0.35664335664335667,0.9700541014374278,other,0.8723,True,0.8723,0.1148,0.0129,1.3,NYC,high
40.77,-73.94,2,270,other,0.15185185185185185,1.0378778432391143,property,0.7284,False,0.2586,0.7284,0.013,1.3,NYC,medium
40.77,-73.94,3,220,other,0.22727272727272727,1.0329966073349985,other,0.8706,True,0.8706,0.1157,0.0136,1.4,NYC,high
40.77,-73.93,0,411,other,0.14841849148418493,1.0667003465412217,other,0.7372,True,0.7372,0.1739,0.0889,8.9,NYC,medium
40.77,-73.93,1,549,other,0.1912568306010929,1.0367294884309706,other,0.8707,True,0.8707,0.1164,0.0129,1.3,NYC,high
40.77,-73.93,2,837,other,0.14814814814814814,1.0424034342752757,other,0.8665,True,0.8665,0.1204,0.0131,1.3,NYC,high
40.77,-73.93,3,761,other,0.17608409986859397,1.0653127398638313,other,0.8717,True,0.8717,0.1152,0.0132,1.3,NYC,high
40.77,-73.92,0,854,other,0.2224824355971897,1.0390354379629958,other,0.871,True,0.871,0.1157,0.0132,1.3,NYC,high
40.77,-73.92,1,866,other,0.03926096997690531,0.9249577786360441,other,0.807,True,0.807,0.1791,0.014,1.4,NYC,high
40.77,-73.92,2,1217,property,0.0,1.0016406586622484,other,0.8542,False,0.8542,0.1327,0.0131,1.3,NYC,high
40.77,-73.92,3,1176,other,0.24149659863945577,1.0183325243483796,other,0.8729,True,0.8729,0.1142,0.0129,1.3,NYC,high
40.77,-73.91,0,634,other,0.0804416403785489,1.0894493850339686,other,0.7441,True,0.7441,0.1868,0.0692,6.9,NYC,medium
40.77,-73.91,1,401,other,0.08728179551122195,1.001725563890949,property,0.6654,False,0.3211,0.6654,0.0135,1.3,NYC,medium
40.77,-73.91,2,638,other,0.09090909090909091,1.0168642063996043,other,0.7356,True,0.7356,0.2494,0.015,1.5,NYC,medium
40.77,-73.91,3,655,other,0.15267175572519084,1.051587427856246,other,0.871,True,0.871,0.1161,0.0129,1.3,NYC,high
40.77,-73.9,0,163,property,0.08588957055214724,1.059754030937853,other,0.8449,False,0.8449,0.1416,0.0136,1.4,NYC,high
40.77,-73.9,1,234,property,0.23504273504273504,0.8396411125978216,property,0.762,True,0.2255,0.762,0.0126,1.3,NYC,medium
40.77,-73.9,2,377,property,0.32625994694960214,0.8969504805400098,other,0.5068,False,0.5068,0.4782,0.015,1.5,NYC,uncertain
40.77,-73.9,3,329,property,0.1702127659574468,1.035025421004486,property,0.765,True,0.2229,0.765,0.0121,1.2,NYC,medium
40.77,-73.89,0,176,other,0.07954545454545454,1.0277836245977015,other,0.8242,True,0.8242,0.1617,0.0141,1.4,NYC,high
40.77,-73.89,1,168,other,0.10119047619047619,0.9916112066064913,other,0.7273,True,0.7273,0.2576,0.0152,1.5,NYC,medium
40.77,-73.89,2,261,other,0.08812260536398467,1.0106406725129649,other,0.542,True,0.542,0.4431,0.0149,1.5,NYC,uncertain
40.77,-73.89,3,318,property,0.0,0.9301189564063645,other,0.8361,False,0.8361,0.1501,0.0138,1.4,NYC,high
40.77,-73.88,0,182,other,0.027472527472527472,1.0885063532325612,other,0.8691,True,0.8691,0.1178,0.013,1.3,NYC,high
40.77,-73.88,1,206,other,0.3300970873786408,0.9811347943074664,other,0.8682,True,0.8682,0.1186,0.0132,1.3,NYC,high
40.77,-73.88,2,234,other,0.36752136752136755,0.8866569873252025,other,0.868,True,0.868,0.1186,0.0133,1.3,NYC,high
40.77,-73.88,3,245,other,0.10204081632653061,1.0610986942549139,other,0.8672,True,0.8672,0.1197,0.0131,1.3,NYC,high
40.77,-73.87,0,138,property,0.2028985507246377,1.0094626114390362,other,0.8682,False,0.8682,0.1189,0.0129,1.3,NYC,high
40.77,-73.87,1,163,other,0.17177914110429449,0.9978054691711271,other,0.7652,True,0.7652,0.2201,0.0147,1.5,NYC,medium
40.77,-73.87,2,228,other,0.017543859649122806,1.0357616217878556,other,0.8661,True,0.8661,0.1206,0.0133,1.3,NYC,high
40.77,-73.87,3,260,other,0.1,1.0373543346035912,other,0.8576,True,0.8576,0.1291,0.0133,1.3,NYC,high
40.77,-73.86,0,6,property,0.6666666666666666,0.4505612301390093,property,0.7371,True,0.249,0.7371,0.0138,1.4,NYC,medium
40.77,-73.86,2,4,property,0.5,0.5623351657797391,property,0.7451,True,0.2417,0.7451,0.0132,1.3,NYC,medium
40.77,-73.86,3,17,property,0.17647058823529413,0.9560443809671457,other,0.869,False,0.869,0.1172,0.0138,1.4,NYC,high
40.77,-73.85000000000001,0,29,property,0.20689655172413793,0.9299473006147054,other,0.8645,False,0.8645,0.121,0.0145,1.4,NYC,high
40.77,-73.85000000000001,1,22,other,0.36363636363636365,0.9575556963742231,other,0.8681,True,0.8681,0.1186,0.0133,1.3,NYC,high
40.77,-73.85000000000001,2,31,property,0.0967741935483871,1.078963820279368,property,0.5512,True,0.4338,0.5512,0.015,1.5,NYC,medium
40.77,-73.85000000000001,3,35,property,0.2571428571428571,1.028569628015253,other,0.8584,False,0.8584,0.1277,0.0139,1.4,NYC,high
40.77,-73.84,0,64,property,0.015625,1.0953886842281757,other,0.4976,False,0.4976,0.4832,0.0191,1.9,NYC,uncertain
40.77,-73.84,1,93,property,0.11827956989247312,0.8801476061382913,property,0.7348,True,0.2525,0.7348,0.0127,1.3,NYC,medium
40.77,-73.84,2,126,other,0.015873015873015872,0.8854731714081681,property,0.768,False,0.2197,0.768,0.0123,1.2,NYC,medium
40.77,-73.84,3,102,other,0.0196078431372549,1.0186209758711195,property,0.7665,False,0.2211,0.7665,0.0124,1.2,NYC,medium
40.77,-73.83,0,283,property,0.04240282685512368,1.0886380582067061,other,0.6666,False,0.6666,0.2196,0.1138,11.4,NYC,medium
40.77,-73.83,1,324,property,0.015432098765432098,1.0065054099781394,property,0.5385,True,0.4465,0.5385,0.015,1.5,NYC,uncertain
40.77,-73.83,2,577,property,0.08665511265164645,1.0367890095909194,property,0.7636,True,0.224,0.7636,0.0125,1.2,NYC,medium
40.77,-73.83,3,546,other,0.03663003663003663,1.052545038008674,other,0.4941,True,0.4941,0.4893,0.0166,1.7,NYC,uncertain
40.77,-73.82000000000001,0,154,property,0.09090909090909091,1.0802977597449037,other,0.8677,False,0.8677,0.1191,0.0132,1.3,NYC,high
40.77,-73.82000000000001,1,195,property,0.0,1.0393511293332314,other,0.6919,False,0.6919,0.2924,0.0157,1.6,NYC,medium
40.77,-73.82000000000001,2,339,property,0.15339233038348082,1.004310713245939,property,0.6973,True,0.2884,0.6973,0.0143,1.4,NYC,medium
40.77,-73.82000000000001,3,333,property,0.07807807807807808,1.0596614926956813,other,0.7661,False,0.7661,0.2182,0.0158,1.6,NYC,medium
40.77,-73.81,0,96,property,0.28125,1.015063083244053,other,0.8723,False,0.8723,0.1147,0.013,1.3,NYC,high
40.77,-73.81,1,100,property,0.2,0.9539674244993283,property,0.7425,True,0.2448,0.7425,0.0127,1.3,NYC,medium
40.77,-73.81,2,170,property,0.3,0.9141945366000448,property,0.7645,True,0.223,0.7645,0.0126,1.3,NYC,medium
40.77,-73.81,3,170,property,0.06470588235294118,1.0635206190998836,other,0.868,False,0.868,0.1189,0.0131,1.3,NYC,high
40.77,-73.8,0,79,property,0.5822784810126582,0.6902748662630953,property,0.66,True,0.3263,0.66,0.0137,1.4,NYC,medium
40.77,-73.8,1,86,property,0.37209302325581395,0.8212828378245847,property,0.5507,True,0.4345,0.5507,0.0148,1.5,NYC,medium
40.77,-73.8,2,128,property,0.1796875,0.9088392309148521,property,0.7496,True,0.2377,0.7496,0.0126,1.3,NYC,medium
40.77,-73.8,3,112,property,0.25892857142857145,0.8801399700664663,property,0.7618,True,0.2256,0.7618,0.0126,1.3,NYC,medium
40.77,-73.79,0,101,property,0.36633663366336633,0.804037854873733,property,0.6741,True,0.3123,0.6741,0.0136,1.4,NYC,medium
40.77,-73.79,1,140,property,0.15,1.0124469632724464,property,0.4965,True,0.4887,0.4965,0.0149,1.5,NYC,uncertain
40.77,-73.79,2,259,property,0.1776061776061776,1.0152531516542542,other,0.844,False,0.844,0.1423,0.0137,1.4,NYC,high
40.77,-73.79,3,184,property,0.043478260869565216,1.0014254915714886,other,0.8269,False,0.8269,0.1591,0.014,1.4,NYC,high
40.77,-73.78,0,91,property,0.23076923076923078,0.9003780885090211,other,0.7942,False,0.7942,0.1911,0.0146,1.5,NYC,medium
40.77,-73.78,1,103,property,0.1262135922330097,0.9632488196592821,other,0.7922,False,0.7922,0.1933,0.0145,1.4,NYC,medium
40.77,-73.78,2,167,property,0.19760479041916168,0.9015912422898541,other,0.6721,False,0.6721,0.3111,0.0168,1.7,NYC,medium
40.77,-73.78,3,133,property,0.3233082706766917,0.8749449006113705,other,0.8158,False,0.8158,0.1697,0.0144,1.4,NYC,high
40.77,-73.77,0,74,property,0.4189189189189189,0.9027785413529357,other,0.8711,False,0.8711,0.1156,0.0133,1.3,NYC,high
40.77,-73.77,1,70,property,0.04285714285714286,0.9866359684032879,other,0.7676,False,0.7676,0.2178,0.0145,1.5,NYC,medium
40.77,-73.77,2,136,property,0.11764705882352941,0.868719682914265,property,0.6259,True,0.3602,0.6259,0.0138,1.4,NYC,medium
40.77,-73.77,3,130,other,0.06153846153846154,1.0282284592480242,other,0.8421,True,0.8421,0.1441,0.0139,1.4,NYC,high
40.77,-73.76,0,20,property,0.4,0.8568409950394724,other,0.7681,False,0.7681,0.2046,0.0273,2.7,NYC,medium
40.77,-73.76,1,11,property,0.2727272727272727,0.6554817949691769,property,0.5227,True,0.4623,0.5227,0.0151,1.5,NYC,uncertain
40.77,-73.76,2,29,property,0.6206896551724138,0.6030352600367863,property,0.7616,True,0.2255,0.7616,0.0129,1.3,NYC,medium
40.77,-73.76,3,33,property,0.21212121212121213,0.8556131747168358,property,0.7628,True,0.2245,0.7628,0.0127,1.3,NYC,medium
40.77,-73.75,0,19,property,0.42105263157894735,0.9097077103274986,other,0.8655,False,0.8655,0.1208,0.0137,1.4,NYC,high
40.77,-73.75,1,38,property,0.39473684210526316,0.8272287013671804,property,0.7483,True,0.2389,0.7483,0.0127,1.3,NYC,medium
40.77,-73.75,2,58,property,0.22413793103448276,0.834114288216321,property,0.7505,True,0.2368,0.7505,0.0127,1.3,NYC,medium
40.77,-73.75,3,47,other,0.1276595744680851,1.038671543715475,other,0.8131,True,0.8131,0.1711,0.0158,1.6,NYC,high
40.77,-73.74,0,46,property,0.3695652173913043,0.963674711530762,other,0.8661,False,0.8661,0.1196,0.0143,1.4,NYC,high
40.77,-73.74,1,80,other,0.05,0.9061935950919564,property,0.7655,False,0.2218,0.7655,0.0126,1.3,NYC,medium
40.77,-73.74,2,138,property,0.2826086956521739,0.8951745192333502,property,0.7655,True,0.2221,0.7655,0.0124,1.2,NYC,medium
40.77,-73.74,3,110,property,0.11818181818181818,1.039695342785733,other,0.5273,False,0.5273,0.4575,0.0153,1.5,NYC,uncertain
40.77,-73.73,0,32,property,0.25,0.9470571522825083,property,0.7589,True,0.2281,0.7589,0.013,1.3,NYC,medium
40.77,-73.73,1,28,property,0.5714285714285714,0.7963116401738131,property,0.7653,True,0.2219,0.7653,0.0128,1.3,NYC,medium
40.77,-73.73,2,62,property,0.3709677419354839,0.8405699564050331,property,0.7675,True,0.2198,0.7675,0.0127,1.3,NYC,medium
40.77,-73.73,3,42,property,0.21428571428571427,0.9493277339225453,property,0.7626,True,0.2248,0.7626,0.0126,1.3,NYC,medium
40.77,-73.72,0,5,property,0.2,0.6730116880595106,other,0.8665,False,0.8665,0.12,0.0134,1.3,NYC,high
40.77,-73.72,2,6,other,0.5,0.8675632284814612,property,0.7599,False,0.227,0.7599,0.0132,1.3,NYC,medium
40.77,-73.72,3,8,property,0.0,1.0821955300387671,property,0.7568,True,0.2297,0.7568,0.0135,1.4,NYC,medium
40.78,-73.99,0,86,property,0.011627906976744186,1.0130102474249467,other,0.7424,False,0.7424,0.2394,0.0182,1.8,NYC,medium
40.78,-73.99,1,271,property,0.5350553505535055,0.7283199637698272,property,0.7665,True,0.221,0.7665,0.0125,1.2,NYC,medium
40.78,-73.99,2,358,property,0.40502793296089384,0.8866481764665561,property,0.7709,True,0.217,0.7709,0.0121,1.2,NYC,medium
40.78,-73.99,3,253,property,0.2964426877470356,0.9592814505297294,property,0.7635,True,0.2241,0.7635,0.0124,1.2,NYC,medium
40.78,-73.98,0,640,property,0.1296875,0.9936639353110523,other,0.8147,False,0.8147,0.1707,0.0145,1.5,NYC,high
40.78,-73.98,1,1384,property,0.4067919075144509,0.8501151811616867,property,0.7695,True,0.2183,0.7695,0.0122,1.2,NYC,medium
40.78,-73.98,2,2494,property,0.4747393744987971,0.8097616053829795,property,0.7708,True,0.217,0.7708,0.0123,1.2,NYC,medium
40.78,-73.98,3,1671,property,0.29862357869539197,0.9602313158266427,property,0.7669,True,0.2206,0.7669,0.0125,1.2,NYC,medium
40.78,-73.97,0,192,other,0.21875,1.015946053203231,other,0.8695,True,0.8695,0.1172,0.0134,1.3,NYC,high
40.78,-73.97,1,222,other,0.19369369369369369,0.9971623481648054,property,0.7236,False,0.2636,0.7236,0.0128,1.3,NYC,medium
40.78,-73.97,2,458,other,0.06986899563318777,1.0205069120580772,property,0.5169,False,0.4673,0.5169,0.0158,1.6,NYC,uncertain
40.78,-73.97,3,353,other,0.17280453257790368,1.0618387386313701,other,0.8692,True,0.8692,0.1174,0.0135,1.3,NYC,high
40.78,-73.96000000000001,0,289,property,0.2179930795847751,1.0156758037589861,property,0.7593,True,0.2281,0.7593,0.0126,1.3,NYC,medium
40.78,-73.96000000000001,1,919,property,0.4602829162132753,0.8101987940700346,property,0.7692,True,0.2186,0.7692,0.0122,1.2,NYC,medium
40.78,-73.96000000000001,2,1484,property,0.4029649595687331,0.8872716572060138,property,0.7711,True,0.2166,0.7711,0.0122,1.2,NYC,medium
40.78,-73.96000000000001,3,687,property,0.1615720524017467,1.0350864029805447,property,0.7667,True,0.2209,0.7667,0.0123,1.2,NYC,medium
40.78,-73.95,0,890,property,0.20449438202247192,1.0472517951251838,other,0.497,False,0.497,0.4853,0.0177,1.8,NYC,uncertain
40.78,-73.95,1,2902,property,0.622329427980703,0.6622255142695254,property,0.7689,True,0.2189,0.7689,0.0122,1.2,NYC,medium
40.78,-73.95,2,4106,property,0.5603994154895275,0.7334493639619548,property,0.7708,True,0.2169,0.7708,0.0123,1.2,NYC,medium
40.78,-73.95,3,2401,property,0.2944606413994169,0.9653144845393768,property,0.7673,True,0.2204,0.7673,0.0123,1.2,NYC,medium
40.78,-73.94,0,87,other,0.011494252873563218,1.098215856535295,other,0.8739,True,0.8739,0.1131,0.013,1.3,NYC,high
40.78,-73.94,1,133,other,0.007518796992481203,1.0618388194292547,property,0.7183,False,0.2688,0.7183,0.0129,1.3,NYC,medium
40.78,-73.94,2,229,property,0.11353711790393013,1.0607697411712815,property,0.7622,True,0.2252,0.7622,0.0126,1.3,NYC,medium
40.78,-73.94,3,167,other,0.1437125748502994,1.0779067083861713,other,0.7012,True,0.7012,0.2834,0.0154,1.5,NYC,medium
40.78,-73.93,0,74,other,0.16216216216216217,1.030730277969247,other,0.8547,True,0.8547,0.1307,0.0146,1.5,NYC,high
40.78,-73.93,1,92,other,0.11956521739130435,0.9941754083141071,property,0.6625,False,0.3239,0.6625,0.0136,1.4,NYC,medium
40.78,-73.93,2,132,other,0.21212121212121213,1.0008872443593217,other,0.87,True,0.87,0.1171,0.0129,1.3,NYC,high
40.78,-73.93,3,146,other,0.0547945205479452,1.0651660325136398,other,0.8736,True,0.8736,0.1134,0.0129,1.3,NYC,high
40.78,-73.92,0,122,property,0.04918032786885246,1.024206024166622,other,0.8773,False,0.8773,0.11,0.0126,1.3,NYC,high
40.78,-73.92,1,151,property,0.09933774834437085,1.0564677324770422,property,0.7564,True,0.2313,0.7564,0.0123,1.2,NYC,medium
40.78,-73.92,2,276,property,0.13043478260869565,0.9618858600446984,other,0.7828,False,0.7828,0.2028,0.0143,1.4,NYC,medium
40.78,-73.92,3,278,other,0.04316546762589928,1.0442648031369315,other,0.8271,True,0.8271,0.1587,0.0141,1.4,NYC,high
40.78,-73.91,0,354,other,0.11299435028248588,1.0326055637230331,other,0.7723,True,0.7723,0.2113,0.0164,1.6,NYC,medium
40.78,-73.91,1,406,property,0.16748768472906403,0.9585717003143691,property,0.7435,True,0.2441,0.7435,0.0123,1.2,NYC,medium
40.78,-73.91,2,669,property,0.21973094170403587,0.9408645519316251,property,0.762,True,0.2259,0.762,0.0121,1.2,NYC,medium
40.78,-73.91,3,568,property,0.1267605633802817,1.0295937380358096,other,0.72,False,0.72,0.2648,0.0152,1.5,NYC,medium
40.78,-73.9,0,85,property,0.058823529411764705,1.090183400706196,other,0.6717,False,0.6717,0.2969,0.0313,3.1,NYC,medium
40.78,-73.9,1,93,property,0.16129032258064516,0.9452736504187329,property,0.7681,True,0.2197,0.7681,0.0122,1.2,NYC,medium
40.78,-73.9,2,159,property,0.2138364779874214,0.9917868626230576,property,0.769,True,0.2188,0.769,0.0122,1.2,NYC,medium
40.78,-73.9,3,95,property,0.14736842105263157,1.0412689338861587,property,0.5341,True,0.451,0.5341,0.0149,1.5,NYC,uncertain
40.78,-73.89,1,5,other,0.2,0.6730116880595106,property,0.7572,False,0.2294,0.7572,0.0134,1.3,NYC,medium
40.78,-73.86,0,17,other,0.17647058823529413,1.0551016181686423,other,0.7886,True,0.7886,0.1895,0.0218,2.2,NYC,medium
40.78,-73.86,1,10,other,0.2,1.0296530140645737,other,0.8641,True,0.8641,0.122,0.0139,1.4,NYC,high
40.78,-73.86,2,14,other,0.35714285714285715,0.8304717124362917,other,0.8691,True,0.8691,0.1173,0.0136,1.4,NYC,high
40.78,-73.86,3,23,other,0.6086956521739131,0.6323694730330398,property,0.52,False,0.4648,0.52,0.0152,1.5,NYC,uncertain
40.78,-73.85000000000001,0,148,property,0.07432432432432433,1.087423000460785,other,0.8669,False,0.8669,0.1185,0.0146,1.5,NYC,high
40.78,-73.85000000000001,1,155,other,0.03870967741935484,1.062399559015342,other,0.8509,True,0.8509,0.1355,0.0136,1.4,NYC,high
40.78,-73.85000000000001,2,216,other,0.041666666666666664,1.0313014210966949,other,0.8749,True,0.8749,0.1124,0.0126,1.3,NYC,high
40.78,-73.85000000000001,3,225,other,0.1688888888888889,1.0672539422912997,other,0.8762,True,0.8762,0.111,0.0128,1.3,NYC,high
40.78,-73.84,0,174,other,0.09195402298850575,1.0776656132213946,other,0.87,True,0.87,0.1166,0.0135,1.3,NYC,high
40.78,-73.84,1,205,other,0.13658536585365855,1.055269810617487,property,0.7367,False,0.2504,0.7367,0.0129,1.3,NYC,medium
40.78,-73.84,2,323,other,0.10835913312693499,1.058133124320564,property,0.7315,False,0.2559,0.7315,0.0126,1.3,NYC,medium
40.78,-73.84,3,327,other,0.21100917431192662,1.0523846070151883,other,0.7669,True,0.7669,0.2184,0.0148,1.5,NYC,medium
40.78,-73.83,0,48,violent,0.0,1.0986122886681096,property,0.7618,False,0.2255,0.7618,0.0127,1.3,NYC,medium
40.78,-73.83,1,331,property,0.8096676737160121,0.4410725892525248,property,0.7681,True,0.2195,0.7681,0.0124,1.2,NYC,medium
40.78,-73.83,2,789,property,0.8073510773130546,0.4204694484990956,property,0.7673,True,0.2202,0.7673,0.0125,1.2,NYC,medium
40.78,-73.83,3,617,property,0.8638573743922204,0.35124319706936236,property,0.7657,True,0.2217,0.7657,0.0126,1.3,NYC,medium
40.78,-73.82000000000001,0,117,property,0.1282051282051282,0.9168178588745868,other,0.6566,False,0.6566,0.3279,0.0155,1.6,NYC,medium
40.78,-73.82000000000001,1,151,property,0.10596026490066225,1.007637305578535,property,0.7517,True,0.2356,0.7517,0.0127,1.3,NYC,medium
40.78,-73.82000000000001,2,234,property,0.15384615384615385,1.0099926238540626,property,0.7635,True,0.2244,0.7635,0.0121,1.2,NYC,medium
40.78,-73.82000000000001,3,231,property,0.14285714285714285,1.0056917952410145,property,0.7298,True,0.2574,0.7298,0.0127,1.3,NYC,medium
40.78,-73.81,0,94,property,0.26595744680851063,0.9322994037076566,property,0.7376,True,0.2495,0.7376,0.0129,1.3,NYC,medium
40.78,-73.81,1,88,property,0.06818181818181818,0.9322106772498182,property,0.6663,True,0.3202,0.6663,0.0135,1.4,NYC,medium
40.78,-73.81,2,150,property,0.19333333333333333,0.9072136233723329,other,0.5102,False,0.5102,0.475,0.0148,1.5,NYC,uncertain
40.78,-73.81,3,160,property,0.3,0.9151617300803576,other,0.8381,False,0.8381,0.1479,0.0141,1.4,NYC,high
40.78,-73.8,0,85,property,0.4235294117647059,0.8190010858768055,other,0.4937,False,0.4937,0.4915,0.0149,1.5,NYC,uncertain
40.78,-73.8,1,93,property,0.10752688172043011,0.8592092956409181,property,0.5355,True,0.4495,0.5355,0.0149,1.5,NYC,uncertain
40.78,-73.8,2,149,property,0.20134228187919462,0.9459723754329501,other,0.8475,False,0.8475,0.139,0.0135,1.4,NYC,high
40.78,-73.8,3,158,property,0.11392405063291139,0.9238945779272977,other,0.8659,False,0.8659,0.1207,0.0134,1.3,NYC,high
40.78,-73.79,0,61,property,0.47540983606557374,0.575443859165381,other,0.8653,False,0.8653,0.1214,0.0133,1.3,NYC,high
40.78,-73.79,1,56,property,0.125,1.0132577255704587,property,0.4991,True,0.486,0.4991,0.0149,1.5,NYC,uncertain
40.78,-73.79,2,84,property,0.17857142857142858,0.8058378117245405,property,0.5224,True,0.4628,0.5224,0.0148,1.5,NYC,uncertain
40.78,-73.79,3,106,property,0.5094339622641509,0.7599089038377012,other,0.8506,False,0.8506,0.1354,0.014,1.4,NYC,high
40.78,-73.78,0,62,property,0.04838709677419355,0.9163165399781229,property,0.73,True,0.2567,0.73,0.0133,1.3,NYC,medium
40.78,-73.78,1,141,property,0.2127659574468085,0.9116682832908252,property,0.7411,True,0.2464,0.7411,0.0126,1.3,NYC,medium
40.78,-73.78,2,293,property,0.19112627986348124,0.9269437932569211,property,0.7614,True,0.2258,0.7614,0.0128,1.3,NYC,medium
40.78,-73.78,3,183,property,0.08743169398907104,1.035371805985103,other,0.5292,False,0.5292,0.4556,0.0151,1.5,NYC,uncertain
40.78,-73.77,0,22,property,0.2727272727272727,0.8932239510170858,other,0.7939,False,0.7939,0.1914,0.0148,1.5,NYC,medium
40.78,-73.77,1,29,property,0.3793103448275862,0.816738336927131,property,0.7531,True,0.234,0.7531,0.0129,1.3,NYC,medium
40.78,-73.77,2,51,property,0.17647058823529413,0.6774944254944788,other,0.6551,False,0.6551,0.3294,0.0155,1.5,NYC,medium
40.78,-73.77,3,31,other,0.03225806451612903,0.9876542462240765,other,0.5255,True,0.5255,0.4593,0.0152,1.5,NYC,uncertain
40.78,-73.75,0,22,property,0.36363636363636365,0.8599672810355049,property,0.6741,True,0.312,0.6741,0.0139,1.4,NYC,medium
40.78,-73.75,1,13,other,0.23076923076923078,0.6662784634716634,property,0.7629,False,0.2242,0.7629,0.0129,1.3,NYC,medium
40.78,-73.75,2,38,other,0.02631578947368421,0.9909220553326312,property,0.7605,False,0.2266,0.7605,0.0129,1.3,NYC,medium
40.78,-73.75,3,29,property,0.0,0.9540365141242575,other,0.8673,False,0.8673,0.1191,0.0136,1.4,NYC,high
40.78,-73.74,0,8,other,0.25,0.6615632592196847,property,0.7549,False,0.2319,0.7549,0.0132,1.3,NYC,medium
40.78,-73.74,1,8,violent,0.125,0.9743147528693494,property,0.7633,False,0.2241,0.7633,0.0126,1.3,NYC,medium
40.78,-73.74,2,17,property,0.11764705882352941,1.0852280400722045,property,0.5914,True,0.3695,0.5914,0.0391,3.9,NYC,medium
40.78,-73.74,3,21,other,0.047619047619047616,1.0917862380951273,other,0.8321,True,0.8321,0.1501,0.0178,1.8,NYC,high
40.79,-73.98,0,323,property,0.12693498452012383,1.065064289822168,other,0.8549,False,0.8549,0.1315,0.0136,1.4,NYC,high
40.79,-73.98,1,496,property,0.16532258064516128,0.9573009456206518,property,0.7668,True,0.2207,0.7668,0.0125,1.2,NYC,medium
40.79,-73.98,2,952,property,0.25630252100840334,0.9717965439366245,property,0.7688,True,0.219,0.7688,0.0123,1.2,NYC,medium
40.79,-73.98,3,611,property,0.09656301145662848,1.0611805882534657,property,0.7667,True,0.2212,0.7667,0.0121,1.2,NYC,medium
40.79,-73.97,0,801,property,0.13607990012484394,1.0631990718834912,other,0.7636,False,0.7636,0.2204,0.016,1.6,NYC,medium
40.79,-73.97,1,1894,property,0.48468848996832103,0.7890747763842224,property,0.7665,True,0.2211,0.7665,0.0124,1.2,NYC,medium
40.79,-73.97,2,3294,property,0.47540983606557374,0.825672860969388,property,0.7679,True,0.2197,0.7679,0.0125,1.2,NYC,medium
40.79,-73.97,3,2185,property,0.3180778032036613,0.9427806290136322,property,0.7629,True,0.2246,0.7629,0.0125,1.2,NYC,medium
40.79,-73.96000000000001,0,59,other,0.01694915254237288,1.0305706900074791,other,0.8546,True,0.8546,0.1316,0.0138,1.4,NYC,high
40.79,-73.96000000000001,1,112,property,0.17857142857142858,1.019025461146272,property,0.7649,True,0.2225,0.7649,0.0125,1.3,NYC,medium
40.79,-73.96000000000001,2,170,property,0.11764705882352941,1.0180607104152897,property,0.7697,True,0.2183,0.7697,0.0121,1.2,NYC,medium
40.79,-73.96000000000001,3,120,property,0.025,1.0902693633157152,property,0.7602,True,0.2275,0.7602,0.0123,1.2,NYC,medium
40.79,-73.95,0,1239,other,0.14769975786924938,1.0657083928189792,other,0.8583,True,0.8583,0.1239,0.0178,1.8,NYC,high
40.79,-73.95,1,1899,other,0.08846761453396525,1.0573028591476956,other,0.8717,True,0.8717,0.1153,0.013,1.3,NYC,high
40.79,-73.95,2,3044,other,0.13107752956636004,1.0602634487069298,other,0.8726,True,0.8726,0.1145,0.0129,1.3,NYC,high
40.79,-73.95,3,2427,other,0.20313143798928718,1.0532978627880416,other,0.8718,True,0.8718,0.1148,0.0134,1.3,NYC,high
40.79,-73.94,0,1187,other,0.02358887952822241,1.0734932520253557,other,0.8174,True,0.8174,0.1438,0.0387,3.9,NYC,high
40.79,-73.94,1,1586,other,0.18663303909205547,1.0433034384854785,other,0.8739,True,0.8739,0.1133,0.0128,1.3,NYC,high
40.79,-73.94,2,2729,other,0.11286185415903262,1.063067596087539,other,0.8774,True,0.8774,0.1101,0.0125,1.2,NYC,high
40.79,-73.94,3,2238,other,0.17381590705987487,1.062121973675256,other,0.8742,True,0.8742,0.1128,0.013,1.3,NYC,high
40.79,-73.93,0,380,other,0.07631578947368421,1.091492474531338,other,0.8763,True,0.8763,0.1109,0.0128,1.3,NYC,high
40.79,-73.93,1,491,other,0.1894093686354379,1.0616930641030513,other,0.7399,True,0.7399,0.2004,0.0597,6.0,NYC,medium
40.79,-73.93,2,523,other,0.25047801147227533,1.0294424902555326,other,0.7024,True,0.7024,0.2683,0.0293,2.9,NYC,medium
40.79,-73.93,3,657,property,0.0167427701674277,1.093924252847265,other,0.8162,False,0.8162,0.147,0.0368,3.7,NYC,high
40.79,-73.92,0,11,other,0.5454545454545454,0.7595473914748635,other,0.8604,True,0.8604,0.1235,0.0161,1.6,NYC,high
40.79,-73.92,1,13,other,0.23076923076923078,0.6662784634716634,other,0.8604,True,0.8604,0.1248,0.0148,1.5,NYC,high
40.79,-73.92,2,23,other,0.34782608695652173,0.9183987247993113,other,0.8518,True,0.8518,0.1345,0.0137,1.4,NYC,high
40.79,-73.92,3,36,property,0.4444444444444444,0.76037418348803,property,0.7141,True,0.272,0.7141,0.0139,1.4,NYC,medium
40.79,-73.91,0,16,violent,0.1875,0.8647400965276372,other,0.8708,False,0.8708,0.1154,0.0137,1.4,NYC,high
40.79,-73.91,1,12,other,0.3333333333333333,0.9596147939120492,property,0.5435,False,0.441,0.5435,0.0155,1.5,NYC,uncertain
40.79,-73.91,2,11,other,0.36363636363636365,0.8599672810355049,property,0.7548,False,0.232,0.7548,0.0132,1.3,NYC,medium
40.79,-73.91,3,5,other,0.2,0.6730116880595106,property,0.7537,False,0.2332,0.7537,0.0131,1.3,NYC,medium
40.79,-73.88,1,3,violent,0.0,1.0986122886681096,property,0.7496,False,0.2366,0.7496,0.0138,1.4,NYC,medium
40.79,-73.88,2,6,other,0.3333333333333333,0.6365141893815645,property,0.7534,False,0.2331,0.7534,0.0136,1.4,NYC,medium
40.79,-73.86,0,8,other,0.125,0.9743147528693494,other,0.864,True,0.864,0.1222,0.0138,1.4,NYC,high
40.79,-73.86,1,11,violent,0.0,1.0900596587107838,other,0.8583,False,0.8583,0.1281,0.0136,1.4,NYC,high
40.79,-73.86,2,16,other,0.1875,1.0239287996389363,other,0.8619,True,0.8619,0.1241,0.014,1.4,NYC,high
40.79,-73.86,3,11,property,0.2727272727272727,0.9949236325717752,other,0.8672,False,0.8672,0.1186,0.0143,1.4,NYC,high
40.79,-73.85000000000001,0,136,property,0.0,1.0983949418434034,other,0.8705,False,0.8705,0.1162,0.0134,1.3,NYC,high
40.79,-73.85000000000001,1,214,property,0.1308411214953271,1.010608514043284,other,0.866,False,0.866,0.1212,0.0128,1.3,NYC,high
40.79,-73.85000000000001,2,272,property,0.10294117647058823,1.0472648643572857,other,0.8639,False,0.8639,0.123,0.0131,1.3,NYC,high
40.79,-73.85000000000001,3,247,other,0.14979757085020243,1.0566784771912383,other,0.8765,True,0.8765,0.1108,0.0127,1.3,NYC,high
40.79,-73.84,0,143,property,0.13986013986013987,1.044502519426514,other,0.6872,False,0.6872,0.2907,0.0221,2.2,NYC,medium
40.79,-73.84,1,141,other,0.1347517730496454,1.0072178119207134,property,0.6982,False,0.2888,0.6982,0.013,1.3,NYC,medium
40.79,-73.84,2,242,property,0.12396694214876033,0.9926542946551081,other,0.5065,False,0.5065,0.4786,0.015,1.5,NYC,uncertain
40.79,-73.84,3,254,other,0.10236220472440945,1.0759576207976567,other,0.8623,True,0.8623,0.1242,0.0134,1.3,NYC,high
40.79,-73.83,0,51,property,0.6274509803921569,0.6477756844105911,property,0.7544,True,0.233,0.7544,0.0126,1.3,NYC,medium
40.79,-73.83,1,34,property,0.0,0.9738110105706947,property,0.6431,True,0.3429,0.6431,0.014,1.4,NYC,medium
40.79,-73.83,2,54,property,0.2222222222222222,0.9368883075390159,property,0.6009,True,0.3848,0.6009,0.0144,1.4,NYC,medium
40.79,-73.83,3,61,property,0.29508196721311475,0.9198124794202274,other,0.7349,False,0.7349,0.2496,0.0156,1.6,NYC,medium
40.79,-73.82000000000001,0,77,property,0.42857142857142855,0.8789790835380549,other,0.8615,False,0.8615,0.125,0.0135,1.3,NYC,high
40.79,-73.82000000000001,1,87,other,0.08045977011494253,0.994970275329502,property,0.6484,False,0.3381,0.6484,0.0135,1.4,NYC,medium
40.79,-73.82000000000001,2,120,property,0.09166666666666666,0.9563525814402444,other,0.8019,False,0.8019,0.1836,0.0145,1.5,NYC,high
40.79,-73.82000000000001,3,157,property,0.12738853503184713,0.9330965043319217,other,0.7803,False,0.7803,0.205,0.0147,1.5,NYC,medium
40.79,-73.81,0,113,property,0.26548672566371684,0.9701589325175081,other,0.8567,False,0.8567,0.1288,0.0145,1.5,NYC,high
40.79,-73.81,1,169,property,0.1834319526627219,0.8331642104404262,other,0.8236,False,0.8236,0.1625,0.0139,1.4,NYC,high
40.79,-73.81,2,229,property,0.08733624454148471,0.9453248710471753,property,0.5613,True,0.4243,0.5613,0.0144,1.4,NYC,medium
40.79,-73.81,3,210,property,0.19523809523809524,0.9868228050345342,other,0.8683,False,0.8683,0.1185,0.0132,1.3,NYC,high
40.79,-73.8,0,76,property,0.14473684210526316,0.962895818181227,property,0.5957,True,0.3895,0.5957,0.0148,1.5,NYC,medium
40.79,-73.8,1,81,other,0.024691358024691357,0.8255690423247296,property,0.7375,False,0.25,0.7375,0.0125,1.2,NYC,medium
40.79,-73.8,2,126,property,0.18253968253968253,0.8828959909208918,other,0.8113,False,0.8113,0.174,0.0147,1.5,NYC,high
40.79,-73.8,3,115,property,0.05217391304347826,0.9660875311019494,other,0.5619,False,0.5619,0.4227,0.0154,1.5,NYC,medium
40.79,-73.79,0,16,other,0.125,0.9743147528693494,other,0.7634,True,0.7634,0.2128,0.0237,2.4,NYC,medium
40.79,-73.79,1,20,other,0.5,0.5623351657797391,property,0.5445,False,0.4406,0.5445,0.0149,1.5,NYC,uncertain
40.79,-73.79,2,26,other,0.15384615384615385,0.8981370031878679,other,0.8003,True,0.8003,0.1851,0.0146,1.5,NYC,high
40.79,-73.79,3,33,other,0.15151515151515152,1.0637155529842894,other,0.8212,True,0.8212,0.1643,0.0145,1.5,NYC,high
40.79,-73.78,0,25,other,0.24,0.9437489523059353,other,0.8163,True,0.8163,0.1693,0.0144,1.4,NYC,high
40.79,-73.78,1,23,other,0.17391304347826086,0.8259567010149779,other,0.8586,True,0.8586,0.1277,0.0137,1.4,NYC,high
40.79,-73.78,2,63,property,0.0,0.9649629230074277,property,0.5342,True,0.4508,0.5342,0.015,1.5,NYC,uncertain
40.79,-73.78,3,64,property,0.140625,0.9513922630451135,other,0.7743,False,0.7743,0.2109,0.0148,1.5,NYC,medium
40.800000000000004,-73.98,0,13,other,0.38461538461538464,0.9251290835720822,other,0.8644,True,0.8644,0.1213,0.0143,1.4,NYC,high
40.800000000000004,-73.98,1,16,property,0.0,0.9832739442463889,property,0.5981,True,0.3875,0.5981,0.0145,1.4,NYC,medium
40.800000000000004,-73.98,2,24,property,0.125,0.8292958063087608,property,0.5254,True,0.4593,0.5254,0.0153,1.5,NYC,uncertain
40.800000000000004,-73.98,3,23,property,0.2608695652173913,0.9502094526077802,property,0.6665,True,0.3197,0.6665,0.0139,1.4,NYC,medium
40.800000000000004,-73.97,0,717,other,0.03347280334728033,1.0864608408268388,other,0.845,True,0.845,0.1406,0.0144,1.4,NYC,high
40.800000000000004,-73.97,1,1160,property,0.22155172413793103,0.9440539761960789,property,0.754,True,0.2336,0.754,0.0124,1.2,NYC,medium
40.800000000000004,-73.97,2,1760,property,0.18181818181818182,1.006486435203321,property,0.7639,True,0.2236,0.7639,0.0125,1.2,NYC,medium
40.800000000000004,-73.97,3,1416,property,0.04025423728813559,1.0724234899673417,other,0.5526,False,0.5526,0.4306,0.0168,1.7,NYC,medium
40.800000000000004,-73.96000000000001,0,754,other,0.029177718832891247,1.0961712421990613,other,0.8722,True,0.8722,0.1144,0.0134,1.3,NYC,high
40.800000000000004,-73.96000000000001,1,1008,other,0.0873015873015873,1.0161440349798905,other,0.8675,True,0.8675,0.1196,0.0129,1.3,NYC,high
40.800000000000004,-73.96000000000001,2,1700,property,0.04,1.0480075125587167,other,0.8672,False,0.8672,0.1196,0.0132,1.3,NYC,high
40.800000000000004,-73.96000000000001,3,1492,other,0.08981233243967829,1.0827373157111049,other,0.8755,True,0.8755,0.1116,0.0129,1.3,NYC,high
40.800000000000004,-73.95,0,1341,other,0.05741983594332588,1.0757550613618092,other,0.8043,True,0.8043,0.1507,0.045,4.5,NYC,high
40.800000000000004,-73.95,1,1963,other,0.13194090677534387,1.0591542737628832,other,0.8766,True,0.8766,0.1109,0.0126,1.3,NYC,high
40.800000000000004,-73.95,2,2977,other,0.13570708767215317,1.0657678560838013,other,0.8766,True,0.8766,0.1108,0.0125,1.3,NYC,high
40.800000000000004,-73.95,3,2729,other,0.16855991205569806,1.0546382025237029,other,0.8747,True,0.8747,0.1121,0.0131,1.3,NYC,high
40.800000000000004,-73.94,0,2073,other,0.027013989387361312,1.0559199527370053,other,0.8648,True,0.8648,0.1194,0.0158,1.6,NYC,high
40.800000000000004,-73.94,1,2678,other,0.08103061986557132,1.0681652875959864,other,0.87,True,0.87,0.117,0.013,1.3,NYC,high
40.800000000000004,-73.94,2,4338,other,0.1433840479483633,1.0657464051688625,other,0.8639,True,0.8639,0.1231,0.013,1.3,NYC,high
40.800000000000004,-73.94,3,3775,other,0.208476821192053,1.0456349912141043,other,0.8736,True,0.8736,0.113,0.0134,1.3,NYC,high
40.800000000000004,-73.93,0,672,other,0.15476190476190477,1.0611586049018795,other,0.8664,True,0.8664,0.1179,0.0157,1.6,NYC,high
40.800000000000004,-73.93,1,1211,property,0.17588769611891,0.979702485418948,other,0.876,False,0.876,0.1113,0.0127,1.3,NYC,high
40.800000000000004,-73.93,2,2014,property,0.14399205561072492,0.9995778791713325,other,0.7857,False,0.7857,0.1996,0.0147,1.5,NYC,medium
40.800000000000004,-73.93,3,1516,other,0.10883905013192612,1.0640388911637504,other,0.8749,True,0.8749,0.1121,0.013,1.3,NYC,high
40.800000000000004,-73.92,0,100,property,0.02,1.054670141937965,other,0.873,False,0.873,0.1138,0.0132,1.3,NYC,high
40.800000000000004,-73.92,1,110,other,0.12727272727272726,1.0447530566045993,property,0.7396,False,0.2475,0.7396,0.0129,1.3,NYC,medium
40.800000000000004,-73.92,2,150,property,0.07333333333333333,1.0641103722184204,other,0.7038,False,0.7038,0.2808,0.0154,1.5,NYC,medium
40.800000000000004,-73.92,3,158,other,0.18354430379746836,0.9873240415060702,other,0.8741,True,0.8741,0.1128,0.0132,1.3,NYC,high
40.800000000000004,-73.91,0,172,other,0.023255813953488372,1.0980755053270417,other,0.7927,True,0.7927,0.1883,0.019,1.9,NYC,medium
40.800000000000004,-73.91,1,156,other,0.15384615384615385,1.068655049900108,other,0.8584,True,0.8584,0.1286,0.013,1.3,NYC,high
40.800000000000004,-73.91,2,213,other,0.107981220657277,1.0577439520488348,other,0.8706,True,0.8706,0.1165,0.0129,1.3,NYC,high
40.800000000000004,-73.91,3,211,other,0.09004739336492891,1.0873877850933793,other,0.8398,True,0.8398,0.1377,0.0225,2.2,NYC,high
40.800000000000004,-73.88,0,57,violent,0.7192982456140351,0.5824780829183984,violent,0.4872,True,0.3479,0.1649,0.4872,48.7,NYC,uncertain
40.800000000000004,-73.88,1,229,violent,0.7205240174672489,0.5807748536395688,violent,0.4865,True,0.349,0.1644,0.4865,48.7,NYC,uncertain
40.800000000000004,-73.88,2,219,violent,0.6484018264840182,0.5752038948343802,violent,0.506,True,0.3359,0.1581,0.506,50.6,NYC,uncertain
40.800000000000004,-73.88,3,139,violent,0.7410071942446043,0.48395384190343954,violent,0.5104,True,0.3332,0.1564,0.5104,51.0,NYC,uncertain
40.800000000000004,-73.85000000000001,0,4,violent,0.25,1.0397207708399179,other,0.8672,False,0.8672,0.1185,0.0143,1.4,NYC,high
40.800000000000004,-73.85000000000001,1,9,property,0.3333333333333333,0.6365141893815645,other,0.8668,False,0.8668,0.1192,0.014,1.4,NYC,high
40.800000000000004,-73.85000000000001,2,4,property,0.5,0.5623351657797391,property,0.7514,True,0.2351,0.7514,0.0136,1.4,NYC,medium
40.800000000000004,-73.85000000000001,3,5,violent,0.0,1.0549201679861442,other,0.8696,False,0.8696,0.1169,0.0135,1.3,NYC,high
40.800000000000004,-73.83,0,4,property,0.0,0.6931472015900639,other,0.8625,False,0.8625,0.1231,0.0144,1.4,NYC,high
40.800000000000004,-73.83,2,8,property,0.125,0.9743147528693494,other,0.8645,False,0.8645,0.1212,0.0144,1.4,NYC,high
40.800000000000004,-73.83,3,8,other,0.25,0.6615632592196847,other,0.8653,True,0.8653,0.1205,0.0142,1.4,NYC,high
40.800000000000004,-73.82000000000001,0,38,property,0.5263157894736842,0.708018976056273,property,0.7509,True,0.2361,0.7509,0.013,1.3,NYC,medium
40.800000000000004,-73.82000000000001,1,30,other,0.2,0.870271741300234,property,0.5253,False,0.4595,0.5253,0.0153,1.5,NYC,uncertain
40.800000000000004,-73.82000000000001,2,40,property,0.225,0.7665283304918402,property,0.5744,True,0.4113,0.5744,0.0143,1.4,NYC,medium
40.800000000000004,-73.82000000000001,3,40,property,0.025,0.9072077263064948,other,0.8586,False,0.8586,0.1276,0.0138,1.4,NYC,high
40.800000000000004,-73.81,0,5,other,0.2,0.6730116880595106,other,0.7577,True,0.7577,0.2036,0.0388,3.9,NYC,medium
40.800000000000004,-73.81,1,10,property,0.2,0.6730116880595106,property,0.7561,True,0.2303,0.7561,0.0136,1.4,NYC,medium
40.800000000000004,-73.81,2,11,property,0.0,1.0900596587107838,other,0.6522,False,0.6522,0.3304,0.0174,1.7,NYC,medium
40.800000000000004,-73.81,3,6,property,0.3333333333333333,0.6365141893815645,other,0.7603,False,0.7603,0.2233,0.0165,1.6,NYC,medium
40.800000000000004,-73.8,0,5,property,0.2,0.6730116880595106,other,0.8631,False,0.8631,0.1222,0.0147,1.5,NYC,high
40.800000000000004,-73.8,3,3,property,0.3333333333333333,0.6365141893815645,other,0.8606,False,0.8606,0.1245,0.0148,1.5,NYC,high
40.81,-73.97,0,101,property,0.45544554455445546,0.7805726958987544,property,0.7608,True,0.2266,0.7608,0.0125,1.3,NYC,medium
40.81,-73.97,1,147,property,0.4489795918367347,0.7935536592013297,property,0.7624,True,0.2252,0.7624,0.0124,1.2,NYC,medium
40.81,-73.97,2,218,property,0.3623853211009174,0.8814700700527776,property,0.7659,True,0.2218,0.7659,0.0124,1.2,NYC,medium
40.81,-73.97,3,163,property,0.2392638036809816,0.9977171877304847,property,0.7623,True,0.2251,0.7623,0.0126,1.3,NYC,medium
40.81,-73.96000000000001,0,727,other,0.10453920220082531,1.0803753948129906,other,0.8718,True,0.8718,0.1145,0.0137,1.4,NYC,high
40.81,-73.96000000000001,1,975,other,0.052307692307692305,1.0333637297922538,other,0.7583,True,0.7583,0.2267,0.015,1.5,NYC,medium
40.81,-73.96000000000001,2,1815,property,0.007713498622589532,1.0380457161121968,other,0.8188,False,0.8188,0.1673,0.0139,1.4,NYC,high
40.81,-73.96000000000001,3,1528,other,0.12958115183246074,1.0615697038831147,other,0.8737,True,0.8737,0.1133,0.013,1.3,NYC,high
40.81,-73.95,0,1503,other,0.14238190286094476,1.064537593735183,other,0.8241,True,0.8241,0.1421,0.0338,3.4,NYC,high
40.81,-73.95,1,2760,property,0.08405797101449275,1.0284670619931058,other,0.8222,False,0.8222,0.1637,0.0141,1.4,NYC,high
40.81,-73.95,2,5151,property,0.11628809939817511,1.0316299711449102,property,0.7384,True,0.2484,0.7384,0.0132,1.3,NYC,medium
40.81,-73.95,3,3586,other,0.12214166201896264,1.0664061949062749,other,0.8675,True,0.8675,0.1192,0.0133,1.3,NYC,high
40.81,-73.94,0,1581,other,0.06767868437697659,1.0738501301565595,other,0.8309,True,0.8309,0.1382,0.0309,3.1,NYC,high
40.81,-73.94,1,2022,other,0.12957467853610286,1.0607742037404915,other,0.8741,True,0.8741,0.1131,0.0128,1.3,NYC,high
40.81,-73.94,2,3300,other,0.0706060606060606,1.072461219481621,other,0.8737,True,0.8737,0.1135,0.0129,1.3,NYC,high
40.81,-73.94,3,2756,other,0.21589259796806967,1.0526898258222563,other,0.8722,True,0.8722,0.1144,0.0134,1.3,NYC,high
40.81,-73.93,0,816,other,0.15073529411764705,1.070048993500294,other,0.8711,True,0.8711,0.1152,0.0136,1.4,NYC,high
40.81,-73.93,1,971,other,0.16168898043254376,1.0541733958580672,other,0.8709,True,0.8709,0.1162,0.0128,1.3,NYC,high
40.81,-73.93,2,1433,other,0.1346824842986741,1.0529768947538076,other,0.8732,True,0.8732,0.114,0.0129,1.3,NYC,high
40.81,-73.93,3,1383,other,0.18148951554591466,1.060084826787104,other,0.8744,True,0.8744,0.1126,0.013,1.3,NYC,high
40.81,-73.92,0,1972,other,0.03144016227180527,1.0300406124831007,other,0.7397,True,0.7397,0.1726,0.0877,8.8,NYC,medium
40.81,-73.92,1,2203,other,0.2106218792555606,1.0512499229002605,other,0.8745,True,0.8745,0.1128,0.0127,1.3,NYC,high
40.81,-73.92,2,3433,other,0.23711039906787068,1.0453365275606248,other,0.8722,True,0.8722,0.1148,0.013,1.3,NYC,high
40.81,-73.92,3,3504,other,0.1840753424657534,1.0427836938491326,other,0.873,True,0.873,0.1133,0.0136,1.4,NYC,high
40.81,-73.91,0,845,violent,0.007100591715976331,1.0864883518223796,other,0.8097,False,0.8097,0.1474,0.0429,4.3,NYC,high
40.81,-73.91,1,986,other,0.17545638945233266,1.0676226864191207,other,0.8743,True,0.8743,0.1128,0.0128,1.3,NYC,high
40.81,-73.91,2,1659,other,0.11693791440626884,1.0831053004092452,other,0.877,True,0.877,0.1103,0.0127,1.3,NYC,high
40.81,-73.91,3,1741,other,0.18322802986789202,1.0601708253818025,other,0.8712,True,0.8712,0.1147,0.0141,1.4,NYC,high
40.81,-73.9,0,458,violent,0.06768558951965066,1.0570014720385927,violent,0.4634,True,0.3797,0.1569,0.4634,46.3,NYC,uncertain
40.81,-73.9,1,502,other,0.1454183266932271,1.0705714358018874,other,0.8745,True,0.8745,0.1127,0.0128,1.3,NYC,high
40.81,-73.9,2,813,other,0.13038130381303814,1.0631281724210428,other,0.8774,True,0.8774,0.1101,0.0125,1.3,NYC,high
40.81,-73.9,3,724,other,0.15607734806629833,1.0697456035370463,other,0.8759,True,0.8759,0.1108,0.0132,1.3,NYC,high
40.81,-73.89,0,286,violent,0.027972027972027972,1.0977279151809305,other,0.8155,False,0.8155,0.1447,0.0399,4.0,NYC,high
40.81,-73.89,1,314,property,0.0,1.086386926633268,property,0.507,True,0.4763,0.507,0.0167,1.7,NYC,uncertain
40.81,-73.89,2,461,property,0.0021691973969631237,1.0657685106362116,other,0.8713,False,0.8713,0.1155,0.0132,1.3,NYC,high
40.81,-73.89,3,428,other,0.02570093457943925,1.077736219490478,other,0.8661,True,0.8661,0.1192,0.0147,1.5,NYC,high
40.81,-73.88,0,84,property,0.047619047619047616,1.091786238095127,other,0.6554,False,0.6554,0.3219,0.0226,2.3,NYC,medium
40.81,-73.88,1,96,property,0.3541666666666667,0.9094993934511854,property,0.7494,True,0.2371,0.7494,0.0135,1.3,NYC,medium
40.81,-73.88,2,116,property,0.4051724137931034,0.9358442049815718,property,0.7509,True,0.2356,0.7509,0.0135,1.3,NYC,medium
40.81,-73.88,3,100,property,0.29,0.9945884281830234,property,0.7479,True,0.2386,0.7479,0.0134,1.3,NYC,medium
40.81,-73.87,0,77,property,0.2857142857142857,0.9994220133405094,other,0.6305,False,0.6305,0.3432,0.0263,2.6,NYC,medium
40.81,-73.87,1,66,other,0.030303030303030304,1.012911933213318,other,0.5338,True,0.5338,0.4471,0.0191,1.9,NYC,uncertain
40.81,-73.87,2,92,other,0.09782608695652174,0.9969421890975952,other,0.8476,True,0.8476,0.1383,0.0142,1.4,NYC,high
40.81,-73.87,3,105,other,0.13333333333333333,1.0130870464838797,other,0.8583,True,0.8583,0.1271,0.0145,1.5,NYC,high
40.81,-73.86,0,165,property,0.01818181818181818,1.0962754487914101,other,0.8097,False,0.8097,0.1706,0.0197,2.0,NYC,high
40.81,-73.86,1,201,other,0.024875621890547265,1.0769126405686178,other,0.874,True,0.874,0.1134,0.0126,1.3,NYC,high
40.81,-73.86,2,322,property,0.040372670807453416,1.0631577815551236,other,0.8744,False,0.8744,0.1127,0.0129,1.3,NYC,high
40.81,-73.86,3,319,other,0.07523510971786834,1.0842914359169056,other,0.8766,True,0.8766,0.1105,0.0128,1.3,NYC,high
40.81,-73.85000000000001,0,97,property,0.18556701030927836,1.0617284729004313,other,0.8521,False,0.8521,0.1339,0.014,1.4,NYC,high
40.81,-73.85000000000001,1,114,property,0.09649122807017543,1.0374607352953489,other,0.8712,False,0.8712,0.1156,0.0131,1.3,NYC,high
40.81,-73.85000000000001,2,168,other,0.011904761904761904,1.0280988224267706,other,0.8702,True,0.8702,0.117,0.0128,1.3,NYC,high
40.81,-73.85000000000001,3,196,property,0.015306122448979591,1.0199891695858978,other,0.8731,False,0.8731,0.1136,0.0133,1.3,NYC,high
40.81,-73.83,0,25,other,0.28,1.0250576137587353,other,0.6981,True,0.6981,0.2761,0.0259,2.6,NYC,medium
40.81,-73.83,1,20,other,0.15,1.0670938948757507,other,0.4996,True,0.4996,0.4855,0.0149,1.5,NYC,uncertain
40.81,-73.83,2,41,other,0.21951219512195122,0.9794785926493992,other,0.868,True,0.868,0.1189,0.0131,1.3,NYC,high
40.81,-73.83,3,35,other,0.2857142857142857,1.0027556945301126,other,0.8707,True,0.8707,0.1158,0.0135,1.4,NYC,high
40.81,-73.82000000000001,0,26,other,0.38461538461538464,0.828392989811376,other,0.8688,True,0.8688,0.118,0.0131,1.3,NYC,high
40.81,-73.82000000000001,1,38,other,0.47368421052631576,0.8785381733984767,other,0.7195,True,0.7195,0.2653,0.0153,1.5,NYC,medium
40.81,-73.82000000000001,2,52,property,0.057692307692307696,0.9929815231212394,other,0.8653,False,0.8653,0.1214,0.0133,1.3,NYC,high
40.81,-73.82000000000001,3,56,property,0.21428571428571427,0.9771705224238222,other,0.771,False,0.771,0.2139,0.0151,1.5,NYC,medium
40.81,-73.81,0,8,property,0.25,1.0397207708399179,other,0.5372,False,0.5372,0.4467,0.0161,1.6,NYC,uncertain
40.81,-73.81,1,12,other,0.08333333333333333,1.0775563270668007,property,0.7604,False,0.2267,0.7604,0.0129,1.3,NYC,medium
40.81,-73.81,2,18,property,0.05555555555555555,0.8675632284814612,other,0.8601,False,0.8601,0.1266,0.0133,1.3,NYC,high
40.81,-73.81,3,21,other,0.19047619047619047,0.8324075743474855,other,0.6467,True,0.6467,0.3381,0.0152,1.5,NYC,medium
40.81,-73.8,0,8,other,0.125,0.9743147528693494,other,0.8621,True,0.8621,0.123,0.0148,1.5,NYC,high
40.81,-73.8,1,7,other,0.14285714285714285,0.6829081257408294,other,0.5676,True,0.5676,0.4162,0.0161,1.6,NYC,medium
40.81,-73.8,2,9,other,0.2222222222222222,0.9368883075390159,other,0.8631,True,0.8631,0.1228,0.0141,1.4,NYC,high
40.81,-73.8,3,19,other,0.3157894736842105,0.9591824302739718,other,0.8576,True,0.8576,0.1281,0.0143,1.4,NYC,high
40.82,-73.96000000000001,0,446,other,0.16143497757847533,1.0667400808289396,other,0.8689,True,0.8689,0.1172,0.0139,1.4,NYC,high
40.82,-73.96000000000001,1,540,other,0.10740740740740741,1.0277722461424965,other,0.8724,True,0.8724,0.1151,0.0126,1.3,NYC,high
40.82,-73.96000000000001,2,914,other,0.15207877461706784,1.032775302987036,other,0.8735,True,0.8735,0.1137,0.0127,1.3,NYC,high
40.82,-73.96000000000001,3,929,other,0.19483315392895587,1.0325062891681172,other,0.8756,True,0.8756,0.1117,0.0127,1.3,NYC,high
40.82,-73.95,0,1198,other,0.17696160267111852,1.0542594872875959,other,0.7809,True,0.7809,0.1595,0.0596,6.0,NYC,medium
40.82,-73.95,1,1682,property,0.0047562425683709865,1.0384004732194898,other,0.874,False,0.874,0.1131,0.0129,1.3,NYC,high
40.82,-73.95,2,2756,other,0.050435413642960815,1.0459254768930542,other,0.8741,True,0.8741,0.113,0.0129,1.3,NYC,high
40.82,-73.95,3,2441,other,0.22818517001229005,1.039917872559338,other,0.872,True,0.872,0.1143,0.0137,1.4,NYC,high
40.82,-73.94,0,1699,other,0.09417304296645085,1.058159393757016,other,0.8201,True,0.8201,0.1438,0.0361,3.6,NYC,high
40.82,-73.94,1,2116,other,0.15926275992438563,1.0499975493048124,other,0.8737,True,0.8737,0.1134,0.0129,1.3,NYC,high
40.82,-73.94,2,3339,other,0.11320754716981132,1.072199215721205,other,0.8735,True,0.8735,0.1136,0.0129,1.3,NYC,high
40.82,-73.94,3,3138,other,0.1905672402804334,1.0495178769363336,other,0.8712,True,0.8712,0.1151,0.0138,1.4,NYC,high
40.82,-73.93,0,584,other,0.0547945205479452,1.0916924629915652,other,0.7535,True,0.7535,0.1798,0.0668,6.7,NYC,medium
40.82,-73.93,1,1257,property,0.31901352426412094,0.9371025536080517,property,0.753,True,0.234,0.753,0.0131,1.3,NYC,medium
40.82,-73.93,2,2683,property,0.3742079761461051,0.9309005958319907,property,0.7574,True,0.2297,0.7574,0.0129,1.3,NYC,medium
40.82,-73.93,3,2094,property,0.30563514804202485,0.9953777948591089,property,0.7535,True,0.2336,0.7535,0.013,1.3,NYC,medium
40.82,-73.92,0,1573,violent,0.036236490781945324,1.0621667757998572,other,0.6718,False,0.6718,0.177,0.1512,15.1,NYC,medium
40.82,-73.92,1,2619,property,0.01718213058419244,1.07428417010038,other,0.6615,False,0.6615,0.3224,0.0161,1.6,NYC,medium
40.82,-73.92,2,4819,property,0.042539946046897696,1.0704868491138764,property,0.592,True,0.3912,0.592,0.0168,1.7,NYC,medium
40.82,-73.92,3,3425,other,0.10043795620437956,1.0836527005891061,other,0.8723,True,0.8723,0.1143,0.0134,1.3,NYC,high
40.82,-73.91,0,1337,other,0.05609573672400898,1.0646241745175251,other,0.8267,True,0.8267,0.1398,0.0336,3.4,NYC,high
40.82,-73.91,1,1835,other,0.2114441416893733,1.0516321559963273,other,0.8742,True,0.8742,0.1129,0.0129,1.3,NYC,high
40.82,-73.91,2,3067,other,0.20476035213563742,1.0548531615131536,other,0.8721,True,0.8721,0.1147,0.0132,1.3,NYC,high
40.82,-73.91,3,2885,other,0.18024263431542462,1.0545484550676285,other,0.8705,True,0.8705,0.1156,0.0139,1.4,NYC,high
40.82,-73.9,0,1587,other,0.10522999369880277,1.0600365943522665,other,0.7188,True,0.7188,0.1764,0.1048,10.5,NYC,medium
40.82,-73.9,1,1944,other,0.2762345679012346,1.0265903621757877,other,0.8757,True,0.8757,0.1115,0.0128,1.3,NYC,high
40.82,-73.9,2,3105,other,0.235426731078905,1.042439529768546,other,0.873,True,0.873,0.1139,0.0131,1.3,NYC,high
40.82,-73.9,3,3056,other,0.18030104712041886,1.0510701236421478,other,0.8696,True,0.8696,0.1161,0.0142,1.4,NYC,high
40.82,-73.89,0,1189,other,0.017661900756938603,1.0779129533381324,other,0.7585,True,0.7585,0.1637,0.0778,7.8,NYC,medium
40.82,-73.89,1,1921,other,0.015616866215512754,1.064466870720942,other,0.8404,True,0.8404,0.146,0.0137,1.4,NYC,high
40.82,-73.89,2,3219,other,0.08511960236098168,1.0756016149005871,other,0.8758,True,0.8758,0.1116,0.0127,1.3,NYC,high
40.82,-73.89,3,2499,other,0.15846338535414164,1.0674228424282484,other,0.869,True,0.869,0.116,0.015,1.5,NYC,high
40.82,-73.88,0,279,violent,0.014336917562724014,1.0983437152892606,other,0.8524,False,0.8524,0.1322,0.0154,1.5,NYC,high
40.82,-73.88,1,418,other,0.009569377990430622,1.0675588128008184,property,0.5202,False,0.4637,0.5202,0.0161,1.6,NYC,uncertain
40.82,-73.88,2,606,other,0.03135313531353135,1.056334716004184,other,0.7868,True,0.7868,0.1979,0.0154,1.5,NYC,medium
40.82,-73.88,3,609,property,0.0049261083743842365,1.0656549691343553,other,0.876,False,0.876,0.1113,0.0127,1.3,NYC,high
40.82,-73.87,0,785,other,0.21910828025477708,1.0193408121083942,other,0.831,True,0.831,0.1386,0.0305,3.0,NYC,high
40.82,-73.87,1,946,other,0.12473572938689217,1.0457295227985688,other,0.8761,True,0.8761,0.1112,0.0126,1.3,NYC,high
40.82,-73.87,2,1526,other,0.22673656618610746,1.0267960182495737,other,0.8741,True,0.8741,0.1131,0.0128,1.3,NYC,high
40.82,-73.87,3,1441,other,0.238029146426093,1.0370447960285518,other,0.8739,True,0.8739,0.1128,0.0133,1.3,NYC,high
40.82,-73.86,0,341,property,0.008797653958944282,1.0806219211477246,other,0.8522,False,0.8522,0.1303,0.0175,1.7,NYC,high
40.82,-73.86,1,779,property,0.07445442875481387,1.041288546384088,other,0.8695,False,0.8695,0.1173,0.0132,1.3,NYC,high
40.82,-73.86,2,1390,property,0.12589928057553956,1.052833278225924,other,0.6955,False,0.6955,0.2851,0.0193,1.9,NYC,medium
40.82,-73.86,3,1054,property,0.09392789373814042,1.048212349230178,other,0.8577,False,0.8577,0.1287,0.0135,1.4,NYC,high
40.82,-73.85000000000001,0,543,other,0.05156537753222836,1.091453616691587,other,0.7719,True,0.7719,0.1619,0.0662,6.6,NYC,medium
40.82,-73.85000000000001,1,674,other,0.17359050445103857,1.0486647120179027,other,0.8721,True,0.8721,0.1148,0.0131,1.3,NYC,high
40.82,-73.85000000000001,2,1085,other,0.13640552995391705,1.0689043758920695,other,0.8672,True,0.8672,0.1183,0.0145,1.5,NYC,high
40.82,-73.85000000000001,3,1004,other,0.16733067729083664,1.0542199661845366,other,0.8653,True,0.8653,0.1196,0.0151,1.5,NYC,high
40.82,-73.84,0,104,other,0.0673076923076923,1.0391913891248636,other,0.8392,True,0.8392,0.1468,0.014,1.4,NYC,high
40.82,-73.84,1,242,property,0.34297520661157027,0.8620031840986832,property,0.7611,True,0.226,0.7611,0.0129,1.3,NYC,medium
40.82,-73.84,2,529,property,0.5482041587901701,0.7836110111514463,property,0.7625,True,0.2249,0.7625,0.0126,1.3,NYC,medium
40.82,-73.84,3,426,property,0.41784037558685444,0.9047985121071829,property,0.5222,True,0.4597,0.5222,0.0181,1.8,NYC,uncertain
40.82,-73.83,0,67,other,0.3582089552238806,0.9465814892241597,other,0.8584,True,0.8584,0.1254,0.0163,1.6,NYC,high
40.82,-73.83,1,72,other,0.041666666666666664,1.05938459334224,other,0.8696,True,0.8696,0.1167,0.0137,1.4,NYC,high
40.82,-73.83,2,140,other,0.12857142857142856,1.0224503366452606,other,0.8738,True,0.8738,0.1131,0.0132,1.3,NYC,high
40.82,-73.83,3,135,other,0.05925925925925926,0.9824196688131841,other,0.8735,True,0.8735,0.1131,0.0134,1.3,NYC,high
40.82,-73.82000000000001,0,350,other,0.16,1.060903009820954,other,0.8613,True,0.8613,0.1221,0.0166,1.7,NYC,high
40.82,-73.82000000000001,1,371,other,0.25336927223719674,1.0275364019097206,other,0.8756,True,0.8756,0.1116,0.0127,1.3,NYC,high
40.82,-73.82000000000001,2,575,other,0.20869565217391303,1.0359312469321829,other,0.8728,True,0.8728,0.1142,0.013,1.3,NYC,high
40.82,-73.82000000000001,3,651,other,0.24731182795698925,1.0215371693991513,other,0.8724,True,0.8724,0.114,0.0136,1.4,NYC,high
40.82,-73.81,0,74,other,0.13513513513513514,1.013037099009109,other,0.8728,True,0.8728,0.1139,0.0133,1.3,NYC,high
40.82,-73.81,1,94,other,0.32978723404255317,0.909876907207132,other,0.8637,True,0.8637,0.1228,0.0135,1.3,NYC,high
40.82,-73.81,2,146,other,0.0273972602739726,1.0256238211504276,other,0.8721,True,0.8721,0.1149,0.0131,1.3,NYC,high
40.82,-73.81,3,174,other,0.09770114942528736,1.0695509436869877,other,0.8715,True,0.8715,0.1152,0.0133,1.3,NYC,high
40.82,-73.8,0,5,property,0.0,1.0549201679861442,violent,0.4136,False,0.392,0.1945,0.4136,41.4,NYC,uncertain
40.82,-73.8,1,9,property,0.0,0.9649629230074277,property,0.7566,True,0.2299,0.7566,0.0135,1.4,NYC,medium
40.82,-73.8,2,10,property,0.1,0.9433483923290392,property,0.7552,True,0.2315,0.7552,0.0133,1.3,NYC,medium
40.82,-73.8,3,16,property,0.25,0.6615632592196847,property,0.7434,True,0.2433,0.7434,0.0133,1.3,NYC,medium
40.83,-73.95,0,786,other,0.05216284987277354,1.0884165619823554,other,0.774,True,0.774,0.1616,0.0644,6.4,NYC,medium
40.83,-73.95,1,1273,property,0.24587588373919875,0.9734755243650354,other,0.8499,False,0.8499,0.1362,0.0138,1.4,NYC,high
40.83,-73.95,2,2021,property,0.13359722909450766,0.9950118145570004,other,0.8723,False,0.8723,0.1147,0.013,1.3,NYC,high
40.83,-73.95,3,1745,other,0.005157593123209169,1.0598953778855595,other,0.8734,True,0.8734,0.1133,0.0133,1.3,NYC,high
40.83,-73.94,0,1521,other,0.05456936226166995,1.055646591006474,other,0.8063,True,0.8063,0.1501,0.0436,4.4,NYC,high
40.83,-73.94,1,1815,other,0.153168044077135,1.0529410902744811,other,0.8735,True,0.8735,0.1136,0.0129,1.3,NYC,high
40.83,-73.94,2,2957,other,0.11937774771728103,1.0626568252297757,other,0.8731,True,0.8731,0.114,0.0129,1.3,NYC,high
40.83,-73.94,3,2685,other,0.19031657355679701,1.0443701583023128,other,0.868,True,0.868,0.1174,0.0146,1.5,NYC,high
40.83,-73.93,0,670,violent,0.034328358208955224,1.0591767724719263,other,0.8143,False,0.8143,0.1467,0.039,3.9,NYC,high
40.83,-73.93,1,933,other,0.22722400857449088,1.0463504716376504,other,0.8644,True,0.8644,0.1225,0.0132,1.3,NYC,high
40.83,-73.93,2,1579,other,0.21975934135528816,1.0502527498373215,other,0.8739,True,0.8739,0.1132,0.0129,1.3,NYC,high
40.83,-73.93,3,1576,other,0.06916243654822335,1.0777022319509468,other,0.8704,True,0.8704,0.1159,0.0138,1.4,NYC,high
40.83,-73.92,0,1144,violent,0.049825174825174824,1.0787256110048302,other,0.6985,False,0.6985,0.1751,0.1265,12.6,NYC,medium
40.83,-73.92,1,1468,other,0.18392370572207084,1.0661318329862068,other,0.8512,True,0.8512,0.1354,0.0134,1.3,NYC,high
40.83,-73.92,2,2521,other,0.12534708449028165,1.0809697972719705,other,0.8701,True,0.8701,0.1171,0.0128,1.3,NYC,high
40.83,-73.92,3,2408,other,0.0436046511627907,1.0656850513393423,other,0.8728,True,0.8728,0.1135,0.0137,1.4,NYC,high
40.83,-73.91,0,1494,violent,0.014056224899598393,1.0611042971866063,other,0.8283,False,0.8283,0.1403,0.0314,3.1,NYC,high
40.83,-73.91,1,2040,other,0.18676470588235294,1.0558014943810103,other,0.8724,True,0.8724,0.1145,0.0131,1.3,NYC,high
40.83,-73.91,2,3053,other,0.12479528332787422,1.0760910705883764,other,0.8745,True,0.8745,0.1126,0.0129,1.3,NYC,high
40.83,-73.91,3,3046,other,0.10636900853578464,1.05683314028159,other,0.8682,True,0.8682,0.1172,0.0146,1.5,NYC,high
40.83,-73.9,0,1143,other,0.06911636045494313,1.0852879986609831,other,0.6711,True,0.6711,0.1765,0.1524,15.2,NYC,medium
40.83,-73.9,1,1538,other,0.17815344603381014,1.0591934219874832,other,0.875,True,0.875,0.1122,0.0129,1.3,NYC,high
40.83,-73.9,2,2293,other,0.1552551242913214,1.0663004787234456,other,0.875,True,0.875,0.1119,0.0131,1.3,NYC,high
40.83,-73.9,3,2227,other,0.1104625056129322,1.0747743306608348,other,0.8687,True,0.8687,0.1169,0.0144,1.4,NYC,high
40.83,-73.89,0,1083,other,0.009233610341643583,1.0882236784994201,other,0.7998,True,0.7998,0.1496,0.0505,5.1,NYC,medium
40.83,-73.89,1,1490,other,0.19328859060402684,1.0618016336729827,other,0.8488,True,0.8488,0.1372,0.014,1.4,NYC,high
40.83,-73.89,2,2095,other,0.1737470167064439,1.0677626230437367,other,0.8631,True,0.8631,0.1232,0.0137,1.4,NYC,high
40.83,-73.89,3,2117,other,0.1095890410958904,1.0838973953940396,other,0.8682,True,0.8682,0.1173,0.0145,1.4,NYC,high
40.83,-73.88,0,1314,violent,0.2085235920852359,1.0290110601705662,violent,0.5034,True,0.3425,0.154,0.5034,50.3,NYC,uncertain
40.83,-73.88,1,1362,other,0.009544787077826725,1.0890293809156937,other,0.8503,True,0.8503,0.1349,0.0149,1.5,NYC,high
40.83,-73.88,2,2087,other,0.06516530905606133,1.0873814581170138,other,0.8722,True,0.8722,0.1145,0.0133,1.3,NYC,high
40.83,-73.88,3,2125,other,0.02776470588235294,1.0829404227949926,other,0.8463,True,0.8463,0.1311,0.0226,2.3,NYC,high
40.83,-73.87,0,1005,violent,0.05970149253731343,1.0834703448598624,other,0.6987,False,0.6987,0.1728,0.1285,12.9,NYC,medium
40.83,-73.87,1,1231,other,0.005686433793663688,1.0835420435061067,other,0.854,True,0.854,0.1324,0.0135,1.4,NYC,high
40.83,-73.87,2,1750,other,0.04742857142857143,1.0823751593692488,other,0.8742,True,0.8742,0.1129,0.0129,1.3,NYC,high
40.83,-73.87,3,1921,other,0.09786569495054659,1.0889487261270014,other,0.8668,True,0.8668,0.1184,0.0148,1.5,NYC,high
40.83,-73.86,0,680,violent,0.0058823529411764705,1.0984802630606543,other,0.7404,False,0.7404,0.1887,0.0709,7.1,NYC,medium
40.83,-73.86,1,933,property,0.10503751339764202,1.0691549567714154,property,0.7316,True,0.2551,0.7316,0.0132,1.3,NYC,medium
40.83,-73.86,2,1557,property,0.06872190109184328,1.0573412218935243,property,0.7471,True,0.2396,0.7471,0.0133,1.3,NYC,medium
40.83,-73.86,3,1512,property,0.1335978835978836,1.0753356833199912,other,0.7485,False,0.7485,0.2336,0.0178,1.8,NYC,medium
40.83,-73.85000000000001,0,528,property,0.043560606060606064,1.0958572046309911,other,0.8106,False,0.8106,0.1602,0.0292,2.9,NYC,high
40.83,-73.85000000000001,1,512,other,0.0390625,1.0680811335865967,property,0.5932,False,0.3906,0.5932,0.0162,1.6,NYC,medium
40.83,-73.85000000000001,2,919,property,0.06855277475516866,1.075482730485711,other,0.8665,False,0.8665,0.1204,0.0131,1.3,NYC,high
40.83,-73.85000000000001,3,917,property,0.12649945474372956,1.0568063848132585,other,0.8685,False,0.8685,0.1181,0.0134,1.3,NYC,high
40.83,-73.84,0,72,property,0.027777777777777776,1.0683245355777062,other,0.8724,False,0.8724,0.1145,0.0131,1.3,NYC,high
40.83,-73.84,1,143,property,0.3706293706293706,0.9318432447089897,property,0.7644,True,0.223,0.7644,0.0126,1.3,NYC,medium
40.83,-73.84,2,248,property,0.43548387096774194,0.8826713589967947,property,0.7669,True,0.2208,0.7669,0.0124,1.2,NYC,medium
40.83,-73.84,3,121,property,0.3140495867768595,0.9852218483388042,property,0.7618,True,0.2256,0.7618,0.0127,1.3,NYC,medium
40.83,-73.83,0,367,other,0.19618528610354224,1.0509862541571144,other,0.8722,True,0.8722,0.1146,0.0132,1.3,NYC,high
40.83,-73.83,1,324,other,0.2345679012345679,0.9772254594679386,other,0.8733,True,0.8733,0.1138,0.0129,1.3,NYC,high
40.83,-73.83,2,554,other,0.26895306859205775,0.9880570711299083,other,0.8734,True,0.8734,0.1136,0.013,1.3,NYC,high
40.83,-73.83,3,534,other,0.17228464419475656,1.0299478591119784,other,0.8766,True,0.8766,0.1106,0.0127,1.3,NYC,high
40.83,-73.82000000000001,0,234,property,0.3247863247863248,0.9732768770114797,other,0.8671,False,0.8671,0.1198,0.0131,1.3,NYC,high
40.83,-73.82000000000001,1,284,other,0.07746478873239436,1.0328278718619193,other,0.7999,True,0.7999,0.1856,0.0144,1.4,NYC,medium
40.83,-73.82000000000001,2,439,property,0.009111617312072893,1.0318979983245686,other,0.8707,False,0.8707,0.1162,0.0131,1.3,NYC,high
40.83,-73.82000000000001,3,441,property,0.09750566893424037,1.010551796708875,other,0.8747,False,0.8747,0.1123,0.013,1.3,NYC,high
40.83,-73.81,0,14,other,0.07142857142857142,0.8982053397041498,property,0.7563,False,0.2306,0.7563,0.0131,1.3,NYC,medium
40.83,-73.81,1,10,other,0.3,0.8979457248567797,other,0.8652,True,0.8652,0.1208,0.014,1.4,NYC,high
40.83,-73.81,2,11,property,0.09090909090909091,0.6890092595109152,other,0.6054,False,0.6054,0.3785,0.0162,1.6,NYC,medium
40.83,-73.81,3,21,other,0.09523809523809523,1.0710185424099148,other,0.8673,True,0.8673,0.1187,0.014,1.4,NYC,high
40.84,-73.95,0,96,violent,0.020833333333333332,1.0973093562969467,other,0.8758,False,0.8758,0.1112,0.0129,1.3,NYC,high
40.84,-73.95,1,113,other,0.061946902654867256,1.048766114737074,other,0.7643,True,0.7643,0.221,0.0148,1.5,NYC,medium
40.84,-73.95,2,183,property,0.19672131147540983,0.9618057607710265,other,0.6707,False,0.6707,0.314,0.0153,1.5,NYC,medium
40.84,-73.95,3,201,property,0.004975124378109453,1.0816706162760323,other,0.8625,False,0.8625,0.1243,0.0132,1.3,NYC,high
40.84,-73.94,0,1464,other,0.03483606557377049,1.0756833012878964,other,0.8585,True,0.8585,0.1221,0.0194,1.9,NYC,high
40.84,-73.94,1,2028,property,0.03944773175542406,1.0599705360899625,other,0.8555,False,0.8555,0.1312,0.0133,1.3,NYC,high
40.84,-73.94,2,2969,property,0.08622431795217245,1.0391664116087371,other,0.8366,False,0.8366,0.1499,0.0135,1.4,NYC,high
40.84,-73.94,3,2572,other,0.06220839813374806,1.0791400910417663,other,0.8766,True,0.8766,0.1105,0.0128,1.3,NYC,high
40.84,-73.93,0,529,violent,0.07750472589792061,1.0564302709211102,other,0.8269,False,0.8269,0.1409,0.0322,3.2,NYC,high
40.84,-73.93,1,954,other,0.07023060796645703,1.0926616415154784,other,0.8589,True,0.8589,0.1277,0.0135,1.3,NYC,high
40.84,-73.93,2,1250,other,0.108,1.0836950885401495,other,0.8779,True,0.8779,0.1095,0.0126,1.3,NYC,high
40.84,-73.93,3,1249,other,0.0600480384307446,1.081584560571315,other,0.876,True,0.876,0.1111,0.0129,1.3,NYC,high
40.84,-73.92,0,1671,violent,0.006582884500299222,1.0690156059491314,other,0.813,False,0.813,0.1473,0.0397,4.0,NYC,high
40.84,-73.92,1,1881,other,0.14354066985645933,1.0743049171991863,other,0.8513,True,0.8513,0.1351,0.0136,1.4,NYC,high
40.84,-73.92,2,3295,other,0.18603945371775418,1.063230110332229,other,0.8721,True,0.8721,0.1147,0.0132,1.3,NYC,high
40.84,-73.92,3,3025,other,0.18181818181818182,1.0585029746142705,other,0.8687,True,0.8687,0.1174,0.0139,1.4,NYC,high
40.84,-73.91,0,1354,violent,0.03914327917282127,1.0678810725694443,other,0.7704,False,0.7704,0.1633,0.0663,6.6,NYC,medium
40.84,-73.91,1,1828,other,0.11323851203501094,1.0790269720977184,other,0.8722,True,0.8722,0.1147,0.0131,1.3,NYC,high
40.84,-73.91,2,2884,other,0.13488210818307905,1.0807732583572671,other,0.8714,True,0.8714,0.1152,0.0134,1.3,NYC,high
40.84,-73.91,3,2863,other,0.08103388054488299,1.0756793141249181,other,0.8728,True,0.8728,0.1136,0.0136,1.4,NYC,high
40.84,-73.9,0,834,other,0.1486810551558753,1.0586614835749315,other,0.8666,True,0.8666,0.1185,0.0149,1.5,NYC,high
40.84,-73.9,1,960,other,0.24375,1.0411172454657693,other,0.8735,True,0.8735,0.1134,0.013,1.3,NYC,high
40.84,-73.9,2,1381,other,0.20854453294713976,1.0522136808458973,other,0.8709,True,0.8709,0.1156,0.0135,1.3,NYC,high
40.84,-73.9,3,1662,other,0.21540312876052947,1.0517845995133488,other,0.8697,True,0.8697,0.1161,0.0142,1.4,NYC,high
40.84,-73.89,0,1063,violent,0.030103480714957668,1.0716844794652864,other,0.466,False,0.466,0.173,0.361,36.1,NYC,uncertain
40.84,-73.89,1,1183,other,0.16060862214708369,1.070375814033258,other,0.8663,True,0.8663,0.1204,0.0133,1.3,NYC,high
40.84,-73.89,2,1888,other,0.13453389830508475,1.0765211504590813,other,0.8716,True,0.8716,0.115,0.0134,1.3,NYC,high
40.84,-73.89,3,1858,other,0.10710441334768568,1.0799606774190924,other,0.867,True,0.867,0.1178,0.0152,1.5,NYC,high
40.84,-73.88,0,842,other,0.0011876484560570072,1.0824344241152617,other,0.6526,True,0.6526,0.1807,0.1667,16.7,NYC,medium
40.84,-73.88,1,1332,other,0.03078078078078078,1.0803245104115837,other,0.8731,True,0.8731,0.1139,0.013,1.3,NYC,high
40.84,-73.88,2,2045,other,0.07188264058679707,1.0811413526293838,other,0.8301,True,0.8301,0.1541,0.0158,1.6,NYC,high
40.84,-73.88,3,1871,other,0.11063602351683592,1.0857727592903015,other,0.871,True,0.871,0.1155,0.0136,1.4,NYC,high
40.84,-73.87,0,748,other,0.11363636363636363,1.0665345389237237,other,0.8044,True,0.8044,0.1502,0.0454,4.5,NYC,high
40.84,-73.87,1,771,other,0.23216601815823606,1.0353750759008085,other,0.8697,True,0.8697,0.1173,0.013,1.3,NYC,high
40.84,-73.87,2,1307,other,0.12471308339709258,1.0677018945243248,other,0.8737,True,0.8737,0.1133,0.013,1.3,NYC,high
40.84,-73.87,3,1354,other,0.1499261447562777,1.076608194248836,other,0.8743,True,0.8743,0.1123,0.0134,1.3,NYC,high
40.84,-73.86,0,472,violent,0.02754237288135593,1.0750917276177485,other,0.745,False,0.745,0.1814,0.0736,7.4,NYC,medium
40.84,-73.86,1,750,property,0.014666666666666666,1.0838855501519522,other,0.6723,False,0.6723,0.3118,0.0159,1.6,NYC,medium
40.84,-73.86,2,1401,property,0.11634546752319772,1.0587649929494194,property,0.7514,True,0.2359,0.7514,0.0127,1.3,NYC,medium
40.84,-73.86,3,1203,property,0.023275145469659187,1.0884265922652507,other,0.8016,False,0.8016,0.1819,0.0164,1.6,NYC,high
40.84,-73.85000000000001,0,479,other,0.07515657620041753,1.092934029198772,other,0.8698,True,0.8698,0.1164,0.0137,1.4,NYC,high
40.84,-73.85000000000001,1,642,other,0.09190031152647975,1.0780599153798904,other,0.8365,True,0.8365,0.1496,0.0139,1.4,NYC,high
40.84,-73.85000000000001,2,1088,other,0.004595588235294118,1.0846802571694325,other,0.871,True,0.871,0.116,0.0131,1.3,NYC,high
40.84,-73.85000000000001,3,1095,other,0.0958904109589041,1.06977399365114,other,0.8714,True,0.8714,0.1153,0.0134,1.3,NYC,high
40.84,-73.84,0,358,other,0.04748603351955307,1.0895594396626436,other,0.8452,True,0.8452,0.141,0.0138,1.4,NYC,high
40.84,-73.84,1,469,other,0.017057569296375266,1.0865727872130715,other,0.7614,True,0.7614,0.2229,0.0157,1.6,NYC,medium
40.84,-73.84,2,699,property,0.01430615164520744,1.0900678181182184,other,0.8537,False,0.8537,0.1323,0.0141,1.4,NYC,high
40.84,-73.84,3,588,other,0.00510204081632653,1.0821781760245894,other,0.8756,True,0.8756,0.1114,0.013,1.3,NYC,high
40.84,-73.83,0,297,property,0.05387205387205387,1.0687968980706255,other,0.8725,False,0.8725,0.1144,0.0131,1.3,NYC,high
40.84,-73.83,1,241,property,0.02074688796680498,1.0596528835139905,property,0.6526,True,0.3339,0.6526,0.0135,1.4,NYC,medium
40.84,-73.83,2,438,property,0.08904109589041095,1.0423903253838385,other,0.8659,False,0.8659,0.1207,0.0133,1.3,NYC,high
40.84,-73.83,3,490,property,0.07346938775510205,1.0486775101376213,other,0.868,False,0.868,0.1188,0.0132,1.3,NYC,high
40.84,-73.82000000000001,0,127,property,0.3858267716535433,0.8772521806895173,property,0.6022,True,0.3833,0.6022,0.0145,1.4,NYC,medium
40.84,-73.82000000000001,1,86,property,0.19767441860465115,0.9642783275455054,other,0.5612,False,0.5612,0.4237,0.0151,1.5,NYC,medium
40.84,-73.82000000000001,2,177,property,0.15819209039548024,0.9289658379067098,other,0.691,False,0.691,0.2938,0.0152,1.5,NYC,medium
40.84,-73.82000000000001,3,190,property,0.12105263157894737,0.9243764496663018,other,0.8676,False,0.8676,0.119,0.0134,1.3,NYC,high
40.84,-73.79,0,10,other,0.5,0.8018185525433373,other,0.8584,True,0.8584,0.1268,0.0147,1.5,NYC,high
40.84,-73.79,1,30,other,0.16666666666666666,1.0564242198612623,other,0.8607,True,0.8607,0.126,0.0134,1.3,NYC,high
40.84,-73.79,2,44,other,0.25,1.0397207708399179,other,0.8689,True,0.8689,0.1177,0.0134,1.3,NYC,high
40.84,-73.79,3,30,other,0.06666666666666667,1.0521391662238093,other,0.869,True,0.869,0.1172,0.0138,1.4,NYC,high
40.84,-73.78,0,5,property,0.0,1.0549201679861442,other,0.846,False,0.846,0.135,0.019,1.9,NYC,high
40.84,-73.78,1,12,property,0.0,1.0281838593329258,property,0.7508,True,0.2358,0.7508,0.0134,1.3,NYC,medium
40.84,-73.78,2,22,other,0.22727272727272727,1.0376517997982746,property,0.695,False,0.2912,0.695,0.0138,1.4,NYC,medium
40.84,-73.78,3,25,other,0.04,1.0768186672148103,other,0.5674,True,0.5674,0.4158,0.0168,1.7,NYC,medium
40.85,-73.94,0,877,other,0.09350057012542759,1.0863230009459979,other,0.8712,True,0.8712,0.1151,0.0137,1.4,NYC,high
40.85,-73.94,1,1345,property,0.3420074349442379,0.9253980558419417,other,0.5795,False,0.5795,0.4047,0.0158,1.6,NYC,medium
40.85,-73.94,2,2156,property,0.23747680890538034,0.9648890569870444,other,0.8475,False,0.8475,0.1391,0.0134,1.3,NYC,high
40.85,-73.94,3,1746,property,0.09106529209621993,1.0413564733557943,other,0.8764,False,0.8764,0.1108,0.0128,1.3,NYC,high
40.85,-73.93,0,991,other,0.039354187689202826,1.088324680873284,other,0.856,True,0.856,0.1248,0.0192,1.9,NYC,high
40.85,-73.93,1,1591,property,0.27089880578252673,0.978261382703448,other,0.7659,False,0.7659,0.2186,0.0155,1.5,NYC,medium
40.85,-73.93,2,2703,property,0.3015168331483537,0.9530249707522802,other,0.8031,False,0.8031,0.1821,0.0148,1.5,NYC,high
40.85,-73.93,3,2151,property,0.10181311018131102,1.0660766397930184,other,0.8745,False,0.8745,0.1125,0.013,1.3,NYC,high
40.85,-73.92,0,1113,violent,0.020664869721473494,1.0698695028190572,other,0.4992,False,0.4992,0.1757,0.3252,32.5,NYC,uncertain
40.85,-73.92,1,1228,other,0.1563517915309446,1.0689963782228498,other,0.8773,True,0.8773,0.1101,0.0126,1.3,NYC,high
40.85,-73.92,2,1961,other,0.17338092809790923,1.0672435199217958,other,0.8747,True,0.8747,0.1123,0.013,1.3,NYC,high
40.85,-73.92,3,2034,other,0.10619469026548672,1.072120648335185,other,0.8687,True,0.8687,0.1164,0.0149,1.5,NYC,high
40.85,-73.91,0,1649,other,0.061249241964827165,1.0598149927218472,other,0.6264,True,0.6264,0.186,0.1876,18.8,NYC,medium
40.85,-73.91,1,2220,other,0.08693693693693694,1.0704028538708743,other,0.8726,True,0.8726,0.1143,0.0132,1.3,NYC,high
40.85,-73.91,2,3315,other,0.1396681749622926,1.075722612612473,other,0.8745,True,0.8745,0.1127,0.0129,1.3,NYC,high
40.85,-73.91,3,3281,other,0.11764705882352941,1.0715508872043489,other,0.868,True,0.868,0.1176,0.0144,1.4,NYC,high
40.85,-73.9,0,1910,violent,0.011518324607329843,1.0289009885437805,other,0.7429,False,0.7429,0.1744,0.0826,8.3,NYC,medium
40.85,-73.9,1,1817,other,0.17226197028068244,1.0525000823665511,other,0.8724,True,0.8724,0.1144,0.0131,1.3,NYC,high
40.85,-73.9,2,2870,other,0.18885017421602787,1.0606861358300985,other,0.8708,True,0.8708,0.116,0.0133,1.3,NYC,high
40.85,-73.9,3,3032,other,0.18733509234828497,1.0385750125172568,other,0.8685,True,0.8685,0.1172,0.0143,1.4,NYC,high
40.85,-73.89,0,1251,violent,0.02877697841726619,1.0776045679160642,violent,0.4681,True,0.3731,0.1587,0.4681,46.8,NYC,uncertain
40.85,-73.89,1,1690,other,0.14023668639053255,1.077968191280415,other,0.799,True,0.799,0.185,0.016,1.6,NYC,medium
40.85,-73.89,2,2560,other,0.076171875,1.089438014206685,other,0.8718,True,0.8718,0.115,0.0133,1.3,NYC,high
40.85,-73.89,3,2371,other,0.10164487557992408,1.0854266061274833,other,0.8644,True,0.8644,0.1204,0.0152,1.5,NYC,high
40.85,-73.88,0,554,violent,0.03429602888086643,1.0718442106460786,violent,0.4971,True,0.3487,0.1542,0.4971,49.7,NYC,uncertain
40.85,-73.88,1,611,other,0.1783960720130933,1.0548223394275826,other,0.7991,True,0.7991,0.1845,0.0164,1.6,NYC,medium
40.85,-73.88,2,872,other,0.1743119266055046,1.064991907485009,other,0.8712,True,0.8712,0.1155,0.0132,1.3,NYC,high
40.85,-73.88,3,951,other,0.028391167192429023,1.0512965329782145,other,0.8324,True,0.8324,0.1391,0.0285,2.8,NYC,high
40.85,-73.87,0,278,property,0.050359712230215826,1.0885001930987044,other,0.768,False,0.768,0.2076,0.0243,2.4,NYC,medium
40.85,-73.87,1,377,other,0.005305039787798408,1.050362438015839,other,0.6013,True,0.6013,0.3824,0.0163,1.6,NYC,medium
40.85,-73.87,2,678,other,0.03392330383480826,1.0649742152367447,other,0.8244,True,0.8244,0.1616,0.0139,1.4,NYC,high
40.85,-73.87,3,690,property,0.007246376811594203,1.0800351248456113,other,0.8744,False,0.8744,0.1126,0.0129,1.3,NYC,high
40.85,-73.86,0,342,property,0.07602339181286549,1.0617549967971418,other,0.6912,False,0.6912,0.2892,0.0196,2.0,NYC,medium
40.85,-73.86,1,476,property,0.16176470588235295,0.9997914602452589,property,0.6524,True,0.3339,0.6524,0.0137,1.4,NYC,medium
40.85,-73.86,2,784,property,0.09948979591836735,1.028249951887641,other,0.8719,False,0.8719,0.1151,0.0129,1.3,NYC,high
40.85,-73.86,3,796,property,0.16331658291457288,1.0113228679962898,other,0.8684,False,0.8684,0.1185,0.0131,1.3,NYC,high
40.85,-73.85000000000001,0,263,property,0.46387832699619774,0.8697043812370855,property,0.7507,True,0.2365,0.7507,0.0128,1.3,NYC,medium
40.85,-73.85000000000001,1,297,property,0.18181818181818182,1.0182042744721027,property,0.7652,True,0.2226,0.7652,0.0122,1.2,NYC,medium
40.85,-73.85000000000001,2,392,property,0.04591836734693878,1.013790384153663,property,0.7196,True,0.2676,0.7196,0.0128,1.3,NYC,medium
40.85,-73.85000000000001,3,438,property,0.1643835616438356,1.0011493200265098,property,0.7609,True,0.2268,0.7609,0.0123,1.2,NYC,medium
40.85,-73.84,0,100,property,0.01,0.9893672808458248,other,0.5269,False,0.5269,0.4578,0.0152,1.5,NYC,uncertain
40.85,-73.84,1,177,property,0.1016949152542373,0.9692439340859672,property,0.766,True,0.2218,0.766,0.0121,1.2,NYC,medium
40.85,-73.84,2,291,property,0.10652920962199312,1.0424526290627047,property,0.7634,True,0.224,0.7634,0.0126,1.3,NYC,medium
40.85,-73.84,3,196,property,0.14795918367346939,1.0070580663435635,property,0.7591,True,0.2284,0.7591,0.0125,1.3,NYC,medium
40.85,-73.83,0,403,other,0.01488833746898263,1.0860277711164321,other,0.845,True,0.845,0.1402,0.0148,1.5,NYC,high
40.85,-73.83,1,508,property,0.017716535433070866,1.0451852945459135,property,0.7625,True,0.2253,0.7625,0.0122,1.2,NYC,medium
40.85,-73.83,2,738,other,0.006775067750677507,1.0597972124627486,other,0.7914,True,0.7914,0.1939,0.0147,1.5,NYC,medium
40.85,-73.83,3,754,property,0.04376657824933687,1.0686470413218339,other,0.8685,False,0.8685,0.1181,0.0134,1.3,NYC,high
40.85,-73.82000000000001,0,56,property,0.017857142857142856,0.9830917158522401,other,0.8166,False,0.8166,0.1688,0.0145,1.5,NYC,high
40.85,-73.82000000000001,1,44,property,0.11363636363636363,1.0498619138355578,other,0.5116,False,0.5116,0.4733,0.0151,1.5,NYC,uncertain
40.85,-73.82000000000001,2,81,property,0.07407407407407407,1.0579875735527733,other,0.634,False,0.634,0.3506,0.0154,1.5,NYC,medium
40.85,-73.82000000000001,3,102,property,0.08823529411764706,1.0400139151421433,other,0.8642,False,0.8642,0.1222,0.0136,1.4,NYC,high
40.85,-73.79,0,38,other,0.18421052631578946,1.0539398218595695,other,0.8681,True,0.8681,0.1181,0.0138,1.4,NYC,high
40.85,-73.79,1,37,other,0.2702702702702703,1.0011377114440225,other,0.8696,True,0.8696,0.1169,0.0135,1.3,NYC,high
40.85,-73.79,2,65,other,0.2923076923076923,1.0090733572405663,other,0.8673,True,0.8673,0.1194,0.0133,1.3,NYC,high
40.85,-73.79,3,86,other,0.38372093023255816,0.9423732615217667,other,0.8752,True,0.8752,0.1116,0.0131,1.3,NYC,high
40.85,-73.78,0,6,property,0.16666666666666666,1.0114042647073518,property,0.7211,True,0.2639,0.7211,0.0151,1.5,NYC,medium
40.85,-73.78,1,8,property,0.125,0.9743147528693494,other,0.8566,False,0.8566,0.1293,0.0141,1.4,NYC,high
40.85,-73.78,2,10,property,0.0,0.6931472015900639,other,0.8501,False,0.8501,0.1351,0.0148,1.5,NYC,high
40.85,-73.78,3,13,property,0.3076923076923077,1.0100997593541636,other,0.8679,False,0.8679,0.1183,0.0138,1.4,NYC,high
40.86,-73.94,0,41,property,0.3170731707317073,0.8003733838584931,other,0.8649,False,0.8649,0.1218,0.0134,1.3,NYC,high
40.86,-73.94,1,65,property,0.4153846153846154,0.7864772978058105,property,0.7591,True,0.2282,0.7591,0.0128,1.3,NYC,medium
40.86,-73.94,2,166,property,0.45180722891566266,0.7770527225305597,property,0.7441,True,0.2429,0.7441,0.013,1.3,NYC,medium
40.86,-73.94,3,97,property,0.18556701030927836,0.9741728502112752,other,0.5516,False,0.5516,0.4328,0.0156,1.6,NYC,medium
40.86,-73.93,0,874,violent,0.004576659038901602,1.077983980830753,other,0.8409,False,0.8409,0.1337,0.0253,2.5,NYC,high
40.86,-73.93,1,916,property,0.05240174672489083,1.042583462294211,property,0.6876,True,0.2974,0.6876,0.015,1.5,NYC,medium
40.86,-73.93,2,1456,property,0.06799450549450549,1.042911240602832,other,0.7038,False,0.7038,0.2796,0.0166,1.7,NYC,medium
40.86,-73.93,3,1352,other,0.16198224852071005,1.069400373435545,other,0.876,True,0.876,0.1112,0.0128,1.3,NYC,high
40.86,-73.92,0,986,other,0.09634888438133875,1.0530308107670046,other,0.8295,True,0.8295,0.1399,0.0306,3.1,NYC,high
40.86,-73.92,1,623,other,0.09791332263242375,1.0732994834296048,other,0.7744,True,0.7744,0.2101,0.0154,1.5,NYC,medium
40.86,-73.92,2,883,other,0.08267270668176671,1.0781897208652897,other,0.8481,True,0.8481,0.1385,0.0134,1.3,NYC,high
40.86,-73.92,3,1126,other,0.13676731793960922,1.0724361471636397,other,0.8742,True,0.8742,0.1129,0.0129,1.3,NYC,high
40.86,-73.91,0,738,violent,0.058265582655826556,1.0673853689964,other,0.7232,False,0.7232,0.1705,0.1063,10.6,NYC,medium
40.86,-73.91,1,661,other,0.12405446293494705,1.0750933182168105,other,0.8361,True,0.8361,0.1505,0.0134,1.3,NYC,high
40.86,-73.91,2,1139,other,0.12203687445127305,1.0775521634891545,other,0.8744,True,0.8744,0.1127,0.0129,1.3,NYC,high
40.86,-73.91,3,1282,other,0.0358814352574103,1.0873778959277896,other,0.8746,True,0.8746,0.1125,0.013,1.3,NYC,high
40.86,-73.9,0,1948,violent,0.049794661190965095,1.048766713268889,violent,0.4525,True,0.3862,0.1613,0.4525,45.2,NYC,uncertain
40.86,-73.9,1,2426,property,0.006595218466611707,1.084953196184719,other,0.8694,False,0.8694,0.1177,0.0129,1.3,NYC,high
40.86,-73.9,2,4680,property,0.059188034188034186,1.076886955919637,other,0.8629,False,0.8629,0.124,0.0131,1.3,NYC,high
40.86,-73.9,3,3984,other,0.0783132530120482,1.0866245579539888,other,0.8713,True,0.8713,0.1149,0.0138,1.4,NYC,high
40.86,-73.89,0,1216,violent,0.06578947368421052,1.0866937285206195,violent,0.5068,True,0.3406,0.1526,0.5068,50.7,NYC,uncertain
40.86,-73.89,1,1833,property,0.16475722858701583,1.0493481658340296,other,0.687,False,0.687,0.2944,0.0186,1.9,NYC,medium
40.86,-73.89,2,3736,property,0.2510706638115632,1.0313971857098019,property,0.5528,True,0.4298,0.5528,0.0174,1.7,NYC,medium
40.86,-73.89,3,2936,property,0.14271117166212535,1.0686662415689994,other,0.7921,False,0.7921,0.1855,0.0225,2.2,NYC,medium
40.86,-73.88,0,260,property,0.05384615384615385,1.0892157114267893,other,0.7991,False,0.7991,0.1511,0.0498,5.0,NYC,medium
40.86,-73.88,1,372,other,0.053763440860215055,1.0560262262308988,property,0.7522,False,0.2347,0.7522,0.0131,1.3,NYC,medium
40.86,-73.88,2,481,property,0.002079002079002079,1.0744413228612828,property,0.743,True,0.2437,0.743,0.0134,1.3,NYC,medium
40.86,-73.88,3,423,other,0.04491725768321513,1.0925411567337688,other,0.7366,True,0.7366,0.2362,0.0272,2.7,NYC,medium
40.86,-73.87,0,455,property,0.006593406593406593,1.09334428601712,other,0.8557,False,0.8557,0.1307,0.0136,1.4,NYC,high
40.86,-73.87,1,850,property,0.11647058823529412,1.0255644884801045,other,0.6427,False,0.6427,0.3416,0.0157,1.6,NYC,medium
40.86,-73.87,2,1564,property,0.15664961636828645,1.0351382817366328,other,0.7362,False,0.7362,0.2483,0.0155,1.5,NYC,medium
40.86,-73.87,3,1272,property,0.059748427672955975,1.0671038090682299,other,0.8739,False,0.8739,0.113,0.013,1.3,NYC,high
40.86,-73.86,0,378,other,0.007936507936507936,1.097787267573731,other,0.8584,True,0.8584,0.1281,0.0135,1.3,NYC,high
40.86,-73.86,1,542,other,0.25276752767527677,1.0049443700114282,other,0.872,True,0.872,0.115,0.013,1.3,NYC,high
40.86,-73.86,2,913,other,0.1664841182913472,1.0603721034994793,other,0.8722,True,0.8722,0.1147,0.013,1.3,NYC,high
40.86,-73.86,3,936,other,0.07692307692307693,1.0613348230701516,other,0.8736,True,0.8736,0.1133,0.0132,1.3,NYC,high
40.86,-73.85000000000001,0,195,property,0.3333333333333333,0.9917514199828155,property,0.7577,True,0.2297,0.7577,0.0126,1.3,NYC,medium
40.86,-73.85000000000001,1,187,other,0.0053475935828877,0.9590924295763202,property,0.7619,False,0.2255,0.7619,0.0126,1.3,NYC,medium
40.86,-73.85000000000001,2,311,property,0.07717041800643087,1.0484890019942839,property,0.7035,True,0.2834,0.7035,0.0132,1.3,NYC,medium
40.86,-73.85000000000001,3,348,property,0.2471264367816092,0.9628072491145732,property,0.6939,True,0.2925,0.6939,0.0135,1.4,NYC,medium
40.86,-73.84,0,318,other,0.1918238993710692,1.0214243865815158,other,0.8678,True,0.8678,0.1184,0.0137,1.4,NYC,high
40.86,-73.84,1,369,property,0.04336043360433604,0.9562466671113772,other,0.8701,False,0.8701,0.1166,0.0133,1.3,NYC,high
40.86,-73.84,2,631,property,0.044374009508716325,1.001092539085116,other,0.8717,False,0.8717,0.1152,0.013,1.3,NYC,high
40.86,-73.84,3,620,property,0.017741935483870968,0.9737579665731645,other,0.8701,False,0.8701,0.1166,0.0134,1.3,NYC,high
40.86,-73.83,0,123,property,0.016260162601626018,1.0163069627596903,other,0.7036,False,0.7036,0.268,0.0283,2.8,NYC,medium
40.86,-73.83,1,243,property,0.2880658436213992,0.9380037513557968,property,0.7661,True,0.2215,0.7661,0.0124,1.2,NYC,medium
40.86,-73.83,2,841,property,0.5124851367419738,0.808488512621669,property,0.7648,True,0.2225,0.7648,0.0126,1.3,NYC,medium
40.86,-73.83,3,543,property,0.36095764272559855,0.9481056588078598,property,0.7609,True,0.2263,0.7609,0.0127,1.3,NYC,medium
40.86,-73.82000000000001,0,30,other,0.16666666666666666,1.0564242198612623,other,0.8505,True,0.8505,0.1343,0.0153,1.5,NYC,high
40.86,-73.82000000000001,1,76,property,0.0,1.0431805864351116,other,0.8691,False,0.8691,0.1174,0.0134,1.3,NYC,high
40.86,-73.82000000000001,2,95,other,0.010526315789473684,1.0297137135010654,other,0.8701,True,0.8701,0.1167,0.0132,1.3,NYC,high
40.86,-73.82000000000001,3,109,other,0.2018348623853211,1.053841550135421,other,0.8688,True,0.8688,0.1176,0.0137,1.4,NYC,high
40.86,-73.81,2,6,violent,0.16666666666666666,1.0114042647073518,property,0.7599,False,0.2269,0.7599,0.0132,1.3,NYC,medium
40.86,-73.81,3,12,other,0.75,0.5660857389596289,property,0.7512,False,0.2356,0.7512,0.0132,1.3,NYC,medium
40.86,-73.8,0,4,other,0.5,0.5623351657797391,other,0.8616,True,0.8616,0.1243,0.0141,1.4,NYC,high
40.86,-73.8,2,9,violent,0.2222222222222222,0.9368883075390159,other,0.8648,False,0.8648,0.1217,0.0135,1.3,NYC,high
40.86,-73.8,3,10,other,0.6,0.5004024447610513,other,0.8639,True,0.8639,0.1216,0.0146,1.5,NYC,high
40.86,-73.79,0,12,violent,0.25,1.0397207708399179,other,0.8702,False,0.8702,0.1159,0.0139,1.4,NYC,high
40.86,-73.79,1,10,other,0.5,0.8018185525433373,property,0.5262,False,0.4582,0.5262,0.0156,1.6,NYC,uncertain
40.86,-73.79,2,21,other,0.2857142857142857,1.0220830508128,other,0.7617,True,0.7617,0.2233,0.015,1.5,NYC,medium
40.86,-73.79,3,24,other,0.2916666666666667,1.0054668293254954,other,0.8628,True,0.8628,0.1222,0.015,1.5,NYC,high
40.87,-73.93,0,223,violent,0.013452914798206279,1.0952777749112925,other,0.8594,False,0.8594,0.1238,0.0169,1.7,NYC,high
40.87,-73.93,1,166,other,0.05421686746987952,1.0602097473315033,property,0.7497,False,0.2374,0.7497,0.0129,1.3,NYC,medium
40.87,-73.93,2,313,property,0.07348242811501597,1.0244529949302963,other,0.8451,False,0.8451,0.1411,0.0138,1.4,NYC,high
40.87,-73.93,3,328,other,0.06097560975609756,1.0574786320087677,other,0.8711,True,0.8711,0.116,0.0129,1.3,NYC,high
40.87,-73.92,0,723,other,0.048409405255878286,1.0823916490246799,other,0.8535,True,0.8535,0.1265,0.02,2.0,NYC,high
40.87,-73.92,1,648,property,0.13580246913580246,1.0142478272562379,property,0.7605,True,0.2269,0.7605,0.0126,1.3,NYC,medium
40.87,-73.92,2,1046,property,0.15487571701720843,1.0006974231118972,property,0.7309,True,0.2559,0.7309,0.0132,1.3,NYC,medium
40.87,-73.92,3,1020,other,0.05588235294117647,1.0750007135882094,other,0.8725,True,0.8725,0.1145,0.013,1.3,NYC,high
40.87,-73.91,0,264,property,0.0,1.0900596587107838,other,0.72,False,0.72,0.2548,0.0252,2.5,NYC,medium
40.87,-73.91,1,684,property,0.5087719298245614,0.80661836733558,property,0.7593,True,0.2279,0.7593,0.0127,1.3,NYC,medium
40.87,-73.91,2,1383,property,0.5046999276934201,0.8139186956774647,property,0.7641,True,0.2235,0.7641,0.0125,1.2,NYC,medium
40.87,-73.91,3,1318,property,0.5030349013657056,0.7970863054207454,property,0.7605,True,0.2268,0.7605,0.0127,1.3,NYC,medium
40.87,-73.9,0,890,other,0.046067415730337076,1.0717935164039225,violent,0.4318,False,0.4051,0.1631,0.4318,43.2,NYC,uncertain
40.87,-73.9,1,1018,other,0.1237721021611002,1.0639165159249915,other,0.8459,True,0.8459,0.1404,0.0136,1.4,NYC,high
40.87,-73.9,2,1731,other,0.15193529751588677,1.0642064979384809,other,0.872,True,0.872,0.115,0.013,1.3,NYC,high
40.87,-73.9,3,1643,other,0.16129032258064516,1.068429819551484,other,0.8712,True,0.8712,0.1153,0.0135,1.3,NYC,high
40.87,-73.89,0,977,violent,0.03991811668372569,1.04383549801793,violent,0.5148,True,0.3352,0.15,0.5148,51.5,NYC,uncertain
40.87,-73.89,1,1103,other,0.18223028105167724,1.0599186692798341,other,0.8595,True,0.8595,0.1273,0.0132,1.3,NYC,high
40.87,-73.89,2,1639,other,0.11531421598535692,1.080367239166341,other,0.8733,True,0.8733,0.1137,0.013,1.3,NYC,high
40.87,-73.89,3,1730,other,0.06647398843930635,1.0716099106103414,other,0.8696,True,0.8696,0.1161,0.0143,1.4,NYC,high
40.87,-73.88,0,706,other,0.0906515580736544,1.046595863416702,other,0.7933,True,0.7933,0.1561,0.0506,5.1,NYC,medium
40.87,-73.88,1,792,other,0.1856060606060606,1.0565198933026547,other,0.8727,True,0.8727,0.1144,0.0129,1.3,NYC,high
40.87,-73.88,2,1329,other,0.14823175319789314,1.0701345966645732,other,0.873,True,0.873,0.114,0.013,1.3,NYC,high
40.87,-73.88,3,1294,other,0.18006182380216385,1.0649605116285534,other,0.8702,True,0.8702,0.1161,0.0137,1.4,NYC,high
40.87,-73.87,0,653,other,0.042879019908116385,1.0864113413646996,other,0.4966,True,0.4966,0.1833,0.3201,32.0,NYC,uncertain
40.87,-73.87,1,769,other,0.10793237971391417,1.0821187948512687,other,0.8731,True,0.8731,0.114,0.013,1.3,NYC,high
40.87,-73.87,2,1312,other,0.11356707317073171,1.0777199097876147,other,0.8735,True,0.8735,0.1136,0.0129,1.3,NYC,high
40.87,-73.87,3,1285,other,0.16264591439688716,1.071625019915627,other,0.8717,True,0.8717,0.1145,0.0137,1.4,NYC,high
40.87,-73.86,0,472,property,0.01059322033898305,1.093363442961977,other,0.7506,False,0.7506,0.2109,0.0384,3.8,NYC,medium
40.87,-73.86,1,560,other,0.1,1.0817479329063122,other,0.8431,True,0.8431,0.1432,0.0137,1.4,NYC,high
40.87,-73.86,2,950,other,0.06421052631578947,1.0599153752951427,other,0.8156,True,0.8156,0.1695,0.0149,1.5,NYC,high
40.87,-73.86,3,985,other,0.046700507614213196,1.078513682841289,other,0.8571,True,0.8571,0.1291,0.0138,1.4,NYC,high
40.87,-73.85000000000001,0,378,other,0.015873015873015872,1.0974101222844481,other,0.6916,True,0.6916,0.2001,0.1084,10.8,NYC,medium
40.87,-73.85000000000001,1,438,other,0.19863013698630136,1.0611111946529415,other,0.8735,True,0.8735,0.1136,0.0129,1.3,NYC,high
40.87,-73.85000000000001,2,730,other,0.15205479452054796,1.0724789114694022,other,0.8725,True,0.8725,0.1144,0.0132,1.3,NYC,high
40.87,-73.85000000000001,3,832,other,0.11778846153846154,1.0772473004592835,other,0.8725,True,0.8725,0.1141,0.0134,1.3,NYC,high
40.87,-73.84,0,259,property,0.138996138996139,1.0630518546942214,other,0.7536,False,0.7536,0.2214,0.025,2.5,NYC,medium
40.87,-73.84,1,310,other,0.08064516129032258,1.068272909289649,other,0.744,True,0.744,0.24,0.016,1.6,NYC,medium
40.87,-73.84,2,528,other,0.03977272727272727,1.0833505136195667,other,0.7745,True,0.7745,0.2056,0.0199,2.0,NYC,medium
40.87,-73.84,3,529,property,0.0,1.0827650325983198,other,0.8542,False,0.8542,0.1316,0.0142,1.4,NYC,high
40.87,-73.83,0,154,other,0.012987012987012988,1.0857800864563685,other,0.8673,True,0.8673,0.1189,0.0138,1.4,NYC,high
40.87,-73.83,1,313,property,0.019169329073482427,1.0598211185252548,other,0.8718,False,0.8718,0.1152,0.013,1.3,NYC,high
40.87,-73.83,2,588,property,0.10714285714285714,1.0635545410230234,property,0.6921,True,0.2935,0.6921,0.0143,1.4,NYC,medium
40.87,-73.83,3,457,property,0.061269146608315096,1.0681350467452746,property,0.5597,True,0.4225,0.5597,0.0178,1.8,NYC,medium
40.87,-73.82000000000001,0,32,other,0.1875,1.0585075732372948,other,0.6572,True,0.6572,0.3135,0.0293,2.9,NYC,medium
40.87,-73.82000000000001,1,105,property,0.3047619047619048,0.9030275968004933,property,0.7662,True,0.2214,0.7662,0.0124,1.2,NYC,medium
40.87,-73.82000000000001,2,363,property,0.4022038567493113,0.8922519108142062,property,0.7675,True,0.2201,0.7675,0.0125,1.2,NYC,medium
40.87,-73.82000000000001,3,216,property,0.2777777777777778,1.0181052125220258,property,0.7633,True,0.2242,0.7633,0.0125,1.2,NYC,medium
40.87,-73.81,0,7,other,0.42857142857142855,0.5982696097102536,property,0.7578,False,0.2288,0.7578,0.0134,1.3,NYC,medium
40.87,-73.81,1,8,other,0.25,0.6615632592196847,property,0.7635,False,0.2235,0.7635,0.013,1.3,NYC,medium
40.87,-73.81,2,38,property,0.07894736842105263,1.0897840330218798,property,0.7654,True,0.2219,0.7654,0.0126,1.3,NYC,medium
40.87,-73.81,3,22,other,0.045454545454545456,1.0702359491930813,violent,0.4381,False,0.3856,0.1763,0.4381,43.8,NYC,uncertain
40.88,-73.92,0,90,property,0.25555555555555554,0.8341882101560334,property,0.7604,True,0.2269,0.7604,0.0127,1.3,NYC,medium
40.88,-73.92,1,227,property,0.3920704845814978,0.7974681238846499,property,0.7681,True,0.2197,0.7681,0.0123,1.2,NYC,medium
40.88,-73.92,2,289,property,0.30103806228373703,0.7890342952145631,property,0.7382,True,0.2493,0.7382,0.0126,1.3,NYC,medium
40.88,-73.92,3,254,property,0.38976377952755903,0.7771754197135055,property,0.6049,True,0.3805,0.6049,0.0146,1.5,NYC,medium
40.88,-73.91,0,478,property,0.0041841004184100415,1.0771618794662112,other,0.8267,False,0.8267,0.1536,0.0197,2.0,NYC,high
40.88,-73.91,1,887,property,0.08680947012401354,1.0085488923857664,other,0.8474,False,0.8474,0.1387,0.0139,1.4,NYC,high
40.88,-73.91,2,1576,property,0.17449238578680204,1.0005293365743264,other,0.8583,False,0.8583,0.128,0.0137,1.4,NYC,high
40.88,-73.91,3,1197,property,0.06432748538011696,1.0376176806649167,other,0.8666,False,0.8666,0.1198,0.0136,1.4,NYC,high
40.88,-73.9,0,591,other,0.06937394247038917,1.0888870089842226,other,0.8682,True,0.8682,0.1178,0.0141,1.4,NYC,high
40.88,-73.9,1,827,other,0.009673518742442563,1.0294130993112929,other,0.5266,True,0.5266,0.4585,0.0149,1.5,NYC,uncertain
40.88,-73.9,2,1564,other,0.058184143222506396,1.0342276554610992,other,0.7821,True,0.7821,0.2032,0.0147,1.5,NYC,medium
40.88,-73.9,3,1512,other,0.057539682539682536,1.0540273508560838,other,0.8707,True,0.8707,0.1159,0.0133,1.3,NYC,high
40.88,-73.89,0,278,other,0.03237410071942446,1.0861713388669947,other,0.8665,True,0.8665,0.1202,0.0133,1.3,NYC,high
40.88,-73.89,1,358,property,0.08379888268156424,1.0297507275800546,other,0.8627,False,0.8627,0.1238,0.0135,1.3,NYC,high
40.88,-73.89,2,697,property,0.09038737446197992,1.0377151755765384,other,0.8689,False,0.8689,0.1182,0.013,1.3,NYC,high
40.88,-73.89,3,673,property,0.08766716196136701,1.0336844537481684,other,0.8709,False,0.8709,0.116,0.0131,1.3,NYC,high
40.88,-73.88,0,563,property,0.03019538188277087,1.0961875497952112,violent,0.5081,False,0.3394,0.1525,0.5081,50.8,NYC,uncertain
40.88,-73.88,1,806,other,0.028535980148883373,1.0709269078071761,other,0.7274,True,0.7274,0.2546,0.018,1.8,NYC,medium
40.88,-73.88,2,1274,property,0.02040816326530612,1.0898958205750935,other,0.8216,False,0.8216,0.1633,0.0151,1.5,NYC,high
40.88,-73.88,3,1165,other,0.04206008583690987,1.096164948094581,other,0.8654,True,0.8654,0.1203,0.0142,1.4,NYC,high
40.88,-73.87,0,627,other,0.06379585326953748,1.0769795844775878,other,0.7236,True,0.7236,0.1723,0.1042,10.4,NYC,medium
40.88,-73.87,1,709,other,0.15514809590973203,1.0669622129211676,other,0.7593,True,0.7593,0.2206,0.0201,2.0,NYC,medium
40.88,-73.87,2,1223,other,0.2403924775143091,1.0421777408535484,other,0.8566,True,0.8566,0.1297,0.0137,1.4,NYC,high
40.88,-73.87,3,1168,other,0.14383561643835616,1.0720088010786735,other,0.8694,True,0.8694,0.1163,0.0143,1.4,NYC,high
40.88,-73.86,0,774,violent,0.041343669250646,1.0899235158051979,other,0.7572,False,0.7572,0.1644,0.0784,7.8,NYC,medium
40.88,-73.86,1,937,other,0.13980789754535752,1.0672737040325917,other,0.8639,True,0.8639,0.1225,0.0136,1.4,NYC,high
40.88,-73.86,2,1518,other,0.14756258234519104,1.0766316208152065,other,0.8555,True,0.8555,0.1264,0.0181,1.8,NYC,high
40.88,-73.86,3,1421,other,0.12596762843068263,1.0743730805816833,other,0.8655,True,0.8655,0.1194,0.0151,1.5,NYC,high
40.88,-73.85000000000001,0,640,other,0.11875,1.079190543144957,other,0.8466,True,0.8466,0.1324,0.0211,2.1,NYC,high
40.88,-73.85000000000001,1,641,other,0.187207488299532,1.044859206573769,other,0.8717,True,0.8717,0.1151,0.0132,1.3,NYC,high
40.88,-73.85000000000001,2,1067,other,0.14995313964386128,1.0744891319088536,other,0.8694,True,0.8694,0.1169,0.0137,1.4,NYC,high
40.88,-73.85000000000001,3,1255,other,0.20557768924302788,1.0461063600135314,other,0.8651,True,0.8651,0.1198,0.0151,1.5,NYC,high
40.88,-73.84,0,340,other,0.03529411764705882,1.0902401468238143,other,0.8554,True,0.8554,0.1262,0.0183,1.8,NYC,high
40.88,-73.84,1,492,property,0.20121951219512196,1.0186764808873314,other,0.8723,False,0.8723,0.1146,0.0131,1.3,NYC,high
40.88,-73.84,2,697,other,0.06743185078909612,1.0635400608777863,other,0.8225,True,0.8225,0.1599,0.0176,1.8,NYC,high
40.88,-73.84,3,711,property,0.0014064697609001407,1.078739462075576,other,0.8746,False,0.8746,0.1123,0.0131,1.3,NYC,high
40.88,-73.83,0,324,other,0.1419753086419753,1.075808056164381,other,0.871,True,0.871,0.1156,0.0135,1.3,NYC,high
40.88,-73.83,1,418,other,0.07894736842105263,1.043059749202764,other,0.8691,True,0.8691,0.1178,0.013,1.3,NYC,high
40.88,-73.83,2,640,other,0.0046875,1.077424124343688,other,0.8699,True,0.8699,0.1169,0.0132,1.3,NYC,high
40.88,-73.83,3,597,other,0.07537688442211055,1.0715467320558616,other,0.8733,True,0.8733,0.1135,0.0132,1.3,NYC,high
40.88,-73.82000000000001,0,31,property,0.2903225806451613,0.9389262276259042,property,0.7561,True,0.2307,0.7561,0.0132,1.3,NYC,medium
40.88,-73.82000000000001,1,121,property,0.4380165289256198,0.8578027045170631,property,0.7624,True,0.2247,0.7624,0.0128,1.3,NYC,medium
40.88,-73.82000000000001,2,199,property,0.4271356783919598,0.8572682038615167,property,0.7667,True,0.221,0.7667,0.0123,1.2,NYC,medium
40.88,-73.82000000000001,3,154,property,0.538961038961039,0.7546941978574064,property,0.7629,True,0.2244,0.7629,0.0127,1.3,NYC,medium
40.88,-73.8,0,4,violent,0.25,1.0397207708399179,violent,0.4295,True,0.3829,0.1876,0.4295,43.0,NYC,uncertain
40.88,-73.8,2,5,violent,0.0,1.0549201679861442,property,0.7561,False,0.2302,0.7561,0.0138,1.4,NYC,medium
40.88,-73.8,3,5,violent,0.4,0.9502705392332347,other,0.5068,False,0.5068,0.4668,0.0264,2.6,NYC,uncertain
40.89,-73.92,0,14,property,0.35714285714285715,0.8304717124362917,property,0.7553,True,0.2315,0.7553,0.0132,1.3,NYC,medium
40.89,-73.92,1,37,property,0.16216216216216217,0.7850875286246289,property,0.7073,True,0.279,0.7073,0.0136,1.4,NYC,medium
40.89,-73.92,2,60,property,0.48333333333333334,0.6422596137398233,property,0.7652,True,0.2221,0.7652,0.0127,1.3,NYC,medium
40.89,-73.92,3,49,property,0.2653061224489796,0.9393093569512962,property,0.7612,True,0.226,0.7612,0.0128,1.3,NYC,medium
40.89,-73.91,0,176,property,0.35795454545454547,0.9561276792164535,property,0.6367,True,0.3493,0.6367,0.014,1.4,NYC,medium
40.89,-73.91,1,337,property,0.31750741839762614,0.8341433052840064,property,0.7677,True,0.2201,0.7677,0.0122,1.2,NYC,medium
40.89,-73.91,2,566,property,0.2703180212014134,0.8927068669270822,property,0.7645,True,0.2229,0.7645,0.0126,1.3,NYC,medium
40.89,-73.91,3,528,property,0.3560606060606061,0.863139262972902,property,0.761,True,0.2264,0.761,0.0126,1.3,NYC,medium
40.89,-73.9,0,192,other,0.020833333333333332,1.0722868390938198,other,0.5642,True,0.5642,0.4156,0.0203,2.0,NYC,medium
40.89,-73.9,1,462,property,0.6298701298701299,0.6451411144812764,property,0.7524,True,0.2347,0.7524,0.0128,1.3,NYC,medium
40.89,-73.9,2,484,property,0.30991735537190085,0.9444724479593904,property,0.7611,True,0.2261,0.7611,0.0128,1.3,NYC,medium
40.89,-73.9,3,453,property,0.30242825607064017,0.9526190788562369,property,0.7467,True,0.2406,0.7467,0.0127,1.3,NYC,medium
40.89,-73.89,0,3,property,0.3333333333333333,0.6365141893815645,other,0.8555,False,0.8555,0.1289,0.0155,1.6,NYC,high
40.89,-73.89,1,4,property,0.25,1.0397207708399179,property,0.5863,True,0.3983,0.5863,0.0153,1.5,NYC,medium
40.89,-73.89,2,12,violent,0.0,1.0986122886681096,other,0.8004,False,0.8004,0.1839,0.0157,1.6,NYC,high
40.89,-73.89,3,6,other,0.3333333333333333,0.6365141893815645,other,0.8632,True,0.8632,0.1221,0.0147,1.5,NYC,high
40.89,-73.88,0,173,other,0.23121387283236994,1.0454489712829553,property,0.7359,False,0.2504,0.7359,0.0137,1.4,NYC,medium
40.89,-73.88,1,194,other,0.3917525773195876,0.9127437552397417,property,0.7604,False,0.2269,0.7604,0.0127,1.3,NYC,medium
40.89,-73.88,2,208,other,0.34134615384615385,0.977971738649744,other,0.8662,True,0.8662,0.1205,0.0133,1.3,NYC,high
40.89,-73.88,3,224,other,0.19196428571428573,1.058958146025107,other,0.8605,True,0.8605,0.1256,0.0139,1.4,NYC,high
40.89,-73.87,0,65,other,0.07692307692307693,1.076664978944309,property,0.5462,False,0.437,0.5462,0.0169,1.7,NYC,uncertain
40.89,-73.87,1,105,other,0.13333333333333333,1.072925602441271,property,0.7531,False,0.2334,0.7531,0.0135,1.3,NYC,medium
40.89,-73.87,2,139,property,0.02158273381294964,1.055619349922448,other,0.5252,False,0.5252,0.4589,0.0159,1.6,NYC,uncertain
40.89,-73.87,3,160,property,0.075,1.0730112855051814,property,0.4999,True,0.4797,0.4999,0.0203,2.0,NYC,uncertain
40.89,-73.86,0,831,violent,0.03850782190132371,1.0891645101540615,other,0.5378,False,0.5378,0.1792,0.2829,28.3,NYC,uncertain
40.89,-73.86,1,1133,property,0.02118270079435128,1.0858128899511321,other,0.7148,False,0.7148,0.2662,0.0191,1.9,NYC,medium
40.89,-73.86,2,1705,other,0.04281524926686217,1.0896155427411376,other,0.8288,True,0.8288,0.1545,0.0167,1.7,NYC,high
40.89,-73.86,3,1585,other,0.08832807570977919,1.0808971472396363,other,0.8675,True,0.8675,0.118,0.0145,1.4,NYC,high
40.89,-73.85000000000001,0,561,other,0.26024955436720143,1.0127110586457804,other,0.8043,True,0.8043,0.1531,0.0427,4.3,NYC,high
40.89,-73.85000000000001,1,676,other,0.2958579881656805,1.0048022371539043,other,0.8685,True,0.8685,0.1179,0.0136,1.4,NYC,high
40.89,-73.85000000000001,2,976,other,0.2899590163934426,1.0172680191891637,other,0.8654,True,0.8654,0.1201,0.0145,1.5,NYC,high
40.89,-73.85000000000001,3,1136,other,0.2764084507042254,1.0147911085570414,other,0.8679,True,0.8679,0.1176,0.0145,1.4,NYC,high
40.89,-73.84,0,370,other,0.11621621621621622,1.0715162393072424,other,0.7618,True,0.7618,0.1628,0.0755,7.5,NYC,medium
40.89,-73.84,1,478,other,0.2301255230125523,1.0318085629893183,other,0.872,True,0.872,0.1149,0.0132,1.3,NYC,high
40.89,-73.84,2,763,other,0.2214941022280472,1.0504796330946176,other,0.8703,True,0.8703,0.1162,0.0135,1.3,NYC,high
40.89,-73.84,3,786,other,0.2582697201017812,1.0139190770612379,other,0.8684,True,0.8684,0.1172,0.0144,1.4,NYC,high
40.89,-73.83,0,201,property,0.01990049751243781,1.0926113453370208,other,0.7849,False,0.7849,0.1843,0.0309,3.1,NYC,medium
40.89,-73.83,1,254,other,0.03543307086614173,1.0692212056500239,other,0.5429,True,0.5429,0.4405,0.0166,1.7,NYC,uncertain
40.89,-73.83,2,359,other,0.0807799442896936,1.0707398648607587,property,0.6895,False,0.2959,0.6895,0.0146,1.5,NYC,medium
40.89,-73.83,3,299,other,0.11036789297658862,1.080157941574467,other,0.7192,True,0.7192,0.256,0.0248,2.5,NYC,medium
40.89,-73.82000000000001,0,32,property,0.09375,0.9344359631484513,property,0.7494,True,0.2373,0.7494,0.0133,1.3,NYC,medium
40.89,-73.82000000000001,1,38,property,0.18421052631578946,0.8960700893892848,property,0.7512,True,0.2353,0.7512,0.0134,1.3,NYC,medium
40.89,-73.82000000000001,2,59,property,0.05084745762711865,1.0291861238231865,property,0.498,True,0.4866,0.498,0.0153,1.5,NYC,uncertain
40.89,-73.82000000000001,3,37,other,0.05405405405405406,1.045253231189162,other,0.8373,True,0.8373,0.148,0.0146,1.5,NYC,high
40.89,-73.81,2,3,property,1.0,4.3446531758480495e-08,other,0.8707,False,0.8707,0.1165,0.0129,1.3,NYC,high
40.9,-73.91,0,36,property,0.3055555555555556,0.9444075027810311,other,0.5356,False,0.5356,0.4484,0.016,1.6,NYC,uncertain
40.9,-73.91,1,89,property,0.19101123595505617,0.945972293411255,property,0.6084,True,0.377,0.6084,0.0147,1.5,NYC,medium
40.9,-73.91,2,122,property,0.28688524590163933,0.860129714469398,property,0.7516,True,0.2355,0.7516,0.013,1.3,NYC,medium
40.9,-73.91,3,98,property,0.061224489795918366,0.9172602865795625,property,0.7362,True,0.2508,0.7362,0.013,1.3,NYC,medium
40.9,-73.9,0,96,property,0.020833333333333332,1.0602074369056245,other,0.8571,False,0.8571,0.129,0.0139,1.4,NYC,high
40.9,-73.9,1,136,other,0.11764705882352941,0.9228116117994201,property,0.7623,False,0.2249,0.7623,0.0128,1.3,NYC,medium
40.9,-73.9,2,246,property,0.016260162601626018,0.9893709472368024,property,0.6733,True,0.3132,0.6733,0.0135,1.3,NYC,medium
40.9,-73.9,3,240,property,0.058333333333333334,0.9914373977166226,property,0.5647,True,0.4202,0.5647,0.0151,1.5,NYC,medium
40.9,-73.89,1,5,other,0.6,0.5004024447610513,other,0.8706,True,0.8706,0.1166,0.0128,1.3,NYC,high
40.9,-73.89,3,3,other,1.0,4.34465315364359e-08,other,0.8691,True,0.8691,0.1179,0.0131,1.3,NYC,high
40.9,-73.88,0,40,property,0.0,1.0549201679861442,other,0.822,False,0.822,0.161,0.017,1.7,NYC,high
40.9,-73.88,1,29,property,0.2413793103448276,0.8646485148135077,property,0.7547,True,0.2319,0.7547,0.0134,1.3,NYC,medium
40.9,-73.88,2,47,property,0.2978723404255319,0.9926069425177073,property,0.7521,True,0.2342,0.7521,0.0137,1.4,NYC,medium
40.9,-73.88,3,71,property,0.30985915492957744,0.9292743751398047,property,0.7571,True,0.2298,0.7571,0.0131,1.3,NYC,medium
40.9,-73.87,0,166,property,0.12650602409638553,1.0747909641823277,violent,0.4488,False,0.3821,0.1691,0.4488,44.9,NYC,uncertain
40.9,-73.87,1,140,property,0.09285714285714286,1.0333315638545568,property,0.7465,True,0.2405,0.7465,0.0129,1.3,NYC,medium
40.9,-73.87,2,220,property,0.0,1.0549201679861442,other,0.7827,False,0.7827,0.2024,0.0149,1.5,NYC,medium
40.9,-73.87,3,228,property,0.2675438596491228,0.9951839770572138,property,0.502,True,0.4794,0.502,0.0186,1.9,NYC,uncertain
40.9,-73.86,0,333,property,0.018018018018018018,1.0963175908941565,other,0.8658,False,0.8658,0.1209,0.0133,1.3,NYC,high
40.9,-73.86,1,334,other,0.041916167664670656,1.087889899401391,property,0.5018,False,0.4804,0.5018,0.0178,1.8,NYC,uncertain
40.9,-73.86,2,497,other,0.22937625754527163,1.0350605567378082,other,0.762,True,0.762,0.2232,0.0148,1.5,NYC,medium
40.9,-73.86,3,534,other,0.08052434456928839,1.081699642964512,other,0.7496,True,0.7496,0.2318,0.0186,1.9,NYC,medium
40.9,-73.85000000000001,0,598,other,0.020066889632107024,1.097502434058233,other,0.8563,True,0.8563,0.1255,0.0183,1.8,NYC,high
40.9,-73.85000000000001,1,580,other,0.14655172413793102,1.0703194512236263,other,0.7405,True,0.7405,0.2363,0.0232,2.3,NYC,medium
40.9,-73.85000000000001,2,892,other,0.1412556053811659,1.0791174755203814,other,0.8704,True,0.8704,0.1163,0.0134,1.3,NYC,high
40.9,-73.85000000000001,3,928,other,0.12931034482758622,1.0822174354104348,other,0.8664,True,0.8664,0.1188,0.0148,1.5,NYC,high
40.9,-73.84,0,98,property,0.1326530612244898,1.0723203149318692,other,0.8226,False,0.8226,0.1469,0.0305,3.0,NYC,high
40.9,-73.84,1,201,property,0.014925373134328358,1.0468164737773304,property,0.6772,True,0.307,0.6772,0.0158,1.6,NYC,medium
40.9,-73.84,2,274,property,0.19343065693430658,0.9893101969290659,other,0.7387,False,0.7387,0.2303,0.031,3.1,NYC,medium
40.9,-73.84,3,296,property,0.13513513513513514,1.0536465888644848,other,0.8485,False,0.8485,0.1361,0.0153,1.5,NYC,high
40.910000000000004,-73.91,0,8,other,0.25,1.0397207708399179,property,0.7407,False,0.246,0.7407,0.0134,1.3,NYC,medium
40.910000000000004,-73.91,1,34,property,0.17647058823529413,0.8594494477843309,property,0.7594,True,0.2275,0.7594,0.0132,1.3,NYC,medium
40.910000000000004,-73.91,2,59,property,0.1864406779661017,0.8752855634522219,property,0.7631,True,0.2244,0.7631,0.0125,1.2,NYC,medium
40.910000000000004,-73.91,3,47,other,0.2127659574468085,1.0204642881145207,other,0.5463,True,0.5463,0.4372,0.0166,1.7,NYC,uncertain
40.910000000000004,-73.9,0,143,property,0.16783216783216784,1.0611906505831588,other,0.6267,False,0.6267,0.3502,0.0231,2.3,NYC,medium
40.910000000000004,-73.9,1,178,property,0.0898876404494382,0.9621266791462313,property,0.762,True,0.2255,0.762,0.0124,1.2,NYC,medium
40.910000000000004,-73.9,2,301,property,0.009966777408637873,0.9581366853362925,property,0.6434,True,0.3426,0.6434,0.014,1.4,NYC,medium
40.910000000000004,-73.9,3,276,property,0.14855072463768115,0.9728307740712792,property,0.641,True,0.3448,0.641,0.0142,1.4,NYC,medium
40.910000000000004,-73.85000000000001,0,122,violent,0.1557377049180328,1.042902237909867,other,0.812,False,0.812,0.1494,0.0385,3.9,NYC,high
40.910000000000004,-73.85000000000001,1,123,other,0.0975609756097561,1.0864395871355113,other,0.831,True,0.831,0.1542,0.0149,1.5,NYC,high
40.910000000000004,-73.85000000000001,2,181,other,0.08287292817679558,1.0747214319910376,other,0.8704,True,0.8704,0.1161,0.0136,1.4,NYC,high
40.910000000000004,-73.85000000000001,3,203,other,0.1724137931034483,1.0018406655973588,other,0.8619,True,0.8619,0.1222,0.0159,1.6,NYC,high
