lat_bin,lon_bin,time_slot,total_count,dominant_category,dominance_gap,entropy,predicted_category,confidence_calibrated,correct,proba_other,proba_property,proba_violent,risk_score,city,confidence_tier
39.88,-75.25,0,12,property,0.3333333333333333,0.9596147939120492,property,0.7304,True,0.2603,0.7304,0.0094,0.9,Philadelphia,medium
39.88,-75.25,2,37,property,0.7567567567567568,0.5556401539672464,property,0.9398,True,0.0513,0.9398,0.0089,0.9,Philadelphia,high
39.88,-75.25,3,7,property,0.42857142857142855,0.5982696097102534,property,0.9224,True,0.0685,0.9224,0.0091,0.9,Philadelphia,high
39.88,-75.24,0,13,property,0.38461538461538464,0.6172417908363657,property,0.9342,True,0.0566,0.9342,0.0092,0.9,Philadelphia,high
39.88,-75.24,2,130,property,0.9076923076923077,0.2738350477908407,property,0.9413,True,0.0499,0.9413,0.0088,0.9,Philadelphia,high
39.88,-75.24,3,68,property,0.8529411764705882,0.2626742365655651,property,0.9379,True,0.0531,0.9379,0.0089,0.9,Philadelphia,high
39.88,-75.23,0,331,property,0.27492447129909364,0.7113817536487441,property,0.9376,True,0.0535,0.9376,0.0089,0.9,Philadelphia,high
39.88,-75.23,1,201,other,0.06467661691542288,0.6910542085897733,property,0.9415,False,0.0497,0.9415,0.0088,0.9,Philadelphia,high
39.88,-75.23,2,589,property,0.633276740237691,0.5462668706944579,property,0.9413,True,0.0499,0.9413,0.0088,0.9,Philadelphia,high
39.88,-75.23,3,586,property,0.6484641638225256,0.5120827498379221,property,0.9389,True,0.0522,0.9389,0.0089,0.9,Philadelphia,high
39.89,-75.26,2,4,other,1.0,4.34465315364359e-08,property,0.9397,False,0.0516,0.9397,0.0087,0.9,Philadelphia,high
39.89,-75.25,0,48,other,0.041666666666666664,0.921273602511185,property,0.9274,False,0.0636,0.9274,0.009,0.9,Philadelphia,high
39.89,-75.25,1,11,other,0.09090909090909091,1.0361987848192837,property,0.9371,False,0.0539,0.9371,0.009,0.9,Philadelphia,high
39.89,-75.25,2,81,property,0.7777777777777778,0.4355343649873527,property,0.9427,True,0.0485,0.9427,0.0088,0.9,Philadelphia,high
39.89,-75.25,3,52,property,0.19230769230769232,0.8101502323878818,property,0.94,True,0.0512,0.94,0.0088,0.9,Philadelphia,high
39.89,-75.24,0,35,property,0.6571428571428571,0.4581442003266475,property,0.9384,True,0.0527,0.9384,0.009,0.9,Philadelphia,high
39.89,-75.24,1,32,property,0.625,0.7356219397587946,property,0.9282,True,0.062,0.9282,0.0098,1.0,Philadelphia,high
39.89,-75.24,2,23,property,0.391304347826087,0.8416853379716988,property,0.9435,True,0.0477,0.9435,0.0088,0.9,Philadelphia,high
39.89,-75.24,3,42,property,0.6428571428571429,0.6559757323365467,property,0.943,True,0.0482,0.943,0.0088,0.9,Philadelphia,high
39.89,-75.23,0,44,property,0.5454545454545454,0.6808699728832677,property,0.8811,True,0.1089,0.8811,0.01,1.0,Philadelphia,high
39.89,-75.23,1,12,property,0.3333333333333333,0.6365141893815645,property,0.837,True,0.1519,0.837,0.011,1.1,Philadelphia,high
39.89,-75.23,2,60,property,0.7666666666666667,0.4676524865100599,property,0.9379,True,0.0532,0.9379,0.0089,0.9,Philadelphia,high
39.89,-75.23,3,50,property,0.68,0.43966990068493883,property,0.9415,True,0.0497,0.9415,0.0089,0.9,Philadelphia,high
39.89,-75.22,3,3,property,0.3333333333333333,0.6365141893815645,property,0.8179,True,0.1711,0.8179,0.011,1.1,Philadelphia,high
39.89,-75.21000000000001,2,4,property,1.0,4.3446531758480495e-08,property,0.9374,True,0.0537,0.9374,0.0089,0.9,Philadelphia,high
39.89,-75.19,3,3,other,0.3333333333333333,0.6365141893815645,property,0.9265,False,0.0642,0.9265,0.0093,0.9,Philadelphia,high
39.89,-75.18,3,3,other,1.0,4.34465315364359e-08,property,0.7606,False,0.2297,0.7606,0.0097,1.0,Philadelphia,medium
39.89,-75.17,2,9,property,0.5555555555555556,0.5297062202512142,property,0.9354,True,0.0555,0.9354,0.009,0.9,Philadelphia,high
39.89,-75.17,3,3,property,1.0,4.3446531758480495e-08,property,0.9312,True,0.0596,0.9312,0.0091,0.9,Philadelphia,high
39.9,-75.25,0,78,property,0.08974358974358974,0.9662357676553845,property,0.8818,True,0.1092,0.8818,0.009,0.9,Philadelphia,high
39.9,-75.25,1,43,property,0.37209302325581395,0.8212828378245847,property,0.9391,True,0.052,0.9391,0.0089,0.9,Philadelphia,high
39.9,-75.25,2,173,property,0.31213872832369943,0.8734651762397068,property,0.9438,True,0.0474,0.9438,0.0088,0.9,Philadelphia,high
39.9,-75.25,3,125,property,0.416,0.9073672066529096,property,0.9411,True,0.0501,0.9411,0.0088,0.9,Philadelphia,high
39.9,-75.24,0,98,property,0.35714285714285715,0.8304717124362917,property,0.9382,True,0.0529,0.9382,0.0089,0.9,Philadelphia,high
39.9,-75.24,1,27,property,0.4074074074074074,0.607693444986529,property,0.9342,True,0.057,0.9342,0.0088,0.9,Philadelphia,high
39.9,-75.24,2,310,property,0.6967741935483871,0.5009847982152917,property,0.9441,True,0.0472,0.9441,0.0087,0.9,Philadelphia,high
39.9,-75.24,3,284,property,0.704225352112676,0.5757248776454027,property,0.9441,True,0.0472,0.9441,0.0087,0.9,Philadelphia,high
39.9,-75.23,0,11,other,0.2727272727272727,0.6554817949691769,property,0.9152,False,0.0753,0.9152,0.0095,0.9,Philadelphia,high
39.9,-75.23,1,4,property,1.0,4.3446531758480495e-08,property,0.9101,True,0.08,0.9101,0.0098,1.0,Philadelphia,high
39.9,-75.23,2,54,other,0.18518518518518517,0.807967955965176,property,0.9428,False,0.0484,0.9428,0.0088,0.9,Philadelphia,high
39.9,-75.23,3,47,property,0.06382978723404255,0.9229946254987857,property,0.9406,True,0.0506,0.9406,0.0088,0.9,Philadelphia,high
39.9,-75.2,0,4,property,0.0,0.6931472015900639,property,0.8526,True,0.1357,0.8526,0.0117,1.2,Philadelphia,high
39.9,-75.2,2,6,property,1.0,4.3446531758480495e-08,property,0.9076,True,0.0796,0.9076,0.0128,1.3,Philadelphia,high
39.9,-75.2,3,3,property,1.0,4.3446531758480495e-08,property,0.917,True,0.0681,0.917,0.0149,1.5,Philadelphia,high
39.9,-75.19,0,8,property,0.0,0.6931472015900639,property,0.9158,True,0.0734,0.9158,0.0108,1.1,Philadelphia,high
39.9,-75.19,1,6,violent,0.0,1.0986122886681096,property,0.8075,False,0.1814,0.8075,0.0111,1.1,Philadelphia,high
39.9,-75.19,2,12,property,0.6666666666666666,0.4505612301390093,property,0.9392,True,0.0519,0.9392,0.0089,0.9,Philadelphia,high
39.9,-75.19,3,21,property,0.047619047619047616,0.9403716526240742,property,0.9376,True,0.0535,0.9376,0.0089,0.9,Philadelphia,high
39.9,-75.18,2,4,property,0.0,0.6931472015900639,property,0.9339,True,0.0569,0.9339,0.0092,0.9,Philadelphia,high
39.9,-75.18,3,3,other,1.0,4.34465315364359e-08,property,0.7885,False,0.2015,0.7885,0.01,1.0,Philadelphia,medium
39.9,-75.17,0,175,other,0.3142857142857143,0.9123195024433595,property,0.7105,False,0.2804,0.7105,0.0091,0.9,Philadelphia,medium
39.9,-75.17,1,12,property,0.3333333333333333,0.6365141893815645,property,0.9306,True,0.06,0.9306,0.0095,0.9,Philadelphia,high
39.9,-75.17,2,58,property,0.08620689655172414,0.9229936905441962,property,0.9393,True,0.0517,0.9393,0.0089,0.9,Philadelphia,high
39.9,-75.17,3,99,property,0.0707070707070707,0.9476455654033189,property,0.8487,True,0.1422,0.8487,0.0091,0.9,Philadelphia,high
39.9,-75.16,0,15,property,0.4666666666666667,0.8608513906312316,property,0.7584,True,0.2321,0.7584,0.0095,1.0,Philadelphia,medium
39.9,-75.16,1,13,property,0.38461538461538464,0.6172417908363657,property,0.746,True,0.2445,0.746,0.0095,0.9,Philadelphia,medium
39.9,-75.16,2,26,property,0.5384615384615384,0.5402041635719226,property,0.9222,True,0.0686,0.9222,0.0092,0.9,Philadelphia,high
39.9,-75.16,3,5,property,0.6,0.5004024447610513,property,0.8997,True,0.0904,0.8997,0.0098,1.0,Philadelphia,high
39.9,-75.15,0,4,property,1.0,4.3446531758480495e-08,property,0.9033,True,0.0827,0.9033,0.014,1.4,Philadelphia,high
39.9,-75.15,1,7,property,1.0,4.3446531758480495e-08,property,0.865,True,0.1225,0.865,0.0125,1.3,Philadelphia,high
39.9,-75.15,2,5,property,0.2,0.6730116880595106,property,0.9372,True,0.0538,0.9372,0.009,0.9,Philadelphia,high
39.9,-75.14,2,4,property,1.0,4.3446531758480495e-08,property,0.9004,True,0.0897,0.9004,0.01,1.0,Philadelphia,high
39.910000000000004,-75.25,0,52,property,0.11538461538461539,0.8225715143524168,property,0.8547,True,0.1359,0.8547,0.0094,0.9,Philadelphia,high
39.910000000000004,-75.25,1,12,property,0.3333333333333333,0.6365141893815645,property,0.9245,True,0.0657,0.9245,0.0099,1.0,Philadelphia,high
39.910000000000004,-75.25,2,61,property,0.4426229508196721,0.7095735544720068,property,0.9413,True,0.0499,0.9413,0.0088,0.9,Philadelphia,high
39.910000000000004,-75.25,3,44,property,0.2727272727272727,0.6554817949691769,property,0.9355,True,0.0556,0.9355,0.0088,0.9,Philadelphia,high
39.910000000000004,-75.24,0,164,property,0.21951219512195122,0.9915272596507354,property,0.7285,True,0.2626,0.7285,0.0089,0.9,Philadelphia,medium
39.910000000000004,-75.24,1,147,property,0.19727891156462585,0.9576827754968793,property,0.8531,True,0.1378,0.8531,0.0091,0.9,Philadelphia,high
39.910000000000004,-75.24,2,385,property,0.35584415584415585,0.8890548892030261,property,0.945,True,0.0463,0.945,0.0087,0.9,Philadelphia,high
39.910000000000004,-75.24,3,341,property,0.3489736070381232,0.8614997093121841,property,0.9291,True,0.0621,0.9291,0.0088,0.9,Philadelphia,high
39.910000000000004,-75.23,0,68,property,0.2647058823529412,0.8914390440906842,property,0.791,True,0.1998,0.791,0.0092,0.9,Philadelphia,medium
39.910000000000004,-75.23,1,49,property,0.4897959183673469,0.7467209711939758,property,0.9358,True,0.0551,0.9358,0.0091,0.9,Philadelphia,high
39.910000000000004,-75.23,2,219,property,0.6164383561643836,0.5885918984112379,property,0.9445,True,0.0468,0.9445,0.0088,0.9,Philadelphia,high
39.910000000000004,-75.23,3,199,property,0.5125628140703518,0.7217729371536956,property,0.943,True,0.0482,0.943,0.0088,0.9,Philadelphia,high
39.910000000000004,-75.22,0,16,property,0.375,0.9002560512685369,property,0.9299,True,0.0608,0.9299,0.0093,0.9,Philadelphia,high
39.910000000000004,-75.22,1,11,property,0.09090909090909091,0.6890092595109152,property,0.9339,True,0.0567,0.9339,0.0093,0.9,Philadelphia,high
39.910000000000004,-75.22,2,57,property,0.6491228070175439,0.6486561482278372,property,0.945,True,0.0463,0.945,0.0087,0.9,Philadelphia,high
39.910000000000004,-75.22,3,57,property,0.6140350877192983,0.6095081567692039,property,0.942,True,0.0492,0.942,0.0088,0.9,Philadelphia,high
39.910000000000004,-75.21000000000001,2,4,property,1.0,4.3446531758480495e-08,property,0.9368,True,0.0544,0.9368,0.0089,0.9,Philadelphia,high
39.910000000000004,-75.2,2,3,property,0.3333333333333333,0.6365141893815645,property,0.9424,True,0.0488,0.9424,0.0087,0.9,Philadelphia,high
39.910000000000004,-75.19,0,37,property,0.6486486486486487,0.5626347162865761,property,0.7709,True,0.2187,0.7709,0.0103,1.0,Philadelphia,medium
39.910000000000004,-75.19,1,17,property,0.058823529411764705,1.073383620336505,property,0.9318,True,0.0584,0.9318,0.0098,1.0,Philadelphia,high
39.910000000000004,-75.19,2,122,property,0.6885245901639344,0.6294352541244851,property,0.9441,True,0.0471,0.9441,0.0088,0.9,Philadelphia,high
39.910000000000004,-75.19,3,87,property,0.6091954022988506,0.5819878573423161,property,0.7256,True,0.2651,0.7256,0.0092,0.9,Philadelphia,medium
39.910000000000004,-75.18,0,66,property,0.45454545454545453,0.6971114315650874,property,0.9382,True,0.053,0.9382,0.0088,0.9,Philadelphia,high
39.910000000000004,-75.18,1,27,property,0.8518518518518519,0.26405207328484254,property,0.9386,True,0.0524,0.9386,0.009,0.9,Philadelphia,high
39.910000000000004,-75.18,2,127,property,0.5748031496062992,0.6648893411157002,property,0.9452,True,0.0461,0.9452,0.0087,0.9,Philadelphia,high
39.910000000000004,-75.18,3,74,property,0.36486486486486486,0.8649711230036324,property,0.9435,True,0.0477,0.9435,0.0088,0.9,Philadelphia,high
39.910000000000004,-75.17,0,93,property,0.17204301075268819,0.9835076753019656,property,0.6873,True,0.3038,0.6873,0.0089,0.9,Philadelphia,medium
39.910000000000004,-75.17,1,32,property,0.6875,0.6019239717322895,property,0.9356,True,0.0555,0.9356,0.0089,0.9,Philadelphia,high
39.910000000000004,-75.17,2,174,property,0.8505747126436781,0.34366568083361837,property,0.9439,True,0.0474,0.9439,0.0087,0.9,Philadelphia,high
39.910000000000004,-75.17,3,160,property,0.6125,0.6661033461493047,property,0.8727,True,0.1183,0.8727,0.009,0.9,Philadelphia,high
39.910000000000004,-75.16,0,97,property,0.23711340206185566,1.0231296267033414,property,0.942,True,0.0492,0.942,0.0088,0.9,Philadelphia,high
39.910000000000004,-75.16,1,58,property,0.3275862068965517,0.9152710665575716,property,0.9291,True,0.0618,0.9291,0.0092,0.9,Philadelphia,high
39.910000000000004,-75.16,2,272,property,0.6911764705882353,0.6043116317153054,property,0.9456,True,0.0457,0.9456,0.0087,0.9,Philadelphia,high
39.910000000000004,-75.16,3,264,property,0.5037878787878788,0.7443084863810987,property,0.9433,True,0.0479,0.9433,0.0088,0.9,Philadelphia,high
39.910000000000004,-75.15,0,80,property,0.125,1.002659596347382,property,0.8634,True,0.1273,0.8634,0.0092,0.9,Philadelphia,high
39.910000000000004,-75.15,1,32,property,0.5625,0.7029189307735104,property,0.9333,True,0.0576,0.9333,0.0091,0.9,Philadelphia,high
39.910000000000004,-75.15,2,92,property,0.7391304347826086,0.5544125390693886,property,0.9449,True,0.0464,0.9449,0.0087,0.9,Philadelphia,high
39.910000000000004,-75.15,3,118,property,0.5677966101694916,0.74673971095032,property,0.9437,True,0.0476,0.9437,0.0087,0.9,Philadelphia,high
39.910000000000004,-75.14,0,12,property,0.5,0.5623351657797391,property,0.9293,True,0.0616,0.9293,0.009,0.9,Philadelphia,high
39.910000000000004,-75.14,1,9,property,0.5555555555555556,0.5297062202512142,property,0.7409,True,0.2497,0.7409,0.0094,0.9,Philadelphia,medium
39.910000000000004,-75.14,2,106,property,0.7169811320754716,0.5277961130022559,property,0.9448,True,0.0465,0.9448,0.0087,0.9,Philadelphia,high
39.910000000000004,-75.14,3,65,property,0.5692307692307692,0.5210040621201415,property,0.9363,True,0.0549,0.9363,0.0089,0.9,Philadelphia,high
39.92,-75.25,0,42,property,0.0,1.0769865220544765,property,0.9299,True,0.061,0.9299,0.0091,0.9,Philadelphia,high
39.92,-75.25,1,20,property,0.15,1.0670938948757507,property,0.8744,True,0.1147,0.8744,0.0109,1.1,Philadelphia,high
39.92,-75.25,2,56,property,0.14285714285714285,0.8899225323739497,property,0.9409,True,0.0503,0.9409,0.0088,0.9,Philadelphia,high
39.92,-75.25,3,57,property,0.19298245614035087,0.8014025333889943,property,0.9081,True,0.0829,0.9081,0.009,0.9,Philadelphia,high
39.92,-75.24,0,407,other,0.20638820638820637,0.9706466447319575,property,0.6759,False,0.3153,0.6759,0.0088,0.9,Philadelphia,medium
39.92,-75.24,1,180,property,0.011111111111111112,1.017477115985418,property,0.9218,True,0.0693,0.9218,0.0089,0.9,Philadelphia,high
39.92,-75.24,2,602,property,0.19102990033222592,0.8749330724786825,property,0.9203,True,0.0708,0.9203,0.0089,0.9,Philadelphia,high
39.92,-75.24,3,532,property,0.287593984962406,0.912227281438901,property,0.7326,True,0.2585,0.7326,0.0089,0.9,Philadelphia,medium
39.92,-75.23,0,602,other,0.3239202657807309,0.9133065339337019,property,0.6852,False,0.3059,0.6852,0.0089,0.9,Philadelphia,medium
39.92,-75.23,1,259,property,0.3088803088803089,0.9211326137927927,property,0.7005,True,0.2907,0.7005,0.0088,0.9,Philadelphia,medium
39.92,-75.23,2,795,property,0.31069182389937106,0.8950723930335976,property,0.9098,True,0.0813,0.9098,0.0089,0.9,Philadelphia,high
39.92,-75.23,3,804,property,0.11567164179104478,0.9533738175649669,property,0.7344,True,0.2565,0.7344,0.0091,0.9,Philadelphia,medium
39.92,-75.22,0,104,other,0.10576923076923077,1.018505365237728,property,0.6887,False,0.3024,0.6887,0.0089,0.9,Philadelphia,medium
39.92,-75.22,1,50,property,0.28,0.6534182158635494,property,0.8208,True,0.1695,0.8208,0.0097,1.0,Philadelphia,high
39.92,-75.22,2,312,property,0.3782051282051282,0.736839785664865,property,0.9425,True,0.0487,0.9425,0.0088,0.9,Philadelphia,high
39.92,-75.22,3,225,property,0.38222222222222224,0.827115856337745,property,0.9382,True,0.053,0.9382,0.0088,0.9,Philadelphia,high
39.92,-75.21000000000001,0,30,property,0.0,1.0549201679861442,property,0.7715,True,0.2191,0.7715,0.0094,0.9,Philadelphia,medium
39.92,-75.21000000000001,1,13,violent,0.07692307692307693,1.0123308391031733,property,0.9193,False,0.0711,0.9193,0.0096,1.0,Philadelphia,high
39.92,-75.21000000000001,2,53,property,0.5471698113207547,0.8217064902556372,property,0.9403,True,0.0509,0.9403,0.0088,0.9,Philadelphia,high
39.92,-75.21000000000001,3,56,property,0.07142857142857142,0.8982053397041498,property,0.9359,True,0.0552,0.9359,0.0089,0.9,Philadelphia,high
39.92,-75.2,0,4,property,0.0,0.6931472015900639,property,0.9299,True,0.0611,0.9299,0.009,0.9,Philadelphia,high
39.92,-75.2,2,12,property,0.6666666666666666,0.4505612301390093,property,0.9403,True,0.0509,0.9403,0.0088,0.9,Philadelphia,high
39.92,-75.2,3,6,property,0.3333333333333333,0.6365141893815645,property,0.9176,True,0.0726,0.9176,0.0098,1.0,Philadelphia,high
39.92,-75.19,0,239,property,0.5062761506276151,0.7319827074588596,property,0.88,True,0.111,0.88,0.009,0.9,Philadelphia,high
39.92,-75.19,1,86,property,0.313953488372093,0.9901932664311087,property,0.8219,True,0.1687,0.8219,0.0094,0.9,Philadelphia,high
39.92,-75.19,2,540,property,0.6444444444444445,0.6138527186872247,property,0.9453,True,0.046,0.9453,0.0087,0.9,Philadelphia,high
39.92,-75.19,3,516,property,0.5930232558139535,0.6421174973605237,property,0.9406,True,0.0506,0.9406,0.0088,0.9,Philadelphia,high
39.92,-75.18,0,232,property,0.5301724137931034,0.8272583787331417,property,0.9277,True,0.0632,0.9277,0.0091,0.9,Philadelphia,high
39.92,-75.18,1,132,property,0.5606060606060606,0.7849633206918272,property,0.9323,True,0.0588,0.9323,0.0089,0.9,Philadelphia,high
39.92,-75.18,2,486,property,0.6460905349794238,0.5585064246520319,property,0.9446,True,0.0467,0.9446,0.0088,0.9,Philadelphia,high
39.92,-75.18,3,472,property,0.6038135593220338,0.5744888874177134,property,0.9428,True,0.0484,0.9428,0.0088,0.9,Philadelphia,high
39.92,-75.17,0,316,property,0.04746835443037975,1.0092354432071877,property,0.8878,True,0.1032,0.8878,0.009,0.9,Philadelphia,high
39.92,-75.17,1,137,property,0.35766423357664234,0.805533134556909,property,0.9354,True,0.0558,0.9354,0.0088,0.9,Philadelphia,high
39.92,-75.17,2,795,property,0.4981132075471698,0.717676517270524,property,0.9449,True,0.0464,0.9449,0.0087,0.9,Philadelphia,high
39.92,-75.17,3,688,property,0.32848837209302323,0.8539498016043285,property,0.9427,True,0.0486,0.9427,0.0087,0.9,Philadelphia,high
39.92,-75.16,0,488,property,0.12704918032786885,1.072939584561783,property,0.72,True,0.271,0.72,0.0091,0.9,Philadelphia,medium
39.92,-75.16,1,233,property,0.24034334763948498,1.0410339120711354,property,0.682,True,0.3092,0.682,0.0088,0.9,Philadelphia,medium
39.92,-75.16,2,768,property,0.34375,0.8561651597318021,property,0.7475,True,0.2434,0.7475,0.0092,0.9,Philadelphia,medium
39.92,-75.16,3,735,property,0.20272108843537415,0.9494831491687294,property,0.7448,True,0.2462,0.7448,0.009,0.9,Philadelphia,medium
39.92,-75.15,0,243,property,0.2551440329218107,0.9486063046873965,property,0.9046,True,0.0865,0.9046,0.0089,0.9,Philadelphia,high
39.92,-75.15,1,109,property,0.3761467889908257,0.8260109551352286,property,0.826,True,0.1649,0.826,0.0091,0.9,Philadelphia,high
39.92,-75.15,2,575,property,0.7391304347826086,0.47484943319798506,property,0.9417,True,0.0495,0.9417,0.0088,0.9,Philadelphia,high
39.92,-75.15,3,553,property,0.5804701627486437,0.6883777090507475,property,0.9428,True,0.0484,0.9428,0.0088,0.9,Philadelphia,high
39.92,-75.14,0,118,property,0.7033898305084746,0.5503900864282096,property,0.9393,True,0.0519,0.9393,0.0088,0.9,Philadelphia,high
39.92,-75.14,1,12,property,0.6666666666666666,0.4505612301390093,property,0.9358,True,0.0552,0.9358,0.0091,0.9,Philadelphia,high
39.92,-75.14,2,247,property,0.8218623481781376,0.3003781375250451,property,0.9433,True,0.0479,0.9433,0.0088,0.9,Philadelphia,high
39.92,-75.14,3,381,property,0.8530183727034121,0.3356368420284426,property,0.942,True,0.0492,0.942,0.0088,0.9,Philadelphia,high
39.93,-75.24,0,150,other,0.3,0.9609906995692642,property,0.6906,False,0.3005,0.6906,0.0089,0.9,Philadelphia,medium
39.93,-75.24,1,66,other,0.18181818181818182,0.8620632899958061,property,0.7326,False,0.2582,0.7326,0.0092,0.9,Philadelphia,medium
39.93,-75.24,2,258,property,0.27906976744186046,0.8822440305756849,property,0.9398,True,0.0514,0.9398,0.0088,0.9,Philadelphia,high
39.93,-75.24,3,224,property,0.15178571428571427,0.9464165306639426,property,0.7855,True,0.2054,0.7855,0.0091,0.9,Philadelphia,medium
39.93,-75.23,0,529,other,0.27032136105860116,0.9493913206085309,property,0.7074,False,0.2836,0.7074,0.009,0.9,Philadelphia,medium
39.93,-75.23,1,233,other,0.04721030042918455,0.9521414693217483,property,0.7145,False,0.2764,0.7145,0.009,0.9,Philadelphia,medium
39.93,-75.23,2,739,property,0.3423545331529093,0.8662215739030883,property,0.9005,True,0.0905,0.9005,0.0091,0.9,Philadelphia,high
39.93,-75.23,3,809,property,0.1965389369592089,0.943241189546608,property,0.7233,True,0.2677,0.7233,0.0091,0.9,Philadelphia,medium
39.93,-75.22,0,249,other,0.24899598393574296,1.0078888080902946,property,0.6847,False,0.3064,0.6847,0.0089,0.9,Philadelphia,medium
39.93,-75.22,1,102,other,0.17647058823529413,1.000243884274269,property,0.7379,False,0.2531,0.7379,0.009,0.9,Philadelphia,medium
39.93,-75.22,2,374,property,0.3155080213903743,0.8869554620583869,property,0.9389,True,0.0523,0.9389,0.0088,0.9,Philadelphia,high
39.93,-75.22,3,410,property,0.12926829268292683,0.9164933740171236,property,0.889,True,0.102,0.889,0.009,0.9,Philadelphia,high
39.93,-75.21000000000001,0,15,other,0.6,0.7647544195674196,property,0.8687,False,0.1194,0.8687,0.012,1.2,Philadelphia,high
39.93,-75.21000000000001,1,4,other,1.0,4.34465315364359e-08,property,0.906,False,0.0797,0.906,0.0142,1.4,Philadelphia,high
39.93,-75.21000000000001,2,21,property,0.2857142857142857,0.9556998911125343,property,0.9175,True,0.0734,0.9175,0.0091,0.9,Philadelphia,high
39.93,-75.21000000000001,3,26,property,0.0,1.0971128947333808,property,0.8256,True,0.1633,0.8256,0.0111,1.1,Philadelphia,high
39.93,-75.2,0,63,property,0.0,1.0591961090834372,property,0.7187,True,0.2722,0.7187,0.0091,0.9,Philadelphia,medium
39.93,-75.2,1,18,property,0.0,0.6931472015900639,property,0.727,True,0.2637,0.727,0.0094,0.9,Philadelphia,medium
39.93,-75.2,2,96,property,0.10416666666666667,0.7744201529755905,property,0.9411,True,0.0501,0.9411,0.0088,0.9,Philadelphia,high
39.93,-75.2,3,65,property,0.18461538461538463,0.9409269597127585,property,0.786,True,0.2048,0.786,0.0092,0.9,Philadelphia,medium
39.93,-75.19,0,366,other,0.09016393442622951,1.0129081995756328,property,0.7147,False,0.2762,0.7147,0.0091,0.9,Philadelphia,medium
39.93,-75.19,1,130,other,0.09230769230769231,0.9323073446176218,property,0.7093,False,0.2819,0.7093,0.0088,0.9,Philadelphia,medium
39.93,-75.19,2,481,property,0.47401247401247404,0.7373978505338517,property,0.9417,True,0.0496,0.9417,0.0088,0.9,Philadelphia,high
39.93,-75.19,3,503,property,0.1610337972166998,0.9559551360591405,property,0.7714,True,0.2196,0.7714,0.009,0.9,Philadelphia,medium
39.93,-75.18,0,390,property,0.015384615384615385,1.004906936193227,property,0.6762,True,0.315,0.6762,0.0088,0.9,Philadelphia,medium
39.93,-75.18,1,175,property,0.18857142857142858,1.0201430382008894,property,0.8288,True,0.1621,0.8288,0.009,0.9,Philadelphia,high
39.93,-75.18,2,736,property,0.5421195652173914,0.693152263741095,property,0.9416,True,0.0495,0.9416,0.0088,0.9,Philadelphia,high
39.93,-75.18,3,835,property,0.2838323353293413,0.8249051958100933,property,0.9342,True,0.057,0.9342,0.0088,0.9,Philadelphia,high
39.93,-75.17,0,227,property,0.1145374449339207,1.0322490065357364,property,0.8098,True,0.1812,0.8098,0.009,0.9,Philadelphia,high
39.93,-75.17,1,122,property,0.4426229508196721,0.8725943208127193,property,0.9198,True,0.0709,0.9198,0.0093,0.9,Philadelphia,high
39.93,-75.17,2,501,property,0.4930139720558882,0.7265420770056212,property,0.9424,True,0.0488,0.9424,0.0088,0.9,Philadelphia,high
39.93,-75.17,3,559,property,0.3613595706618962,0.8053277134845918,property,0.9394,True,0.0518,0.9394,0.0088,0.9,Philadelphia,high
39.93,-75.16,0,266,property,0.4699248120300752,0.8838481071066165,property,0.6867,True,0.3045,0.6867,0.0088,0.9,Philadelphia,medium
39.93,-75.16,1,91,property,0.32967032967032966,0.9899538025026207,property,0.8463,True,0.1447,0.8463,0.009,0.9,Philadelphia,high
39.93,-75.16,2,632,property,0.6962025316455697,0.5545296059480745,property,0.9449,True,0.0464,0.9449,0.0087,0.9,Philadelphia,high
39.93,-75.16,3,612,property,0.5424836601307189,0.7668712447878874,property,0.9405,True,0.0508,0.9405,0.0088,0.9,Philadelphia,high
39.93,-75.15,0,246,property,0.4959349593495935,0.8471972410128019,property,0.6949,True,0.2962,0.6949,0.0089,0.9,Philadelphia,medium
39.93,-75.15,1,94,property,0.6063829787234043,0.7441899249164168,property,0.6949,True,0.2963,0.6949,0.0088,0.9,Philadelphia,medium
39.93,-75.15,2,502,property,0.6573705179282868,0.5769931961857515,property,0.945,True,0.0463,0.945,0.0087,0.9,Philadelphia,high
39.93,-75.15,3,501,property,0.6307385229540918,0.6284343365092364,property,0.9441,True,0.0472,0.9441,0.0087,0.9,Philadelphia,high
39.93,-75.14,0,82,property,0.5609756097560976,0.7221507649901864,property,0.9412,True,0.05,0.9412,0.0088,0.9,Philadelphia,high
39.93,-75.14,1,38,other,0.23684210526315788,0.9586114083627439,property,0.9187,False,0.0722,0.9187,0.0091,0.9,Philadelphia,high
39.93,-75.14,2,192,property,0.7083333333333334,0.462416348721849,property,0.9446,True,0.0467,0.9446,0.0087,0.9,Philadelphia,high
39.93,-75.14,3,242,property,0.5702479338842975,0.7038345009657081,property,0.9438,True,0.0475,0.9438,0.0088,0.9,Philadelphia,high
39.94,-75.25,0,8,property,0.25,1.0397207708399179,property,0.7751,True,0.2151,0.7751,0.0099,1.0,Philadelphia,medium
39.94,-75.25,2,10,property,0.2,0.6730116880595106,property,0.9245,True,0.066,0.9245,0.0095,1.0,Philadelphia,high
39.94,-75.25,3,3,other,1.0,4.34465315364359e-08,property,0.9217,False,0.0691,0.9217,0.0092,0.9,Philadelphia,high
39.94,-75.24,0,71,property,0.07042253521126761,0.9215015613038158,property,0.6861,True,0.305,0.6861,0.0089,0.9,Philadelphia,medium
39.94,-75.24,1,33,property,0.2727272727272727,1.0287593337139636,property,0.7011,True,0.2898,0.7011,0.0091,0.9,Philadelphia,medium
39.94,-75.24,2,109,property,0.10091743119266056,0.8627058334178037,property,0.9222,True,0.0688,0.9222,0.0089,0.9,Philadelphia,high
39.94,-75.24,3,134,property,0.16417910447761194,0.9176906160850957,property,0.8035,True,0.1873,0.8035,0.0092,0.9,Philadelphia,high
39.94,-75.23,0,474,other,0.3059071729957806,0.9006829542915138,property,0.6744,False,0.3168,0.6744,0.0088,0.9,Philadelphia,medium
39.94,-75.23,1,165,other,0.12121212121212122,0.9918239332374899,property,0.6897,False,0.3015,0.6897,0.0088,0.9,Philadelphia,medium
39.94,-75.23,2,633,property,0.11532385466034756,0.901835233657361,property,0.9335,True,0.0576,0.9335,0.009,0.9,Philadelphia,high
39.94,-75.23,3,682,other,0.03519061583577713,0.9387546386584829,property,0.7227,False,0.2682,0.7227,0.0091,0.9,Philadelphia,medium
39.94,-75.22,0,455,other,0.24395604395604395,0.9843414976842044,property,0.6863,False,0.3048,0.6863,0.0089,0.9,Philadelphia,medium
39.94,-75.22,1,184,other,0.11413043478260869,1.0474897704712616,property,0.7605,False,0.2302,0.7605,0.0093,0.9,Philadelphia,medium
39.94,-75.22,2,617,property,0.12965964343598055,0.9118726893808952,property,0.9195,True,0.0715,0.9195,0.0089,0.9,Philadelphia,high
39.94,-75.22,3,604,other,0.029801324503311258,0.9571893787718961,property,0.7081,False,0.283,0.7081,0.0089,0.9,Philadelphia,medium
39.94,-75.21000000000001,0,93,property,0.13978494623655913,1.0008892094811501,property,0.6939,True,0.2972,0.6939,0.0089,0.9,Philadelphia,medium
39.94,-75.21000000000001,1,28,other,0.03571428571428571,1.037814604446326,property,0.9296,False,0.0614,0.9296,0.0089,0.9,Philadelphia,high
39.94,-75.21000000000001,2,125,property,0.28,0.7715131700935739,property,0.9432,True,0.048,0.9432,0.0088,0.9,Philadelphia,high
39.94,-75.21000000000001,3,109,property,0.1926605504587156,0.9425234505089959,property,0.9348,True,0.0565,0.9348,0.0088,0.9,Philadelphia,high
39.94,-75.2,0,85,other,0.11764705882352941,1.0067171421265972,property,0.6768,False,0.3143,0.6768,0.0088,0.9,Philadelphia,medium
39.94,-75.2,1,33,property,0.6363636363636364,0.47413933430696387,property,0.698,True,0.2929,0.698,0.0091,0.9,Philadelphia,medium
39.94,-75.2,2,106,property,0.16981132075471697,0.8927182911904779,property,0.9429,True,0.0484,0.9429,0.0087,0.9,Philadelphia,high
39.94,-75.2,3,157,other,0.14012738853503184,0.8625014374478659,property,0.7614,False,0.2295,0.7614,0.009,0.9,Philadelphia,medium
39.94,-75.19,0,155,other,0.05806451612903226,0.9518289298472371,property,0.7227,False,0.2685,0.7227,0.0088,0.9,Philadelphia,medium
39.94,-75.19,1,53,property,0.32075471698113206,0.7731753277591964,property,0.9403,True,0.0509,0.9403,0.0088,0.9,Philadelphia,high
39.94,-75.19,2,359,property,0.33147632311977715,0.7857408167015897,property,0.9454,True,0.0459,0.9454,0.0087,0.9,Philadelphia,high
39.94,-75.19,3,372,property,0.23655913978494625,0.8466882302326963,property,0.9208,True,0.0704,0.9208,0.0088,0.9,Philadelphia,high
39.94,-75.18,0,218,property,0.07339449541284404,0.933139347873781,property,0.8801,True,0.111,0.8801,0.0089,0.9,Philadelphia,high
39.94,-75.18,1,92,property,0.32608695652173914,0.9005271031396125,property,0.939,True,0.0523,0.939,0.0088,0.9,Philadelphia,high
39.94,-75.18,2,455,property,0.4461538461538462,0.7025653399175766,property,0.9208,True,0.0702,0.9208,0.0089,0.9,Philadelphia,high
39.94,-75.18,3,510,property,0.3352941176470588,0.8028771798429861,property,0.9384,True,0.0528,0.9384,0.0088,0.9,Philadelphia,high
39.94,-75.17,0,349,property,0.25787965616045844,0.8752823854657255,property,0.9399,True,0.0513,0.9399,0.0088,0.9,Philadelphia,high
39.94,-75.17,1,119,other,0.12605042016806722,0.9647765318711592,property,0.9381,False,0.053,0.9381,0.0089,0.9,Philadelphia,high
39.94,-75.17,2,612,property,0.6078431372549019,0.6444984191624186,property,0.9427,True,0.0485,0.9427,0.0088,0.9,Philadelphia,high
39.94,-75.17,3,797,property,0.5846925972396487,0.6613745936383746,property,0.94,True,0.0512,0.94,0.0089,0.9,Philadelphia,high
39.94,-75.16,0,239,property,0.3723849372384937,0.9280653476620275,property,0.9374,True,0.0537,0.9374,0.0088,0.9,Philadelphia,high
39.94,-75.16,1,102,property,0.5784313725490197,0.7568367733642527,property,0.9287,True,0.0623,0.9287,0.009,0.9,Philadelphia,high
39.94,-75.16,2,643,property,0.6360808709175739,0.6298627384522777,property,0.9421,True,0.0491,0.9421,0.0088,0.9,Philadelphia,high
39.94,-75.16,3,563,property,0.5133214920071048,0.7501376897130503,property,0.9417,True,0.0495,0.9417,0.0088,0.9,Philadelphia,high
39.94,-75.15,0,254,property,0.4645669291338583,0.8261796173159375,property,0.9371,True,0.0541,0.9371,0.0088,0.9,Philadelphia,high
39.94,-75.15,1,79,property,0.4810126582278481,0.8577633912571774,property,0.9385,True,0.0526,0.9385,0.0089,0.9,Philadelphia,high
39.94,-75.15,2,711,property,0.6891701828410689,0.5126385093955941,property,0.9432,True,0.048,0.9432,0.0088,0.9,Philadelphia,high
39.94,-75.15,3,732,property,0.7172131147540983,0.519714611978543,property,0.9429,True,0.0483,0.9429,0.0088,0.9,Philadelphia,high
39.94,-75.14,0,42,property,0.3333333333333333,0.8787513508906517,property,0.7188,True,0.2723,0.7188,0.0089,0.9,Philadelphia,medium
39.94,-75.14,1,23,property,0.17391304347826086,0.9724399117161489,property,0.9085,True,0.0788,0.9085,0.0127,1.3,Philadelphia,high
39.94,-75.14,2,80,property,0.65,0.46372646107894955,property,0.9434,True,0.0478,0.9434,0.0088,0.9,Philadelphia,high
39.94,-75.14,3,87,property,0.8390804597701149,0.40365920499437424,property,0.943,True,0.0483,0.943,0.0088,0.9,Philadelphia,high
39.95,-75.25,0,54,property,0.18518518518518517,1.0465616513448108,property,0.7008,True,0.2903,0.7008,0.0089,0.9,Philadelphia,medium
39.95,-75.25,1,28,property,0.2857142857142857,0.8562779956715776,property,0.7977,True,0.1931,0.7977,0.0093,0.9,Philadelphia,medium
39.95,-75.25,2,150,property,0.18666666666666668,0.9192824980645677,property,0.9381,True,0.0531,0.9381,0.0088,0.9,Philadelphia,high
39.95,-75.25,3,122,property,0.040983606557377046,0.9797296105804523,property,0.9182,True,0.073,0.9182,0.0088,0.9,Philadelphia,high
39.95,-75.24,0,367,other,0.0681198910081744,1.0224577849923526,property,0.7204,False,0.2705,0.7204,0.0091,0.9,Philadelphia,medium
39.95,-75.24,1,184,property,0.14130434782608695,1.0022992689070538,property,0.7302,True,0.2609,0.7302,0.0089,0.9,Philadelphia,medium
39.95,-75.24,2,594,property,0.2356902356902357,0.8984939916862347,property,0.9213,True,0.0698,0.9213,0.009,0.9,Philadelphia,high
39.95,-75.24,3,771,property,0.0907911802853437,0.9827493073115857,property,0.6789,True,0.3123,0.6789,0.0088,0.9,Philadelphia,medium
39.95,-75.23,0,496,property,0.02620967741935484,1.024653476597875,property,0.688,True,0.3031,0.688,0.0089,0.9,Philadelphia,medium
39.95,-75.23,1,169,other,0.04142011834319527,0.9886524522007556,property,0.7706,False,0.2199,0.7706,0.0095,0.9,Philadelphia,medium
39.95,-75.23,2,946,property,0.4048625792811839,0.7970089215361795,property,0.9213,True,0.0698,0.9213,0.009,0.9,Philadelphia,high
39.95,-75.23,3,791,property,0.2781289506953224,0.8816107152411615,property,0.7095,True,0.2816,0.7095,0.009,0.9,Philadelphia,medium
39.95,-75.22,0,213,property,0.27699530516431925,0.9750356997444134,property,0.7323,True,0.2587,0.7323,0.0089,0.9,Philadelphia,medium
39.95,-75.22,1,75,property,0.36,0.9422163338129591,property,0.9124,True,0.0786,0.9124,0.0089,0.9,Philadelphia,high
39.95,-75.22,2,534,property,0.5786516853932584,0.6968244952326939,property,0.9408,True,0.0504,0.9408,0.0088,0.9,Philadelphia,high
39.95,-75.22,3,457,property,0.4113785557986871,0.756046892155091,property,0.9399,True,0.0513,0.9399,0.0088,0.9,Philadelphia,high
39.95,-75.21000000000001,0,220,property,0.5954545454545455,0.7497333316123682,property,0.9222,True,0.0685,0.9222,0.0093,0.9,Philadelphia,high
39.95,-75.21000000000001,1,94,property,0.6702127659574468,0.6640108876538697,property,0.8685,True,0.1225,0.8685,0.009,0.9,Philadelphia,high
39.95,-75.21000000000001,2,474,property,0.7362869198312236,0.4853881265340708,property,0.9417,True,0.0495,0.9417,0.0088,0.9,Philadelphia,high
39.95,-75.21000000000001,3,400,property,0.6375,0.6621673663070619,property,0.9434,True,0.0478,0.9434,0.0088,0.9,Philadelphia,high
39.95,-75.2,0,245,property,0.5306122448979592,0.784485748920301,property,0.9387,True,0.0525,0.9387,0.0088,0.9,Philadelphia,high
39.95,-75.2,1,80,property,0.55,0.6874357505033553,property,0.8875,True,0.1034,0.8875,0.009,0.9,Philadelphia,high
39.95,-75.2,2,337,property,0.6142433234421365,0.6105766777594079,property,0.9448,True,0.0465,0.9448,0.0087,0.9,Philadelphia,high
39.95,-75.2,3,409,property,0.6577017114914425,0.5729594101808106,property,0.9442,True,0.0471,0.9442,0.0087,0.9,Philadelphia,high
39.95,-75.19,0,209,property,0.4258373205741627,0.8511230695102756,property,0.9424,True,0.0488,0.9424,0.0088,0.9,Philadelphia,high
39.95,-75.19,1,47,other,0.02127659574468085,0.692920837746337,property,0.9301,False,0.061,0.9301,0.0088,0.9,Philadelphia,high
39.95,-75.19,2,241,property,0.5186721991701245,0.6470952108209782,property,0.9455,True,0.0458,0.9455,0.0087,0.9,Philadelphia,high
39.95,-75.19,3,363,property,0.7300275482093664,0.5167962637640667,property,0.9439,True,0.0473,0.9439,0.0088,0.9,Philadelphia,high
39.95,-75.18,0,358,property,0.29329608938547486,0.8797743502429118,property,0.9367,True,0.0544,0.9367,0.0088,0.9,Philadelphia,high
39.95,-75.18,1,240,property,0.35,0.8084390608126987,property,0.8866,True,0.1045,0.8866,0.0089,0.9,Philadelphia,high
39.95,-75.18,2,643,property,0.4618973561430793,0.7111128719590099,property,0.9442,True,0.047,0.9442,0.0088,0.9,Philadelphia,high
39.95,-75.18,3,625,property,0.4448,0.7478386310844347,property,0.9406,True,0.0505,0.9406,0.0088,0.9,Philadelphia,high
39.95,-75.17,0,847,property,0.27863046044864226,0.905582266028162,property,0.9258,True,0.0652,0.9258,0.009,0.9,Philadelphia,high
39.95,-75.17,1,359,property,0.2785515320334262,0.8929747440899616,property,0.9378,True,0.0534,0.9378,0.0088,0.9,Philadelphia,high
39.95,-75.17,2,2087,property,0.6454240536655487,0.6200415448727357,property,0.9417,True,0.0495,0.9417,0.0088,0.9,Philadelphia,high
39.95,-75.17,3,2836,property,0.5987306064880112,0.6759096800032478,property,0.9399,True,0.0512,0.9399,0.0088,0.9,Philadelphia,high
39.95,-75.16,0,1257,property,0.27684964200477324,0.9442231837365531,property,0.8103,True,0.1805,0.8103,0.0092,0.9,Philadelphia,high
39.95,-75.16,1,659,property,0.18361153262518967,1.0024797900952165,property,0.8527,True,0.1379,0.8527,0.0094,0.9,Philadelphia,high
39.95,-75.16,2,2781,property,0.48399856166846456,0.7436796959395664,property,0.9417,True,0.0495,0.9417,0.0088,0.9,Philadelphia,high
39.95,-75.16,3,3314,property,0.4351237175618588,0.7880827975944648,property,0.9385,True,0.0526,0.9385,0.0089,0.9,Philadelphia,high
39.95,-75.15,0,229,property,0.36681222707423583,0.8844395385150469,property,0.9385,True,0.0527,0.9385,0.0088,0.9,Philadelphia,high
39.95,-75.15,1,148,property,0.24324324324324326,0.9448649807261329,property,0.9403,True,0.051,0.9403,0.0087,0.9,Philadelphia,high
39.95,-75.15,2,674,property,0.27002967359050445,0.768111134276592,property,0.9434,True,0.0478,0.9434,0.0088,0.9,Philadelphia,high
39.95,-75.15,3,692,property,0.37427745664739887,0.8222303542412783,property,0.9412,True,0.05,0.9412,0.0088,0.9,Philadelphia,high
39.95,-75.14,0,201,property,0.208955223880597,0.9800241274608263,property,0.9371,True,0.0541,0.9371,0.0088,0.9,Philadelphia,high
39.95,-75.14,1,87,property,0.28735632183908044,0.9226958406380367,property,0.9343,True,0.0568,0.9343,0.0089,0.9,Philadelphia,high
39.95,-75.14,2,405,property,0.26666666666666666,0.7474814710871596,property,0.9452,True,0.0461,0.9452,0.0087,0.9,Philadelphia,high
39.95,-75.14,3,359,property,0.3565459610027855,0.79470393285111,property,0.9394,True,0.0517,0.9394,0.0089,0.9,Philadelphia,high
39.96,-75.25,0,89,other,0.3146067415730337,0.9989902303638819,property,0.7112,False,0.2798,0.7112,0.009,0.9,Philadelphia,medium
39.96,-75.25,1,59,property,0.06779661016949153,1.0906673689991349,property,0.6873,True,0.3038,0.6873,0.0088,0.9,Philadelphia,medium
39.96,-75.25,2,221,property,0.416289592760181,0.8962263101612734,property,0.9366,True,0.0545,0.9366,0.0088,0.9,Philadelphia,high
39.96,-75.25,3,233,property,0.1888412017167382,0.9620744021556455,property,0.9265,True,0.0646,0.9265,0.0088,0.9,Philadelphia,high
39.96,-75.24,0,634,other,0.27917981072555204,0.9849062010258323,property,0.7002,False,0.2908,0.7002,0.009,0.9,Philadelphia,medium
39.96,-75.24,1,183,other,0.03278688524590164,1.0797758491115603,property,0.6986,False,0.2925,0.6986,0.009,0.9,Philadelphia,medium
39.96,-75.24,2,889,property,0.11361079865016872,0.9685500627266145,property,0.7373,True,0.2536,0.7373,0.0091,0.9,Philadelphia,medium
39.96,-75.24,3,901,other,0.01997780244173141,1.0114759518146816,property,0.7341,False,0.2567,0.7341,0.0092,0.9,Philadelphia,medium
39.96,-75.23,0,687,other,0.2867540029112082,0.9551225548373172,property,0.6774,False,0.3137,0.6774,0.0089,0.9,Philadelphia,medium
39.96,-75.23,1,253,other,0.019762845849802372,1.0530153031724432,property,0.6608,False,0.3305,0.6608,0.0087,0.9,Philadelphia,medium
39.96,-75.23,2,1002,property,0.22854291417165667,0.9401300323710051,property,0.8992,True,0.0918,0.8992,0.009,0.9,Philadelphia,high
39.96,-75.23,3,1057,property,0.03500473036896878,0.9597042738531361,property,0.689,True,0.3021,0.689,0.0088,0.9,Philadelphia,medium
39.96,-75.22,0,445,other,0.10786516853932585,0.9909970005615232,property,0.7268,False,0.264,0.7268,0.0093,0.9,Philadelphia,medium
39.96,-75.22,1,167,other,0.17964071856287425,1.0041238880360384,property,0.7689,False,0.2219,0.7689,0.0092,0.9,Philadelphia,medium
39.96,-75.22,2,835,property,0.2970059880239521,0.8873693571163631,property,0.9085,True,0.0825,0.9085,0.009,0.9,Philadelphia,high
39.96,-75.22,3,865,property,0.09364161849710982,0.9533432191779984,property,0.7281,True,0.2628,0.7281,0.009,0.9,Philadelphia,medium
39.96,-75.21000000000001,0,358,property,0.4329608938547486,0.8208583166015688,property,0.722,True,0.2688,0.722,0.0092,0.9,Philadelphia,medium
39.96,-75.21000000000001,1,91,property,0.01098901098901099,1.0673594031363087,property,0.8755,True,0.1154,0.8755,0.009,0.9,Philadelphia,high
39.96,-75.21000000000001,2,517,property,0.6112185686653772,0.7150262987501251,property,0.9096,True,0.0815,0.9096,0.0089,0.9,Philadelphia,high
39.96,-75.21000000000001,3,694,property,0.5043227665706052,0.7524375175688435,property,0.743,True,0.2479,0.743,0.009,0.9,Philadelphia,medium
39.96,-75.2,0,513,other,0.06627680311890838,1.0093988474583226,property,0.7032,False,0.2877,0.7032,0.0091,0.9,Philadelphia,medium
39.96,-75.2,1,166,property,0.060240963855421686,1.0759191333672358,property,0.6998,True,0.2914,0.6998,0.0088,0.9,Philadelphia,medium
39.96,-75.2,2,833,property,0.5234093637454982,0.7434120225736902,property,0.9049,True,0.0862,0.9049,0.0089,0.9,Philadelphia,high
39.96,-75.2,3,826,property,0.32324455205811137,0.860314541183011,property,0.7705,True,0.2203,0.7705,0.0092,0.9,Philadelphia,medium
39.96,-75.19,0,272,property,0.23529411764705882,0.8875473667488645,property,0.941,True,0.0502,0.941,0.0088,0.9,Philadelphia,high
39.96,-75.19,1,135,property,0.2222222222222222,0.9368883075390159,property,0.9337,True,0.0574,0.9337,0.0089,0.9,Philadelphia,high
39.96,-75.19,2,440,property,0.4681818181818182,0.7458321714972331,property,0.945,True,0.0463,0.945,0.0087,0.9,Philadelphia,high
39.96,-75.19,3,504,property,0.6170634920634921,0.6803944904578764,property,0.943,True,0.0482,0.943,0.0088,0.9,Philadelphia,high
39.96,-75.18,0,47,property,0.5319148936170213,0.8124701830462104,property,0.937,True,0.0541,0.937,0.0089,0.9,Philadelphia,high
39.96,-75.18,1,43,property,0.20930232558139536,1.045393094307787,property,0.9325,True,0.0583,0.9325,0.0092,0.9,Philadelphia,high
39.96,-75.18,2,182,property,0.7142857142857143,0.596978429908392,property,0.8792,True,0.1117,0.8792,0.009,0.9,Philadelphia,high
39.96,-75.18,3,182,property,0.6153846153846154,0.6034175615608411,property,0.8098,True,0.1811,0.8098,0.0091,0.9,Philadelphia,high
39.96,-75.17,0,302,property,0.38079470198675497,0.8783181483667188,property,0.9424,True,0.0488,0.9424,0.0088,0.9,Philadelphia,high
39.96,-75.17,1,171,property,0.4853801169590643,0.7654190542554999,property,0.9298,True,0.0614,0.9298,0.0088,0.9,Philadelphia,high
39.96,-75.17,2,605,property,0.4859504132231405,0.7359622390909437,property,0.943,True,0.0482,0.943,0.0088,0.9,Philadelphia,high
39.96,-75.17,3,596,property,0.46308724832214765,0.7600974409593982,property,0.942,True,0.0492,0.942,0.0088,0.9,Philadelphia,high
39.96,-75.16,0,458,property,0.1615720524017467,0.947519450672584,property,0.9341,True,0.057,0.9341,0.0088,0.9,Philadelphia,high
39.96,-75.16,1,331,property,0.08157099697885196,0.9401670276997318,property,0.9356,True,0.0555,0.9356,0.0089,0.9,Philadelphia,high
39.96,-75.16,2,1068,property,0.3951310861423221,0.7434019446104627,property,0.9421,True,0.0492,0.9421,0.0088,0.9,Philadelphia,high
39.96,-75.16,3,950,property,0.19263157894736843,0.9050510763773021,property,0.9397,True,0.0515,0.9397,0.0088,0.9,Philadelphia,high
39.96,-75.15,0,221,property,0.38009049773755654,0.883585645100667,property,0.6845,True,0.3067,0.6845,0.0088,0.9,Philadelphia,medium
39.96,-75.15,1,101,property,0.22772277227722773,0.9690445099898657,property,0.8711,True,0.12,0.8711,0.0088,0.9,Philadelphia,high
39.96,-75.15,2,462,property,0.5909090909090909,0.5848590028482094,property,0.9433,True,0.0479,0.9433,0.0088,0.9,Philadelphia,high
39.96,-75.15,3,482,property,0.529045643153527,0.7047606949510254,property,0.9408,True,0.0503,0.9408,0.0088,0.9,Philadelphia,high
39.96,-75.14,0,252,property,0.5912698412698413,0.7154370254576103,property,0.9418,True,0.0494,0.9418,0.0088,0.9,Philadelphia,high
39.96,-75.14,1,191,property,0.7172774869109948,0.4544823962079876,property,0.7531,True,0.2381,0.7531,0.0089,0.9,Philadelphia,medium
39.96,-75.14,2,502,property,0.8027888446215139,0.42782883024204776,property,0.945,True,0.0462,0.945,0.0087,0.9,Philadelphia,high
39.96,-75.14,3,433,property,0.6697459584295612,0.5930604962628068,property,0.9439,True,0.0473,0.9439,0.0087,0.9,Philadelphia,high
39.96,-75.13,0,49,property,0.14285714285714285,0.9683683781268652,property,0.8084,True,0.181,0.8084,0.0105,1.1,Philadelphia,high
39.96,-75.13,1,50,property,0.56,0.7841675867636065,property,0.9366,True,0.0544,0.9366,0.009,0.9,Philadelphia,high
39.96,-75.13,2,26,property,0.6153846153846154,0.6870920273799715,property,0.9415,True,0.0497,0.9415,0.0089,0.9,Philadelphia,high
39.96,-75.13,3,39,property,0.4358974358974359,0.7558759878430508,property,0.9392,True,0.0519,0.9392,0.0089,0.9,Philadelphia,high
39.97,-75.27,0,48,property,0.25,0.8044822550811552,property,0.7625,True,0.2282,0.7625,0.0093,0.9,Philadelphia,medium
39.97,-75.27,1,22,other,0.22727272727272727,0.9666748303197921,property,0.876,False,0.1145,0.876,0.0094,0.9,Philadelphia,high
39.97,-75.27,2,73,property,0.4794520547945205,0.7401241307419602,property,0.9369,True,0.0543,0.9369,0.0088,0.9,Philadelphia,high
39.97,-75.27,3,91,property,0.45054945054945056,0.6757522665972127,property,0.9361,True,0.0551,0.9361,0.0088,0.9,Philadelphia,high
39.97,-75.26,0,50,other,0.2,0.6730116880595106,property,0.6954,False,0.2958,0.6954,0.0089,0.9,Philadelphia,medium
39.97,-75.26,1,30,property,0.3333333333333333,0.6365141893815645,property,0.9039,True,0.0859,0.9039,0.0103,1.0,Philadelphia,high
39.97,-75.26,2,72,property,0.4166666666666667,0.7740451099040742,property,0.9429,True,0.0483,0.9429,0.0087,0.9,Philadelphia,high
39.97,-75.26,3,80,property,0.2875,1.021141569971054,property,0.9077,True,0.0835,0.9077,0.0088,0.9,Philadelphia,high
39.97,-75.25,0,302,property,0.11589403973509933,0.9548345039034614,property,0.6947,True,0.2963,0.6947,0.0089,0.9,Philadelphia,medium
39.97,-75.25,1,85,property,0.03529411764705882,0.8496370728263489,property,0.7117,True,0.2793,0.7117,0.009,0.9,Philadelphia,medium
39.97,-75.25,2,658,property,0.40577507598784196,0.8037943876639264,property,0.9309,True,0.0602,0.9309,0.0089,0.9,Philadelphia,high
39.97,-75.25,3,612,property,0.24019607843137256,0.8673785565814047,property,0.9096,True,0.0815,0.9096,0.0089,0.9,Philadelphia,high
39.97,-75.24,0,568,other,0.272887323943662,0.9669463962683154,property,0.7013,False,0.2897,0.7013,0.009,0.9,Philadelphia,medium
39.97,-75.24,1,195,other,0.12307692307692308,1.0118817133541311,property,0.7114,False,0.2798,0.7114,0.0089,0.9,Philadelphia,medium
39.97,-75.24,2,856,property,0.005841121495327103,0.909221020871833,property,0.8413,True,0.1495,0.8413,0.0092,0.9,Philadelphia,high
39.97,-75.24,3,974,other,0.11909650924024641,0.950893734872875,property,0.7203,False,0.2706,0.7203,0.0091,0.9,Philadelphia,medium
39.97,-75.23,0,523,other,0.0841300191204589,1.0304168019518636,property,0.6965,False,0.2946,0.6965,0.0089,0.9,Philadelphia,medium
39.97,-75.23,1,275,other,0.09454545454545454,1.0586486616313187,property,0.7449,False,0.2461,0.7449,0.009,0.9,Philadelphia,medium
39.97,-75.23,2,1061,property,0.20735155513666353,0.8797110857898969,property,0.8252,True,0.1656,0.8252,0.0091,0.9,Philadelphia,high
39.97,-75.23,3,1130,property,0.020353982300884955,0.9202280929865178,property,0.7274,True,0.2636,0.7274,0.009,0.9,Philadelphia,medium
39.97,-75.22,0,378,other,0.20105820105820105,0.9686435463541461,property,0.7529,False,0.2377,0.7529,0.0094,0.9,Philadelphia,medium
39.97,-75.22,1,128,other,0.0859375,1.0350068353380897,property,0.6954,False,0.2956,0.6954,0.0089,0.9,Philadelphia,medium
39.97,-75.22,2,533,property,0.054409005628517824,0.9600952896439354,property,0.7292,True,0.2618,0.7292,0.009,0.9,Philadelphia,medium
39.97,-75.22,3,614,other,0.006514657980456026,0.989754055552429,property,0.7283,False,0.2625,0.7283,0.0092,0.9,Philadelphia,medium
39.97,-75.21000000000001,0,453,other,0.30022075055187636,0.9680826783062852,property,0.7523,False,0.2384,0.7523,0.0093,0.9,Philadelphia,medium
39.97,-75.21000000000001,1,179,other,0.13966480446927373,1.017261450278693,property,0.7074,False,0.2836,0.7074,0.009,0.9,Philadelphia,medium
39.97,-75.21000000000001,2,533,property,0.17073170731707318,0.9696611898135368,property,0.7225,True,0.2684,0.7225,0.009,0.9,Philadelphia,medium
39.97,-75.21000000000001,3,571,property,0.03852889667250438,0.9771388586845633,property,0.7044,True,0.2866,0.7044,0.009,0.9,Philadelphia,medium
39.97,-75.2,0,306,other,0.27124183006535946,0.998723449727305,property,0.7024,False,0.2886,0.7024,0.009,0.9,Philadelphia,medium
39.97,-75.2,1,153,other,0.2679738562091503,0.9974469364256067,property,0.6722,False,0.319,0.6722,0.0088,0.9,Philadelphia,medium
39.97,-75.2,2,378,property,0.10846560846560846,0.9224238380649032,property,0.9215,True,0.0697,0.9215,0.0088,0.9,Philadelphia,high
39.97,-75.2,3,415,other,0.05542168674698795,0.9096843134950069,property,0.7027,False,0.2883,0.7027,0.009,0.9,Philadelphia,medium
39.97,-75.19,0,57,property,0.2631578947368421,1.017164350924834,property,0.7439,True,0.2474,0.7439,0.0088,0.9,Philadelphia,medium
39.97,-75.19,1,36,other,0.08333333333333333,1.0918384213400607,property,0.6934,False,0.2977,0.6934,0.0089,0.9,Philadelphia,medium
39.97,-75.19,2,153,property,0.5816993464052288,0.6425756888961967,property,0.946,True,0.0453,0.946,0.0087,0.9,Philadelphia,high
39.97,-75.19,3,147,property,0.5034013605442177,0.7387107224148155,property,0.9406,True,0.0507,0.9406,0.0087,0.9,Philadelphia,high
39.97,-75.18,0,314,property,0.5796178343949044,0.6690730630751108,property,0.9387,True,0.0525,0.9387,0.0088,0.9,Philadelphia,high
39.97,-75.18,1,156,property,0.5641025641025641,0.7259004415399216,property,0.9408,True,0.0505,0.9408,0.0088,0.9,Philadelphia,high
39.97,-75.18,2,791,property,0.8065739570164349,0.38132650515626487,property,0.9454,True,0.0459,0.9454,0.0087,0.9,Philadelphia,high
39.97,-75.18,3,689,property,0.7053701015965167,0.5078239789570943,property,0.9444,True,0.0469,0.9444,0.0087,0.9,Philadelphia,high
39.97,-75.17,0,430,property,0.6139534883720931,0.6529542985488143,property,0.9327,True,0.0584,0.9327,0.0088,0.9,Philadelphia,high
39.97,-75.17,1,141,property,0.6028368794326241,0.7434981755309606,property,0.9429,True,0.0483,0.9429,0.0088,0.9,Philadelphia,high
39.97,-75.17,2,766,property,0.7610966057441253,0.4935409127488475,property,0.9425,True,0.0487,0.9425,0.0088,0.9,Philadelphia,high
39.97,-75.17,3,646,property,0.6346749226006192,0.5836911547254691,property,0.9444,True,0.0468,0.9444,0.0087,0.9,Philadelphia,high
39.97,-75.16,0,580,property,0.15,1.0295229645172637,property,0.6947,True,0.2966,0.6947,0.0088,0.9,Philadelphia,medium
39.97,-75.16,1,255,property,0.16470588235294117,1.0064000314549388,property,0.9365,True,0.0547,0.9365,0.0088,0.9,Philadelphia,high
39.97,-75.16,2,1045,property,0.4430622009569378,0.7722418911014761,property,0.9444,True,0.0469,0.9444,0.0087,0.9,Philadelphia,high
39.97,-75.16,3,944,property,0.22033898305084745,0.8717561429894961,property,0.9392,True,0.052,0.9392,0.0088,0.9,Philadelphia,high
39.97,-75.15,0,273,property,0.15018315018315018,1.016212490074435,property,0.7152,True,0.2757,0.7152,0.0091,0.9,Philadelphia,medium
39.97,-75.15,1,154,property,0.4805194805194805,0.818838885392156,property,0.9391,True,0.0521,0.9391,0.0088,0.9,Philadelphia,high
39.97,-75.15,2,562,property,0.400355871886121,0.8016148096424833,property,0.9447,True,0.0466,0.9447,0.0087,0.9,Philadelphia,high
39.97,-75.15,3,549,property,0.3151183970856102,0.8676831043413074,property,0.9393,True,0.052,0.9393,0.0087,0.9,Philadelphia,high
39.97,-75.14,0,425,property,0.5694117647058824,0.7817293984050088,property,0.9386,True,0.0525,0.9386,0.0089,0.9,Philadelphia,high
39.97,-75.14,1,198,property,0.4898989898989899,0.7721948228326214,property,0.9427,True,0.0485,0.9427,0.0088,0.9,Philadelphia,high
39.97,-75.14,2,962,property,0.7027027027027027,0.5163018882871965,property,0.9428,True,0.0484,0.9428,0.0088,0.9,Philadelphia,high
39.97,-75.14,3,870,property,0.6689655172413793,0.5933090154861487,property,0.942,True,0.0492,0.942,0.0088,0.9,Philadelphia,high
39.97,-75.13,0,185,property,0.2918918918918919,0.8313604475049161,property,0.9292,True,0.0619,0.9292,0.0089,0.9,Philadelphia,high
39.97,-75.13,1,116,property,0.3620689655172414,0.8533297021698106,property,0.9351,True,0.056,0.9351,0.0089,0.9,Philadelphia,high
39.97,-75.13,2,514,property,0.6439688715953308,0.5137353175858173,property,0.9446,True,0.0466,0.9446,0.0088,0.9,Philadelphia,high
39.97,-75.13,3,409,property,0.5012224938875306,0.71553021769563,property,0.9432,True,0.048,0.9432,0.0088,0.9,Philadelphia,high
39.97,-75.12,0,33,other,0.2727272727272727,0.8396048998609715,property,0.8683,False,0.1225,0.8683,0.0093,0.9,Philadelphia,high
39.97,-75.12,1,34,property,0.11764705882352941,0.6862107332798189,property,0.7466,True,0.244,0.7466,0.0094,0.9,Philadelphia,medium
39.97,-75.12,2,96,property,0.625,0.6159905783211985,property,0.945,True,0.0463,0.945,0.0087,0.9,Philadelphia,high
39.97,-75.12,3,70,property,0.22857142857142856,0.844587702034199,property,0.9446,True,0.0467,0.9446,0.0087,0.9,Philadelphia,high
39.980000000000004,-75.27,0,137,property,0.145985401459854,0.9506806954966858,property,0.7271,True,0.2639,0.7271,0.009,0.9,Philadelphia,medium
39.980000000000004,-75.27,1,46,property,0.17391304347826086,0.9724399117161489,property,0.887,True,0.1002,0.887,0.0128,1.3,Philadelphia,high
39.980000000000004,-75.27,2,254,property,0.5551181102362205,0.6864298706590343,property,0.9448,True,0.0465,0.9448,0.0087,0.9,Philadelphia,high
39.980000000000004,-75.27,3,309,property,0.3948220064724919,0.7546156890964695,property,0.94,True,0.0513,0.94,0.0087,0.9,Philadelphia,high
39.980000000000004,-75.26,0,40,property,0.0,0.6931472015900639,property,0.6829,True,0.3083,0.6829,0.0088,0.9,Philadelphia,medium
39.980000000000004,-75.26,1,12,property,0.3333333333333333,0.6365141893815645,property,0.7481,True,0.2423,0.7481,0.0097,1.0,Philadelphia,medium
39.980000000000004,-75.26,2,90,property,0.37777777777777777,0.7674056573706636,property,0.9436,True,0.0477,0.9436,0.0087,0.9,Philadelphia,high
39.980000000000004,-75.26,3,81,property,0.04938271604938271,0.8807571853990077,property,0.9424,True,0.0489,0.9424,0.0087,0.9,Philadelphia,high
39.980000000000004,-75.25,0,222,property,0.04954954954954955,0.9887718813423843,property,0.6787,True,0.3126,0.6787,0.0087,0.9,Philadelphia,medium
39.980000000000004,-75.25,1,89,property,0.3258426966292135,0.9546156624600243,property,0.9281,True,0.0628,0.9281,0.0091,0.9,Philadelphia,high
39.980000000000004,-75.25,2,403,property,0.31017369727047145,0.8254844975261607,property,0.9452,True,0.0461,0.9452,0.0087,0.9,Philadelphia,high
39.980000000000004,-75.25,3,436,property,0.09174311926605505,0.9523160375633444,property,0.9357,True,0.0555,0.9357,0.0088,0.9,Philadelphia,high
39.980000000000004,-75.24,0,232,other,0.1724137931034483,0.9107027456974837,property,0.7423,False,0.2486,0.7423,0.0091,0.9,Philadelphia,medium
39.980000000000004,-75.24,1,89,property,0.2247191011235955,0.9523709576219093,property,0.7986,True,0.1923,0.7986,0.0091,0.9,Philadelphia,medium
39.980000000000004,-75.24,2,440,property,0.19545454545454546,0.8907846675629363,property,0.942,True,0.0493,0.942,0.0087,0.9,Philadelphia,high
39.980000000000004,-75.24,3,458,other,0.056768558951965066,0.9342687585175573,property,0.8277,False,0.1634,0.8277,0.009,0.9,Philadelphia,high
39.980000000000004,-75.23,0,326,property,0.06441717791411043,0.9893136590268057,property,0.7118,True,0.2792,0.7118,0.009,0.9,Philadelphia,medium
39.980000000000004,-75.23,1,133,other,0.06015037593984962,1.0021301978683943,property,0.7986,False,0.1921,0.7986,0.0093,0.9,Philadelphia,medium
39.980000000000004,-75.23,2,638,property,0.30094043887147337,0.9152920550576374,property,0.8291,True,0.1618,0.8291,0.009,0.9,Philadelphia,high
39.980000000000004,-75.23,3,677,property,0.2688330871491876,0.8931562998370797,property,0.7731,True,0.218,0.7731,0.0089,0.9,Philadelphia,medium
39.980000000000004,-75.22,0,147,property,0.46258503401360546,0.786212635807803,property,0.9375,True,0.0537,0.9375,0.0088,0.9,Philadelphia,high
39.980000000000004,-75.22,1,14,property,0.14285714285714285,0.9922819748525737,property,0.8146,True,0.1762,0.8146,0.0092,0.9,Philadelphia,high
39.980000000000004,-75.22,2,476,property,0.523109243697479,0.7011330677652751,property,0.9441,True,0.0472,0.9441,0.0087,0.9,Philadelphia,high
39.980000000000004,-75.22,3,470,property,0.5829787234042553,0.7049700252802964,property,0.9385,True,0.0526,0.9385,0.0089,0.9,Philadelphia,high
39.980000000000004,-75.21000000000001,0,45,property,0.022222222222222223,1.0878863519425825,property,0.935,True,0.0562,0.935,0.0088,0.9,Philadelphia,high
39.980000000000004,-75.21000000000001,1,42,property,0.14285714285714285,1.0789922078775833,property,0.8754,True,0.1151,0.8754,0.0095,1.0,Philadelphia,high
39.980000000000004,-75.21000000000001,2,132,property,0.4393939393939394,0.8001332093344349,property,0.9425,True,0.0488,0.9425,0.0087,0.9,Philadelphia,high
39.980000000000004,-75.21000000000001,3,97,property,0.26804123711340205,0.8630551584552306,property,0.9435,True,0.0477,0.9435,0.0088,0.9,Philadelphia,high
39.980000000000004,-75.2,0,11,other,0.18181818181818182,0.9164648855394713,property,0.8826,False,0.1078,0.8826,0.0096,1.0,Philadelphia,high
39.980000000000004,-75.2,2,19,property,0.6842105263157895,0.6605788876520756,property,0.9392,True,0.0519,0.9392,0.0089,0.9,Philadelphia,high
39.980000000000004,-75.2,3,26,property,0.6923076923076923,0.6189772142016319,property,0.937,True,0.0541,0.937,0.0089,0.9,Philadelphia,high
39.980000000000004,-75.19,0,130,property,0.33076923076923076,0.806455068493565,property,0.9374,True,0.0538,0.9374,0.0088,0.9,Philadelphia,high
39.980000000000004,-75.19,1,39,property,0.5641025641025641,0.7892161932464531,property,0.9348,True,0.0562,0.9348,0.009,0.9,Philadelphia,high
39.980000000000004,-75.19,2,314,property,0.7356687898089171,0.5036002420290537,property,0.945,True,0.0463,0.945,0.0087,0.9,Philadelphia,high
39.980000000000004,-75.19,3,306,property,0.6830065359477124,0.5398370439899883,property,0.9408,True,0.0504,0.9408,0.0088,0.9,Philadelphia,high
39.980000000000004,-75.18,0,505,property,0.0019801980198019802,1.0278787090437622,property,0.7598,True,0.2311,0.7598,0.0091,0.9,Philadelphia,medium
39.980000000000004,-75.18,1,195,property,0.08205128205128205,1.0169108889951726,property,0.9002,True,0.0908,0.9002,0.009,0.9,Philadelphia,high
39.980000000000004,-75.18,2,903,property,0.2513842746400886,0.861363784439345,property,0.9421,True,0.0491,0.9421,0.0088,0.9,Philadelphia,high
39.980000000000004,-75.18,3,818,property,0.21882640586797067,0.9379326922418926,property,0.92,True,0.0712,0.92,0.0088,0.9,Philadelphia,high
39.980000000000004,-75.17,0,501,other,0.08582834331337326,1.0209962040424825,property,0.7259,False,0.2649,0.7259,0.0092,0.9,Philadelphia,medium
39.980000000000004,-75.17,1,203,property,0.12315270935960591,0.9525985492717205,property,0.8581,True,0.1327,0.8581,0.0091,0.9,Philadelphia,high
39.980000000000004,-75.17,2,840,property,0.17261904761904762,0.9156824318891983,property,0.9406,True,0.0506,0.9406,0.0088,0.9,Philadelphia,high
39.980000000000004,-75.17,3,838,other,0.02028639618138425,0.9243567971328006,property,0.7261,False,0.2651,0.7261,0.0089,0.9,Philadelphia,medium
39.980000000000004,-75.16,0,827,other,0.09915356711003627,0.9969778805094188,property,0.9207,False,0.0703,0.9207,0.009,0.9,Philadelphia,high
39.980000000000004,-75.16,1,286,property,0.22377622377622378,1.004697014093813,property,0.8979,True,0.0932,0.8979,0.0089,0.9,Philadelphia,high
39.980000000000004,-75.16,2,907,property,0.2844542447629548,0.8725833340845929,property,0.9409,True,0.0502,0.9409,0.0088,0.9,Philadelphia,high
39.980000000000004,-75.16,3,1321,property,0.2218016654049962,0.9120561121589909,property,0.9398,True,0.0513,0.9398,0.0089,0.9,Philadelphia,high
39.980000000000004,-75.15,0,359,property,0.181058495821727,0.9810688255894703,property,0.9256,True,0.0654,0.9256,0.009,0.9,Philadelphia,high
39.980000000000004,-75.15,1,122,property,0.19672131147540983,1.0022912297102844,property,0.9251,True,0.0661,0.9251,0.0088,0.9,Philadelphia,high
39.980000000000004,-75.15,2,590,property,0.5169491525423728,0.691941354349751,property,0.9428,True,0.0484,0.9428,0.0088,0.9,Philadelphia,high
39.980000000000004,-75.15,3,609,property,0.3563218390804598,0.8834879336845101,property,0.9418,True,0.0494,0.9418,0.0088,0.9,Philadelphia,high
39.980000000000004,-75.14,0,314,property,0.01910828025477707,0.9418955629591639,property,0.9323,True,0.0589,0.9323,0.0088,0.9,Philadelphia,high
39.980000000000004,-75.14,1,197,property,0.2182741116751269,0.8743900583188858,property,0.9392,True,0.0521,0.9392,0.0088,0.9,Philadelphia,high
39.980000000000004,-75.14,2,481,property,0.604989604989605,0.6565112643024962,property,0.9442,True,0.047,0.9442,0.0088,0.9,Philadelphia,high
39.980000000000004,-75.14,3,530,property,0.47735849056603774,0.7996720003418032,property,0.9428,True,0.0485,0.9428,0.0087,0.9,Philadelphia,high
39.980000000000004,-75.13,0,240,property,0.15,0.9483957397690471,property,0.9335,True,0.0576,0.9335,0.0088,0.9,Philadelphia,high
39.980000000000004,-75.13,1,155,property,0.432258064516129,0.8614180153111428,property,0.9443,True,0.047,0.9443,0.0087,0.9,Philadelphia,high
39.980000000000004,-75.13,2,634,property,0.7287066246056783,0.5026510290430919,property,0.9431,True,0.0481,0.9431,0.0088,0.9,Philadelphia,high
39.980000000000004,-75.13,3,548,property,0.5018248175182481,0.7962807698746119,property,0.9421,True,0.0491,0.9421,0.0088,0.9,Philadelphia,high
39.980000000000004,-75.12,0,259,property,0.38996138996138996,0.8130217808210013,property,0.9381,True,0.053,0.9381,0.0088,0.9,Philadelphia,high
39.980000000000004,-75.12,1,127,property,0.6062992125984252,0.6970417217668716,property,0.9428,True,0.0484,0.9428,0.0088,0.9,Philadelphia,high
39.980000000000004,-75.12,2,639,property,0.6651017214397497,0.5598041550651007,property,0.9451,True,0.0461,0.9451,0.0087,0.9,Philadelphia,high
39.980000000000004,-75.12,3,480,property,0.6333333333333333,0.6265483917688621,property,0.9447,True,0.0466,0.9447,0.0087,0.9,Philadelphia,high
39.980000000000004,-75.11,0,154,property,0.09090909090909091,0.9681110058426795,property,0.7086,True,0.2825,0.7086,0.0088,0.9,Philadelphia,medium
39.980000000000004,-75.11,1,92,property,0.40217391304347827,0.8809788904718395,property,0.9399,True,0.0513,0.9399,0.0088,0.9,Philadelphia,high
39.980000000000004,-75.11,2,265,property,0.35094339622641507,0.7621756579796711,property,0.9455,True,0.0457,0.9455,0.0087,0.9,Philadelphia,high
39.980000000000004,-75.11,3,244,property,0.4057377049180328,0.8203139848240414,property,0.9391,True,0.0521,0.9391,0.0087,0.9,Philadelphia,high
39.980000000000004,-75.10000000000001,0,69,property,0.2753623188405797,1.008346257864203,property,0.886,True,0.1052,0.886,0.0089,0.9,Philadelphia,high
39.980000000000004,-75.10000000000001,1,76,property,0.5526315789473685,0.8011297976301828,property,0.9366,True,0.0545,0.9366,0.0089,0.9,Philadelphia,high
39.980000000000004,-75.10000000000001,2,257,property,0.6770428015564203,0.5905959975030993,property,0.9453,True,0.046,0.9453,0.0087,0.9,Philadelphia,high
39.980000000000004,-75.10000000000001,3,139,property,0.45323741007194246,0.7863586321289178,property,0.8999,True,0.0913,0.8999,0.0089,0.9,Philadelphia,high
39.980000000000004,-75.09,0,9,property,0.1111111111111111,1.0608569471580214,property,0.7342,True,0.2564,0.7342,0.0094,0.9,Philadelphia,medium
39.980000000000004,-75.09,1,6,property,0.3333333333333333,0.6365141893815645,property,0.9348,True,0.0561,0.9348,0.0092,0.9,Philadelphia,high
39.980000000000004,-75.09,2,14,other,0.7142857142857143,0.4101163396015584,property,0.9188,False,0.0722,0.9188,0.0091,0.9,Philadelphia,high
39.980000000000004,-75.09,3,7,other,1.0,4.34465315364359e-08,property,0.7685,False,0.2217,0.7685,0.0098,1.0,Philadelphia,medium
39.980000000000004,-75.08,2,13,property,0.5384615384615384,0.5402041635719226,property,0.7991,True,0.1914,0.7991,0.0096,1.0,Philadelphia,medium
39.980000000000004,-75.08,3,9,other,0.1111111111111111,0.6869615976336276,property,0.9341,False,0.0571,0.9341,0.0089,0.9,Philadelphia,high
39.99,-75.25,0,28,property,0.2857142857142857,1.0110373360577514,property,0.9034,True,0.0869,0.9034,0.0097,1.0,Philadelphia,high
39.99,-75.25,1,8,property,0.0,0.6931472015900639,property,0.8989,True,0.0888,0.8989,0.0123,1.2,Philadelphia,high
39.99,-75.25,2,124,property,0.24193548387096775,0.6635884030912755,property,0.9448,True,0.0465,0.9448,0.0087,0.9,Philadelphia,high
39.99,-75.25,3,124,property,0.24193548387096775,0.7827283559327205,property,0.9431,True,0.0482,0.9431,0.0087,0.9,Philadelphia,high
39.99,-75.24,0,93,other,0.043010752688172046,0.9735956525654981,property,0.8322,False,0.1588,0.8322,0.009,0.9,Philadelphia,high
39.99,-75.24,1,50,other,0.08,0.9129821202606168,property,0.8339,False,0.1568,0.8339,0.0093,0.9,Philadelphia,high
39.99,-75.24,2,208,property,0.2980769230769231,0.7825393754224699,property,0.9447,True,0.0466,0.9447,0.0087,0.9,Philadelphia,high
39.99,-75.24,3,235,property,0.14468085106382977,0.9065141402718894,property,0.9374,True,0.0538,0.9374,0.0088,0.9,Philadelphia,high
39.99,-75.23,0,158,property,0.10126582278481013,1.0312077687528678,property,0.7459,True,0.2452,0.7459,0.0088,0.9,Philadelphia,medium
39.99,-75.23,1,66,property,0.10606060606060606,1.0642719229351552,property,0.9365,True,0.0547,0.9365,0.0089,0.9,Philadelphia,high
39.99,-75.23,2,324,property,0.43209876543209874,0.8010105438794257,property,0.9416,True,0.0497,0.9416,0.0087,0.9,Philadelphia,high
39.99,-75.23,3,303,property,0.19141914191419143,0.8643478804908487,property,0.9224,True,0.0688,0.9224,0.0088,0.9,Philadelphia,high
39.99,-75.22,0,26,property,0.23076923076923078,0.9839614460010255,property,0.9282,True,0.0624,0.9282,0.0094,0.9,Philadelphia,high
39.99,-75.22,1,15,property,0.2,0.6730116880595106,property,0.927,True,0.063,0.927,0.01,1.0,Philadelphia,high
39.99,-75.22,2,60,property,0.4,0.7308882964728975,property,0.943,True,0.0482,0.943,0.0088,0.9,Philadelphia,high
39.99,-75.22,3,42,property,0.4523809523809524,0.8985148859275882,property,0.8917,True,0.0994,0.8917,0.0089,0.9,Philadelphia,high
39.99,-75.21000000000001,0,13,property,0.23076923076923078,0.9839614460010255,property,0.9351,True,0.0559,0.9351,0.009,0.9,Philadelphia,high
39.99,-75.21000000000001,1,6,other,1.0,4.34465315364359e-08,property,0.8117,False,0.1777,0.8117,0.0107,1.1,Philadelphia,high
39.99,-75.21000000000001,2,34,property,0.6470588235294118,0.4659992782183091,property,0.9392,True,0.0519,0.9392,0.0089,0.9,Philadelphia,high
39.99,-75.21000000000001,3,29,property,0.8620689655172413,0.2509548258299306,property,0.935,True,0.056,0.935,0.009,0.9,Philadelphia,high
39.99,-75.2,0,3,property,1.0,4.3446531758480495e-08,property,0.9359,True,0.055,0.9359,0.0091,0.9,Philadelphia,high
39.99,-75.2,2,8,property,1.0,4.3446531758480495e-08,property,0.9304,True,0.0607,0.9304,0.009,0.9,Philadelphia,high
39.99,-75.2,3,14,property,1.0,4.3446531758480495e-08,property,0.9283,True,0.0624,0.9283,0.0093,0.9,Philadelphia,high
39.99,-75.19,0,148,property,0.07432432432432433,0.9842817552637437,property,0.7573,True,0.2337,0.7573,0.009,0.9,Philadelphia,medium
39.99,-75.19,1,79,property,0.34177215189873417,0.9429863012150141,property,0.9365,True,0.0547,0.9365,0.0088,0.9,Philadelphia,high
39.99,-75.19,2,250,property,0.284,0.8504815276780175,property,0.9435,True,0.0478,0.9435,0.0087,0.9,Philadelphia,high
39.99,-75.19,3,263,property,0.06463878326996197,0.9666585525501294,property,0.9156,True,0.0756,0.9156,0.0088,0.9,Philadelphia,high
39.99,-75.18,0,484,other,0.09297520661157024,1.00764212040377,property,0.713,False,0.278,0.713,0.009,0.9,Philadelphia,medium
39.99,-75.18,1,223,property,0.11659192825112108,1.041334514755144,property,0.8207,True,0.1701,0.8207,0.0091,0.9,Philadelphia,high
39.99,-75.18,2,808,property,0.12871287128712872,0.9060494087594912,property,0.9384,True,0.0528,0.9384,0.0088,0.9,Philadelphia,high
39.99,-75.18,3,800,property,0.01125,0.971883399113739,property,0.7755,True,0.2155,0.7755,0.0089,0.9,Philadelphia,medium
39.99,-75.17,0,503,other,0.16302186878727634,0.9778240147420001,property,0.7353,False,0.2555,0.7353,0.0091,0.9,Philadelphia,medium
39.99,-75.17,1,139,other,0.07194244604316546,1.0659307163184781,property,0.7785,False,0.2125,0.7785,0.009,0.9,Philadelphia,medium
39.99,-75.17,2,587,property,0.059625212947189095,0.9600577816088097,property,0.9383,True,0.0529,0.9383,0.0087,0.9,Philadelphia,high
39.99,-75.17,3,697,other,0.007173601147776184,0.9883347633909916,property,0.7272,False,0.2639,0.7272,0.0089,0.9,Philadelphia,medium
39.99,-75.16,0,831,other,0.12876052948255115,1.0240241555821517,property,0.703,False,0.2881,0.703,0.0089,0.9,Philadelphia,medium
39.99,-75.16,1,427,property,0.06088992974238876,1.0338728256572007,property,0.7921,True,0.1988,0.7921,0.009,0.9,Philadelphia,medium
39.99,-75.16,2,1267,property,0.15627466456195738,0.928466745173366,property,0.9416,True,0.0496,0.9416,0.0088,0.9,Philadelphia,high
39.99,-75.16,3,1310,other,0.01984732824427481,0.9565761402406978,property,0.7716,False,0.2193,0.7716,0.0091,0.9,Philadelphia,medium
39.99,-75.15,0,530,other,0.14150943396226415,1.029911104691391,property,0.7615,False,0.2292,0.7615,0.0093,0.9,Philadelphia,medium
39.99,-75.15,1,272,other,0.03308823529411765,1.0194044894862144,property,0.759,False,0.232,0.759,0.009,0.9,Philadelphia,medium
39.99,-75.15,2,991,property,0.23007063572149344,0.9160386089247926,property,0.9405,True,0.0507,0.9405,0.0088,0.9,Philadelphia,high
39.99,-75.15,3,1058,property,0.22117202268431002,0.9217371624666166,property,0.8501,True,0.1409,0.8501,0.009,0.9,Philadelphia,high
39.99,-75.14,0,425,other,0.11058823529411765,1.0676238121841093,property,0.7213,False,0.2698,0.7213,0.0089,0.9,Philadelphia,medium
39.99,-75.14,1,238,other,0.012605042016806723,1.0587901112698537,property,0.9073,False,0.0835,0.9073,0.0092,0.9,Philadelphia,high
39.99,-75.14,2,700,property,0.08428571428571428,0.9672153253036475,property,0.9192,True,0.072,0.9192,0.0088,0.9,Philadelphia,high
39.99,-75.14,3,732,property,0.07103825136612021,1.009195535624594,property,0.7223,True,0.2687,0.7223,0.009,0.9,Philadelphia,medium
39.99,-75.13,0,615,other,0.23089430894308943,1.0096992526194741,property,0.7124,False,0.2785,0.7124,0.0091,0.9,Philadelphia,medium
39.99,-75.13,1,275,property,0.11636363636363636,1.0761713724495403,property,0.7966,True,0.1941,0.7966,0.0093,0.9,Philadelphia,medium
39.99,-75.13,2,947,property,0.14994720168954592,0.9304581945922321,property,0.7295,True,0.2614,0.7295,0.0091,0.9,Philadelphia,medium
39.99,-75.13,3,1074,other,0.11452513966480447,0.9646955698642996,property,0.6958,False,0.2953,0.6958,0.0088,0.9,Philadelphia,medium
39.99,-75.12,0,716,other,0.38966480446927376,0.9572404236460121,property,0.7523,False,0.2383,0.7523,0.0094,0.9,Philadelphia,medium
39.99,-75.12,1,242,other,0.1446280991735537,1.0656631590057661,property,0.8085,False,0.1818,0.8085,0.0097,1.0,Philadelphia,high
39.99,-75.12,2,1295,other,0.17683397683397684,0.8889686200054103,property,0.7497,False,0.241,0.7497,0.0093,0.9,Philadelphia,medium
39.99,-75.12,3,1420,other,0.36971830985915494,0.881283575084082,property,0.7569,False,0.2338,0.7569,0.0093,0.9,Philadelphia,medium
39.99,-75.11,0,533,other,0.2626641651031895,0.9796686865092814,property,0.6895,False,0.3017,0.6895,0.0089,0.9,Philadelphia,medium
39.99,-75.11,1,172,property,0.09302325581395349,1.0193992768492948,property,0.8174,True,0.1735,0.8174,0.0091,0.9,Philadelphia,high
39.99,-75.11,2,769,other,0.04681404421326398,0.9316544548845105,property,0.9252,False,0.066,0.9252,0.0089,0.9,Philadelphia,high
39.99,-75.11,3,865,other,0.1329479768786127,0.941632310949407,property,0.7173,False,0.2738,0.7173,0.0089,0.9,Philadelphia,medium
39.99,-75.10000000000001,0,236,other,0.06779661016949153,0.8915884482553533,property,0.924,False,0.0671,0.924,0.0089,0.9,Philadelphia,high
39.99,-75.10000000000001,1,117,property,0.4358974358974359,0.8422614248715934,property,0.9374,True,0.0537,0.9374,0.0089,0.9,Philadelphia,high
39.99,-75.10000000000001,2,528,property,0.4734848484848485,0.7237525572356329,property,0.944,True,0.0473,0.944,0.0087,0.9,Philadelphia,high
39.99,-75.10000000000001,3,591,property,0.467005076142132,0.7621350946163482,property,0.9444,True,0.0469,0.9444,0.0087,0.9,Philadelphia,high
39.99,-75.09,0,97,property,0.25773195876288657,0.8013486643604293,property,0.9407,True,0.0505,0.9407,0.0088,0.9,Philadelphia,high
39.99,-75.09,1,45,other,0.022222222222222223,0.9931170922011971,property,0.9365,False,0.0546,0.9365,0.0089,0.9,Philadelphia,high
39.99,-75.09,2,240,property,0.48333333333333334,0.7604210384717753,property,0.9448,True,0.0464,0.9448,0.0087,0.9,Philadelphia,high
39.99,-75.09,3,266,property,0.5676691729323309,0.6732048659584511,property,0.9443,True,0.047,0.9443,0.0087,0.9,Philadelphia,high
39.99,-75.08,0,6,other,0.3333333333333333,0.6365141893815645,property,0.8625,False,0.1248,0.8625,0.0126,1.3,Philadelphia,high
39.99,-75.08,2,13,property,0.23076923076923078,0.9839614460010255,property,0.9387,True,0.0524,0.9387,0.0089,0.9,Philadelphia,high
39.99,-75.08,3,13,other,1.0,4.34465315364359e-08,property,0.7472,False,0.2431,0.7472,0.0097,1.0,Philadelphia,medium
39.99,-75.07000000000001,0,4,violent,0.0,0.6931472015900639,property,0.9018,False,0.0841,0.9018,0.0142,1.4,Philadelphia,high
39.99,-75.07000000000001,2,8,property,0.5,0.5623351657797391,property,0.9367,True,0.0542,0.9367,0.009,0.9,Philadelphia,high
39.99,-75.07000000000001,3,4,property,1.0,4.3446531758480495e-08,property,0.9023,True,0.0882,0.9023,0.0095,0.9,Philadelphia,high
40.0,-75.24,3,5,property,0.0,1.0549201679861442,property,0.9389,True,0.0522,0.9389,0.0089,0.9,Philadelphia,high
40.0,-75.23,0,64,property,0.34375,0.9138977180245067,property,0.9377,True,0.0534,0.9377,0.0089,0.9,Philadelphia,high
40.0,-75.23,1,19,property,0.3684210526315789,0.9724809323379562,property,0.9352,True,0.0557,0.9352,0.009,0.9,Philadelphia,high
40.0,-75.23,2,75,property,0.6933333333333334,0.6030145605660642,property,0.9456,True,0.0457,0.9456,0.0087,0.9,Philadelphia,high
40.0,-75.23,3,122,property,0.5655737704918032,0.6576912549482239,property,0.9418,True,0.0495,0.9418,0.0087,0.9,Philadelphia,high
40.0,-75.22,0,68,property,0.3088235294117647,0.7103796043117842,property,0.796,True,0.1945,0.796,0.0095,1.0,Philadelphia,medium
40.0,-75.22,1,20,other,0.3,0.6474466601104516,property,0.9389,False,0.052,0.9389,0.0091,0.9,Philadelphia,high
40.0,-75.22,2,154,property,0.461038961038961,0.781262894149824,property,0.9403,True,0.0509,0.9403,0.0087,0.9,Philadelphia,high
40.0,-75.22,3,159,property,0.22641509433962265,0.8439941624350231,property,0.9366,True,0.0546,0.9366,0.0088,0.9,Philadelphia,high
40.0,-75.21000000000001,0,164,property,0.10365853658536585,0.9808750270390219,property,0.8749,True,0.1162,0.8749,0.0089,0.9,Philadelphia,high
40.0,-75.21000000000001,1,30,other,0.03333333333333333,0.9482980107415577,property,0.9375,False,0.0535,0.9375,0.009,0.9,Philadelphia,high
40.0,-75.21000000000001,2,304,property,0.125,0.9173581805487716,property,0.945,True,0.0463,0.945,0.0087,0.9,Philadelphia,high
40.0,-75.21000000000001,3,389,property,0.2133676092544987,0.8953557037069709,property,0.942,True,0.0493,0.942,0.0087,0.9,Philadelphia,high
40.0,-75.2,0,22,property,0.5454545454545454,0.7595473914748635,property,0.9331,True,0.0578,0.9331,0.0091,0.9,Philadelphia,high
40.0,-75.2,1,12,property,0.6666666666666666,0.4505612301390093,property,0.7605,True,0.2298,0.7605,0.0097,1.0,Philadelphia,medium
40.0,-75.2,2,60,property,0.6166666666666667,0.6397008109501416,property,0.9438,True,0.0474,0.9438,0.0088,0.9,Philadelphia,high
40.0,-75.2,3,48,property,0.4375,0.8899338169002412,property,0.9434,True,0.0478,0.9434,0.0087,0.9,Philadelphia,high
40.0,-75.19,0,66,property,0.30303030303030304,0.8300092363969095,property,0.837,True,0.1539,0.837,0.0091,0.9,Philadelphia,high
40.0,-75.19,1,34,property,0.0,0.8760918930634294,property,0.8768,True,0.1135,0.8768,0.0096,1.0,Philadelphia,high
40.0,-75.19,2,101,property,0.32673267326732675,0.8193514327875282,property,0.9447,True,0.0466,0.9447,0.0087,0.9,Philadelphia,high
40.0,-75.19,3,91,property,0.2087912087912088,0.8200143779488115,property,0.9427,True,0.0485,0.9427,0.0088,0.9,Philadelphia,high
40.0,-75.18,0,314,other,0.39490445859872614,0.9132530559183307,property,0.7506,False,0.2402,0.7506,0.0092,0.9,Philadelphia,medium
40.0,-75.18,1,135,property,0.24444444444444444,1.001036580686112,property,0.7829,True,0.208,0.7829,0.0091,0.9,Philadelphia,medium
40.0,-75.18,2,346,property,0.17630057803468208,0.9846409729193881,property,0.7639,True,0.2271,0.7639,0.0089,0.9,Philadelphia,medium
40.0,-75.18,3,399,other,0.05263157894736842,0.9063888418695043,property,0.7012,False,0.29,0.7012,0.0089,0.9,Philadelphia,medium
40.0,-75.17,0,1102,other,0.5063520871143375,0.8022690099283796,property,0.6971,False,0.294,0.6971,0.0089,0.9,Philadelphia,medium
40.0,-75.17,1,354,other,0.09322033898305085,1.0417433088488925,property,0.6953,False,0.2957,0.6953,0.009,0.9,Philadelphia,medium
40.0,-75.17,2,1099,property,0.39490445859872614,0.8728045661234158,property,0.9196,True,0.0714,0.9196,0.0089,0.9,Philadelphia,high
40.0,-75.17,3,1169,property,0.2275449101796407,0.9521682311807971,property,0.72,True,0.2711,0.72,0.0089,0.9,Philadelphia,medium
40.0,-75.16,0,369,other,0.36585365853658536,0.9160287488421601,property,0.7416,False,0.2491,0.7416,0.0093,0.9,Philadelphia,medium
40.0,-75.16,1,150,other,0.3,0.9609906995692642,property,0.749,False,0.2421,0.749,0.0089,0.9,Philadelphia,medium
40.0,-75.16,2,430,property,0.12790697674418605,0.9830211211660675,property,0.8676,True,0.1234,0.8676,0.009,0.9,Philadelphia,high
40.0,-75.16,3,442,property,0.1334841628959276,0.934885271020484,property,0.9123,True,0.0788,0.9123,0.0089,0.9,Philadelphia,high
40.0,-75.15,0,611,other,0.10638297872340426,1.0476015305270507,property,0.7052,False,0.2859,0.7052,0.0089,0.9,Philadelphia,medium
40.0,-75.15,1,234,other,0.13247863247863248,1.0096187378708366,property,0.7486,False,0.2425,0.7486,0.0089,0.9,Philadelphia,medium
40.0,-75.15,2,671,property,0.17287630402384502,0.9489475418887845,property,0.92,True,0.071,0.92,0.009,0.9,Philadelphia,high
40.0,-75.15,3,885,property,0.2033898305084746,0.9599360475798959,property,0.9271,True,0.0639,0.9271,0.009,0.9,Philadelphia,high
40.0,-75.14,0,464,other,0.45905172413793105,0.8799319980501008,property,0.7275,False,0.2633,0.7275,0.0092,0.9,Philadelphia,medium
40.0,-75.14,1,138,property,0.0,1.0806913332049009,property,0.6956,True,0.2955,0.6956,0.0089,0.9,Philadelphia,medium
40.0,-75.14,2,590,other,0.06610169491525424,0.9250621138506208,property,0.7376,False,0.2533,0.7376,0.0092,0.9,Philadelphia,medium
40.0,-75.14,3,663,other,0.08446455505279035,0.9419841170561231,property,0.7442,False,0.2465,0.7442,0.0093,0.9,Philadelphia,medium
40.0,-75.13,0,653,other,0.33078101071975496,0.92853546355845,property,0.7405,False,0.2502,0.7405,0.0093,0.9,Philadelphia,medium
40.0,-75.13,1,242,other,0.16942148760330578,1.0528489347988728,property,0.8419,False,0.148,0.8419,0.0101,1.0,Philadelphia,high
40.0,-75.13,2,1130,other,0.21858407079646017,0.9029548119644124,property,0.7133,False,0.2778,0.7133,0.0089,0.9,Philadelphia,medium
40.0,-75.13,3,1027,other,0.2921129503407984,0.9295919884019185,property,0.7124,False,0.2786,0.7124,0.009,0.9,Philadelphia,medium
40.0,-75.12,0,850,other,0.4423529411764706,0.9048227167468874,property,0.7339,False,0.2569,0.7339,0.0092,0.9,Philadelphia,medium
40.0,-75.12,1,240,other,0.24166666666666667,1.039442941598935,property,0.7202,False,0.2705,0.7202,0.0093,0.9,Philadelphia,medium
40.0,-75.12,2,1332,other,0.3078078078078078,0.8756063040318498,property,0.7561,False,0.2346,0.7561,0.0093,0.9,Philadelphia,medium
40.0,-75.12,3,1440,other,0.4722222222222222,0.8148322501525453,property,0.7169,False,0.274,0.7169,0.0091,0.9,Philadelphia,medium
40.0,-75.11,0,743,other,0.43741588156123823,0.8967501114211975,property,0.7285,False,0.2623,0.7285,0.0092,0.9,Philadelphia,medium
40.0,-75.11,1,258,other,0.03488372093023256,1.0525326664654906,property,0.7944,False,0.1962,0.7944,0.0093,0.9,Philadelphia,medium
40.0,-75.11,2,1049,other,0.08007626310772165,0.9147652688087682,property,0.7552,False,0.2356,0.7552,0.0091,0.9,Philadelphia,medium
40.0,-75.11,3,1376,other,0.2558139534883721,0.870149596372053,property,0.712,False,0.2789,0.712,0.009,0.9,Philadelphia,medium
40.0,-75.10000000000001,0,392,other,0.3903061224489796,0.9144986144559115,property,0.7181,False,0.2727,0.7181,0.0091,0.9,Philadelphia,medium
40.0,-75.10000000000001,1,154,property,0.23376623376623376,1.007394681290008,property,0.8476,True,0.1423,0.8476,0.0101,1.0,Philadelphia,high
40.0,-75.10000000000001,2,519,property,0.17148362235067438,0.9491936176925653,property,0.753,True,0.238,0.753,0.0089,0.9,Philadelphia,medium
40.0,-75.10000000000001,3,644,other,0.004658385093167702,0.9637510460955785,property,0.7006,False,0.2906,0.7006,0.0088,0.9,Philadelphia,medium
40.0,-75.09,0,161,property,0.5217391304347826,0.7605077643327267,property,0.935,True,0.0562,0.935,0.0088,0.9,Philadelphia,high
40.0,-75.09,1,92,property,0.30434782608695654,0.958264993847072,property,0.9433,True,0.0479,0.9433,0.0088,0.9,Philadelphia,high
40.0,-75.09,2,323,property,0.6873065015479877,0.547088695255743,property,0.9444,True,0.0469,0.9444,0.0087,0.9,Philadelphia,high
40.0,-75.09,3,383,property,0.7441253263707572,0.5600411847653919,property,0.9435,True,0.0477,0.9435,0.0087,0.9,Philadelphia,high
40.0,-75.08,0,75,property,0.17333333333333334,0.8484363737764601,property,0.9321,True,0.059,0.9321,0.0089,0.9,Philadelphia,high
40.0,-75.08,1,55,property,0.5636363636363636,0.7195607650634411,property,0.936,True,0.0549,0.936,0.0091,0.9,Philadelphia,high
40.0,-75.08,2,128,property,0.4375,0.7080903763324851,property,0.9448,True,0.0464,0.9448,0.0087,0.9,Philadelphia,high
40.0,-75.08,3,111,property,0.32432432432432434,0.8878462297596443,property,0.9432,True,0.0481,0.9432,0.0088,0.9,Philadelphia,high
40.0,-75.07000000000001,0,147,other,0.16326530612244897,0.9885979814974044,property,0.7721,False,0.2189,0.7721,0.009,0.9,Philadelphia,medium
40.0,-75.07000000000001,1,55,property,0.2727272727272727,0.9627776356267488,property,0.8137,True,0.1774,0.8137,0.0089,0.9,Philadelphia,high
40.0,-75.07000000000001,2,186,property,0.43010752688172044,0.714288686369108,property,0.9463,True,0.045,0.9463,0.0087,0.9,Philadelphia,high
40.0,-75.07000000000001,3,169,property,0.1952662721893491,0.9369641000054396,property,0.9384,True,0.0529,0.9384,0.0087,0.9,Philadelphia,high
40.0,-75.06,0,12,property,0.3333333333333333,0.6365141893815645,property,0.8543,True,0.1353,0.8543,0.0103,1.0,Philadelphia,high
40.0,-75.06,1,8,property,0.0,0.6931472015900639,property,0.9301,True,0.0605,0.9301,0.0094,0.9,Philadelphia,high
40.0,-75.06,2,14,property,0.7142857142857143,0.4101163396015584,property,0.9376,True,0.0534,0.9376,0.009,0.9,Philadelphia,high
40.0,-75.06,3,15,property,1.0,4.3446531758480495e-08,property,0.9318,True,0.0591,0.9318,0.0091,0.9,Philadelphia,high
40.01,-75.21000000000001,0,93,property,0.22580645161290322,0.9310497336348236,property,0.9385,True,0.0526,0.9385,0.0089,0.9,Philadelphia,high
40.01,-75.21000000000001,1,36,property,0.19444444444444445,1.0272714193922146,property,0.8812,True,0.1094,0.8812,0.0093,0.9,Philadelphia,high
40.01,-75.21000000000001,2,213,property,0.7183098591549296,0.5450704825937602,property,0.9452,True,0.0461,0.9452,0.0087,0.9,Philadelphia,high
40.01,-75.21000000000001,3,187,property,0.6149732620320856,0.6477609107669016,property,0.9393,True,0.0518,0.9393,0.0089,0.9,Philadelphia,high
40.01,-75.2,0,31,property,0.16129032258064516,0.8736710429518698,property,0.9418,True,0.0494,0.9418,0.0088,0.9,Philadelphia,high
40.01,-75.2,1,27,property,0.4074074074074074,0.813082901314031,property,0.934,True,0.0567,0.934,0.0093,0.9,Philadelphia,high
40.01,-75.2,2,87,property,0.7931034482758621,0.41424324305352356,property,0.9455,True,0.0457,0.9455,0.0087,0.9,Philadelphia,high
40.01,-75.2,3,96,property,0.6354166666666666,0.522807406772588,property,0.9408,True,0.0504,0.9408,0.0088,0.9,Philadelphia,high
40.01,-75.19,0,91,property,0.14285714285714285,0.8322848858165954,property,0.9289,True,0.0621,0.9289,0.009,0.9,Philadelphia,high
40.01,-75.19,1,33,property,0.15151515151515152,1.0637155529842897,property,0.7643,True,0.2268,0.7643,0.0089,0.9,Philadelphia,medium
40.01,-75.19,2,317,property,0.7160883280757098,0.514812118081178,property,0.9458,True,0.0455,0.9458,0.0087,0.9,Philadelphia,high
40.01,-75.19,3,285,property,0.5894736842105263,0.6004751407360907,property,0.9448,True,0.0465,0.9448,0.0087,0.9,Philadelphia,high
40.01,-75.18,0,135,property,0.1259259259259259,0.9455353354898461,property,0.9067,True,0.0842,0.9067,0.0091,0.9,Philadelphia,high
40.01,-75.18,1,100,other,0.44,0.8366039520330351,property,0.8012,False,0.1898,0.8012,0.0089,0.9,Philadelphia,high
40.01,-75.18,2,336,property,0.49702380952380953,0.6951591012958047,property,0.9431,True,0.0482,0.9431,0.0087,0.9,Philadelphia,high
40.01,-75.18,3,359,property,0.3788300835654596,0.8078413535266533,property,0.939,True,0.0523,0.939,0.0088,0.9,Philadelphia,high
40.01,-75.17,0,128,property,0.078125,0.9098466172053182,property,0.7685,True,0.2223,0.7685,0.0092,0.9,Philadelphia,medium
40.01,-75.17,1,31,property,0.25806451612903225,0.9827988945770124,property,0.6911,True,0.3001,0.6911,0.0089,0.9,Philadelphia,medium
40.01,-75.17,2,259,property,0.3436293436293436,0.8821694774516109,property,0.9394,True,0.0518,0.9394,0.0088,0.9,Philadelphia,high
40.01,-75.17,3,191,property,0.4293193717277487,0.8263990570038809,property,0.9318,True,0.0594,0.9318,0.0089,0.9,Philadelphia,high
40.01,-75.16,0,458,other,0.2074235807860262,1.0033752541060816,property,0.6792,False,0.312,0.6792,0.0088,0.9,Philadelphia,medium
40.01,-75.16,1,163,other,0.006134969325153374,1.068028195395072,property,0.6898,False,0.3014,0.6898,0.0088,0.9,Philadelphia,medium
40.01,-75.16,2,577,property,0.21143847487001732,0.9220464555696621,property,0.9279,True,0.0632,0.9279,0.0089,0.9,Philadelphia,high
40.01,-75.16,3,671,other,0.05067064083457526,0.9763607230655369,property,0.7612,False,0.2297,0.7612,0.0091,0.9,Philadelphia,medium
40.01,-75.15,0,616,other,0.0698051948051948,1.0446116482228884,property,0.7073,False,0.2837,0.7073,0.009,0.9,Philadelphia,medium
40.01,-75.15,1,292,other,0.030821917808219176,1.0509342363829353,property,0.7876,False,0.2031,0.7876,0.0094,0.9,Philadelphia,medium
40.01,-75.15,2,774,property,0.1640826873385013,0.958366257469341,property,0.8379,True,0.153,0.8379,0.0091,0.9,Philadelphia,high
40.01,-75.15,3,831,property,0.17328519855595667,0.9734316381135135,property,0.807,True,0.1838,0.807,0.0092,0.9,Philadelphia,high
40.01,-75.14,0,580,other,0.10862068965517241,1.0333976058678989,property,0.7255,False,0.2652,0.7255,0.0093,0.9,Philadelphia,medium
40.01,-75.14,1,228,property,0.14035087719298245,1.0376340049036497,property,0.798,True,0.1927,0.798,0.0093,0.9,Philadelphia,medium
40.01,-75.14,2,986,other,0.2961460446247465,0.8557743810900689,property,0.922,False,0.0689,0.922,0.0091,0.9,Philadelphia,high
40.01,-75.14,3,809,other,0.16563658838071693,0.9444871919292825,property,0.7453,False,0.2456,0.7453,0.009,0.9,Philadelphia,medium
40.01,-75.13,0,48,property,0.0625,1.0868238899287483,property,0.7541,True,0.2364,0.7541,0.0095,0.9,Philadelphia,medium
40.01,-75.13,1,38,property,0.15789473684210525,0.8496383026252036,property,0.7289,True,0.2619,0.7289,0.0092,0.9,Philadelphia,medium
40.01,-75.13,2,220,property,0.18636363636363637,0.9226259069390339,property,0.7906,True,0.2003,0.7906,0.0091,0.9,Philadelphia,medium
40.01,-75.13,3,178,property,0.12359550561797752,0.9727612110828823,property,0.7791,True,0.2117,0.7791,0.0092,0.9,Philadelphia,medium
40.01,-75.12,0,88,other,0.5909090909090909,0.6496877127476234,property,0.7232,False,0.2677,0.7232,0.0091,0.9,Philadelphia,medium
40.01,-75.12,1,92,other,0.391304347826087,0.8416853379716989,property,0.7542,False,0.2365,0.7542,0.0093,0.9,Philadelphia,medium
40.01,-75.12,2,410,violent,0.3829268292682927,0.906680047166943,property,0.7497,False,0.241,0.7497,0.0093,0.9,Philadelphia,medium
40.01,-75.12,3,222,violent,0.16666666666666666,1.0191851132233851,property,0.7793,False,0.2112,0.7793,0.0095,0.9,Philadelphia,medium
40.01,-75.11,0,153,other,0.11764705882352941,1.0633473568466052,property,0.784,False,0.207,0.784,0.009,0.9,Philadelphia,medium
40.01,-75.11,1,76,property,0.11842105263157894,1.072807260537556,property,0.8631,True,0.1276,0.8631,0.0092,0.9,Philadelphia,high
40.01,-75.11,2,244,property,0.3524590163934426,0.8215851012544548,property,0.937,True,0.054,0.937,0.0089,0.9,Philadelphia,high
40.01,-75.11,3,325,property,0.26153846153846155,0.8890236591983801,property,0.9348,True,0.0563,0.9348,0.0089,0.9,Philadelphia,high
40.01,-75.10000000000001,0,315,other,0.11428571428571428,1.015921767395946,property,0.8314,False,0.1587,0.8314,0.0099,1.0,Philadelphia,high
40.01,-75.10000000000001,1,174,property,0.20689655172413793,0.985867059224652,property,0.9186,True,0.0722,0.9186,0.0092,0.9,Philadelphia,high
40.01,-75.10000000000001,2,652,property,0.34049079754601225,0.8757349084432902,property,0.9413,True,0.0499,0.9413,0.0088,0.9,Philadelphia,high
40.01,-75.10000000000001,3,642,property,0.14330218068535824,0.9122877156045144,property,0.9364,True,0.0549,0.9364,0.0088,0.9,Philadelphia,high
40.01,-75.09,0,248,other,0.13709677419354838,1.0325944678251227,property,0.7892,False,0.2016,0.7892,0.0092,0.9,Philadelphia,medium
40.01,-75.09,1,132,property,0.07575757575757576,1.037747409509031,property,0.8078,True,0.1831,0.8078,0.0092,0.9,Philadelphia,high
40.01,-75.09,2,407,property,0.2727272727272727,0.8893482682069842,property,0.9423,True,0.049,0.9423,0.0088,0.9,Philadelphia,high
40.01,-75.09,3,462,property,0.06493506493506493,0.9815373333289688,property,0.9355,True,0.0557,0.9355,0.0088,0.9,Philadelphia,high
40.01,-75.08,0,237,other,0.06751054852320675,1.0508954601605571,property,0.7665,False,0.2246,0.7665,0.0089,0.9,Philadelphia,medium
40.01,-75.08,1,109,other,0.27522935779816515,0.972251222572564,property,0.8365,False,0.1545,0.8365,0.0089,0.9,Philadelphia,high
40.01,-75.08,2,437,property,0.16247139588100687,0.9061300121114717,property,0.9408,True,0.0505,0.9408,0.0087,0.9,Philadelphia,high
40.01,-75.08,3,442,other,0.029411764705882353,0.9983175298695328,property,0.9216,False,0.0696,0.9216,0.0088,0.9,Philadelphia,high
40.01,-75.07000000000001,0,277,property,0.20577617328519857,0.926775070667986,property,0.9265,True,0.0646,0.9265,0.0089,0.9,Philadelphia,high
40.01,-75.07000000000001,1,247,property,0.6842105263157895,0.5640323750394235,property,0.9389,True,0.0523,0.9389,0.0088,0.9,Philadelphia,high
40.01,-75.07000000000001,2,957,property,0.7324973876698014,0.507848964709066,property,0.9455,True,0.0457,0.9455,0.0087,0.9,Philadelphia,high
40.01,-75.07000000000001,3,570,property,0.5491228070175439,0.7163464753170561,property,0.9395,True,0.0518,0.9395,0.0088,0.9,Philadelphia,high
40.01,-75.06,0,61,other,0.13114754098360656,1.0525015133046964,property,0.8949,False,0.0963,0.8949,0.0089,0.9,Philadelphia,high
40.01,-75.06,1,23,property,0.4782608695652174,0.8871851765599204,property,0.9245,True,0.0664,0.9245,0.0091,0.9,Philadelphia,high
40.01,-75.06,2,75,property,0.36,0.8840599124044269,property,0.9432,True,0.048,0.9432,0.0088,0.9,Philadelphia,high
40.01,-75.06,3,101,other,0.12871287128712872,0.8684655657054599,property,0.9405,False,0.0508,0.9405,0.0087,0.9,Philadelphia,high
40.01,-75.05,0,6,violent,0.0,1.0986122886681096,property,0.9133,False,0.0746,0.9133,0.0121,1.2,Philadelphia,high
40.01,-75.05,1,9,other,1.0,4.34465315364359e-08,property,0.9345,False,0.0566,0.9345,0.0089,0.9,Philadelphia,high
40.01,-75.05,2,7,property,0.42857142857142855,0.5982696097102536,property,0.8047,True,0.1855,0.8047,0.0098,1.0,Philadelphia,high
40.01,-75.05,3,4,other,1.0,4.34465315364359e-08,property,0.9218,False,0.0684,0.9218,0.0098,1.0,Philadelphia,high
40.02,-75.22,0,54,property,0.6666666666666666,0.6390182416996458,property,0.6962,True,0.2949,0.6962,0.0089,0.9,Philadelphia,medium
40.02,-75.22,1,21,property,0.3333333333333333,0.6365141893815645,property,0.8409,True,0.1499,0.8409,0.0093,0.9,Philadelphia,high
40.02,-75.22,2,106,property,0.7735849056603774,0.42480800708230515,property,0.9447,True,0.0465,0.9447,0.0087,0.9,Philadelphia,high
40.02,-75.22,3,100,property,0.6,0.5004024447610513,property,0.9393,True,0.0518,0.9393,0.0089,0.9,Philadelphia,high
40.02,-75.21000000000001,0,83,property,0.26506024096385544,0.8411289678148688,property,0.8815,True,0.1096,0.8815,0.009,0.9,Philadelphia,high
40.02,-75.21000000000001,1,37,property,0.7297297297297297,0.5464564222485762,property,0.9449,True,0.0463,0.9449,0.0087,0.9,Philadelphia,high
40.02,-75.21000000000001,2,207,property,0.7391304347826086,0.4613441796509935,property,0.9459,True,0.0454,0.9459,0.0087,0.9,Philadelphia,high
40.02,-75.21000000000001,3,200,property,0.36,0.8441124264544574,property,0.9431,True,0.0481,0.9431,0.0088,0.9,Philadelphia,high
40.02,-75.2,0,10,property,0.4,0.9502705392332347,property,0.9007,True,0.0877,0.9007,0.0116,1.2,Philadelphia,high
40.02,-75.2,2,18,property,0.6666666666666666,0.4505612301390093,property,0.9425,True,0.0487,0.9425,0.0088,0.9,Philadelphia,high
40.02,-75.2,3,26,property,0.6153846153846154,0.48955191485664273,property,0.9438,True,0.0475,0.9438,0.0087,0.9,Philadelphia,high
40.02,-75.19,0,9,property,0.5555555555555556,0.5297062202512142,property,0.9317,True,0.0592,0.9317,0.0091,0.9,Philadelphia,high
40.02,-75.19,1,7,other,0.42857142857142855,0.5982696097102536,property,0.7542,False,0.2361,0.7542,0.0097,1.0,Philadelphia,medium
40.02,-75.19,2,27,property,0.7037037037037037,0.4194833906099632,property,0.9449,True,0.0463,0.9449,0.0087,0.9,Philadelphia,high
40.02,-75.19,3,25,property,0.28,0.8731726364245316,property,0.9381,True,0.0529,0.9381,0.0089,0.9,Philadelphia,high
40.02,-75.18,0,121,property,0.5537190082644629,0.7647203748221125,property,0.6808,True,0.3104,0.6808,0.0087,0.9,Philadelphia,medium
40.02,-75.18,1,64,property,0.3125,0.7592312038567283,property,0.8911,True,0.0998,0.8911,0.0091,0.9,Philadelphia,high
40.02,-75.18,2,250,property,0.736,0.4770395359426096,property,0.9454,True,0.0459,0.9454,0.0087,0.9,Philadelphia,high
40.02,-75.18,3,275,property,0.6181818181818182,0.6330547996837422,property,0.9447,True,0.0466,0.9447,0.0087,0.9,Philadelphia,high
40.02,-75.17,0,141,other,0.2198581560283688,0.974645057949052,property,0.7545,False,0.2365,0.7545,0.009,0.9,Philadelphia,medium
40.02,-75.17,1,85,property,0.2235294117647059,0.8722315756355671,property,0.6836,True,0.3076,0.6836,0.0087,0.9,Philadelphia,medium
40.02,-75.17,2,249,property,0.3534136546184739,0.8405437397293158,property,0.944,True,0.0473,0.944,0.0087,0.9,Philadelphia,high
40.02,-75.17,3,208,property,0.21153846153846154,0.8865620117210606,property,0.9314,True,0.0599,0.9314,0.0088,0.9,Philadelphia,high
40.02,-75.16,0,258,other,0.20155038759689922,0.9927617411198226,property,0.7044,False,0.2866,0.7044,0.009,0.9,Philadelphia,medium
40.02,-75.16,1,142,property,0.1619718309859155,1.0314717869123442,property,0.7751,True,0.2156,0.7751,0.0093,0.9,Philadelphia,medium
40.02,-75.16,2,405,property,0.0962962962962963,0.963114289832256,property,0.8109,True,0.18,0.8109,0.0092,0.9,Philadelphia,high
40.02,-75.16,3,357,other,0.008403361344537815,0.9501361844544767,property,0.7053,False,0.2857,0.7053,0.009,0.9,Philadelphia,medium
40.02,-75.15,0,469,other,0.057569296375266525,1.040478279846777,property,0.7093,False,0.2817,0.7093,0.009,0.9,Philadelphia,medium
40.02,-75.15,1,255,other,0.01568627450980392,1.0225215425529623,property,0.7454,False,0.245,0.7454,0.0096,1.0,Philadelphia,medium
40.02,-75.15,2,601,property,0.2562396006655574,0.95279780904734,property,0.9351,True,0.0559,0.9351,0.0089,0.9,Philadelphia,high
40.02,-75.15,3,672,property,0.11458333333333333,0.9916141379408137,property,0.8669,True,0.124,0.8669,0.009,0.9,Philadelphia,high
40.02,-75.14,0,209,other,0.23444976076555024,1.0318272161708069,property,0.7566,False,0.234,0.7566,0.0093,0.9,Philadelphia,medium
40.02,-75.14,1,107,property,0.018691588785046728,1.0746120330211215,property,0.739,True,0.2522,0.739,0.0089,0.9,Philadelphia,medium
40.02,-75.14,2,391,property,0.005115089514066497,0.9836590205534498,property,0.9368,True,0.0543,0.9368,0.0089,0.9,Philadelphia,high
40.02,-75.14,3,332,property,0.06325301204819277,1.0191814577858966,property,0.8712,True,0.1198,0.8712,0.009,0.9,Philadelphia,high
40.02,-75.13,0,278,property,0.1510791366906475,1.0196771478019242,property,0.8209,True,0.1698,0.8209,0.0093,0.9,Philadelphia,high
40.02,-75.13,1,147,property,0.1292517006802721,1.026974871125986,property,0.916,True,0.0749,0.916,0.0092,0.9,Philadelphia,high
40.02,-75.13,2,895,property,0.12402234636871508,0.8969194535240563,property,0.9369,True,0.0542,0.9369,0.0089,0.9,Philadelphia,high
40.02,-75.13,3,799,other,0.03629536921151439,0.9159236317234906,property,0.9263,False,0.0647,0.9263,0.009,0.9,Philadelphia,high
40.02,-75.12,0,321,other,0.11526479750778816,1.0613748095094495,property,0.7244,False,0.2666,0.7244,0.0089,0.9,Philadelphia,medium
40.02,-75.12,1,137,other,0.021897810218978103,1.0472103362690102,property,0.7555,False,0.2356,0.7555,0.0089,0.9,Philadelphia,medium
40.02,-75.12,2,578,other,0.09169550173010381,0.9421509289089125,property,0.9385,False,0.0527,0.9385,0.0088,0.9,Philadelphia,high
40.02,-75.12,3,689,other,0.1683599419448476,0.9375536698118612,property,0.8903,False,0.1006,0.8903,0.0091,0.9,Philadelphia,high
40.02,-75.11,0,139,other,0.17985611510791366,0.9520175945669093,property,0.8378,False,0.1529,0.8378,0.0093,0.9,Philadelphia,high
40.02,-75.11,1,54,property,0.0,1.00994207867206,property,0.9305,True,0.0606,0.9305,0.0089,0.9,Philadelphia,high
40.02,-75.11,2,244,property,0.0942622950819672,0.8208757444138544,property,0.9379,True,0.0533,0.9379,0.0088,0.9,Philadelphia,high
40.02,-75.11,3,252,other,0.07936507936507936,0.8482735375358379,property,0.9355,False,0.0558,0.9355,0.0088,0.9,Philadelphia,high
40.02,-75.10000000000001,0,42,property,0.8571428571428571,0.3805062184775959,property,0.7692,True,0.2213,0.7692,0.0095,0.9,Philadelphia,medium
40.02,-75.10000000000001,1,12,property,0.6666666666666666,0.4505612301390093,property,0.9357,True,0.0553,0.9357,0.009,0.9,Philadelphia,high
40.02,-75.10000000000001,2,122,property,0.9508196721311475,0.11540194710934724,property,0.7149,True,0.2759,0.7149,0.0091,0.9,Philadelphia,medium
40.02,-75.10000000000001,3,126,property,0.7857142857142857,0.509137344082687,property,0.9228,True,0.0684,0.9228,0.0089,0.9,Philadelphia,high
40.02,-75.09,0,251,property,0.0,1.0927198238752853,property,0.8615,True,0.1293,0.8615,0.0092,0.9,Philadelphia,high
40.02,-75.09,1,83,property,0.30120481927710846,0.9248847347157322,property,0.7416,True,0.2495,0.7416,0.0088,0.9,Philadelphia,medium
40.02,-75.09,2,375,property,0.31733333333333336,0.8317464261822338,property,0.9428,True,0.0484,0.9428,0.0088,0.9,Philadelphia,high
40.02,-75.09,3,403,property,0.04714640198511166,0.974467806574142,property,0.9375,True,0.0538,0.9375,0.0088,0.9,Philadelphia,high
40.02,-75.08,0,629,other,0.18600953895071543,1.0465480125902706,property,0.6716,False,0.3196,0.6716,0.0087,0.9,Philadelphia,medium
40.02,-75.08,1,298,property,0.13758389261744966,1.0461471934535447,property,0.7162,True,0.275,0.7162,0.0088,0.9,Philadelphia,medium
40.02,-75.08,2,862,property,0.00580046403712297,0.9321901629178501,property,0.9158,True,0.0753,0.9158,0.0089,0.9,Philadelphia,high
40.02,-75.08,3,945,other,0.08571428571428572,0.9622802175843634,property,0.7819,False,0.209,0.7819,0.0091,0.9,Philadelphia,medium
40.02,-75.07000000000001,0,197,other,0.13705583756345177,1.0451585521070972,property,0.7831,False,0.2078,0.7831,0.0091,0.9,Philadelphia,medium
40.02,-75.07000000000001,1,96,property,0.2604166666666667,0.9773903714709475,property,0.8939,True,0.0971,0.8939,0.009,0.9,Philadelphia,high
40.02,-75.07000000000001,2,370,property,0.21081081081081082,0.9116520645422252,property,0.9439,True,0.0474,0.9439,0.0087,0.9,Philadelphia,high
40.02,-75.07000000000001,3,309,property,0.09385113268608414,0.9075686000377259,property,0.9372,True,0.0541,0.9372,0.0088,0.9,Philadelphia,high
40.02,-75.06,0,246,other,0.04065040650406504,0.9178290819183629,property,0.7515,False,0.2396,0.7515,0.0088,0.9,Philadelphia,medium
40.02,-75.06,1,163,property,0.2883435582822086,0.9164292644235479,property,0.9364,True,0.0548,0.9364,0.0088,0.9,Philadelphia,high
40.02,-75.06,2,546,property,0.3901098901098901,0.7886503557488123,property,0.9445,True,0.0467,0.9445,0.0087,0.9,Philadelphia,high
40.02,-75.06,3,480,property,0.19583333333333333,0.854557800535489,property,0.9369,True,0.0543,0.9369,0.0088,0.9,Philadelphia,high
40.02,-75.05,0,192,other,0.234375,1.0282831894087445,property,0.8945,False,0.0965,0.8945,0.009,0.9,Philadelphia,high
40.02,-75.05,1,82,property,0.25609756097560976,0.955911346520528,property,0.9382,True,0.053,0.9382,0.0088,0.9,Philadelphia,high
40.02,-75.05,2,293,property,0.3447098976109215,0.9026474508529647,property,0.9439,True,0.0474,0.9439,0.0087,0.9,Philadelphia,high
40.02,-75.05,3,321,property,0.2336448598130841,0.888172656260189,property,0.9395,True,0.0517,0.9395,0.0088,0.9,Philadelphia,high
40.02,-75.04,0,55,other,0.09090909090909091,1.0612147792330333,property,0.8557,False,0.1341,0.8557,0.0101,1.0,Philadelphia,high
40.02,-75.04,1,31,property,0.3870967741935484,0.9303452299780475,property,0.9251,True,0.0656,0.9251,0.0094,0.9,Philadelphia,high
40.02,-75.04,2,136,property,0.25,0.8424868626310595,property,0.9444,True,0.0469,0.9444,0.0087,0.9,Philadelphia,high
40.02,-75.04,3,98,other,0.11224489795918367,0.9594132268562308,property,0.9342,False,0.0569,0.9342,0.0089,0.9,Philadelphia,high
40.02,-75.03,0,11,other,0.6363636363636364,0.47413933430696387,property,0.7716,False,0.2188,0.7716,0.0096,1.0,Philadelphia,medium
40.02,-75.03,1,8,other,0.5,0.5623351657797391,property,0.92,False,0.0701,0.92,0.0099,1.0,Philadelphia,high
40.02,-75.03,2,31,property,0.5483870967741935,0.5341593878762563,property,0.9244,True,0.0661,0.9244,0.0095,0.9,Philadelphia,high
40.02,-75.03,3,29,other,0.1724137931034483,0.6782094149483693,property,0.9145,False,0.0761,0.9145,0.0094,0.9,Philadelphia,high
40.02,-75.02,2,5,other,0.6,0.5004024447610513,property,0.9327,False,0.0584,0.9327,0.0089,0.9,Philadelphia,high
40.03,-75.24,2,7,property,1.0,4.3446531758480495e-08,property,0.9362,True,0.055,0.9362,0.0088,0.9,Philadelphia,high
40.03,-75.23,0,57,property,0.5614035087719298,0.7438378562553847,property,0.9408,True,0.0504,0.9408,0.0088,0.9,Philadelphia,high
40.03,-75.23,1,70,property,0.8,0.4196497699167319,property,0.9444,True,0.0467,0.9444,0.0088,0.9,Philadelphia,high
40.03,-75.23,2,180,property,0.7555555555555555,0.4198909787068985,property,0.9454,True,0.0459,0.9454,0.0087,0.9,Philadelphia,high
40.03,-75.23,3,140,property,0.6785714285714286,0.5881257457198611,property,0.9432,True,0.0481,0.9432,0.0088,0.9,Philadelphia,high
40.03,-75.22,0,99,property,0.48484848484848486,0.7283135087358592,property,0.9369,True,0.0543,0.9369,0.0088,0.9,Philadelphia,high
40.03,-75.22,1,76,property,0.3684210526315789,0.8785250991271565,property,0.9426,True,0.0487,0.9426,0.0087,0.9,Philadelphia,high
40.03,-75.22,2,281,property,0.5765124555160143,0.5895723894100677,property,0.945,True,0.0463,0.945,0.0087,0.9,Philadelphia,high
40.03,-75.22,3,250,property,0.464,0.6748556886197457,property,0.9428,True,0.0484,0.9428,0.0088,0.9,Philadelphia,high
40.03,-75.21000000000001,0,49,property,0.16326530612244897,1.0527597270150006,property,0.8493,True,0.1414,0.8493,0.0093,0.9,Philadelphia,high
40.03,-75.21000000000001,1,42,property,0.5,0.8249481667305841,property,0.9322,True,0.0589,0.9322,0.0088,0.9,Philadelphia,high
40.03,-75.21000000000001,2,259,property,0.6254826254826255,0.5592504000063214,property,0.9438,True,0.0474,0.9438,0.0088,0.9,Philadelphia,high
40.03,-75.21000000000001,3,210,property,0.5428571428571428,0.5375444336592616,property,0.9396,True,0.0516,0.9396,0.0089,0.9,Philadelphia,high
40.03,-75.2,0,3,property,0.3333333333333333,0.6365141893815645,property,0.9179,True,0.0719,0.9179,0.0103,1.0,Philadelphia,high
40.03,-75.2,1,5,property,0.2,0.6730116880595106,property,0.9158,True,0.0682,0.9158,0.016,1.6,Philadelphia,high
40.03,-75.2,2,24,property,0.8333333333333334,0.2868360044925904,property,0.9345,True,0.0565,0.9345,0.009,0.9,Philadelphia,high
40.03,-75.2,3,30,property,0.8,0.48509409130221154,property,0.9418,True,0.0494,0.9418,0.0088,0.9,Philadelphia,high
40.03,-75.19,0,57,property,0.5789473684210527,0.5146531866375419,property,0.9377,True,0.0533,0.9377,0.0089,0.9,Philadelphia,high
40.03,-75.19,1,33,property,0.5757575757575758,0.5167536120079704,property,0.9276,True,0.0626,0.9276,0.0098,1.0,Philadelphia,high
40.03,-75.19,2,179,property,0.7541899441340782,0.37267339471331784,property,0.945,True,0.0462,0.945,0.0087,0.9,Philadelphia,high
40.03,-75.19,3,193,property,0.8134715025906736,0.3848350446124926,property,0.9427,True,0.0486,0.9427,0.0088,0.9,Philadelphia,high
40.03,-75.18,0,351,property,0.1908831908831909,0.8527743734013222,property,0.853,True,0.1378,0.853,0.0091,0.9,Philadelphia,high
40.03,-75.18,1,88,property,0.1590909090909091,1.0256935917478949,property,0.9398,True,0.0514,0.9398,0.0088,0.9,Philadelphia,high
40.03,-75.18,2,871,property,0.6601607347876005,0.6219213429560887,property,0.9458,True,0.0455,0.9458,0.0087,0.9,Philadelphia,high
40.03,-75.18,3,1084,property,0.6494464944649446,0.5900416441417745,property,0.9414,True,0.0499,0.9414,0.0087,0.9,Philadelphia,high
40.03,-75.17,0,267,other,0.033707865168539325,1.002990943092982,property,0.6773,False,0.3139,0.6773,0.0088,0.9,Philadelphia,medium
40.03,-75.17,1,156,property,0.07051282051282051,0.992030095269921,property,0.7945,True,0.1964,0.7945,0.0091,0.9,Philadelphia,medium
40.03,-75.17,2,567,property,0.3509700176366843,0.8610158688849393,property,0.9149,True,0.0763,0.9149,0.0088,0.9,Philadelphia,high
40.03,-75.17,3,509,property,0.12966601178781925,0.9456106655693518,property,0.7355,True,0.2556,0.7355,0.0089,0.9,Philadelphia,medium
40.03,-75.16,0,275,other,0.15272727272727274,0.9894338401427514,property,0.7096,False,0.2814,0.7096,0.009,0.9,Philadelphia,medium
40.03,-75.16,1,96,property,0.13541666666666666,0.9593198123780161,property,0.7617,True,0.2294,0.7617,0.0089,0.9,Philadelphia,medium
40.03,-75.16,2,347,property,0.3256484149855908,0.8939362001825624,property,0.9257,True,0.0654,0.9257,0.0089,0.9,Philadelphia,high
40.03,-75.16,3,309,property,0.08414239482200647,0.9807299883100351,property,0.8399,True,0.151,0.8399,0.009,0.9,Philadelphia,high
40.03,-75.15,0,309,other,0.23300970873786409,1.033925428836331,property,0.6963,False,0.2947,0.6963,0.009,0.9,Philadelphia,medium
40.03,-75.15,1,110,property,0.09090909090909091,1.0204235144656146,property,0.7075,True,0.2836,0.7075,0.009,0.9,Philadelphia,medium
40.03,-75.15,2,489,property,0.27607361963190186,0.8774383997681643,property,0.9387,True,0.0524,0.9387,0.0088,0.9,Philadelphia,high
40.03,-75.15,3,424,property,0.25707547169811323,0.8843728596254854,property,0.7486,True,0.2424,0.7486,0.009,0.9,Philadelphia,medium
40.03,-75.14,0,351,other,0.18518518518518517,1.0009026832858658,property,0.6732,False,0.318,0.6732,0.0088,0.9,Philadelphia,medium
40.03,-75.14,1,142,property,0.11267605633802817,1.0623201989207638,property,0.7646,True,0.2262,0.7646,0.0092,0.9,Philadelphia,medium
40.03,-75.14,2,555,property,0.14234234234234233,0.9685456367568279,property,0.8947,True,0.0963,0.8947,0.009,0.9,Philadelphia,high
40.03,-75.14,3,544,property,0.05514705882352941,0.9226382018875089,property,0.7279,True,0.263,0.7279,0.0091,0.9,Philadelphia,medium
40.03,-75.13,0,356,other,0.25842696629213485,0.9890532489795378,property,0.677,False,0.3141,0.677,0.0088,0.9,Philadelphia,medium
40.03,-75.13,1,155,other,0.04516129032258064,1.0658851334448087,property,0.6871,False,0.3041,0.6871,0.0088,0.9,Philadelphia,medium
40.03,-75.13,2,493,property,0.13793103448275862,0.9248540854829862,property,0.9386,True,0.0526,0.9386,0.0088,0.9,Philadelphia,high
40.03,-75.13,3,500,property,0.158,1.0088443243287433,property,0.8483,True,0.1427,0.8483,0.009,0.9,Philadelphia,high
40.03,-75.12,0,264,other,0.05303030303030303,1.0562376447779924,property,0.7267,False,0.2642,0.7267,0.0091,0.9,Philadelphia,medium
40.03,-75.12,1,103,property,0.11650485436893204,0.999290373107858,property,0.9343,True,0.0568,0.9343,0.0089,0.9,Philadelphia,high
40.03,-75.12,2,536,property,0.32649253731343286,0.8812338320346128,property,0.9373,True,0.0539,0.9373,0.0088,0.9,Philadelphia,high
40.03,-75.12,3,537,property,0.18808193668528864,0.9555906558334724,property,0.9343,True,0.0569,0.9343,0.0088,0.9,Philadelphia,high
40.03,-75.11,0,191,property,0.06806282722513089,1.0436579088990294,property,0.7976,True,0.1932,0.7976,0.0092,0.9,Philadelphia,medium
40.03,-75.11,1,110,property,0.07272727272727272,1.090731856551108,property,0.9301,True,0.0611,0.9301,0.0088,0.9,Philadelphia,high
40.03,-75.11,2,292,property,0.3732876712328767,0.8865327836255745,property,0.9435,True,0.0478,0.9435,0.0088,0.9,Philadelphia,high
40.03,-75.11,3,292,property,0.410958904109589,0.8552797698138148,property,0.938,True,0.0533,0.938,0.0088,0.9,Philadelphia,high
40.03,-75.10000000000001,0,156,property,0.17307692307692307,1.0156637563979625,property,0.9395,True,0.0517,0.9395,0.0088,0.9,Philadelphia,high
40.03,-75.10000000000001,1,46,other,0.2391304347826087,0.9799442382346204,property,0.9341,False,0.057,0.9341,0.0089,0.9,Philadelphia,high
40.03,-75.10000000000001,2,340,property,0.2823529411764706,0.9202014412060038,property,0.9437,True,0.0475,0.9437,0.0088,0.9,Philadelphia,high
40.03,-75.10000000000001,3,308,property,0.39935064935064934,0.8668265897582205,property,0.9419,True,0.0493,0.9419,0.0088,0.9,Philadelphia,high
40.03,-75.09,0,229,other,0.039301310043668124,0.9789403903125019,property,0.7297,False,0.2613,0.7297,0.0089,0.9,Philadelphia,medium
40.03,-75.09,1,132,property,0.24242424242424243,0.9445870709132911,property,0.9035,True,0.0875,0.9035,0.009,0.9,Philadelphia,high
40.03,-75.09,2,423,property,0.49645390070921985,0.7793853055188426,property,0.9431,True,0.0482,0.9431,0.0088,0.9,Philadelphia,high
40.03,-75.09,3,407,property,0.3071253071253071,0.9256346266932254,property,0.936,True,0.0553,0.936,0.0088,0.9,Philadelphia,high
40.03,-75.08,0,309,property,0.21359223300970873,1.0458391689218134,property,0.7971,True,0.1938,0.7971,0.0092,0.9,Philadelphia,medium
40.03,-75.08,1,130,property,0.3,0.9685116024445829,property,0.9342,True,0.0569,0.9342,0.0089,0.9,Philadelphia,high
40.03,-75.08,2,533,property,0.3696060037523452,0.8380778137327776,property,0.9426,True,0.0486,0.9426,0.0088,0.9,Philadelphia,high
40.03,-75.08,3,586,property,0.43686006825938567,0.7757571504892866,property,0.9391,True,0.0521,0.9391,0.0088,0.9,Philadelphia,high
40.03,-75.07000000000001,0,108,property,0.19444444444444445,0.9304661228573476,property,0.7941,True,0.1966,0.7941,0.0094,0.9,Philadelphia,medium
40.03,-75.07000000000001,1,75,property,0.4533333333333333,0.9027042097337455,property,0.9244,True,0.0665,0.9244,0.0091,0.9,Philadelphia,high
40.03,-75.07000000000001,2,274,property,0.45255474452554745,0.83272350916556,property,0.9448,True,0.0464,0.9448,0.0087,0.9,Philadelphia,high
40.03,-75.07000000000001,3,260,property,0.1346153846153846,0.9329854413628271,property,0.938,True,0.0532,0.938,0.0088,0.9,Philadelphia,high
40.03,-75.06,0,599,property,0.4257095158597663,0.7583198070944912,property,0.7886,True,0.2025,0.7886,0.0089,0.9,Philadelphia,medium
40.03,-75.06,1,209,property,0.4019138755980861,0.8427782765539118,property,0.9174,True,0.0738,0.9174,0.0089,0.9,Philadelphia,high
40.03,-75.06,2,1162,property,0.6858864027538726,0.5213947170560831,property,0.9395,True,0.0517,0.9395,0.0088,0.9,Philadelphia,high
40.03,-75.06,3,1277,property,0.6076742364917777,0.6322605129680934,property,0.9379,True,0.0533,0.9379,0.0088,0.9,Philadelphia,high
40.03,-75.05,0,251,property,0.14741035856573706,1.0083051358547688,property,0.907,True,0.0841,0.907,0.009,0.9,Philadelphia,high
40.03,-75.05,1,99,property,0.41414141414141414,0.8211335781256224,property,0.9373,True,0.0539,0.9373,0.0088,0.9,Philadelphia,high
40.03,-75.05,2,521,property,0.5316698656429942,0.721536042287613,property,0.9445,True,0.0468,0.9445,0.0087,0.9,Philadelphia,high
40.03,-75.05,3,351,property,0.3789173789173789,0.8051502177275943,property,0.9394,True,0.0518,0.9394,0.0088,0.9,Philadelphia,high
40.03,-75.04,0,233,property,0.004291845493562232,1.0643692928234156,property,0.7515,True,0.2396,0.7515,0.009,0.9,Philadelphia,medium
40.03,-75.04,1,112,property,0.22321428571428573,0.9840124183092803,property,0.9243,True,0.0669,0.9243,0.0088,0.9,Philadelphia,high
40.03,-75.04,2,461,property,0.3969631236442516,0.7934594820344917,property,0.9421,True,0.0492,0.9421,0.0087,0.9,Philadelphia,high
40.03,-75.04,3,446,property,0.06950672645739911,0.894731463670333,property,0.938,True,0.0532,0.938,0.0088,0.9,Philadelphia,high
40.03,-75.03,0,185,other,0.0918918918918919,1.0287048540337658,property,0.8192,False,0.1718,0.8192,0.009,0.9,Philadelphia,high
40.03,-75.03,1,79,property,0.3924050632911392,0.893861247333982,property,0.8569,True,0.134,0.8569,0.0091,0.9,Philadelphia,high
40.03,-75.03,2,296,property,0.43243243243243246,0.7893948014753045,property,0.9426,True,0.0486,0.9426,0.0088,0.9,Philadelphia,high
40.03,-75.03,3,307,property,0.13355048859934854,0.9631623610167689,property,0.9374,True,0.0538,0.9374,0.0088,0.9,Philadelphia,high
40.03,-75.02,0,130,other,0.16923076923076924,0.8330944251621862,property,0.7738,False,0.2168,0.7738,0.0094,0.9,Philadelphia,medium
40.03,-75.02,1,27,violent,0.37037037037037035,0.956608498101539,property,0.8058,False,0.184,0.8058,0.0101,1.0,Philadelphia,high
40.03,-75.02,2,141,other,0.2198581560283688,1.046079885245097,property,0.7275,False,0.2634,0.7275,0.0091,0.9,Philadelphia,medium
40.03,-75.02,3,197,other,0.2131979695431472,0.9329179629797993,property,0.7697,False,0.2209,0.7697,0.0094,0.9,Philadelphia,medium
40.03,-75.01,3,8,violent,0.5,0.5623351657797391,property,0.7793,False,0.211,0.7793,0.0097,1.0,Philadelphia,medium
40.04,-75.24,0,15,property,1.0,4.3446531758480495e-08,property,0.9143,True,0.0762,0.9143,0.0095,0.9,Philadelphia,high
40.04,-75.24,1,16,property,0.3125,0.8305236914828463,property,0.9347,True,0.056,0.9347,0.0092,0.9,Philadelphia,high
40.04,-75.24,2,51,property,0.5686274509803921,0.5213937683313052,property,0.9397,True,0.0515,0.9397,0.0087,0.9,Philadelphia,high
40.04,-75.24,3,36,property,0.4444444444444444,0.76037418348803,property,0.8084,True,0.1823,0.8084,0.0093,0.9,Philadelphia,high
40.04,-75.23,0,42,property,0.5238095238095238,0.6992191683741922,property,0.7182,True,0.2728,0.7182,0.009,0.9,Philadelphia,medium
40.04,-75.23,1,26,property,0.6153846153846154,0.48955191485664273,property,0.9007,True,0.0902,0.9007,0.009,0.9,Philadelphia,high
40.04,-75.23,2,127,property,0.6220472440944882,0.5947754044166249,property,0.9451,True,0.0463,0.9451,0.0087,0.9,Philadelphia,high
40.04,-75.23,3,160,property,0.525,0.6046681080703153,property,0.944,True,0.0472,0.944,0.0087,0.9,Philadelphia,high
40.04,-75.22,0,102,property,0.5686274509803921,0.6919540397326598,property,0.9162,True,0.0747,0.9162,0.0091,0.9,Philadelphia,high
40.04,-75.22,1,55,property,0.41818181818181815,0.860031726199957,property,0.9306,True,0.0605,0.9306,0.0089,0.9,Philadelphia,high
40.04,-75.22,2,205,property,0.5853658536585366,0.5734568359024106,property,0.9311,True,0.0602,0.9311,0.0088,0.9,Philadelphia,high
40.04,-75.22,3,206,property,0.36893203883495146,0.7802665128508939,property,0.9123,True,0.0788,0.9123,0.0089,0.9,Philadelphia,high
40.04,-75.21000000000001,0,10,property,0.4,0.610864323167295,property,0.9347,True,0.0561,0.9347,0.0092,0.9,Philadelphia,high
40.04,-75.21000000000001,1,13,property,0.6923076923076923,0.42932304322455905,property,0.9385,True,0.0524,0.9385,0.009,0.9,Philadelphia,high
40.04,-75.21000000000001,2,43,property,0.813953488372093,0.3094773081879143,property,0.9436,True,0.0476,0.9436,0.0088,0.9,Philadelphia,high
40.04,-75.21000000000001,3,26,property,0.6923076923076923,0.6189772142016319,property,0.9394,True,0.0517,0.9394,0.0089,0.9,Philadelphia,high
40.04,-75.2,0,10,property,0.6,0.5004024447610513,property,0.9334,True,0.0573,0.9334,0.0093,0.9,Philadelphia,high
40.04,-75.2,1,9,property,0.3333333333333333,0.9950269901795212,property,0.9232,True,0.0661,0.9232,0.0107,1.1,Philadelphia,high
40.04,-75.2,2,45,property,0.8222222222222222,0.29995957387459965,property,0.9393,True,0.0519,0.9393,0.0089,0.9,Philadelphia,high
40.04,-75.2,3,59,property,0.8305084745762712,0.39352145706060226,property,0.9387,True,0.0525,0.9387,0.0088,0.9,Philadelphia,high
40.04,-75.19,0,103,property,0.2912621359223301,0.9566023738939236,property,0.9355,True,0.0556,0.9355,0.0089,0.9,Philadelphia,high
40.04,-75.19,1,32,property,0.59375,0.6150342641411843,property,0.9291,True,0.062,0.9291,0.0088,0.9,Philadelphia,high
40.04,-75.19,2,259,property,0.7181467181467182,0.5019522725041914,property,0.9459,True,0.0454,0.9459,0.0087,0.9,Philadelphia,high
40.04,-75.19,3,222,property,0.6081081081081081,0.66250911868872,property,0.9435,True,0.0478,0.9435,0.0087,0.9,Philadelphia,high
40.04,-75.18,0,236,other,0.06779661016949153,0.9488880425042574,property,0.6858,False,0.3053,0.6858,0.0089,0.9,Philadelphia,medium
40.04,-75.18,1,52,property,0.19230769230769232,1.0262864017672833,property,0.7083,True,0.2829,0.7083,0.0088,0.9,Philadelphia,medium
40.04,-75.18,2,428,property,0.07242990654205607,0.7626344226872771,property,0.9453,True,0.046,0.9453,0.0087,0.9,Philadelphia,high
40.04,-75.18,3,519,other,0.05973025048169557,0.8553426864327476,property,0.9115,False,0.0796,0.9115,0.0088,0.9,Philadelphia,high
40.04,-75.17,0,303,other,0.1485148514851485,0.9711189196042482,property,0.6998,False,0.2912,0.6998,0.009,0.9,Philadelphia,medium
40.04,-75.17,1,99,property,0.2727272727272727,0.9782868094423867,property,0.8715,True,0.1194,0.8715,0.0091,0.9,Philadelphia,high
40.04,-75.17,2,419,property,0.2386634844868735,0.8911225808733867,property,0.9392,True,0.052,0.9392,0.0088,0.9,Philadelphia,high
40.04,-75.17,3,478,property,0.16736401673640167,0.9210847902821615,property,0.793,True,0.1978,0.793,0.0091,0.9,Philadelphia,medium
40.04,-75.16,0,254,other,0.16535433070866143,0.9869728496259074,property,0.6917,False,0.2994,0.6917,0.0089,0.9,Philadelphia,medium
40.04,-75.16,1,110,property,0.16363636363636364,1.0092623694492056,property,0.7188,True,0.2724,0.7188,0.0089,0.9,Philadelphia,medium
40.04,-75.16,2,365,property,0.2958904109589041,0.9090109177460186,property,0.7323,True,0.2588,0.7323,0.009,0.9,Philadelphia,medium
40.04,-75.16,3,360,property,0.05277777777777778,0.9060391149265001,property,0.6959,True,0.2952,0.6959,0.0089,0.9,Philadelphia,medium
40.04,-75.15,0,249,other,0.05622489959839357,0.9704528353056807,property,0.6872,False,0.3039,0.6872,0.0088,0.9,Philadelphia,medium
40.04,-75.15,1,140,property,0.07142857142857142,1.016095352442356,property,0.6872,True,0.304,0.6872,0.0088,0.9,Philadelphia,medium
40.04,-75.15,2,458,property,0.2336244541484716,0.8284659928741458,property,0.9055,True,0.0856,0.9055,0.0089,0.9,Philadelphia,high
40.04,-75.15,3,552,property,0.20471014492753623,0.90810449250316,property,0.7624,True,0.2285,0.7624,0.0091,0.9,Philadelphia,medium
40.04,-75.14,0,329,other,0.12462006079027356,0.9918061806640033,property,0.7518,False,0.2388,0.7518,0.0093,0.9,Philadelphia,medium
40.04,-75.14,1,185,other,0.03783783783783784,1.0329546420116529,property,0.6675,False,0.3237,0.6675,0.0088,0.9,Philadelphia,medium
40.04,-75.14,2,656,property,0.01524390243902439,0.8983716748375217,property,0.7179,True,0.273,0.7179,0.009,0.9,Philadelphia,medium
40.04,-75.14,3,523,property,0.06118546845124283,0.937132721634891,property,0.7275,True,0.2633,0.7275,0.0092,0.9,Philadelphia,medium
40.04,-75.13,0,284,other,0.1267605633802817,1.0476543485376337,property,0.6959,False,0.2952,0.6959,0.0089,0.9,Philadelphia,medium
40.04,-75.13,1,154,other,0.11688311688311688,0.996248285818333,property,0.7942,False,0.1968,0.7942,0.009,0.9,Philadelphia,medium
40.04,-75.13,2,334,property,0.281437125748503,0.9067563277491983,property,0.9424,True,0.0489,0.9424,0.0087,0.9,Philadelphia,high
40.04,-75.13,3,341,property,0.11436950146627566,0.9734822269928229,property,0.8982,True,0.093,0.8982,0.0089,0.9,Philadelphia,high
40.04,-75.12,0,175,property,0.06857142857142857,1.034533946525961,property,0.7389,True,0.2522,0.7389,0.0088,0.9,Philadelphia,medium
40.04,-75.12,1,132,property,0.18181818181818182,0.9776515248666264,property,0.8863,True,0.1048,0.8863,0.0089,0.9,Philadelphia,high
40.04,-75.12,2,431,property,0.26450116009280744,0.8876468238488819,property,0.9405,True,0.0507,0.9405,0.0088,0.9,Philadelphia,high
40.04,-75.12,3,473,property,0.2832980972515856,0.9145818747205126,property,0.9389,True,0.0523,0.9389,0.0088,0.9,Philadelphia,high
40.04,-75.11,0,165,property,0.44242424242424244,0.8749740275040464,property,0.7933,True,0.1978,0.7933,0.0089,0.9,Philadelphia,medium
40.04,-75.11,1,47,property,0.19148936170212766,0.9653843678183596,property,0.9222,True,0.0688,0.9222,0.009,0.9,Philadelphia,high
40.04,-75.11,2,245,property,0.5469387755102041,0.7111862979402834,property,0.9415,True,0.0498,0.9415,0.0087,0.9,Philadelphia,high
40.04,-75.11,3,480,property,0.6895833333333333,0.5965425439910788,property,0.94,True,0.0512,0.94,0.0087,0.9,Philadelphia,high
40.04,-75.10000000000001,0,151,property,0.039735099337748346,1.0378263459820056,property,0.7149,True,0.2761,0.7149,0.009,0.9,Philadelphia,medium
40.04,-75.10000000000001,1,64,property,0.671875,0.6400420026635811,property,0.939,True,0.0522,0.939,0.0088,0.9,Philadelphia,high
40.04,-75.10000000000001,2,246,property,0.45121951219512196,0.7338737077953974,property,0.9451,True,0.0462,0.9451,0.0087,0.9,Philadelphia,high
40.04,-75.10000000000001,3,220,property,0.33636363636363636,0.8970425793882222,property,0.9359,True,0.0553,0.9359,0.0088,0.9,Philadelphia,high
40.04,-75.09,0,119,property,0.09243697478991597,1.050712675342499,property,0.7201,True,0.271,0.7201,0.0089,0.9,Philadelphia,medium
40.04,-75.09,1,28,property,0.07142857142857142,1.0012628283087177,property,0.934,True,0.0572,0.934,0.0088,0.9,Philadelphia,high
40.04,-75.09,2,222,property,0.2882882882882883,0.9133145585979718,property,0.9399,True,0.0514,0.9399,0.0087,0.9,Philadelphia,high
40.04,-75.09,3,193,property,0.025906735751295335,0.9539239014433383,property,0.9348,True,0.0564,0.9348,0.0089,0.9,Philadelphia,high
40.04,-75.08,0,329,property,0.14285714285714285,1.0135718407533907,property,0.7842,True,0.2068,0.7842,0.009,0.9,Philadelphia,medium
40.04,-75.08,1,132,property,0.36363636363636365,0.9009181675223198,property,0.9395,True,0.0517,0.9395,0.0088,0.9,Philadelphia,high
40.04,-75.08,2,561,property,0.48841354723707664,0.6970321858777386,property,0.9454,True,0.0459,0.9454,0.0087,0.9,Philadelphia,high
40.04,-75.08,3,632,property,0.3971518987341772,0.8071307445687934,property,0.9398,True,0.0515,0.9398,0.0087,0.9,Philadelphia,high
40.04,-75.07000000000001,0,437,property,0.09153318077803203,1.0521441320838167,property,0.7812,True,0.2097,0.7812,0.0091,0.9,Philadelphia,medium
40.04,-75.07000000000001,1,190,property,0.4052631578947368,0.8811990907736854,property,0.8864,True,0.1047,0.8864,0.0089,0.9,Philadelphia,high
40.04,-75.07000000000001,2,605,property,0.5818181818181818,0.7286551765411884,property,0.9455,True,0.0457,0.9455,0.0087,0.9,Philadelphia,high
40.04,-75.07000000000001,3,677,property,0.4874446085672083,0.7777533588377175,property,0.9408,True,0.0505,0.9408,0.0087,0.9,Philadelphia,high
40.04,-75.06,0,159,property,0.1069182389937107,1.0796106189592032,property,0.8908,True,0.1002,0.8908,0.009,0.9,Philadelphia,high
40.04,-75.06,1,88,property,0.5568181818181818,0.6963251169228626,property,0.9302,True,0.0609,0.9302,0.0089,0.9,Philadelphia,high
40.04,-75.06,2,426,property,0.7910798122065728,0.4343222677353171,property,0.945,True,0.0462,0.945,0.0087,0.9,Philadelphia,high
40.04,-75.06,3,328,property,0.5213414634146342,0.7807689983371675,property,0.9436,True,0.0477,0.9436,0.0087,0.9,Philadelphia,high
40.04,-75.05,0,239,property,0.2510460251046025,0.9617994398573699,property,0.9232,True,0.0678,0.9232,0.009,0.9,Philadelphia,high
40.04,-75.05,1,114,property,0.35964912280701755,0.914558106029618,property,0.9171,True,0.0738,0.9171,0.0092,0.9,Philadelphia,high
40.04,-75.05,2,386,property,0.5984455958549223,0.6976987206828447,property,0.9446,True,0.0467,0.9446,0.0087,0.9,Philadelphia,high
40.04,-75.05,3,388,property,0.38144329896907214,0.8550281793011671,property,0.9399,True,0.0513,0.9399,0.0087,0.9,Philadelphia,high
40.04,-75.04,0,294,property,0.003401360544217687,1.0079255414424333,property,0.8604,True,0.1305,0.8604,0.0091,0.9,Philadelphia,high
40.04,-75.04,1,110,property,0.22727272727272727,1.0278470477326134,property,0.7932,True,0.1979,0.7932,0.0089,0.9,Philadelphia,medium
40.04,-75.04,2,506,property,0.33794466403162055,0.8611018193599196,property,0.9445,True,0.0468,0.9445,0.0087,0.9,Philadelphia,high
40.04,-75.04,3,443,property,0.20316027088036118,0.9214010123007461,property,0.938,True,0.0532,0.938,0.0088,0.9,Philadelphia,high
40.04,-75.03,0,290,property,0.17586206896551723,0.8983557241915439,property,0.7686,True,0.2224,0.7686,0.009,0.9,Philadelphia,medium
40.04,-75.03,1,133,property,0.45112781954887216,0.7173178730901721,property,0.8865,True,0.1044,0.8865,0.009,0.9,Philadelphia,high
40.04,-75.03,2,707,property,0.7114568599717115,0.49680768741764736,property,0.9432,True,0.048,0.9432,0.0088,0.9,Philadelphia,high
40.04,-75.03,3,567,property,0.6049382716049383,0.6248809758710361,property,0.9371,True,0.0541,0.9371,0.0088,0.9,Philadelphia,high
40.04,-75.02,0,98,property,0.3877551020408163,0.8654242713816735,property,0.7349,True,0.256,0.7349,0.0091,0.9,Philadelphia,medium
40.04,-75.02,1,32,property,0.0625,0.8815322611881636,property,0.9249,True,0.0659,0.9249,0.0092,0.9,Philadelphia,high
40.04,-75.02,2,203,property,0.5812807881773399,0.6541871002410169,property,0.9343,True,0.0568,0.9343,0.0089,0.9,Philadelphia,high
40.04,-75.02,3,200,property,0.49,0.762424423116056,property,0.8808,True,0.11,0.8808,0.0092,0.9,Philadelphia,high
40.04,-75.01,0,103,other,0.5339805825242718,0.818890250047837,property,0.7497,False,0.2411,0.7497,0.0093,0.9,Philadelphia,medium
40.04,-75.01,1,24,property,0.08333333333333333,0.9184277849930975,property,0.7542,True,0.2363,0.7542,0.0094,0.9,Philadelphia,medium
40.04,-75.01,2,122,property,0.13934426229508196,0.9695710699054433,property,0.7555,True,0.2352,0.7555,0.0093,0.9,Philadelphia,medium
40.04,-75.01,3,158,other,0.17088607594936708,1.0696442726651942,property,0.7598,False,0.2309,0.7598,0.0093,0.9,Philadelphia,medium
40.04,-75.0,2,4,property,1.0,4.3446531758480495e-08,property,0.9263,True,0.0643,0.9263,0.0094,0.9,Philadelphia,high
40.04,-75.0,3,6,other,1.0,4.34465315364359e-08,property,0.9282,False,0.0626,0.9282,0.0093,0.9,Philadelphia,high
40.04,-74.99,0,10,other,1.0,4.34465315364359e-08,property,0.8316,False,0.1571,0.8316,0.0113,1.1,Philadelphia,high
40.04,-74.99,2,6,property,0.6666666666666666,0.4505612301390093,property,0.9368,True,0.0541,0.9368,0.0091,0.9,Philadelphia,high
40.04,-74.99,3,11,property,0.45454545454545453,0.5859526394408641,property,0.7809,True,0.2092,0.7809,0.0099,1.0,Philadelphia,medium
40.050000000000004,-75.25,2,8,property,1.0,4.3446531758480495e-08,property,0.9418,True,0.0492,0.9418,0.009,0.9,Philadelphia,high
40.050000000000004,-75.25,3,4,property,0.0,0.6931472015900639,property,0.9284,True,0.0627,0.9284,0.0089,0.9,Philadelphia,high
40.050000000000004,-75.24,0,25,property,0.28,0.6534182158635494,property,0.7507,True,0.2394,0.7507,0.0099,1.0,Philadelphia,medium
40.050000000000004,-75.24,1,10,property,0.2,0.6730116880595106,property,0.9312,True,0.0594,0.9312,0.0094,0.9,Philadelphia,high
40.050000000000004,-75.24,2,55,property,0.2727272727272727,0.785026043373712,property,0.9454,True,0.0459,0.9454,0.0087,0.9,Philadelphia,high
40.050000000000004,-75.24,3,38,property,0.2631578947368421,0.8258229235555881,property,0.9398,True,0.0513,0.9398,0.0088,0.9,Philadelphia,high
40.050000000000004,-75.23,0,37,property,0.2972972972972973,0.9700698332523144,property,0.7052,True,0.2856,0.7052,0.0092,0.9,Philadelphia,medium
40.050000000000004,-75.23,1,25,property,0.28,0.8731726364245316,property,0.9362,True,0.0546,0.9362,0.0091,0.9,Philadelphia,high
40.050000000000004,-75.23,2,86,property,0.5930232558139535,0.5579385660101248,property,0.9454,True,0.0459,0.9454,0.0087,0.9,Philadelphia,high
40.050000000000004,-75.23,3,73,property,0.3424657534246575,0.7381264294899104,property,0.9443,True,0.0469,0.9443,0.0087,0.9,Philadelphia,high
40.050000000000004,-75.22,0,8,property,0.5,0.5623351657797391,property,0.9349,True,0.0559,0.9349,0.0092,0.9,Philadelphia,high
40.050000000000004,-75.22,2,55,property,0.3090909090909091,0.6445873447005617,property,0.9081,True,0.0828,0.9081,0.009,0.9,Philadelphia,high
40.050000000000004,-75.22,3,58,property,0.5172413793103449,0.5526646436650013,property,0.9371,True,0.054,0.9371,0.0089,0.9,Philadelphia,high
40.050000000000004,-75.21000000000001,3,7,property,1.0,4.3446531758480495e-08,property,0.9344,True,0.0566,0.9344,0.009,0.9,Philadelphia,high
40.050000000000004,-75.2,0,16,property,0.0,0.6931472015900639,property,0.9306,True,0.0602,0.9306,0.0092,0.9,Philadelphia,high
40.050000000000004,-75.2,1,6,property,0.5,0.8675632284814613,property,0.9376,True,0.0534,0.9376,0.009,0.9,Philadelphia,high
40.050000000000004,-75.2,2,84,property,0.7619047619047619,0.36502315559382986,property,0.9438,True,0.0475,0.9438,0.0087,0.9,Philadelphia,high
40.050000000000004,-75.2,3,48,property,0.4583333333333333,0.7232545110011122,property,0.9432,True,0.0481,0.9432,0.0087,0.9,Philadelphia,high
40.050000000000004,-75.19,0,60,property,0.4166666666666667,0.870226597937817,property,0.6807,True,0.3105,0.6807,0.0088,0.9,Philadelphia,medium
40.050000000000004,-75.19,1,39,property,0.38461538461538464,0.8675892359725941,property,0.7368,True,0.2541,0.7368,0.0091,0.9,Philadelphia,medium
40.050000000000004,-75.19,2,188,property,0.6329787234042553,0.5738888042617826,property,0.9457,True,0.0455,0.9457,0.0087,0.9,Philadelphia,high
40.050000000000004,-75.19,3,176,property,0.6363636363636364,0.5607763753010879,property,0.9435,True,0.0478,0.9435,0.0087,0.9,Philadelphia,high
40.050000000000004,-75.18,0,218,other,0.12385321100917432,0.9045626944914884,property,0.6933,False,0.2979,0.6933,0.0088,0.9,Philadelphia,medium
40.050000000000004,-75.18,1,84,property,0.21428571428571427,0.827269472760697,property,0.7124,True,0.2788,0.7124,0.0088,0.9,Philadelphia,medium
40.050000000000004,-75.18,2,402,property,0.18159203980099503,0.8216647682364232,property,0.9208,True,0.0704,0.9208,0.0088,0.9,Philadelphia,high
40.050000000000004,-75.18,3,357,property,0.15406162464985995,0.9450314702871704,property,0.7579,True,0.2332,0.7579,0.0089,0.9,Philadelphia,medium
40.050000000000004,-75.17,0,139,other,0.2302158273381295,0.9813934677908476,property,0.7075,False,0.2835,0.7075,0.009,0.9,Philadelphia,medium
40.050000000000004,-75.17,1,48,other,0.041666666666666664,0.921273602511185,property,0.7068,False,0.2844,0.7068,0.0089,0.9,Philadelphia,medium
40.050000000000004,-75.17,2,251,other,0.00796812749003984,0.8779995563901799,property,0.8567,False,0.1342,0.8567,0.009,0.9,Philadelphia,high
40.050000000000004,-75.17,3,232,other,0.09913793103448276,0.9143949966957833,property,0.7272,False,0.2638,0.7272,0.009,0.9,Philadelphia,medium
40.050000000000004,-75.16,0,427,other,0.22014051522248243,0.9542066090664062,property,0.7025,False,0.2885,0.7025,0.009,0.9,Philadelphia,medium
40.050000000000004,-75.16,1,136,property,0.36764705882352944,0.8948316614004426,property,0.6965,True,0.2947,0.6965,0.0089,0.9,Philadelphia,medium
40.050000000000004,-75.16,2,469,property,0.2921108742004264,0.897840774303305,property,0.8267,True,0.1643,0.8267,0.0091,0.9,Philadelphia,high
40.050000000000004,-75.16,3,489,property,0.04703476482617587,0.8882835197203753,property,0.6964,True,0.2947,0.6964,0.0089,0.9,Philadelphia,medium
40.050000000000004,-75.15,0,272,other,0.029411764705882353,1.0158915074951056,property,0.689,False,0.3021,0.689,0.0089,0.9,Philadelphia,medium
40.050000000000004,-75.15,1,154,property,0.2077922077922078,1.0518148430979624,property,0.6902,True,0.3009,0.6902,0.0089,0.9,Philadelphia,medium
40.050000000000004,-75.15,2,588,property,0.37755102040816324,0.8279040779818081,property,0.7882,True,0.2027,0.7882,0.0092,0.9,Philadelphia,medium
40.050000000000004,-75.15,3,546,property,0.10989010989010989,0.9349353708027681,property,0.7165,True,0.2745,0.7165,0.009,0.9,Philadelphia,medium
40.050000000000004,-75.14,0,165,other,0.09090909090909091,1.0259408323173147,property,0.7734,False,0.2175,0.7734,0.0091,0.9,Philadelphia,medium
40.050000000000004,-75.14,1,84,property,0.20238095238095238,0.9667883902081688,property,0.7891,True,0.2019,0.7891,0.009,0.9,Philadelphia,medium
40.050000000000004,-75.14,2,345,property,0.48985507246376814,0.789740386933924,property,0.9411,True,0.05,0.9411,0.0088,0.9,Philadelphia,high
40.050000000000004,-75.14,3,319,property,0.4169278996865204,0.7995450579666652,property,0.9355,True,0.0556,0.9355,0.0088,0.9,Philadelphia,high
40.050000000000004,-75.13,0,112,property,0.15178571428571427,1.0169279796741042,property,0.9102,True,0.0809,0.9102,0.0089,0.9,Philadelphia,high
40.050000000000004,-75.13,1,56,property,0.14285714285714285,0.8899225323739497,property,0.7394,True,0.2514,0.7394,0.0092,0.9,Philadelphia,medium
40.050000000000004,-75.13,2,311,property,0.617363344051447,0.6076593290454266,property,0.9462,True,0.0451,0.9462,0.0087,0.9,Philadelphia,high
40.050000000000004,-75.13,3,237,property,0.5147679324894515,0.7021650211758723,property,0.9385,True,0.0528,0.9385,0.0088,0.9,Philadelphia,high
40.050000000000004,-75.12,0,55,property,0.21818181818181817,1.0247878426593022,property,0.9312,True,0.0599,0.9312,0.0089,0.9,Philadelphia,high
40.050000000000004,-75.12,1,23,property,0.21739130434782608,1.005692986132508,property,0.77,True,0.2206,0.77,0.0094,0.9,Philadelphia,medium
40.050000000000004,-75.12,2,132,property,0.5757575757575758,0.660456281389094,property,0.9462,True,0.0451,0.9462,0.0087,0.9,Philadelphia,high
40.050000000000004,-75.12,3,134,property,0.27611940298507465,0.8513491535561576,property,0.9416,True,0.0496,0.9416,0.0087,0.9,Philadelphia,high
40.050000000000004,-75.11,0,67,other,0.11940298507462686,0.8374650830427571,property,0.9354,False,0.0557,0.9354,0.0088,0.9,Philadelphia,high
40.050000000000004,-75.11,1,31,property,0.2903225806451613,0.9389262276259042,property,0.933,True,0.0579,0.933,0.0091,0.9,Philadelphia,high
40.050000000000004,-75.11,2,98,property,0.40816326530612246,0.8253491062383258,property,0.9459,True,0.0454,0.9459,0.0087,0.9,Philadelphia,high
40.050000000000004,-75.11,3,101,property,0.21782178217821782,0.9055549166954693,property,0.9381,True,0.0531,0.9381,0.0088,0.9,Philadelphia,high
40.050000000000004,-75.10000000000001,0,108,property,0.05555555555555555,1.0081291980679197,property,0.7022,True,0.2889,0.7022,0.0088,0.9,Philadelphia,medium
40.050000000000004,-75.10000000000001,1,53,property,0.4339622641509434,0.726196446692314,property,0.7519,True,0.2391,0.7519,0.009,0.9,Philadelphia,medium
40.050000000000004,-75.10000000000001,2,195,property,0.517948717948718,0.779938828220671,property,0.9457,True,0.0456,0.9457,0.0087,0.9,Philadelphia,high
40.050000000000004,-75.10000000000001,3,184,property,0.3858695652173913,0.7488392543661909,property,0.9392,True,0.0521,0.9392,0.0087,0.9,Philadelphia,high
40.050000000000004,-75.09,0,160,property,0.40625,0.7803188233571714,property,0.7924,True,0.1987,0.7924,0.0089,0.9,Philadelphia,medium
40.050000000000004,-75.09,1,74,property,0.28378378378378377,0.8497368022557159,property,0.9325,True,0.0587,0.9325,0.0088,0.9,Philadelphia,high
40.050000000000004,-75.09,2,402,property,0.6940298507462687,0.5249837531878079,property,0.9454,True,0.0458,0.9454,0.0087,0.9,Philadelphia,high
40.050000000000004,-75.09,3,355,property,0.5971830985915493,0.6718809528775063,property,0.9448,True,0.0465,0.9448,0.0087,0.9,Philadelphia,high
40.050000000000004,-75.08,0,161,property,0.11801242236024845,1.0722555924568034,property,0.6892,True,0.302,0.6892,0.0087,0.9,Philadelphia,medium
40.050000000000004,-75.08,1,52,property,0.46153846153846156,0.8828275435751075,property,0.9374,True,0.0539,0.9374,0.0088,0.9,Philadelphia,high
40.050000000000004,-75.08,2,218,property,0.6238532110091743,0.583327847429919,property,0.945,True,0.0463,0.945,0.0087,0.9,Philadelphia,high
40.050000000000004,-75.08,3,208,property,0.4182692307692308,0.8044796008546918,property,0.9434,True,0.0479,0.9434,0.0087,0.9,Philadelphia,high
40.050000000000004,-75.07000000000001,0,252,property,0.25396825396825395,0.9574274213883881,property,0.9107,True,0.0804,0.9107,0.0089,0.9,Philadelphia,high
40.050000000000004,-75.07000000000001,1,104,property,0.15384615384615385,0.8981370031878679,property,0.9368,True,0.0544,0.9368,0.0088,0.9,Philadelphia,high
40.050000000000004,-75.07000000000001,2,337,property,0.5103857566765578,0.7757759730121216,property,0.9456,True,0.0457,0.9456,0.0087,0.9,Philadelphia,high
40.050000000000004,-75.07000000000001,3,472,property,0.2563559322033898,0.9173887059266876,property,0.9427,True,0.0485,0.9427,0.0087,0.9,Philadelphia,high
40.050000000000004,-75.06,0,338,property,0.4289940828402367,0.7571813209154268,property,0.9389,True,0.0522,0.9389,0.0089,0.9,Philadelphia,high
40.050000000000004,-75.06,1,65,property,0.4153846153846154,0.8383321722644369,property,0.9175,True,0.0733,0.9175,0.0092,0.9,Philadelphia,high
40.050000000000004,-75.06,2,613,property,0.8238172920065253,0.42360936898526325,property,0.9441,True,0.0471,0.9441,0.0087,0.9,Philadelphia,high
40.050000000000004,-75.06,3,913,property,0.791894852135816,0.44751992777953215,property,0.9401,True,0.0511,0.9401,0.0089,0.9,Philadelphia,high
40.050000000000004,-75.05,0,108,property,0.5833333333333334,0.7664632498304125,property,0.7873,True,0.2038,0.7873,0.0089,0.9,Philadelphia,medium
40.050000000000004,-75.05,1,66,property,0.7272727272727273,0.6001660731596457,property,0.939,True,0.0522,0.939,0.0088,0.9,Philadelphia,high
40.050000000000004,-75.05,2,292,property,0.6335616438356164,0.5663938120673507,property,0.9451,True,0.0462,0.9451,0.0087,0.9,Philadelphia,high
40.050000000000004,-75.05,3,210,property,0.5761904761904761,0.6922104646716618,property,0.9437,True,0.0476,0.9437,0.0087,0.9,Philadelphia,high
40.050000000000004,-75.04,0,20,property,0.7,0.639031859650177,property,0.7568,True,0.2334,0.7568,0.0097,1.0,Philadelphia,medium
40.050000000000004,-75.04,1,4,property,1.0,4.3446531758480495e-08,property,0.9333,True,0.0575,0.9333,0.0093,0.9,Philadelphia,high
40.050000000000004,-75.04,2,38,property,0.631578947368421,0.6330395116644678,property,0.9398,True,0.0514,0.9398,0.0089,0.9,Philadelphia,high
40.050000000000004,-75.04,3,47,property,0.425531914893617,0.7859291856876844,property,0.7458,True,0.2448,0.7458,0.0094,0.9,Philadelphia,medium
40.050000000000004,-75.03,0,38,property,0.21052631578947367,0.6708198654392634,property,0.866,True,0.1247,0.866,0.0092,0.9,Philadelphia,high
40.050000000000004,-75.03,1,40,property,0.75,0.5181862130502128,property,0.9322,True,0.0585,0.9322,0.0092,0.9,Philadelphia,high
40.050000000000004,-75.03,2,109,property,0.6146788990825688,0.6127847122617712,property,0.9442,True,0.047,0.9442,0.0087,0.9,Philadelphia,high
40.050000000000004,-75.03,3,73,property,0.4246575342465753,0.7686694641614154,property,0.9337,True,0.0574,0.9337,0.0089,0.9,Philadelphia,high
40.050000000000004,-75.02,0,9,property,0.5555555555555556,0.5297062202512142,property,0.9291,True,0.0613,0.9291,0.0096,1.0,Philadelphia,high
40.050000000000004,-75.02,1,18,property,0.4444444444444444,0.848685557726417,property,0.9262,True,0.0641,0.9262,0.0097,1.0,Philadelphia,high
40.050000000000004,-75.02,2,48,property,0.5833333333333334,0.511740094628935,property,0.9444,True,0.0468,0.9444,0.0087,0.9,Philadelphia,high
40.050000000000004,-75.02,3,44,property,0.6136363636363636,0.5779915774280757,property,0.9241,True,0.067,0.9241,0.0088,0.9,Philadelphia,high
40.050000000000004,-75.01,0,223,property,0.5022421524663677,0.7655693845437725,property,0.8788,True,0.1119,0.8788,0.0093,0.9,Philadelphia,high
40.050000000000004,-75.01,1,75,property,0.68,0.5930303256830838,property,0.9266,True,0.0644,0.9266,0.009,0.9,Philadelphia,high
40.050000000000004,-75.01,2,306,property,0.803921568627451,0.4240035757757651,property,0.9442,True,0.0471,0.9442,0.0087,0.9,Philadelphia,high
40.050000000000004,-75.01,3,429,property,0.6596736596736597,0.5884711202830051,property,0.9409,True,0.0503,0.9409,0.0088,0.9,Philadelphia,high
40.050000000000004,-75.0,0,35,property,0.2857142857142857,0.9556998911125343,property,0.9385,True,0.0525,0.9385,0.0089,0.9,Philadelphia,high
40.050000000000004,-75.0,1,17,property,0.7058823529411765,0.5783252866601273,property,0.8733,True,0.1174,0.8733,0.0093,0.9,Philadelphia,high
40.050000000000004,-75.0,2,31,property,0.6774193548387096,0.6145237390882279,property,0.9392,True,0.052,0.9392,0.0089,0.9,Philadelphia,high
40.050000000000004,-75.0,3,28,property,0.42857142857142855,0.5982696097102536,property,0.938,True,0.0532,0.938,0.0089,0.9,Philadelphia,high
40.050000000000004,-74.99,0,40,property,0.1,1.0486537893593546,property,0.932,True,0.059,0.932,0.009,0.9,Philadelphia,high
40.050000000000004,-74.99,1,14,property,0.7142857142857143,0.4101163396015586,property,0.935,True,0.0559,0.935,0.0092,0.9,Philadelphia,high
40.050000000000004,-74.99,2,53,property,0.5849056603773585,0.6369221017419904,property,0.9437,True,0.0476,0.9437,0.0088,0.9,Philadelphia,high
40.050000000000004,-74.99,3,93,property,0.13978494623655913,0.830485957851935,property,0.9309,True,0.0602,0.9309,0.0089,0.9,Philadelphia,high
40.050000000000004,-74.98,0,10,other,0.2,0.6730116880595106,property,0.9127,False,0.0729,0.9127,0.0144,1.4,Philadelphia,high
40.050000000000004,-74.98,2,23,property,0.9130434782608695,0.17884493426126855,property,0.9362,True,0.0547,0.9362,0.0091,0.9,Philadelphia,high
40.050000000000004,-74.98,3,20,property,1.0,4.3446531758480495e-08,property,0.9342,True,0.0567,0.9342,0.009,0.9,Philadelphia,high
40.06,-75.25,2,3,other,1.0,4.34465315364359e-08,property,0.9159,False,0.0748,0.9159,0.0092,0.9,Philadelphia,high
40.06,-75.25,3,8,property,0.375,0.9002560512685369,property,0.939,True,0.0521,0.939,0.0089,0.9,Philadelphia,high
40.06,-75.24,0,75,property,0.6933333333333334,0.6030145605660642,property,0.9348,True,0.0563,0.9348,0.0089,0.9,Philadelphia,high
40.06,-75.24,1,18,property,1.0,4.3446531758480495e-08,property,0.9348,True,0.0558,0.9348,0.0094,0.9,Philadelphia,high
40.06,-75.24,2,112,property,0.875,0.23379168019593352,property,0.9448,True,0.0465,0.9448,0.0087,0.9,Philadelphia,high
40.06,-75.24,3,184,property,0.7445652173913043,0.5009868013364238,property,0.9442,True,0.047,0.9442,0.0087,0.9,Philadelphia,high
40.06,-75.23,0,43,property,0.20930232558139536,0.9748343855458325,property,0.9353,True,0.0557,0.9353,0.009,0.9,Philadelphia,high
40.06,-75.23,1,27,property,0.6296296296296297,0.4791656451723755,property,0.9353,True,0.0554,0.9353,0.0092,0.9,Philadelphia,high
40.06,-75.23,2,83,property,0.42168674698795183,0.7561655031588645,property,0.9441,True,0.0471,0.9441,0.0088,0.9,Philadelphia,high
40.06,-75.23,3,83,property,0.5180722891566265,0.7492519644514166,property,0.9409,True,0.0503,0.9409,0.0088,0.9,Philadelphia,high
40.06,-75.22,0,3,property,0.3333333333333333,0.6365141893815645,property,0.9282,True,0.0626,0.9282,0.0092,0.9,Philadelphia,high
40.06,-75.22,2,11,property,1.0,4.3446531758480495e-08,property,0.9241,True,0.0666,0.9241,0.0093,0.9,Philadelphia,high
40.06,-75.22,3,17,property,1.0,4.3446531758480495e-08,property,0.9331,True,0.0578,0.9331,0.0091,0.9,Philadelphia,high
40.06,-75.21000000000001,0,10,property,0.0,1.0549201679861442,property,0.8856,True,0.1049,0.8856,0.0095,1.0,Philadelphia,high
40.06,-75.21000000000001,1,10,property,0.2,0.6730116880595105,property,0.9363,True,0.0545,0.9363,0.0092,0.9,Philadelphia,high
40.06,-75.21000000000001,2,30,property,0.7333333333333333,0.3926744885581436,property,0.9417,True,0.0495,0.9417,0.0088,0.9,Philadelphia,high
40.06,-75.21000000000001,3,55,property,0.9272727272727272,0.15621019262893834,property,0.9353,True,0.0558,0.9353,0.0089,0.9,Philadelphia,high
40.06,-75.2,2,8,property,0.25,1.0397207708399179,property,0.9388,True,0.0521,0.9388,0.0092,0.9,Philadelphia,high
40.06,-75.2,3,14,property,0.2857142857142857,0.9556998911125343,property,0.9361,True,0.055,0.9361,0.009,0.9,Philadelphia,high
40.06,-75.19,0,207,property,0.463768115942029,0.7014460351653187,property,0.6844,True,0.3067,0.6844,0.0088,0.9,Philadelphia,medium
40.06,-75.19,1,83,property,0.5662650602409639,0.672767297399217,property,0.9363,True,0.0549,0.9363,0.0088,0.9,Philadelphia,high
40.06,-75.19,2,303,property,0.5907590759075908,0.6513721824199248,property,0.9451,True,0.0462,0.9451,0.0087,0.9,Philadelphia,high
40.06,-75.19,3,399,property,0.7644110275689223,0.4841467454829919,property,0.9446,True,0.0467,0.9446,0.0087,0.9,Philadelphia,high
40.06,-75.18,0,83,other,0.20481927710843373,0.953450375814543,property,0.7494,False,0.2417,0.7494,0.0089,0.9,Philadelphia,medium
40.06,-75.18,1,56,property,0.5178571428571429,0.7757228384581845,property,0.9036,True,0.0875,0.9036,0.0089,0.9,Philadelphia,high
40.06,-75.18,2,185,property,0.42162162162162165,0.7794584369688813,property,0.9444,True,0.0469,0.9444,0.0087,0.9,Philadelphia,high
40.06,-75.18,3,184,property,0.07065217391304347,0.8519188431640188,property,0.9386,True,0.0526,0.9386,0.0087,0.9,Philadelphia,high
40.06,-75.17,0,118,other,0.1694915254237288,0.979318692217486,property,0.6817,False,0.3095,0.6817,0.0088,0.9,Philadelphia,medium
40.06,-75.17,1,49,property,0.20408163265306123,0.928566996207707,property,0.832,True,0.1591,0.832,0.0089,0.9,Philadelphia,high
40.06,-75.17,2,259,property,0.35135135135135137,0.7641718239644812,property,0.944,True,0.0473,0.944,0.0087,0.9,Philadelphia,high
40.06,-75.17,3,270,property,0.37037037037037035,0.8539913035157859,property,0.9359,True,0.0553,0.9359,0.0088,0.9,Philadelphia,high
40.06,-75.16,0,229,other,0.20087336244541484,0.9620046574269525,property,0.6995,False,0.2916,0.6995,0.0089,0.9,Philadelphia,medium
40.06,-75.16,1,98,property,0.30612244897959184,0.8987211604054122,property,0.7929,True,0.1981,0.7929,0.009,0.9,Philadelphia,medium
40.06,-75.16,2,423,property,0.2364066193853428,0.8739165574202309,property,0.9095,True,0.0816,0.9095,0.009,0.9,Philadelphia,high
40.06,-75.16,3,437,property,0.04576659038901602,0.8901507485450877,property,0.9214,True,0.0697,0.9214,0.0089,0.9,Philadelphia,high
40.06,-75.15,0,279,other,0.16845878136200718,1.037529239009758,property,0.693,False,0.2981,0.693,0.0089,0.9,Philadelphia,medium
40.06,-75.15,1,105,other,0.14285714285714285,1.0022455340631709,property,0.7838,False,0.2073,0.7838,0.0089,0.9,Philadelphia,medium
40.06,-75.15,2,433,property,0.4064665127020785,0.7832077786898303,property,0.9432,True,0.0481,0.9432,0.0087,0.9,Philadelphia,high
40.06,-75.15,3,439,property,0.21867881548974943,0.9049115488004429,property,0.9121,True,0.079,0.9121,0.0089,0.9,Philadelphia,high
40.06,-75.14,0,149,property,0.16778523489932887,1.0060533481267928,property,0.8081,True,0.1825,0.8081,0.0095,0.9,Philadelphia,high
40.06,-75.14,1,49,property,0.24489795918367346,0.9687647992935403,property,0.8805,True,0.1091,0.8805,0.0104,1.0,Philadelphia,high
40.06,-75.14,2,227,property,0.2907488986784141,0.875910375575901,property,0.9429,True,0.0484,0.9429,0.0087,0.9,Philadelphia,high
40.06,-75.14,3,250,property,0.208,0.9304793737900285,property,0.9127,True,0.0784,0.9127,0.0089,0.9,Philadelphia,high
40.06,-75.13,0,8,other,0.5,0.5623351657797391,property,0.7755,False,0.2146,0.7755,0.0098,1.0,Philadelphia,medium
40.06,-75.13,1,6,other,0.3333333333333333,0.6365141893815645,property,0.9362,False,0.0544,0.9362,0.0094,0.9,Philadelphia,high
40.06,-75.13,2,23,property,0.5217391304347826,0.6915021980540985,property,0.945,True,0.0462,0.945,0.0088,0.9,Philadelphia,high
40.06,-75.13,3,31,property,0.5483870967741935,0.7161414579413183,property,0.9365,True,0.0545,0.9365,0.0089,0.9,Philadelphia,high
40.06,-75.09,0,204,property,0.5980392156862745,0.5478647054455714,property,0.8806,True,0.1104,0.8806,0.009,0.9,Philadelphia,high
40.06,-75.09,1,57,property,0.5087719298245614,0.6796695138692637,property,0.944,True,0.0473,0.944,0.0088,0.9,Philadelphia,high
40.06,-75.09,2,260,property,0.7846153846153846,0.4422215246178282,property,0.9449,True,0.0463,0.9449,0.0087,0.9,Philadelphia,high
40.06,-75.09,3,432,property,0.7986111111111112,0.4024518253071444,property,0.9436,True,0.0477,0.9436,0.0087,0.9,Philadelphia,high
40.06,-75.08,0,184,property,0.3967391304347826,0.901783786060798,property,0.6968,True,0.2944,0.6968,0.0088,0.9,Philadelphia,medium
40.06,-75.08,1,71,property,0.647887323943662,0.6501061422063955,property,0.936,True,0.0551,0.936,0.0089,0.9,Philadelphia,high
40.06,-75.08,2,311,property,0.6591639871382636,0.5952495212622253,property,0.9447,True,0.0466,0.9447,0.0087,0.9,Philadelphia,high
40.06,-75.08,3,395,property,0.5848101265822785,0.6839284267714576,property,0.9433,True,0.048,0.9433,0.0088,0.9,Philadelphia,high
40.06,-75.07000000000001,0,90,property,0.25555555555555554,0.912128852198399,property,0.9049,True,0.0862,0.9049,0.0089,0.9,Philadelphia,high
40.06,-75.07000000000001,1,64,property,0.6875,0.6448981594894198,property,0.8294,True,0.1615,0.8294,0.0091,0.9,Philadelphia,high
40.06,-75.07000000000001,2,213,property,0.20187793427230047,0.8680492215140849,property,0.9231,True,0.0681,0.9231,0.0088,0.9,Philadelphia,high
40.06,-75.07000000000001,3,159,property,0.15723270440251572,0.871154585077559,property,0.9357,True,0.0555,0.9357,0.0088,0.9,Philadelphia,high
40.06,-75.06,0,207,property,0.5410628019323671,0.7498550908157775,property,0.9222,True,0.0689,0.9222,0.0089,0.9,Philadelphia,high
40.06,-75.06,1,66,property,0.6818181818181818,0.5763820666248933,property,0.9108,True,0.08,0.9108,0.0091,0.9,Philadelphia,high
40.06,-75.06,2,351,property,0.7350427350427351,0.5411109143711492,property,0.9452,True,0.0461,0.9452,0.0087,0.9,Philadelphia,high
40.06,-75.06,3,424,property,0.6933962264150944,0.5392365895790423,property,0.9423,True,0.049,0.9423,0.0087,0.9,Philadelphia,high
40.06,-75.05,0,449,property,0.6993318485523385,0.5446886192199016,property,0.9034,True,0.0877,0.9034,0.0089,0.9,Philadelphia,high
40.06,-75.05,1,285,property,0.8105263157894737,0.40605127457560697,property,0.9367,True,0.0545,0.9367,0.0088,0.9,Philadelphia,high
40.06,-75.05,2,533,property,0.8348968105065666,0.31939960549116864,property,0.9448,True,0.0464,0.9448,0.0087,0.9,Philadelphia,high
40.06,-75.05,3,539,property,0.7087198515769945,0.512776503876936,property,0.9447,True,0.0465,0.9447,0.0087,0.9,Philadelphia,high
40.06,-75.04,0,62,property,0.03225806451612903,0.8870888176378345,property,0.7274,True,0.2636,0.7274,0.009,0.9,Philadelphia,medium
40.06,-75.04,1,28,property,0.5,0.8487506669319027,property,0.8817,True,0.1079,0.8817,0.0104,1.0,Philadelphia,high
40.06,-75.04,2,157,property,0.802547770700637,0.4485944716378784,property,0.9447,True,0.0466,0.9447,0.0087,0.9,Philadelphia,high
40.06,-75.04,3,157,property,0.6305732484076433,0.6040146972800627,property,0.944,True,0.0473,0.944,0.0087,0.9,Philadelphia,high
40.06,-75.03,0,61,property,0.11475409836065574,0.8826669468655107,property,0.8289,True,0.162,0.8289,0.0091,0.9,Philadelphia,high
40.06,-75.03,1,52,property,0.6923076923076923,0.5524115959019992,property,0.9371,True,0.0539,0.9371,0.0089,0.9,Philadelphia,high
40.06,-75.03,2,136,property,0.7058823529411765,0.6198716309622623,property,0.9438,True,0.0475,0.9438,0.0087,0.9,Philadelphia,high
40.06,-75.03,3,129,property,0.5348837209302325,0.8214826899116976,property,0.9372,True,0.054,0.9372,0.0088,0.9,Philadelphia,high
40.06,-75.02,0,66,property,0.030303030303030304,0.8792812907546759,property,0.9339,True,0.0573,0.9339,0.0088,0.9,Philadelphia,high
40.06,-75.02,1,52,property,0.6153846153846154,0.7348815636235093,property,0.8666,True,0.1237,0.8666,0.0097,1.0,Philadelphia,high
40.06,-75.02,2,107,property,0.45794392523364486,0.7886396302352494,property,0.9432,True,0.0481,0.9432,0.0088,0.9,Philadelphia,high
40.06,-75.02,3,97,property,0.4845360824742268,0.7081520985620928,property,0.9373,True,0.0539,0.9373,0.0088,0.9,Philadelphia,high
40.06,-75.01,0,64,property,0.65625,0.5670577918394442,property,0.8428,True,0.1481,0.8428,0.009,0.9,Philadelphia,high
40.06,-75.01,1,51,property,0.7254901960784313,0.39994889060076666,property,0.9314,True,0.0592,0.9314,0.0094,0.9,Philadelphia,high
40.06,-75.01,2,123,property,0.6504065040650406,0.5027360351028314,property,0.9435,True,0.0478,0.9435,0.0088,0.9,Philadelphia,high
40.06,-75.01,3,121,property,0.5454545454545454,0.6717632705809653,property,0.9402,True,0.051,0.9402,0.0088,0.9,Philadelphia,high
40.06,-75.0,0,25,other,0.32,0.7789977492971932,property,0.7363,False,0.2543,0.7363,0.0094,0.9,Philadelphia,medium
40.06,-75.0,1,4,property,1.0,4.3446531758480495e-08,property,0.935,True,0.0559,0.935,0.0091,0.9,Philadelphia,high
40.06,-75.0,2,93,property,0.7419354838709677,0.3845429410949516,property,0.9435,True,0.0477,0.9435,0.0088,0.9,Philadelphia,high
40.06,-75.0,3,67,property,0.6268656716417911,0.6211380479723263,property,0.9382,True,0.0531,0.9382,0.0088,0.9,Philadelphia,high
40.06,-74.99,0,24,other,0.4166666666666667,0.6036372726199548,property,0.9273,False,0.0632,0.9273,0.0095,1.0,Philadelphia,high
40.06,-74.99,1,13,property,0.38461538461538464,0.6172417908363657,property,0.9383,True,0.0527,0.9383,0.009,0.9,Philadelphia,high
40.06,-74.99,2,66,property,0.6363636363636364,0.47413933430696387,property,0.9425,True,0.0486,0.9425,0.0088,0.9,Philadelphia,high
40.06,-74.99,3,45,property,0.4666666666666667,0.8061151183601074,property,0.8783,True,0.1125,0.8783,0.0092,0.9,Philadelphia,high
40.06,-74.98,0,82,property,0.4268292682926829,0.726808355722099,property,0.7408,True,0.2497,0.7408,0.0094,0.9,Philadelphia,medium
40.06,-74.98,1,23,property,0.6086956521739131,0.6323694730330398,property,0.9373,True,0.0536,0.9373,0.0091,0.9,Philadelphia,high
40.06,-74.98,2,111,property,0.8198198198198198,0.3027462305625145,property,0.9396,True,0.0516,0.9396,0.0088,0.9,Philadelphia,high
40.06,-74.98,3,107,property,0.7570093457943925,0.44164260061303984,property,0.9398,True,0.0513,0.9398,0.0089,0.9,Philadelphia,high
40.07,-75.24,0,23,property,0.43478260869565216,0.8761994574635854,property,0.9373,True,0.0537,0.9373,0.009,0.9,Philadelphia,high
40.07,-75.24,1,8,property,0.5,0.5623351657797391,property,0.9396,True,0.0514,0.9396,0.009,0.9,Philadelphia,high
40.07,-75.24,2,81,property,0.6296296296296297,0.4791656451723755,property,0.9433,True,0.0479,0.9433,0.0088,0.9,Philadelphia,high
40.07,-75.24,3,92,property,0.7608695652173914,0.4459812285167482,property,0.9387,True,0.0524,0.9387,0.0089,0.9,Philadelphia,high
40.07,-75.23,0,4,property,0.5,0.5623351657797391,property,0.7594,True,0.2312,0.7594,0.0094,0.9,Philadelphia,medium
40.07,-75.23,2,8,property,0.5,0.5623351657797391,property,0.9415,True,0.0496,0.9415,0.0089,0.9,Philadelphia,high
40.07,-75.23,3,14,property,0.7142857142857143,0.4101163396015584,property,0.936,True,0.055,0.936,0.009,0.9,Philadelphia,high
40.07,-75.22,3,4,property,1.0,4.3446531758480495e-08,property,0.9313,True,0.0596,0.9313,0.0091,0.9,Philadelphia,high
40.07,-75.21000000000001,0,5,property,0.2,0.6730116880595106,property,0.9341,True,0.0568,0.9341,0.0091,0.9,Philadelphia,high
40.07,-75.21000000000001,2,21,property,0.8095238095238095,0.31449222269018423,property,0.9435,True,0.0477,0.9435,0.0088,0.9,Philadelphia,high
40.07,-75.21000000000001,3,30,property,0.8666666666666667,0.24493004827297118,property,0.9387,True,0.0524,0.9387,0.0089,0.9,Philadelphia,high
40.07,-75.2,0,71,property,0.49295774647887325,0.5661705593196302,property,0.934,True,0.0572,0.934,0.0088,0.9,Philadelphia,high
40.07,-75.2,1,16,property,0.5,0.5623351657797391,property,0.9404,True,0.0506,0.9404,0.0089,0.9,Philadelphia,high
40.07,-75.2,2,164,property,0.5975609756097561,0.5942897147377667,property,0.9448,True,0.0465,0.9448,0.0087,0.9,Philadelphia,high
40.07,-75.2,3,166,property,0.6385542168674698,0.4724878944870336,property,0.9422,True,0.049,0.9422,0.0088,0.9,Philadelphia,high
40.07,-75.19,0,47,property,0.3404255319148936,0.822944177657237,property,0.9372,True,0.0539,0.9372,0.0089,0.9,Philadelphia,high
40.07,-75.19,1,19,property,1.0,4.3446531758480495e-08,property,0.939,True,0.052,0.939,0.009,0.9,Philadelphia,high
40.07,-75.19,2,173,property,0.7341040462427746,0.47660046644136,property,0.9453,True,0.046,0.9453,0.0087,0.9,Philadelphia,high
40.07,-75.19,3,133,property,0.5488721804511278,0.6779042350165332,property,0.9429,True,0.0483,0.9429,0.0088,0.9,Philadelphia,high
40.07,-75.18,0,92,property,0.25,0.9105232067865068,property,0.9322,True,0.0589,0.9322,0.0089,0.9,Philadelphia,high
40.07,-75.18,1,57,property,0.3684210526315789,0.9199018450243434,property,0.9253,True,0.0656,0.9253,0.009,0.9,Philadelphia,high
40.07,-75.18,2,177,property,0.3446327683615819,0.7548483530738714,property,0.945,True,0.0463,0.945,0.0087,0.9,Philadelphia,high
40.07,-75.18,3,173,property,0.23121387283236994,0.8983070432243974,property,0.9377,True,0.0535,0.9377,0.0088,0.9,Philadelphia,high
40.07,-75.17,0,93,property,0.20430107526881722,0.9037290068299575,property,0.8129,True,0.1781,0.8129,0.009,0.9,Philadelphia,high
40.07,-75.17,1,48,property,0.25,0.8044822550811552,property,0.9366,True,0.0545,0.9366,0.0089,0.9,Philadelphia,high
40.07,-75.17,2,286,property,0.25524475524475526,0.7771114136602841,property,0.9377,True,0.0535,0.9377,0.0087,0.9,Philadelphia,high
40.07,-75.17,3,225,property,0.06666666666666667,0.8418334498020941,property,0.9157,True,0.0754,0.9157,0.0088,0.9,Philadelphia,high
40.07,-75.16,0,186,other,0.08064516129032258,0.9909021871561059,property,0.678,False,0.3132,0.678,0.0088,0.9,Philadelphia,medium
40.07,-75.16,1,57,property,0.543859649122807,0.7793168383576132,property,0.6844,True,0.3069,0.6844,0.0087,0.9,Philadelphia,medium
40.07,-75.16,2,386,property,0.39896373056994816,0.7851450411731127,property,0.9457,True,0.0456,0.9457,0.0087,0.9,Philadelphia,high
40.07,-75.16,3,429,property,0.21445221445221446,0.8597380199729809,property,0.9285,True,0.0627,0.9285,0.0088,0.9,Philadelphia,high
40.07,-75.15,0,110,other,0.01818181818181818,0.9619560149520336,property,0.6759,False,0.3154,0.6759,0.0087,0.9,Philadelphia,medium
40.07,-75.15,1,52,property,0.4230769230769231,0.8103456177427923,property,0.9312,True,0.0598,0.9312,0.009,0.9,Philadelphia,high
40.07,-75.15,2,259,property,0.416988416988417,0.7268382867518369,property,0.9444,True,0.0469,0.9444,0.0087,0.9,Philadelphia,high
40.07,-75.15,3,266,property,0.13157894736842105,0.8276463806278226,property,0.9251,True,0.0662,0.9251,0.0088,0.9,Philadelphia,high
40.07,-75.14,0,3,property,0.3333333333333333,0.6365141893815645,property,0.9357,True,0.0552,0.9357,0.0091,0.9,Philadelphia,high
40.07,-75.14,2,5,property,1.0,4.3446531758480495e-08,property,0.9359,True,0.055,0.9359,0.0091,0.9,Philadelphia,high
40.07,-75.14,3,15,property,0.7333333333333333,0.3926744885581436,property,0.9283,True,0.0625,0.9283,0.0092,0.9,Philadelphia,high
40.07,-75.09,0,30,property,0.13333333333333333,0.8823109245150756,property,0.7601,True,0.2301,0.7601,0.0098,1.0,Philadelphia,medium
40.07,-75.09,1,10,property,0.2,0.6730116880595106,property,0.9379,True,0.053,0.9379,0.0091,0.9,Philadelphia,high
40.07,-75.09,2,55,property,0.6363636363636364,0.5952302861497554,property,0.945,True,0.0463,0.945,0.0087,0.9,Philadelphia,high
40.07,-75.09,3,34,property,0.23529411764705882,0.8463658296262874,property,0.9396,True,0.0516,0.9396,0.0088,0.9,Philadelphia,high
40.07,-75.08,0,112,property,0.5178571428571429,0.7479427924711957,property,0.8847,True,0.1064,0.8847,0.0089,0.9,Philadelphia,high
40.07,-75.08,1,37,property,0.6216216216216216,0.6436630411281172,property,0.94,True,0.0512,0.94,0.0088,0.9,Philadelphia,high
40.07,-75.08,2,127,property,0.7559055118110236,0.5204829654329304,property,0.9453,True,0.0459,0.9453,0.0087,0.9,Philadelphia,high
40.07,-75.08,3,191,property,0.6492146596858639,0.627622048704631,property,0.9441,True,0.0472,0.9441,0.0087,0.9,Philadelphia,high
40.07,-75.07000000000001,0,30,other,0.1,1.022169375743282,property,0.7081,False,0.2829,0.7081,0.009,0.9,Philadelphia,medium
40.07,-75.07000000000001,1,30,property,0.2,0.6730116880595106,property,0.9341,True,0.0566,0.9341,0.0093,0.9,Philadelphia,high
40.07,-75.07000000000001,2,114,property,0.7017543859649122,0.5363367364377929,property,0.9448,True,0.0465,0.9448,0.0087,0.9,Philadelphia,high
40.07,-75.07000000000001,3,102,property,0.45098039215686275,0.6683313530188855,property,0.9392,True,0.052,0.9392,0.0088,0.9,Philadelphia,high
40.07,-75.06,0,37,property,0.5135135135135135,0.718771370031374,property,0.9007,True,0.0904,0.9007,0.009,0.9,Philadelphia,high
40.07,-75.06,1,35,property,0.7714285714285715,0.3553829176138938,property,0.9217,True,0.0687,0.9217,0.0097,1.0,Philadelphia,high
40.07,-75.06,2,106,property,0.7924528301886793,0.4041763127494189,property,0.9408,True,0.0503,0.9408,0.0088,0.9,Philadelphia,high
40.07,-75.06,3,99,property,0.41414141414141414,0.7419956402500273,property,0.944,True,0.0473,0.944,0.0087,0.9,Philadelphia,high
40.07,-75.05,0,49,property,0.40816326530612246,0.8557056399633256,property,0.8072,True,0.1838,0.8072,0.009,0.9,Philadelphia,high
40.07,-75.05,1,58,property,0.4482758620689655,0.7837678687593395,property,0.8868,True,0.1039,0.8868,0.0093,0.9,Philadelphia,high
40.07,-75.05,2,170,property,0.5176470588235295,0.6063787528891538,property,0.945,True,0.0462,0.945,0.0087,0.9,Philadelphia,high
40.07,-75.05,3,141,property,0.24822695035460993,0.770446754270212,property,0.9439,True,0.0474,0.9439,0.0087,0.9,Philadelphia,high
40.07,-75.04,0,46,other,0.13043478260869565,0.9801294262566072,property,0.8823,False,0.1082,0.8823,0.0095,0.9,Philadelphia,high
40.07,-75.04,1,31,property,0.8064516129032258,0.47398126563493115,property,0.9366,True,0.0544,0.9366,0.009,0.9,Philadelphia,high
40.07,-75.04,2,148,property,0.6891891891891891,0.4897518516693353,property,0.9439,True,0.0474,0.9439,0.0087,0.9,Philadelphia,high
40.07,-75.04,3,100,property,0.5,0.6435661541222999,property,0.9398,True,0.0513,0.9398,0.0088,0.9,Philadelphia,high
40.07,-75.03,0,121,property,0.4132231404958678,0.8108400822617572,property,0.8005,True,0.1905,0.8005,0.009,0.9,Philadelphia,high
40.07,-75.03,1,55,property,0.7090909090909091,0.5965050706958839,property,0.9381,True,0.053,0.9381,0.0089,0.9,Philadelphia,high
40.07,-75.03,2,281,property,0.6583629893238434,0.5178522749796096,property,0.9434,True,0.0478,0.9434,0.0088,0.9,Philadelphia,high
40.07,-75.03,3,229,property,0.5414847161572053,0.7064399940169346,property,0.9414,True,0.0498,0.9414,0.0088,0.9,Philadelphia,high
40.07,-75.02,0,35,other,0.37142857142857144,0.888972843935457,property,0.9224,False,0.0684,0.9224,0.0092,0.9,Philadelphia,high
40.07,-75.02,1,13,property,1.0,4.3446531758480495e-08,property,0.9308,True,0.0598,0.9308,0.0094,0.9,Philadelphia,high
40.07,-75.02,2,68,property,0.5294117647058824,0.5455945951468555,property,0.9416,True,0.0496,0.9416,0.0087,0.9,Philadelphia,high
40.07,-75.02,3,39,other,0.23076923076923078,0.6662784634716634,property,0.9423,False,0.049,0.9423,0.0088,0.9,Philadelphia,high
40.07,-75.01,0,224,property,0.8035714285714286,0.36126412295688803,property,0.9327,True,0.0584,0.9327,0.0089,0.9,Philadelphia,high
40.07,-75.01,1,98,property,0.7142857142857143,0.4101163396015584,property,0.7599,True,0.2303,0.7599,0.0098,1.0,Philadelphia,medium
40.07,-75.01,2,270,property,0.837037037037037,0.3164212749227372,property,0.9405,True,0.0507,0.9405,0.0088,0.9,Philadelphia,high
40.07,-75.01,3,311,property,0.7427652733118971,0.4383433538931346,property,0.9432,True,0.048,0.9432,0.0088,0.9,Philadelphia,high
40.07,-75.0,0,21,other,0.14285714285714285,0.6829081257408294,property,0.9055,False,0.0849,0.9055,0.0096,1.0,Philadelphia,high
40.07,-75.0,1,18,property,0.5555555555555556,0.5297062202512142,property,0.9397,True,0.0515,0.9397,0.0088,0.9,Philadelphia,high
40.07,-75.0,2,31,property,0.5483870967741935,0.5341593878762563,property,0.9403,True,0.0507,0.9403,0.009,0.9,Philadelphia,high
40.07,-75.0,3,25,property,0.36,0.8441124264544574,property,0.8953,True,0.0953,0.8953,0.0093,0.9,Philadelphia,high
40.07,-74.99,0,72,other,0.2777777777777778,0.8794643307304726,property,0.7073,False,0.2836,0.7073,0.0091,0.9,Philadelphia,medium
40.07,-74.99,1,37,property,0.6756756756756757,0.5982312809373311,property,0.9141,True,0.0766,0.9141,0.0093,0.9,Philadelphia,high
40.07,-74.99,2,148,property,0.36486486486486486,0.7285510937136532,property,0.9425,True,0.0487,0.9425,0.0088,0.9,Philadelphia,high
40.07,-74.99,3,90,property,0.25555555555555554,0.8341882101560334,property,0.8071,True,0.1836,0.8071,0.0093,0.9,Philadelphia,high
40.07,-74.98,0,47,other,0.3617021276595745,0.909274927615759,property,0.7403,False,0.2504,0.7403,0.0093,0.9,Philadelphia,medium
40.07,-74.98,1,22,other,0.22727272727272727,1.0376517997982746,property,0.8881,False,0.1026,0.8881,0.0093,0.9,Philadelphia,high
40.07,-74.98,2,54,property,0.5740740740740741,0.6819814071046186,property,0.9401,True,0.0511,0.9401,0.0087,0.9,Philadelphia,high
40.07,-74.98,3,43,other,0.023255813953488372,0.9378474757000332,property,0.9354,False,0.0557,0.9354,0.0089,0.9,Philadelphia,high
40.07,-74.97,0,5,property,0.2,0.6730116880595106,property,0.9361,True,0.0551,0.9361,0.0088,0.9,Philadelphia,high
40.07,-74.97,2,5,property,0.2,0.6730116880595106,property,0.9363,True,0.0547,0.9363,0.009,0.9,Philadelphia,high
40.07,-74.97,3,5,property,0.2,0.6730116880595105,property,0.9299,True,0.0608,0.9299,0.0093,0.9,Philadelphia,high
40.08,-75.23,2,12,property,1.0,4.3446531758480495e-08,property,0.9364,True,0.0546,0.9364,0.009,0.9,Philadelphia,high
40.08,-75.23,3,14,property,1.0,4.3446531758480495e-08,property,0.9318,True,0.0591,0.9318,0.0091,0.9,Philadelphia,high
40.08,-75.22,2,9,property,1.0,4.3446531758480495e-08,property,0.9362,True,0.0548,0.9362,0.009,0.9,Philadelphia,high
40.08,-75.22,3,18,property,1.0,4.3446531758480495e-08,property,0.9297,True,0.061,0.9297,0.0093,0.9,Philadelphia,high
40.08,-75.21000000000001,0,30,other,0.4,0.6108643231672951,property,0.728,False,0.2628,0.728,0.0093,0.9,Philadelphia,medium
40.08,-75.21000000000001,1,18,other,0.1111111111111111,0.9580002800887726,property,0.7641,False,0.2264,0.7641,0.0096,1.0,Philadelphia,medium
40.08,-75.21000000000001,2,77,property,0.5584415584415584,0.52789244847397,property,0.9429,True,0.0484,0.9429,0.0088,0.9,Philadelphia,high
40.08,-75.21000000000001,3,91,property,0.2967032967032967,0.7961889443090084,property,0.9333,True,0.0578,0.9333,0.0089,0.9,Philadelphia,high
40.08,-75.2,0,7,other,0.2857142857142857,0.9556998911125343,property,0.7482,False,0.2421,0.7482,0.0097,1.0,Philadelphia,medium
40.08,-75.2,1,5,property,1.0,4.3446531758480495e-08,property,0.9263,True,0.0642,0.9263,0.0095,0.9,Philadelphia,high
40.08,-75.2,2,20,property,0.9,0.1985152648706231,property,0.938,True,0.0531,0.938,0.009,0.9,Philadelphia,high
40.08,-75.2,3,19,property,0.3684210526315789,0.6236548706677194,property,0.9433,True,0.0479,0.9433,0.0088,0.9,Philadelphia,high
40.08,-75.19,0,9,property,0.3333333333333333,0.6365141893815645,property,0.9371,True,0.0541,0.9371,0.0088,0.9,Philadelphia,high
40.08,-75.19,1,3,property,1.0,4.3446531758480495e-08,property,0.9375,True,0.0536,0.9375,0.0089,0.9,Philadelphia,high
40.08,-75.19,2,24,property,0.6666666666666666,0.6519508373776711,property,0.9387,True,0.0524,0.9387,0.0089,0.9,Philadelphia,high
40.08,-75.19,3,14,property,0.2857142857142857,0.9556998911125343,property,0.9387,True,0.0526,0.9387,0.0087,0.9,Philadelphia,high
40.08,-75.18,0,60,other,0.08333333333333333,0.9685738615330068,property,0.7027,False,0.2884,0.7027,0.0089,0.9,Philadelphia,medium
40.08,-75.18,1,15,property,0.6,0.7647544195674196,property,0.728,True,0.2627,0.728,0.0093,0.9,Philadelphia,medium
40.08,-75.18,2,106,property,0.6698113207547169,0.4920214854041629,property,0.93,True,0.0612,0.93,0.0088,0.9,Philadelphia,high
40.08,-75.18,3,135,property,0.1259259259259259,0.797867988748374,property,0.9424,True,0.0489,0.9424,0.0087,0.9,Philadelphia,high
40.08,-75.17,0,71,property,0.16901408450704225,0.9999077402307137,property,0.9245,True,0.0666,0.9245,0.009,0.9,Philadelphia,high
40.08,-75.17,1,26,property,0.038461538461538464,0.8287418670808673,property,0.9389,True,0.0521,0.9389,0.009,0.9,Philadelphia,high
40.08,-75.17,2,203,property,0.5270935960591133,0.754042491471008,property,0.9445,True,0.0468,0.9445,0.0087,0.9,Philadelphia,high
40.08,-75.17,3,199,property,0.32663316582914576,0.8578724484365601,property,0.9435,True,0.0477,0.9435,0.0087,0.9,Philadelphia,high
40.08,-75.16,0,7,property,0.42857142857142855,0.5982696097102536,property,0.7479,True,0.2426,0.7479,0.0094,0.9,Philadelphia,medium
40.08,-75.16,2,14,property,0.5714285714285714,0.7963116401738131,property,0.9343,True,0.0567,0.9343,0.0089,0.9,Philadelphia,high
40.08,-75.16,3,14,property,0.7142857142857143,0.4101163396015584,property,0.927,True,0.0638,0.927,0.0092,0.9,Philadelphia,high
40.08,-75.09,0,11,property,0.09090909090909091,0.6890092595109152,property,0.9391,True,0.052,0.9391,0.0089,0.9,Philadelphia,high
40.08,-75.09,1,6,property,1.0,4.3446531758480495e-08,property,0.9329,True,0.058,0.9329,0.0092,0.9,Philadelphia,high
40.08,-75.09,2,28,property,0.7142857142857143,0.5894010032646803,property,0.9445,True,0.0467,0.9445,0.0088,0.9,Philadelphia,high
40.08,-75.09,3,22,property,0.5909090909090909,0.6496877127476233,property,0.9438,True,0.0474,0.9438,0.0088,0.9,Philadelphia,high
40.08,-75.08,0,47,other,0.23404255319148937,0.9547897331896327,property,0.9288,False,0.0621,0.9288,0.0091,0.9,Philadelphia,high
40.08,-75.08,1,13,property,0.6923076923076923,0.42932304322455905,property,0.9321,True,0.0588,0.9321,0.0091,0.9,Philadelphia,high
40.08,-75.08,2,67,property,0.7611940298507462,0.36573381203392885,property,0.9448,True,0.0465,0.9448,0.0087,0.9,Philadelphia,high
40.08,-75.08,3,45,property,0.4666666666666667,0.7251804619593594,property,0.9431,True,0.0482,0.9431,0.0087,0.9,Philadelphia,high
40.08,-75.07000000000001,0,25,property,0.28,0.9743417807689857,property,0.9309,True,0.0598,0.9309,0.0093,0.9,Philadelphia,high
40.08,-75.07000000000001,1,24,property,0.16666666666666666,0.9069847801752021,property,0.9173,True,0.0721,0.9173,0.0106,1.1,Philadelphia,high
40.08,-75.07000000000001,2,75,property,0.52,0.713355817694951,property,0.9451,True,0.0462,0.9451,0.0087,0.9,Philadelphia,high
40.08,-75.07000000000001,3,56,property,0.5714285714285714,0.6415169168650572,property,0.9431,True,0.0482,0.9431,0.0088,0.9,Philadelphia,high
40.08,-75.06,0,3,property,0.3333333333333333,0.6365141893815645,property,0.937,True,0.0542,0.937,0.0088,0.9,Philadelphia,high
40.08,-75.06,1,4,property,1.0,4.3446531758480495e-08,property,0.9352,True,0.0559,0.9352,0.0089,0.9,Philadelphia,high
40.08,-75.06,3,10,property,0.6,0.5004024447610512,property,0.7782,True,0.2119,0.7782,0.0099,1.0,Philadelphia,medium
40.08,-75.05,0,23,property,0.43478260869565216,0.7393213302245918,property,0.9283,True,0.0626,0.9283,0.0091,0.9,Philadelphia,high
40.08,-75.05,1,15,property,0.6,0.5004024447610513,property,0.9344,True,0.0562,0.9344,0.0094,0.9,Philadelphia,high
40.08,-75.05,2,54,property,0.7962962962962963,0.47420716525211426,property,0.9446,True,0.0467,0.9446,0.0087,0.9,Philadelphia,high
40.08,-75.05,3,37,property,0.5135135135135135,0.718771370031374,property,0.9431,True,0.0481,0.9431,0.0088,0.9,Philadelphia,high
40.08,-75.04,0,59,property,0.0,0.9246157434581894,property,0.9296,True,0.0615,0.9296,0.0089,0.9,Philadelphia,high
40.08,-75.04,1,55,property,0.4909090909090909,0.5672739818522766,property,0.8923,True,0.0984,0.8923,0.0093,0.9,Philadelphia,high
40.08,-75.04,2,170,property,0.7647058823529411,0.41274764557287547,property,0.9443,True,0.047,0.9443,0.0087,0.9,Philadelphia,high
40.08,-75.04,3,96,property,0.625,0.5640988300844069,property,0.941,True,0.0502,0.941,0.0088,0.9,Philadelphia,high
40.08,-75.03,0,140,property,0.4642857142857143,0.7667382537940481,property,0.9351,True,0.056,0.9351,0.009,0.9,Philadelphia,high
40.08,-75.03,1,36,property,0.3888888888888889,0.6154983033836805,property,0.9206,True,0.0701,0.9206,0.0093,0.9,Philadelphia,high
40.08,-75.03,2,210,property,0.6857142857142857,0.5771235915424207,property,0.9424,True,0.0488,0.9424,0.0088,0.9,Philadelphia,high
40.08,-75.03,3,366,property,0.7021857923497268,0.5486603510942698,property,0.9393,True,0.0519,0.9393,0.0089,0.9,Philadelphia,high
40.08,-75.02,0,28,property,0.8571428571428571,0.2573186620097789,property,0.9353,True,0.0557,0.9353,0.009,0.9,Philadelphia,high
40.08,-75.02,1,18,property,0.7777777777777778,0.34883211721746554,property,0.9374,True,0.0538,0.9374,0.0088,0.9,Philadelphia,high
40.08,-75.02,2,48,property,0.75,0.5026606221960781,property,0.9392,True,0.0519,0.9392,0.0089,0.9,Philadelphia,high
40.08,-75.02,3,30,property,0.6666666666666666,0.6277052571971504,property,0.9382,True,0.0529,0.9382,0.0089,0.9,Philadelphia,high
40.08,-75.0,0,16,other,0.125,0.9743147528693494,property,0.7465,False,0.244,0.7465,0.0095,1.0,Philadelphia,medium
40.08,-75.0,1,4,property,1.0,4.3446531758480495e-08,property,0.9087,True,0.0818,0.9087,0.0095,1.0,Philadelphia,high
40.08,-75.0,2,47,property,0.2553191489361702,0.8510203100771534,property,0.9328,True,0.0583,0.9328,0.0088,0.9,Philadelphia,high
40.08,-75.0,3,46,other,0.06521739130434782,0.8867533681531257,property,0.8327,False,0.1581,0.8327,0.0092,0.9,Philadelphia,high
40.08,-74.99,0,137,other,0.35766423357664234,0.805533134556909,property,0.7674,False,0.2235,0.7674,0.0091,0.9,Philadelphia,medium
40.08,-74.99,1,19,property,0.3684210526315789,0.6236548706677194,property,0.9365,True,0.0545,0.9365,0.009,0.9,Philadelphia,high
40.08,-74.99,2,141,property,0.5531914893617021,0.6154128631066454,property,0.9356,True,0.0555,0.9356,0.0089,0.9,Philadelphia,high
40.08,-74.99,3,122,property,0.36885245901639346,0.9186754970771613,property,0.9376,True,0.0536,0.9376,0.0088,0.9,Philadelphia,high
40.08,-74.98,0,87,other,0.22988505747126436,0.7209630503022124,property,0.7348,False,0.2558,0.7348,0.0094,0.9,Philadelphia,medium
40.08,-74.98,1,37,property,0.7297297297297297,0.5464564222485762,property,0.9116,True,0.0781,0.9116,0.0102,1.0,Philadelphia,high
40.08,-74.98,2,100,property,0.6,0.5800000328863217,property,0.9424,True,0.0488,0.9424,0.0088,0.9,Philadelphia,high
40.08,-74.98,3,113,property,0.2831858407079646,0.924221336785849,property,0.9374,True,0.0538,0.9374,0.0088,0.9,Philadelphia,high
40.08,-74.97,0,126,other,0.11904761904761904,0.8616751616434133,property,0.9314,False,0.0597,0.9314,0.0089,0.9,Philadelphia,high
40.08,-74.97,1,42,property,0.3333333333333333,0.7919974423253504,property,0.912,True,0.0786,0.912,0.0095,0.9,Philadelphia,high
40.08,-74.97,2,162,property,0.6851851851851852,0.5086998915068099,property,0.9428,True,0.0484,0.9428,0.0088,0.9,Philadelphia,high
40.08,-74.97,3,174,property,0.5747126436781609,0.5698941463085352,property,0.9419,True,0.0493,0.9419,0.0088,0.9,Philadelphia,high
40.08,-74.96000000000001,0,9,property,0.3333333333333333,0.9950269901795212,property,0.9332,True,0.0579,0.9332,0.0089,0.9,Philadelphia,high
40.08,-74.96000000000001,2,4,property,0.0,0.6931472015900639,property,0.9301,True,0.0608,0.9301,0.0091,0.9,Philadelphia,high
40.08,-74.96000000000001,3,19,property,0.15789473684210525,0.9426749615639383,property,0.9384,True,0.0527,0.9384,0.0089,0.9,Philadelphia,high
40.09,-75.23,3,14,property,1.0,4.3446531758480495e-08,property,0.9313,True,0.0594,0.9313,0.0093,0.9,Philadelphia,high
40.09,-75.22,2,4,property,1.0,4.3446531758480495e-08,property,0.9413,True,0.0499,0.9413,0.0087,0.9,Philadelphia,high
40.09,-75.22,3,3,property,1.0,4.3446531758480495e-08,property,0.9373,True,0.0536,0.9373,0.0091,0.9,Philadelphia,high
40.09,-75.07000000000001,2,4,property,1.0,4.3446531758480495e-08,property,0.9381,True,0.0529,0.9381,0.0091,0.9,Philadelphia,high
40.09,-75.07000000000001,3,16,property,0.625,0.7356219397587946,property,0.9336,True,0.0574,0.9336,0.009,0.9,Philadelphia,high
40.09,-75.06,0,9,violent,0.1111111111111111,1.0608569471580214,property,0.7847,False,0.2049,0.7847,0.0105,1.0,Philadelphia,medium
40.09,-75.06,1,5,property,0.6,0.5004024447610513,property,0.9372,True,0.0538,0.9372,0.0091,0.9,Philadelphia,high
40.09,-75.06,2,15,property,0.7333333333333333,0.3926744885581436,property,0.9415,True,0.0497,0.9415,0.0088,0.9,Philadelphia,high
40.09,-75.06,3,25,property,0.68,0.439669900684939,property,0.9433,True,0.0479,0.9433,0.0088,0.9,Philadelphia,high
40.09,-75.05,0,34,other,0.23529411764705882,0.8463658296262874,property,0.9121,False,0.0786,0.9121,0.0093,0.9,Philadelphia,high
40.09,-75.05,1,25,property,0.28,0.8731726364245316,property,0.9336,True,0.0573,0.9336,0.0092,0.9,Philadelphia,high
40.09,-75.05,2,99,property,0.3939393939393939,0.7510662215630748,property,0.9422,True,0.0491,0.9422,0.0088,0.9,Philadelphia,high
40.09,-75.05,3,72,property,0.5555555555555556,0.6320776111627368,property,0.9167,True,0.0743,0.9167,0.0089,0.9,Philadelphia,high
40.09,-75.04,0,60,property,0.6333333333333333,0.6563922968741291,property,0.8498,True,0.1408,0.8498,0.0094,0.9,Philadelphia,high
40.09,-75.04,1,45,property,0.7333333333333333,0.3926744885581436,property,0.7539,True,0.2364,0.7539,0.0097,1.0,Philadelphia,medium
40.09,-75.04,2,157,property,0.8726114649681529,0.28702362492433997,property,0.9434,True,0.0478,0.9434,0.0087,0.9,Philadelphia,high
40.09,-75.04,3,87,property,0.4482758620689655,0.5890026260989935,property,0.942,True,0.0492,0.942,0.0088,0.9,Philadelphia,high
40.09,-75.03,0,70,property,0.2,0.9041901472475081,property,0.7334,True,0.2574,0.7334,0.0091,0.9,Philadelphia,medium
40.09,-75.03,1,17,property,0.29411764705882354,0.6492483759449155,property,0.9251,True,0.0657,0.9251,0.0092,0.9,Philadelphia,high
40.09,-75.03,2,154,property,0.6753246753246753,0.44352602769102667,property,0.9417,True,0.0495,0.9417,0.0088,0.9,Philadelphia,high
40.09,-75.03,3,142,property,0.31690140845070425,0.7681305160963154,property,0.9371,True,0.054,0.9371,0.0089,0.9,Philadelphia,high
40.09,-75.02,0,75,property,0.44,0.6944692968634816,property,0.9365,True,0.0546,0.9365,0.0089,0.9,Philadelphia,high
40.09,-75.02,1,24,property,0.6666666666666666,0.6519508373776711,property,0.9392,True,0.0519,0.9392,0.0089,0.9,Philadelphia,high
40.09,-75.02,2,178,property,0.7640449438202247,0.4445902291059888,property,0.9406,True,0.0505,0.9406,0.0088,0.9,Philadelphia,high
40.09,-75.02,3,226,property,0.827433628318584,0.4236857199126844,property,0.9408,True,0.0504,0.9408,0.0088,0.9,Philadelphia,high
40.09,-75.01,0,5,other,0.6,0.5004024447610513,property,0.9314,False,0.0593,0.9314,0.0093,0.9,Philadelphia,high
40.09,-75.01,1,5,property,1.0,4.3446531758480495e-08,property,0.9347,True,0.056,0.9347,0.0093,0.9,Philadelphia,high
40.09,-75.01,2,30,property,0.2,0.6730116880595106,property,0.7853,True,0.2047,0.7853,0.0099,1.0,Philadelphia,medium
40.09,-75.01,3,13,other,0.23076923076923078,0.9839614460010255,property,0.8998,False,0.0907,0.8998,0.0094,0.9,Philadelphia,high
40.09,-75.0,2,5,property,1.0,4.3446531758480495e-08,property,0.938,True,0.053,0.938,0.009,0.9,Philadelphia,high
40.09,-74.99,0,38,other,0.8421052631578947,0.40945861869508926,property,0.8857,False,0.1043,0.8857,0.01,1.0,Philadelphia,high
40.09,-74.99,1,5,property,1.0,4.3446531758480495e-08,property,0.9325,True,0.0585,0.9325,0.0089,0.9,Philadelphia,high
40.09,-74.99,2,25,property,0.0,0.8333654410717204,property,0.9406,True,0.0505,0.9406,0.0089,0.9,Philadelphia,high
40.09,-74.99,3,28,other,0.07142857142857142,0.6905940075102641,property,0.7728,False,0.2173,0.7728,0.0099,1.0,Philadelphia,medium
40.09,-74.98,0,96,property,0.07291666666666667,0.8078003569653902,property,0.9254,True,0.0657,0.9254,0.0089,0.9,Philadelphia,high
40.09,-74.98,1,31,property,0.22580645161290322,1.0182776055422171,property,0.9364,True,0.0547,0.9364,0.009,0.9,Philadelphia,high
40.09,-74.98,2,124,property,0.5161290322580645,0.5533006917488325,property,0.9429,True,0.0483,0.9429,0.0088,0.9,Philadelphia,high
40.09,-74.98,3,134,property,0.12686567164179105,0.9570160369848738,property,0.9372,True,0.0539,0.9372,0.0088,0.9,Philadelphia,high
40.09,-74.97,0,77,other,0.15584415584415584,0.8754257467895717,property,0.9167,False,0.0744,0.9167,0.009,0.9,Philadelphia,high
40.09,-74.97,1,42,property,0.14285714285714285,1.0353605606849843,property,0.9082,True,0.082,0.9082,0.0098,1.0,Philadelphia,high
40.09,-74.97,2,166,property,0.4819277108433735,0.7250592810507186,property,0.9428,True,0.0484,0.9428,0.0088,0.9,Philadelphia,high
40.09,-74.97,3,177,property,0.3502824858757062,0.7668674064371268,property,0.9197,True,0.0713,0.9197,0.009,0.9,Philadelphia,high
40.09,-74.96000000000001,0,107,property,0.6542056074766355,0.5607309836403287,property,0.9371,True,0.054,0.9371,0.0089,0.9,Philadelphia,high
40.09,-74.96000000000001,1,41,property,0.7560975609756098,0.5094585555401876,property,0.9358,True,0.0552,0.9358,0.009,0.9,Philadelphia,high
40.09,-74.96000000000001,2,224,property,0.7946428571428571,0.42172607701590537,property,0.9426,True,0.0486,0.9426,0.0088,0.9,Philadelphia,high
40.09,-74.96000000000001,3,385,property,0.7532467532467533,0.4938238351889163,property,0.9422,True,0.0491,0.9422,0.0088,0.9,Philadelphia,high
40.1,-75.06,0,4,property,0.0,0.6931472015900639,property,0.8696,True,0.1178,0.8696,0.0126,1.3,Philadelphia,high
40.1,-75.06,1,8,property,1.0,4.3446531758480495e-08,property,0.7579,True,0.2324,0.7579,0.0097,1.0,Philadelphia,medium
40.1,-75.06,2,14,property,0.42857142857142855,0.5982696097102536,property,0.9406,True,0.0505,0.9406,0.0089,0.9,Philadelphia,high
40.1,-75.06,3,15,property,0.8666666666666667,0.2449300482729712,property,0.9353,True,0.0557,0.9353,0.009,0.9,Philadelphia,high
40.1,-75.05,0,15,property,0.4666666666666667,0.5799151925614515,property,0.9177,True,0.0721,0.9177,0.0102,1.0,Philadelphia,high
40.1,-75.05,1,7,property,1.0,4.3446531758480495e-08,property,0.9393,True,0.0517,0.9393,0.009,0.9,Philadelphia,high
40.1,-75.05,2,34,property,0.5882352941176471,0.6779087256441981,property,0.9436,True,0.0476,0.9436,0.0088,0.9,Philadelphia,high
40.1,-75.05,3,22,property,0.45454545454545453,0.5859526394408641,property,0.9378,True,0.0533,0.9378,0.0089,0.9,Philadelphia,high
40.1,-75.04,0,8,property,0.5,0.5623351657797391,property,0.7501,True,0.2401,0.7501,0.0098,1.0,Philadelphia,medium
40.1,-75.04,1,9,property,0.7777777777777778,0.34883211721746554,property,0.933,True,0.0578,0.933,0.0093,0.9,Philadelphia,high
40.1,-75.04,2,49,property,0.7346938775510204,0.4687043637581817,property,0.9444,True,0.0468,0.9444,0.0088,0.9,Philadelphia,high
40.1,-75.04,3,48,property,0.4166666666666667,0.6036372726199548,property,0.9421,True,0.049,0.9421,0.0088,0.9,Philadelphia,high
40.1,-75.03,0,97,property,0.29896907216494845,0.7890199264555189,property,0.7651,True,0.2258,0.7651,0.0091,0.9,Philadelphia,medium
40.1,-75.03,1,26,property,0.3076923076923077,0.8587409130062869,property,0.9136,True,0.0764,0.9136,0.01,1.0,Philadelphia,high
40.1,-75.03,2,180,property,0.7555555555555555,0.45274929507639283,property,0.9432,True,0.0481,0.9432,0.0087,0.9,Philadelphia,high
40.1,-75.03,3,212,property,0.6933962264150944,0.48815744374260195,property,0.9394,True,0.0517,0.9394,0.0088,0.9,Philadelphia,high
40.1,-75.02,0,24,property,0.8333333333333334,0.2868360044925904,property,0.9338,True,0.057,0.9338,0.0092,0.9,Philadelphia,high
40.1,-75.02,1,23,property,0.7391304347826086,0.38721239652241396,property,0.9147,True,0.0753,0.9147,0.01,1.0,Philadelphia,high
40.1,-75.02,2,100,property,0.35,0.7909873504355757,property,0.9428,True,0.0485,0.9428,0.0088,0.9,Philadelphia,high
40.1,-75.02,3,57,property,0.5789473684210527,0.6348497546011211,property,0.9422,True,0.0491,0.9422,0.0088,0.9,Philadelphia,high
40.1,-75.01,0,41,property,0.5121951219512195,0.7087614079967339,property,0.9401,True,0.051,0.9401,0.0088,0.9,Philadelphia,high
40.1,-75.01,1,15,property,0.6,0.5004024447610513,property,0.9309,True,0.0596,0.9309,0.0095,0.9,Philadelphia,high
40.1,-75.01,2,144,property,0.6736111111111112,0.5252683931860057,property,0.942,True,0.0492,0.942,0.0088,0.9,Philadelphia,high
40.1,-75.01,3,171,property,0.8596491228070176,0.30158661158942757,property,0.9372,True,0.0539,0.9372,0.0089,0.9,Philadelphia,high
40.1,-75.0,0,31,property,0.0967741935483871,1.078963820279368,property,0.9247,True,0.066,0.9247,0.0093,0.9,Philadelphia,high
40.1,-75.0,1,27,property,0.6296296296296297,0.6711537920120574,property,0.9131,True,0.0766,0.9131,0.0103,1.0,Philadelphia,high
40.1,-75.0,2,46,property,0.6521739130434783,0.4620369307276859,property,0.9435,True,0.0477,0.9435,0.0088,0.9,Philadelphia,high
40.1,-75.0,3,43,property,0.3023255813953488,0.8867808347624444,property,0.9373,True,0.0538,0.9373,0.0089,0.9,Philadelphia,high
40.1,-74.99,0,19,other,0.6842105263157895,0.4361623466724477,property,0.9332,False,0.0576,0.9332,0.0092,0.9,Philadelphia,high
40.1,-74.99,1,25,property,0.44,0.806816703850445,property,0.9372,True,0.0538,0.9372,0.0091,0.9,Philadelphia,high
40.1,-74.99,2,42,property,0.30952380952380953,0.9200990234897606,property,0.9428,True,0.0484,0.9428,0.0088,0.9,Philadelphia,high
40.1,-74.99,3,22,property,0.7272727272727273,0.39830713513024285,property,0.9352,True,0.0559,0.9352,0.0088,0.9,Philadelphia,high
40.1,-74.98,0,179,other,0.17318435754189945,0.8538873793270093,property,0.936,False,0.0552,0.936,0.0089,0.9,Philadelphia,high
40.1,-74.98,1,66,property,0.45454545454545453,0.8158498651845185,property,0.9361,True,0.0551,0.9361,0.0089,0.9,Philadelphia,high
40.1,-74.98,2,159,property,0.4716981132075472,0.6741397344792833,property,0.9432,True,0.048,0.9432,0.0088,0.9,Philadelphia,high
40.1,-74.98,3,185,property,0.4648648648648649,0.7353521354835074,property,0.9275,True,0.0637,0.9275,0.0088,0.9,Philadelphia,high
40.1,-74.97,0,96,other,0.3541666666666667,0.714444721196966,property,0.7449,False,0.2459,0.7449,0.0092,0.9,Philadelphia,medium
40.1,-74.97,1,19,property,0.3157894736842105,0.9591824302739718,property,0.9359,True,0.055,0.9359,0.0091,0.9,Philadelphia,high
40.1,-74.97,2,68,property,0.5882352941176471,0.6142708312587195,property,0.938,True,0.0532,0.938,0.0088,0.9,Philadelphia,high
40.1,-74.97,3,88,property,0.3181818181818182,0.7331118633725588,property,0.9425,True,0.0487,0.9425,0.0088,0.9,Philadelphia,high
40.1,-74.96000000000001,0,15,property,0.3333333333333333,0.9276173343271816,property,0.9257,True,0.0648,0.9257,0.0095,0.9,Philadelphia,high
40.1,-74.96000000000001,1,4,property,1.0,4.3446531758480495e-08,property,0.927,True,0.0637,0.927,0.0093,0.9,Philadelphia,high
40.1,-74.96000000000001,2,10,property,0.0,0.6931472015900639,property,0.9391,True,0.052,0.9391,0.0089,0.9,Philadelphia,high
40.1,-74.96000000000001,3,25,property,0.28,0.6534182158635494,property,0.9404,True,0.0507,0.9404,0.0088,0.9,Philadelphia,high
40.11,-75.05,0,12,property,0.16666666666666666,1.0114042647073518,property,0.7721,True,0.2181,0.7721,0.0098,1.0,Philadelphia,medium
40.11,-75.05,2,23,property,1.0,4.3446531758480495e-08,property,0.9422,True,0.049,0.9422,0.0089,0.9,Philadelphia,high
40.11,-75.05,3,18,property,0.5555555555555556,0.5297062202512142,property,0.9337,True,0.0573,0.9337,0.009,0.9,Philadelphia,high
40.11,-75.04,0,17,other,0.17647058823529413,0.6774944254944788,property,0.9254,False,0.0653,0.9254,0.0093,0.9,Philadelphia,high
40.11,-75.04,2,23,property,0.30434782608695654,0.6460905261379842,property,0.9395,True,0.0517,0.9395,0.0089,0.9,Philadelphia,high
40.11,-75.04,3,19,property,0.3684210526315789,0.6236548706677194,property,0.9409,True,0.0503,0.9409,0.0089,0.9,Philadelphia,high
40.11,-75.03,0,39,other,0.05128205128205128,1.0377475202610307,property,0.818,False,0.1727,0.818,0.0093,0.9,Philadelphia,high
40.11,-75.03,1,24,property,0.25,0.887694275799104,property,0.9276,True,0.0631,0.9276,0.0093,0.9,Philadelphia,high
40.11,-75.03,2,93,property,0.46236559139784944,0.7242257578350398,property,0.9417,True,0.0495,0.9417,0.0088,0.9,Philadelphia,high
40.11,-75.03,3,77,property,0.45454545454545453,0.5859526394408641,property,0.9322,True,0.0589,0.9322,0.0089,0.9,Philadelphia,high
40.11,-75.02,0,137,other,0.051094890510948905,0.9024558881459261,property,0.8462,False,0.1446,0.8462,0.0092,0.9,Philadelphia,high
40.11,-75.02,1,52,property,0.46153846153846156,0.7902679680745903,property,0.9356,True,0.0552,0.9356,0.0092,0.9,Philadelphia,high
40.11,-75.02,2,156,property,0.391025641025641,0.8143684575294342,property,0.9376,True,0.0536,0.9376,0.0088,0.9,Philadelphia,high
40.11,-75.02,3,165,property,0.3393939393939394,0.869855921872954,property,0.9362,True,0.0549,0.9362,0.0089,0.9,Philadelphia,high
40.11,-75.01,0,10,other,0.6,0.5004024447610513,property,0.9302,False,0.0608,0.9302,0.009,0.9,Philadelphia,high
40.11,-75.01,1,6,other,0.3333333333333333,0.6365141893815645,property,0.9342,False,0.057,0.9342,0.0089,0.9,Philadelphia,high
40.11,-75.01,2,14,property,0.0,1.0042424730540764,property,0.9331,True,0.0577,0.9331,0.0092,0.9,Philadelphia,high
40.11,-75.01,3,18,property,0.3333333333333333,0.6365141893815645,property,0.7925,True,0.1975,0.7925,0.01,1.0,Philadelphia,medium
40.11,-75.0,0,67,property,0.582089552238806,0.683988671467441,property,0.8061,True,0.1838,0.8061,0.0101,1.0,Philadelphia,high
40.11,-75.0,1,108,property,1.0,4.3446531758480495e-08,property,0.9304,True,0.0601,0.9304,0.0095,1.0,Philadelphia,high
40.11,-75.0,2,177,property,0.9322033898305084,0.1480422684014641,property,0.9431,True,0.0481,0.9431,0.0088,0.9,Philadelphia,high
40.11,-75.0,3,72,property,0.6111111111111112,0.492603678770246,property,0.9336,True,0.0576,0.9336,0.0089,0.9,Philadelphia,high
40.11,-74.99,0,5,violent,0.0,1.0549201679861442,property,0.9287,False,0.0623,0.9287,0.009,0.9,Philadelphia,high
40.11,-74.99,2,12,property,0.6666666666666666,0.4505612301390093,property,0.9395,True,0.0516,0.9395,0.0089,0.9,Philadelphia,high
40.11,-74.99,3,22,property,0.36363636363636365,0.8599672810355049,property,0.9363,True,0.0548,0.9363,0.0089,0.9,Philadelphia,high
40.11,-74.98,0,3,property,1.0,4.3446531758480495e-08,property,0.7421,True,0.2485,0.7421,0.0094,0.9,Philadelphia,medium
40.11,-74.98,1,15,property,0.4666666666666667,0.5799151925614515,property,0.9374,True,0.0536,0.9374,0.0091,0.9,Philadelphia,high
40.11,-74.98,2,29,property,0.6551724137931034,0.6415082861254431,property,0.9424,True,0.0488,0.9424,0.0088,0.9,Philadelphia,high
40.11,-74.98,3,14,property,0.7142857142857143,0.4101163396015584,property,0.8782,True,0.1123,0.8782,0.0095,0.9,Philadelphia,high
40.11,-74.97,0,7,other,0.2857142857142857,0.9556998911125343,property,0.7406,False,0.2498,0.7406,0.0096,1.0,Philadelphia,medium
40.11,-74.97,1,16,property,0.625,0.7356219397587946,property,0.9385,True,0.0527,0.9385,0.0088,0.9,Philadelphia,high
40.11,-74.97,2,17,property,0.17647058823529413,0.6774944254944788,property,0.9398,True,0.0513,0.9398,0.0089,0.9,Philadelphia,high
40.11,-74.97,3,3,violent,1.0,4.3446531758480495e-08,property,0.9363,False,0.0547,0.9363,0.0091,0.9,Philadelphia,high
40.12,-75.04,0,16,other,0.1875,1.0239287996389363,property,0.909,False,0.0814,0.909,0.0096,1.0,Philadelphia,high
40.12,-75.04,1,13,property,0.23076923076923078,0.9839614460010255,property,0.9139,True,0.0749,0.9139,0.0112,1.1,Philadelphia,high
40.12,-75.04,2,25,property,0.6,0.7038433284777279,property,0.9368,True,0.0542,0.9368,0.0091,0.9,Philadelphia,high
40.12,-75.04,3,25,property,0.28,0.8731726364245316,property,0.9341,True,0.057,0.9341,0.0089,0.9,Philadelphia,high
40.12,-75.03,0,32,other,0.15625,0.9257564180367264,property,0.7493,False,0.2411,0.7493,0.0096,1.0,Philadelphia,medium
40.12,-75.03,1,20,property,0.3,0.8979457248567798,property,0.9256,True,0.0651,0.9256,0.0093,0.9,Philadelphia,high
40.12,-75.03,2,81,property,0.7283950617283951,0.5783936651909358,property,0.943,True,0.0482,0.943,0.0088,0.9,Philadelphia,high
40.12,-75.03,3,88,property,0.26136363636363635,0.782398419938267,property,0.9424,True,0.0489,0.9424,0.0088,0.9,Philadelphia,high
40.12,-75.02,0,47,property,0.40425531914893614,0.6090507687177319,property,0.9381,True,0.053,0.9381,0.0089,0.9,Philadelphia,high
40.12,-75.02,1,10,violent,0.0,1.0549201679861442,property,0.9324,False,0.0585,0.9324,0.0091,0.9,Philadelphia,high
40.12,-75.02,2,92,property,0.6739130434782609,0.527562154902359,property,0.9423,True,0.0489,0.9423,0.0088,0.9,Philadelphia,high
40.12,-75.02,3,98,property,0.5408163265306123,0.5868599022511205,property,0.9415,True,0.0497,0.9415,0.0088,0.9,Philadelphia,high
40.12,-75.01,0,13,property,0.23076923076923078,0.9839614460010255,property,0.7486,True,0.2416,0.7486,0.0098,1.0,Philadelphia,medium
40.12,-75.01,1,12,violent,0.0,1.0986122886681096,property,0.9357,False,0.0552,0.9357,0.0091,0.9,Philadelphia,high
40.12,-75.01,2,52,property,0.23076923076923078,0.6662784634716634,property,0.9405,True,0.0507,0.9405,0.0088,0.9,Philadelphia,high
40.12,-75.01,3,44,property,0.45454545454545453,0.7338090498059543,property,0.9425,True,0.0488,0.9425,0.0088,0.9,Philadelphia,high
40.12,-75.0,0,9,property,0.5555555555555556,0.5297062202512142,property,0.9111,True,0.0793,0.9111,0.0097,1.0,Philadelphia,high
40.12,-75.0,1,5,property,1.0,4.3446531758480495e-08,property,0.9078,True,0.0824,0.9078,0.0099,1.0,Philadelphia,high
40.12,-75.0,2,15,property,0.4666666666666667,0.5799151925614515,property,0.9294,True,0.0615,0.9294,0.009,0.9,Philadelphia,high
40.12,-75.0,3,20,property,0.6,0.7305880613711224,property,0.9415,True,0.0496,0.9415,0.0088,0.9,Philadelphia,high
40.12,-74.99,0,19,property,0.3684210526315789,0.6236548706677194,property,0.7571,True,0.233,0.7571,0.0099,1.0,Philadelphia,medium
40.12,-74.99,1,23,other,0.30434782608695654,0.6460905261379842,property,0.9395,False,0.0517,0.9395,0.0088,0.9,Philadelphia,high
40.12,-74.99,2,64,property,0.484375,0.6382837577939022,property,0.9388,True,0.0522,0.9388,0.009,0.9,Philadelphia,high
40.12,-74.99,3,55,property,0.2545454545454545,0.9484313446618818,property,0.9391,True,0.052,0.9391,0.0089,0.9,Philadelphia,high
40.13,-75.03,2,3,property,1.0,4.3446531758480495e-08,property,0.9351,True,0.056,0.9351,0.0089,0.9,Philadelphia,high
40.13,-75.02,0,19,property,0.05263157894736842,0.9551311954514641,property,0.9348,True,0.0561,0.9348,0.0091,0.9,Philadelphia,high
40.13,-75.02,1,10,property,0.2,0.6730116880595106,property,0.7695,True,0.2204,0.7695,0.0101,1.0,Philadelphia,medium
40.13,-75.02,2,42,property,0.6904761904761905,0.5189139285810395,property,0.9397,True,0.0514,0.9397,0.0088,0.9,Philadelphia,high
40.13,-75.02,3,35,property,0.4857142857142857,0.7412417095961681,property,0.9379,True,0.0532,0.9379,0.0089,0.9,Philadelphia,high
40.13,-75.01,0,36,property,0.3888888888888889,0.7867012379169144,property,0.9324,True,0.0586,0.9324,0.009,0.9,Philadelphia,high
40.13,-75.01,1,8,property,0.25,1.0397207708399179,property,0.9324,True,0.0583,0.9324,0.0093,0.9,Philadelphia,high
40.13,-75.01,2,92,property,0.6956521739130435,0.559834325921902,property,0.9412,True,0.05,0.9412,0.0088,0.9,Philadelphia,high
40.13,-75.01,3,103,property,0.6504854368932039,0.46334989838462104,property,0.939,True,0.0522,0.939,0.0088,0.9,Philadelphia,high
40.13,-75.0,1,4,violent,0.0,0.6931472015900639,property,0.9232,False,0.0676,0.9232,0.0091,0.9,Philadelphia,high
40.13,-75.0,2,4,property,1.0,4.3446531758480495e-08,property,0.9363,True,0.0547,0.9363,0.009,0.9,Philadelphia,high
40.13,-75.0,3,9,property,0.1111111111111111,1.0608569471580214,property,0.9326,True,0.0583,0.9326,0.0091,0.9,Philadelphia,high
40.13,-74.99,3,4,violent,0.0,0.6931472015900639,property,0.9235,False,0.0674,0.9235,0.0091,0.9,Philadelphia,high
42.22,-80.5,2,4,violent,0.0,0.6931472015900639,property,0.9281,False,0.0629,0.9281,0.009,0.9,Philadelphia,high
